Warning: optimizer settings and `viaIR` have been disabled for accurate coverage reports.
If you encounter "stack too deep" errors, consider using `--ir-minimum` which enables `viaIR` with minimum optimization resolving most of the errors.
See more: https://book.getfoundry.sh/guides/best-practices/stack-too-deep
Compiling 54 files with Solc 0.8.28
Solc 0.8.28 finished in 1.52s
Compiler run successful with warnings:
Warning (5159): "selfdestruct" has been deprecated. Note that, starting from the Cancun hard fork, the underlying opcode no longer deletes the code and data associated with an account and only transfers its Ether to the beneficiary, unless executed in the same transaction in which the contract was created (see EIP-6780). Any use in newly deployed contracts is strongly discouraged even if the new behavior is taken into account. Future changes to the EVM might further reduce the functionality of the opcode.
   --> test/TestBase.sol:146:9:
    |
146 |         selfdestruct(to);
    |         ^^^^^^^^^^^^

Analysing contracts...
2026-09-08T10:21:25.423467Z  WARN foundry_evm_coverage::anchors: could not find anchor item=Line (location: (source ID: 41, lines: 58..68, bytes: 1849..2487), hits: 0) err=Could not find anchor: No matching instruction in range source ID: 41, lines: 58..68, bytes: 1849..2487
2026-09-08T10:21:25.423489Z  WARN foundry_evm_coverage::anchors: could not find anchor item=Line (location: (source ID: 39, lines: 51..61, bytes: 2179..2678), hits: 0) err=Could not find anchor: No matching instruction in range source ID: 39, lines: 51..61, bytes: 2179..2678
2026-09-08T10:21:25.423467Z  WARN foundry_evm_coverage::anchors: could not find anchor item=Line (location: (source ID: 38, lines: 22..34, bytes: 683..1276), hits: 0) err=Could not find anchor: No matching instruction in range source ID: 38, lines: 22..34, bytes: 683..1276
2026-09-08T10:21:25.423467Z  WARN foundry_evm_coverage::anchors: could not find anchor item=Line (location: (source ID: 40, lines: 123..130, bytes: 4906..5253), hits: 0) err=Could not find anchor: No matching instruction in range source ID: 40, lines: 123..130, bytes: 4906..5253
2026-09-08T10:21:25.423773Z  WARN foundry_evm_coverage::anchors: could not find anchor item=Function "list" (location: (source ID: 41, lines: 58..68, bytes: 1849..2487), hits: 0) err=Could not find anchor: No matching instruction in range source ID: 41, lines: 58..68, bytes: 1849..2487
2026-09-08T10:21:25.423937Z  WARN foundry_evm_coverage::anchors: could not find anchor item=Line (location: (source ID: 41, lines: 59..60, bytes: 1967..1979), hits: 0) err=Could not find anchor: No matching instruction in range source ID: 41, lines: 59..60, bytes: 1967..1979
2026-09-08T10:21:25.423941Z  WARN foundry_evm_coverage::anchors: could not find anchor item=Statement (location: (source ID: 41, lines: 59..60, bytes: 1967..1979), hits: 0) err=Could not find anchor: No matching instruction in range source ID: 41, lines: 59..60, bytes: 1967..1979
2026-09-08T10:21:25.423773Z  WARN foundry_evm_coverage::anchors: could not find anchor item=Function "mint" (location: (source ID: 39, lines: 51..61, bytes: 2179..2678), hits: 0) err=Could not find anchor: No matching instruction in range source ID: 39, lines: 51..61, bytes: 2179..2678
2026-09-08T10:21:25.423952Z  WARN foundry_evm_coverage::anchors: could not find anchor item=Line (location: (source ID: 39, lines: 52..53, bytes: 2264..2285), hits: 0) err=Could not find anchor: No matching instruction in range source ID: 39, lines: 52..53, bytes: 2264..2285
2026-09-08T10:21:25.423777Z  WARN foundry_evm_coverage::anchors: could not find anchor item=Function "loadConfig" (location: (source ID: 38, lines: 22..34, bytes: 683..1276), hits: 0) err=Could not find anchor: No matching instruction in range source ID: 38, lines: 22..34, bytes: 683..1276
2026-09-08T10:21:25.423968Z  WARN foundry_evm_coverage::anchors: could not find anchor item=Line (location: (source ID: 38, lines: 23..24, bytes: 765..794), hits: 0) err=Could not find anchor: No matching instruction in range source ID: 38, lines: 23..24, bytes: 765..794
2026-09-08T10:21:25.423982Z  WARN foundry_evm_coverage::anchors: could not find anchor item=Statement (location: (source ID: 38, lines: 23..24, bytes: 765..794), hits: 0) err=Could not find anchor: No matching instruction in range source ID: 38, lines: 23..24, bytes: 765..794
2026-09-08T10:21:25.423958Z  WARN foundry_evm_coverage::anchors: could not find anchor item=Statement (location: (source ID: 39, lines: 52..53, bytes: 2264..2285), hits: 0) err=Could not find anchor: No matching instruction in range source ID: 39, lines: 52..53, bytes: 2264..2285
2026-09-08T10:21:25.423993Z  WARN foundry_evm_coverage::anchors: could not find anchor item=Statement (location: (source ID: 39, lines: 52..53, bytes: 2287..2308), hits: 0) err=Could not find anchor: No matching instruction in range source ID: 39, lines: 52..53, bytes: 2287..2308
2026-09-08T10:21:25.423782Z  WARN foundry_evm_coverage::anchors: could not find anchor item=Function "proposePayoutWallet" (location: (source ID: 40, lines: 123..130, bytes: 4906..5253), hits: 0) err=Could not find anchor: No matching instruction in range source ID: 40, lines: 123..130, bytes: 4906..5253
2026-09-08T10:21:25.423987Z  WARN foundry_evm_coverage::anchors: could not find anchor item=Line (location: (source ID: 38, lines: 24..25, bytes: 804..842), hits: 0) err=Could not find anchor: No matching instruction in range source ID: 38, lines: 24..25, bytes: 804..842
2026-09-08T10:21:25.424009Z  WARN foundry_evm_coverage::anchors: could not find anchor item=Statement (location: (source ID: 38, lines: 24..25, bytes: 804..842), hits: 0) err=Could not find anchor: No matching instruction in range source ID: 38, lines: 24..25, bytes: 804..842
2026-09-08T10:21:25.424013Z  WARN foundry_evm_coverage::anchors: could not find anchor item=Line (location: (source ID: 38, lines: 25..26, bytes: 852..890), hits: 0) err=Could not find anchor: No matching instruction in range source ID: 38, lines: 25..26, bytes: 852..890
2026-09-08T10:21:25.423945Z  WARN foundry_evm_coverage::anchors: could not find anchor item=Statement (location: (source ID: 41, lines: 59..60, bytes: 1967..1996), hits: 0) err=Could not find anchor: No matching instruction in range source ID: 41, lines: 59..60, bytes: 1967..1996
2026-09-08T10:21:25.424020Z  WARN foundry_evm_coverage::anchors: could not find anchor item=Statement (location: (source ID: 41, lines: 59..60, bytes: 1983..1996), hits: 0) err=Could not find anchor: No matching instruction in range source ID: 41, lines: 59..60, bytes: 1983..1996
2026-09-08T10:21:25.424023Z  WARN foundry_evm_coverage::anchors: could not find anchor item=Statement (location: (source ID: 41, lines: 59..60, bytes: 1998..2019), hits: 0) err=Could not find anchor: No matching instruction in range source ID: 41, lines: 59..60, bytes: 1998..2019
2026-09-08T10:21:25.424016Z  WARN foundry_evm_coverage::anchors: could not find anchor item=Statement (location: (source ID: 38, lines: 25..26, bytes: 852..890), hits: 0) err=Could not find anchor: No matching instruction in range source ID: 38, lines: 25..26, bytes: 852..890
2026-09-08T10:21:25.424005Z  WARN foundry_evm_coverage::anchors: could not find anchor item=Line (location: (source ID: 40, lines: 124..125, bytes: 4989..5015), hits: 0) err=Could not find anchor: No matching instruction in range source ID: 40, lines: 124..125, bytes: 4989..5015
2026-09-08T10:21:25.424040Z  WARN foundry_evm_coverage::anchors: could not find anchor item=Statement (location: (source ID: 40, lines: 124..125, bytes: 4989..5015), hits: 0) err=Could not find anchor: No matching instruction in range source ID: 40, lines: 124..125, bytes: 4989..5015
2026-09-08T10:21:25.424033Z  WARN foundry_evm_coverage::anchors: could not find anchor item=Line (location: (source ID: 38, lines: 26..27, bytes: 900..941), hits: 0) err=Could not find anchor: No matching instruction in range source ID: 38, lines: 26..27, bytes: 900..941
2026-09-08T10:21:25.424048Z  WARN foundry_evm_coverage::anchors: could not find anchor item=Statement (location: (source ID: 38, lines: 26..27, bytes: 900..941), hits: 0) err=Could not find anchor: No matching instruction in range source ID: 38, lines: 26..27, bytes: 900..941
2026-09-08T10:21:25.424057Z  WARN foundry_evm_coverage::anchors: could not find anchor item=Line (location: (source ID: 38, lines: 27..28, bytes: 951..988), hits: 0) err=Could not find anchor: No matching instruction in range source ID: 38, lines: 27..28, bytes: 951..988
2026-09-08T10:21:25.424060Z  WARN foundry_evm_coverage::anchors: could not find anchor item=Statement (location: (source ID: 38, lines: 27..28, bytes: 951..988), hits: 0) err=Could not find anchor: No matching instruction in range source ID: 38, lines: 27..28, bytes: 951..988
2026-09-08T10:21:25.424044Z  WARN foundry_evm_coverage::anchors: could not find anchor item=Statement (location: (source ID: 40, lines: 124..125, bytes: 5017..5038), hits: 0) err=Could not find anchor: No matching instruction in range source ID: 40, lines: 124..125, bytes: 5017..5038
2026-09-08T10:21:25.424063Z  WARN foundry_evm_coverage::anchors: could not find anchor item=Line (location: (source ID: 38, lines: 28..29, bytes: 998..1049), hits: 0) err=Could not find anchor: No matching instruction in range source ID: 38, lines: 28..29, bytes: 998..1049
2026-09-08T10:21:25.424074Z  WARN foundry_evm_coverage::anchors: could not find anchor item=Statement (location: (source ID: 38, lines: 28..29, bytes: 998..1049), hits: 0) err=Could not find anchor: No matching instruction in range source ID: 38, lines: 28..29, bytes: 998..1049
2026-09-08T10:21:25.424076Z  WARN foundry_evm_coverage::anchors: could not find anchor item=Line (location: (source ID: 38, lines: 29..30, bytes: 1059..1099), hits: 0) err=Could not find anchor: No matching instruction in range source ID: 38, lines: 29..30, bytes: 1059..1099
2026-09-08T10:21:25.424078Z  WARN foundry_evm_coverage::anchors: could not find anchor item=Statement (location: (source ID: 38, lines: 29..30, bytes: 1059..1099), hits: 0) err=Could not find anchor: No matching instruction in range source ID: 38, lines: 29..30, bytes: 1059..1099
2026-09-08T10:21:25.424080Z  WARN foundry_evm_coverage::anchors: could not find anchor item=Line (location: (source ID: 38, lines: 30..31, bytes: 1109..1163), hits: 0) err=Could not find anchor: No matching instruction in range source ID: 38, lines: 30..31, bytes: 1109..1163
2026-09-08T10:21:25.424081Z  WARN foundry_evm_coverage::anchors: could not find anchor item=Statement (location: (source ID: 38, lines: 30..31, bytes: 1109..1163), hits: 0) err=Could not find anchor: No matching instruction in range source ID: 38, lines: 30..31, bytes: 1109..1163
2026-09-08T10:21:25.424083Z  WARN foundry_evm_coverage::anchors: could not find anchor item=Line (location: (source ID: 38, lines: 31..32, bytes: 1173..1231), hits: 0) err=Could not find anchor: No matching instruction in range source ID: 38, lines: 31..32, bytes: 1173..1231
2026-09-08T10:21:25.424085Z  WARN foundry_evm_coverage::anchors: could not find anchor item=Statement (location: (source ID: 38, lines: 31..32, bytes: 1173..1231), hits: 0) err=Could not find anchor: No matching instruction in range source ID: 38, lines: 31..32, bytes: 1173..1231
2026-09-08T10:21:25.424086Z  WARN foundry_evm_coverage::anchors: could not find anchor item=Line (location: (source ID: 38, lines: 32..33, bytes: 1241..1269), hits: 0) err=Could not find anchor: No matching instruction in range source ID: 38, lines: 32..33, bytes: 1241..1269
2026-09-08T10:21:25.424088Z  WARN foundry_evm_coverage::anchors: could not find anchor item=Statement (location: (source ID: 38, lines: 32..33, bytes: 1241..1269), hits: 0) err=Could not find anchor: No matching instruction in range source ID: 38, lines: 32..33, bytes: 1241..1269
2026-09-08T10:21:25.424089Z  WARN foundry_evm_coverage::anchors: could not find anchor item=Statement (location: (source ID: 38, lines: 32..33, bytes: 1248..1269), hits: 0) err=Could not find anchor: No matching instruction in range source ID: 38, lines: 32..33, bytes: 1248..1269
2026-09-08T10:21:25.424091Z  WARN foundry_evm_coverage::anchors: could not find anchor item=Line (location: (source ID: 38, lines: 35..61, bytes: 1282..2680), hits: 0) err=Could not find anchor: No matching instruction in range source ID: 38, lines: 35..61, bytes: 1282..2680
2026-09-08T10:21:25.424096Z  WARN foundry_evm_coverage::anchors: could not find anchor item=Function "validateConfig" (location: (source ID: 38, lines: 35..61, bytes: 1282..2680), hits: 0) err=Could not find anchor: No matching instruction in range source ID: 38, lines: 35..61, bytes: 1282..2680
2026-09-08T10:21:25.424098Z  WARN foundry_evm_coverage::anchors: could not find anchor item=Line (location: (source ID: 38, lines: 36..37, bytes: 1399..1469), hits: 0) err=Could not find anchor: No matching instruction in range source ID: 38, lines: 36..37, bytes: 1399..1469
2026-09-08T10:21:25.424099Z  WARN foundry_evm_coverage::anchors: could not find anchor item=Statement (location: (source ID: 38, lines: 36..37, bytes: 1399..1469), hits: 0) err=Could not find anchor: No matching instruction in range source ID: 38, lines: 36..37, bytes: 1399..1469
2026-09-08T10:21:25.423998Z  WARN foundry_evm_coverage::anchors: could not find anchor item=Branch (branch: 2, path: 0) (location: (source ID: 39, lines: 52..53, bytes: 2287..2308), hits: 0) err=Could not find anchor: No matching instruction in range source ID: 39, lines: 52..53, bytes: 2287..2308
2026-09-08T10:21:25.424101Z  WARN foundry_evm_coverage::anchors: could not find anchor item=Branch (branch: 0, path: 0) (location: (source ID: 38, lines: 36..37, bytes: 1399..1469), hits: 0) err=Could not detect branches in source: source ID: 38, lines: 36..37, bytes: 1399..1469
2026-09-08T10:21:25.424162Z  WARN foundry_evm_coverage::anchors: could not find anchor item=Branch (branch: 0, path: 1) (location: (source ID: 38, lines: 36..37, bytes: 1399..1469), hits: 0) err=Could not detect branches in source: source ID: 38, lines: 36..37, bytes: 1399..1469
2026-09-08T10:21:25.424165Z  WARN foundry_evm_coverage::anchors: could not find anchor item=Line (location: (source ID: 38, lines: 37..38, bytes: 1479..1591), hits: 0) err=Could not find anchor: No matching instruction in range source ID: 38, lines: 37..38, bytes: 1479..1591
2026-09-08T10:21:25.424155Z  WARN foundry_evm_coverage::anchors: could not find anchor item=Line (location: (source ID: 39, lines: 53..54, bytes: 2322..2342), hits: 0) err=Could not find anchor: No matching instruction in range source ID: 39, lines: 53..54, bytes: 2322..2342
2026-09-08T10:21:25.424171Z  WARN foundry_evm_coverage::anchors: could not find anchor item=Statement (location: (source ID: 39, lines: 53..54, bytes: 2322..2342), hits: 0) err=Could not find anchor: No matching instruction in range source ID: 39, lines: 53..54, bytes: 2322..2342
2026-09-08T10:21:25.424026Z  WARN foundry_evm_coverage::anchors: could not find anchor item=Branch (branch: 0, path: 0) (location: (source ID: 41, lines: 59..60, bytes: 1998..2019), hits: 0) err=Could not find anchor: No matching instruction in range source ID: 41, lines: 59..60, bytes: 1998..2019
2026-09-08T10:21:25.424198Z  WARN foundry_evm_coverage::anchors: could not find anchor item=Line (location: (source ID: 41, lines: 60..61, bytes: 2033..2043), hits: 0) err=Could not find anchor: No matching instruction in range source ID: 41, lines: 60..61, bytes: 2033..2043
2026-09-08T10:21:25.424203Z  WARN foundry_evm_coverage::anchors: could not find anchor item=Statement (location: (source ID: 41, lines: 60..61, bytes: 2033..2043), hits: 0) err=Could not find anchor: No matching instruction in range source ID: 41, lines: 60..61, bytes: 2033..2043
2026-09-08T10:21:25.424206Z  WARN foundry_evm_coverage::anchors: could not find anchor item=Statement (location: (source ID: 41, lines: 60..61, bytes: 2033..2072), hits: 0) err=Could not find anchor: No matching instruction in range source ID: 41, lines: 60..61, bytes: 2033..2072
2026-09-08T10:21:25.424211Z  WARN foundry_evm_coverage::anchors: could not find anchor item=Statement (location: (source ID: 41, lines: 60..61, bytes: 2047..2072), hits: 0) err=Could not find anchor: No matching instruction in range source ID: 41, lines: 60..61, bytes: 2047..2072
2026-09-08T10:21:25.424221Z  WARN foundry_evm_coverage::anchors: could not find anchor item=Statement (location: (source ID: 41, lines: 60..61, bytes: 2074..2097), hits: 0) err=Could not find anchor: No matching instruction in range source ID: 41, lines: 60..61, bytes: 2074..2097
2026-09-08T10:21:25.424224Z  WARN foundry_evm_coverage::anchors: could not find anchor item=Branch (branch: 1, path: 0) (location: (source ID: 41, lines: 60..61, bytes: 2074..2097), hits: 0) err=Could not find anchor: No matching instruction in range source ID: 41, lines: 60..61, bytes: 2074..2097
2026-09-08T10:21:25.424177Z  WARN foundry_evm_coverage::anchors: could not find anchor item=Statement (location: (source ID: 38, lines: 37..38, bytes: 1479..1591), hits: 0) err=Could not find anchor: No matching instruction in range source ID: 38, lines: 37..38, bytes: 1479..1591
2026-09-08T10:21:25.424069Z  WARN foundry_evm_coverage::anchors: could not find anchor item=Branch (branch: 1, path: 0) (location: (source ID: 40, lines: 124..125, bytes: 5017..5038), hits: 0) err=Could not find anchor: No matching instruction in range source ID: 40, lines: 124..125, bytes: 5017..5038
2026-09-08T10:21:25.424251Z  WARN foundry_evm_coverage::anchors: could not find anchor item=Line (location: (source ID: 40, lines: 125..126, bytes: 5048..5079), hits: 0) err=Could not find anchor: No matching instruction in range source ID: 40, lines: 125..126, bytes: 5048..5079
2026-09-08T10:21:25.424258Z  WARN foundry_evm_coverage::anchors: could not find anchor item=Statement (location: (source ID: 40, lines: 125..126, bytes: 5048..5079), hits: 0) err=Could not find anchor: No matching instruction in range source ID: 40, lines: 125..126, bytes: 5048..5079
2026-09-08T10:21:25.424231Z  WARN foundry_evm_coverage::anchors: could not find anchor item=Branch (branch: 1, path: 0) (location: (source ID: 38, lines: 37..38, bytes: 1479..1591), hits: 0) err=Could not detect branches in source: source ID: 38, lines: 37..38, bytes: 1479..1591
2026-09-08T10:21:25.424266Z  WARN foundry_evm_coverage::anchors: could not find anchor item=Branch (branch: 1, path: 1) (location: (source ID: 38, lines: 37..38, bytes: 1479..1591), hits: 0) err=Could not detect branches in source: source ID: 38, lines: 37..38, bytes: 1479..1591
2026-09-08T10:21:25.424269Z  WARN foundry_evm_coverage::anchors: could not find anchor item=Line (location: (source ID: 38, lines: 38..39, bytes: 1601..1697), hits: 0) err=Could not find anchor: No matching instruction in range source ID: 38, lines: 38..39, bytes: 1601..1697
2026-09-08T10:21:25.424261Z  WARN foundry_evm_coverage::anchors: could not find anchor item=Line (location: (source ID: 40, lines: 126..127, bytes: 5093..5117), hits: 0) err=Could not find anchor: No matching instruction in range source ID: 40, lines: 126..127, bytes: 5093..5117
2026-09-08T10:21:25.424276Z  WARN foundry_evm_coverage::anchors: could not find anchor item=Statement (location: (source ID: 40, lines: 126..127, bytes: 5093..5117), hits: 0) err=Could not find anchor: No matching instruction in range source ID: 40, lines: 126..127, bytes: 5093..5117
2026-09-08T10:21:25.424227Z  WARN foundry_evm_coverage::anchors: could not find anchor item=Line (location: (source ID: 41, lines: 61..62, bytes: 2111..2144), hits: 0) err=Could not find anchor: No matching instruction in range source ID: 41, lines: 61..62, bytes: 2111..2144
2026-09-08T10:21:25.424285Z  WARN foundry_evm_coverage::anchors: could not find anchor item=Statement (location: (source ID: 41, lines: 61..62, bytes: 2111..2144), hits: 0) err=Could not find anchor: No matching instruction in range source ID: 41, lines: 61..62, bytes: 2111..2144
2026-09-08T10:21:25.424173Z  WARN foundry_evm_coverage::anchors: could not find anchor item=Statement (location: (source ID: 39, lines: 53..54, bytes: 2322..2388), hits: 0) err=Could not find anchor: No matching instruction in range source ID: 39, lines: 53..54, bytes: 2322..2388
2026-09-08T10:21:25.424272Z  WARN foundry_evm_coverage::anchors: could not find anchor item=Statement (location: (source ID: 38, lines: 38..39, bytes: 1601..1697), hits: 0) err=Could not find anchor: No matching instruction in range source ID: 38, lines: 38..39, bytes: 1601..1697
2026-09-08T10:21:25.424321Z  WARN foundry_evm_coverage::anchors: could not find anchor item=Branch (branch: 2, path: 0) (location: (source ID: 38, lines: 38..39, bytes: 1601..1697), hits: 0) err=Could not detect branches in source: source ID: 38, lines: 38..39, bytes: 1601..1697
2026-09-08T10:21:25.424327Z  WARN foundry_evm_coverage::anchors: could not find anchor item=Branch (branch: 2, path: 1) (location: (source ID: 38, lines: 38..39, bytes: 1601..1697), hits: 0) err=Could not detect branches in source: source ID: 38, lines: 38..39, bytes: 1601..1697
2026-09-08T10:21:25.424330Z  WARN foundry_evm_coverage::anchors: could not find anchor item=Line (location: (source ID: 38, lines: 39..40, bytes: 1707..1776), hits: 0) err=Could not find anchor: No matching instruction in range source ID: 38, lines: 39..40, bytes: 1707..1776
2026-09-08T10:21:25.424288Z  WARN foundry_evm_coverage::anchors: could not find anchor item=Statement (location: (source ID: 41, lines: 61..62, bytes: 2111..2158), hits: 0) err=Could not find anchor: No matching instruction in range source ID: 41, lines: 61..62, bytes: 2111..2158
2026-09-08T10:21:25.424337Z  WARN foundry_evm_coverage::anchors: could not find anchor item=Statement (location: (source ID: 41, lines: 61..62, bytes: 2160..2178), hits: 0) err=Could not find anchor: No matching instruction in range source ID: 41, lines: 61..62, bytes: 2160..2178
2026-09-08T10:21:25.424292Z  WARN foundry_evm_coverage::anchors: could not find anchor item=Statement (location: (source ID: 39, lines: 53..54, bytes: 2346..2388), hits: 0) err=Could not find anchor: No matching instruction in range source ID: 39, lines: 53..54, bytes: 2346..2388
2026-09-08T10:21:25.424333Z  WARN foundry_evm_coverage::anchors: could not find anchor item=Statement (location: (source ID: 38, lines: 39..40, bytes: 1707..1776), hits: 0) err=Could not find anchor: No matching instruction in range source ID: 38, lines: 39..40, bytes: 1707..1776
2026-09-08T10:21:25.424350Z  WARN foundry_evm_coverage::anchors: could not find anchor item=Branch (branch: 3, path: 0) (location: (source ID: 38, lines: 39..40, bytes: 1707..1776), hits: 0) err=Could not detect branches in source: source ID: 38, lines: 39..40, bytes: 1707..1776
2026-09-08T10:21:25.424281Z  WARN foundry_evm_coverage::anchors: could not find anchor item=Statement (location: (source ID: 40, lines: 126..127, bytes: 5119..5147), hits: 0) err=Could not find anchor: No matching instruction in range source ID: 40, lines: 126..127, bytes: 5119..5147
2026-09-08T10:21:25.424341Z  WARN foundry_evm_coverage::anchors: could not find anchor item=Branch (branch: 2, path: 0) (location: (source ID: 41, lines: 61..62, bytes: 2160..2178), hits: 0) err=Could not find anchor: No matching instruction in range source ID: 41, lines: 61..62, bytes: 2160..2178
2026-09-08T10:21:25.424374Z  WARN foundry_evm_coverage::anchors: could not find anchor item=Line (location: (source ID: 41, lines: 62..63, bytes: 2192..2225), hits: 0) err=Could not find anchor: No matching instruction in range source ID: 41, lines: 62..63, bytes: 2192..2225
2026-09-08T10:21:25.424380Z  WARN foundry_evm_coverage::anchors: could not find anchor item=Statement (location: (source ID: 41, lines: 62..63, bytes: 2192..2225), hits: 0) err=Could not find anchor: No matching instruction in range source ID: 41, lines: 62..63, bytes: 2192..2225
2026-09-08T10:21:25.424383Z  WARN foundry_evm_coverage::anchors: could not find anchor item=Statement (location: (source ID: 41, lines: 62..63, bytes: 2227..2247), hits: 0) err=Could not find anchor: No matching instruction in range source ID: 41, lines: 62..63, bytes: 2227..2247
2026-09-08T10:21:25.424385Z  WARN foundry_evm_coverage::anchors: could not find anchor item=Branch (branch: 3, path: 0) (location: (source ID: 41, lines: 62..63, bytes: 2227..2247), hits: 0) err=Could not find anchor: No matching instruction in range source ID: 41, lines: 62..63, bytes: 2227..2247
2026-09-08T10:21:25.424393Z  WARN foundry_evm_coverage::anchors: could not find anchor item=Line (location: (source ID: 41, lines: 63..64, bytes: 2257..2277), hits: 0) err=Could not find anchor: No matching instruction in range source ID: 41, lines: 63..64, bytes: 2257..2277
2026-09-08T10:21:25.424345Z  WARN foundry_evm_coverage::anchors: could not find anchor item=Statement (location: (source ID: 39, lines: 53..54, bytes: 2364..2388), hits: 0) err=Could not find anchor: No matching instruction in range source ID: 39, lines: 53..54, bytes: 2364..2388
2026-09-08T10:21:25.424413Z  WARN foundry_evm_coverage::anchors: could not find anchor item=Statement (location: (source ID: 39, lines: 53..54, bytes: 2390..2410), hits: 0) err=Could not find anchor: No matching instruction in range source ID: 39, lines: 53..54, bytes: 2390..2410
2026-09-08T10:21:25.424421Z  WARN foundry_evm_coverage::anchors: could not find anchor item=Branch (branch: 3, path: 0) (location: (source ID: 39, lines: 53..54, bytes: 2390..2410), hits: 0) err=Could not find anchor: No matching instruction in range source ID: 39, lines: 53..54, bytes: 2390..2410
2026-09-08T10:21:25.424423Z  WARN foundry_evm_coverage::anchors: could not find anchor item=Line (location: (source ID: 39, lines: 54..55, bytes: 2425..2434), hits: 0) err=Could not find anchor: No matching instruction in range source ID: 39, lines: 54..55, bytes: 2425..2434
2026-09-08T10:21:25.424353Z  WARN foundry_evm_coverage::anchors: could not find anchor item=Branch (branch: 3, path: 1) (location: (source ID: 38, lines: 39..40, bytes: 1707..1776), hits: 0) err=Could not detect branches in source: source ID: 38, lines: 39..40, bytes: 1707..1776
2026-09-08T10:21:25.424430Z  WARN foundry_evm_coverage::anchors: could not find anchor item=Line (location: (source ID: 38, lines: 40..41, bytes: 1786..1869), hits: 0) err=Could not find anchor: No matching instruction in range source ID: 38, lines: 40..41, bytes: 1786..1869
2026-09-08T10:21:25.424432Z  WARN foundry_evm_coverage::anchors: could not find anchor item=Statement (location: (source ID: 38, lines: 40..41, bytes: 1786..1869), hits: 0) err=Could not find anchor: No matching instruction in range source ID: 38, lines: 40..41, bytes: 1786..1869
2026-09-08T10:21:25.424435Z  WARN foundry_evm_coverage::anchors: could not find anchor item=Branch (branch: 4, path: 0) (location: (source ID: 38, lines: 40..41, bytes: 1786..1869), hits: 0) err=Could not detect branches in source: source ID: 38, lines: 40..41, bytes: 1786..1869
2026-09-08T10:21:25.424438Z  WARN foundry_evm_coverage::anchors: could not find anchor item=Branch (branch: 4, path: 1) (location: (source ID: 38, lines: 40..41, bytes: 1786..1869), hits: 0) err=Could not detect branches in source: source ID: 38, lines: 40..41, bytes: 1786..1869
2026-09-08T10:21:25.424441Z  WARN foundry_evm_coverage::anchors: could not find anchor item=Line (location: (source ID: 38, lines: 41..42, bytes: 1879..1955), hits: 0) err=Could not find anchor: No matching instruction in range source ID: 38, lines: 41..42, bytes: 1879..1955
2026-09-08T10:21:25.424444Z  WARN foundry_evm_coverage::anchors: could not find anchor item=Statement (location: (source ID: 38, lines: 41..42, bytes: 1879..1955), hits: 0) err=Could not find anchor: No matching instruction in range source ID: 38, lines: 41..42, bytes: 1879..1955
2026-09-08T10:21:25.424446Z  WARN foundry_evm_coverage::anchors: could not find anchor item=Branch (branch: 5, path: 0) (location: (source ID: 38, lines: 41..42, bytes: 1879..1955), hits: 0) err=Could not detect branches in source: source ID: 38, lines: 41..42, bytes: 1879..1955
2026-09-08T10:21:25.424449Z  WARN foundry_evm_coverage::anchors: could not find anchor item=Branch (branch: 5, path: 1) (location: (source ID: 38, lines: 41..42, bytes: 1879..1955), hits: 0) err=Could not detect branches in source: source ID: 38, lines: 41..42, bytes: 1879..1955
2026-09-08T10:21:25.424451Z  WARN foundry_evm_coverage::anchors: could not find anchor item=Line (location: (source ID: 38, lines: 42..51, bytes: 1965..2224), hits: 0) err=Could not find anchor: No matching instruction in range source ID: 38, lines: 42..51, bytes: 1965..2224
2026-09-08T10:21:25.424457Z  WARN foundry_evm_coverage::anchors: could not find anchor item=Statement (location: (source ID: 38, lines: 42..51, bytes: 1965..2224), hits: 0) err=Could not find anchor: No matching instruction in range source ID: 38, lines: 42..51, bytes: 1965..2224
2026-09-08T10:21:25.424460Z  WARN foundry_evm_coverage::anchors: could not find anchor item=Line (location: (source ID: 38, lines: 51..52, bytes: 2234..2293), hits: 0) err=Could not find anchor: No matching instruction in range source ID: 38, lines: 51..52, bytes: 2234..2293
2026-09-08T10:21:25.424396Z  WARN foundry_evm_coverage::anchors: could not find anchor item=Statement (location: (source ID: 41, lines: 63..64, bytes: 2257..2277), hits: 0) err=Could not find anchor: No matching instruction in range source ID: 41, lines: 63..64, bytes: 2257..2277
2026-09-08T10:21:25.424466Z  WARN foundry_evm_coverage::anchors: could not find anchor item=Line (location: (source ID: 41, lines: 64..66, bytes: 2287..2419), hits: 0) err=Could not find anchor: No matching instruction in range source ID: 41, lines: 64..66, bytes: 2287..2419
2026-09-08T10:21:25.424463Z  WARN foundry_evm_coverage::anchors: could not find anchor item=Statement (location: (source ID: 38, lines: 51..52, bytes: 2234..2293), hits: 0) err=Could not find anchor: No matching instruction in range source ID: 38, lines: 51..52, bytes: 2234..2293
2026-09-08T10:21:25.424426Z  WARN foundry_evm_coverage::anchors: could not find anchor item=Statement (location: (source ID: 39, lines: 54..55, bytes: 2425..2434), hits: 0) err=Could not find anchor: No matching instruction in range source ID: 39, lines: 54..55, bytes: 2425..2434
2026-09-08T10:21:25.424483Z  WARN foundry_evm_coverage::anchors: could not find anchor item=Statement (location: (source ID: 39, lines: 54..55, bytes: 2436..2455), hits: 0) err=Could not find anchor: No matching instruction in range source ID: 39, lines: 54..55, bytes: 2436..2455
2026-09-08T10:21:25.424487Z  WARN foundry_evm_coverage::anchors: could not find anchor item=Statement (location: (source ID: 39, lines: 54..55, bytes: 2457..2460), hits: 0) err=Could not find anchor: No matching instruction in range source ID: 39, lines: 54..55, bytes: 2457..2460
2026-09-08T10:21:25.424473Z  WARN foundry_evm_coverage::anchors: could not find anchor item=Branch (branch: 6, path: 0) (location: (source ID: 38, lines: 51..52, bytes: 2234..2293), hits: 0) err=Could not detect branches in source: source ID: 38, lines: 51..52, bytes: 2234..2293
2026-09-08T10:21:25.424357Z  WARN foundry_evm_coverage::anchors: could not find anchor item=Branch (branch: 2, path: 0) (location: (source ID: 40, lines: 126..127, bytes: 5119..5147), hits: 0) err=Could not find anchor: No matching instruction in range source ID: 40, lines: 126..127, bytes: 5119..5147
2026-09-08T10:21:25.424501Z  WARN foundry_evm_coverage::anchors: could not find anchor item=Line (location: (source ID: 40, lines: 127..128, bytes: 5157..5187), hits: 0) err=Could not find anchor: No matching instruction in range source ID: 40, lines: 127..128, bytes: 5157..5187
2026-09-08T10:21:25.424491Z  WARN foundry_evm_coverage::anchors: could not find anchor item=Line (location: (source ID: 39, lines: 55..56, bytes: 2476..2500), hits: 0) err=Could not find anchor: No matching instruction in range source ID: 39, lines: 55..56, bytes: 2476..2500
2026-09-08T10:21:25.424510Z  WARN foundry_evm_coverage::anchors: could not find anchor item=Statement (location: (source ID: 39, lines: 55..56, bytes: 2476..2500), hits: 0) err=Could not find anchor: No matching instruction in range source ID: 39, lines: 55..56, bytes: 2476..2500
2026-09-08T10:21:25.424496Z  WARN foundry_evm_coverage::anchors: could not find anchor item=Branch (branch: 6, path: 1) (location: (source ID: 38, lines: 51..52, bytes: 2234..2293), hits: 0) err=Could not detect branches in source: source ID: 38, lines: 51..52, bytes: 2234..2293
2026-09-08T10:21:25.424522Z  WARN foundry_evm_coverage::anchors: could not find anchor item=Line (location: (source ID: 38, lines: 52..53, bytes: 2303..2365), hits: 0) err=Could not find anchor: No matching instruction in range source ID: 38, lines: 52..53, bytes: 2303..2365
2026-09-08T10:21:25.424470Z  WARN foundry_evm_coverage::anchors: could not find anchor item=Statement (location: (source ID: 41, lines: 64..66, bytes: 2287..2419), hits: 0) err=Could not find anchor: No matching instruction in range source ID: 41, lines: 64..66, bytes: 2287..2419
2026-09-08T10:21:25.424532Z  WARN foundry_evm_coverage::anchors: could not find anchor item=Line (location: (source ID: 41, lines: 66..67, bytes: 2429..2480), hits: 0) err=Could not find anchor: No matching instruction in range source ID: 41, lines: 66..67, bytes: 2429..2480
2026-09-08T10:21:25.424535Z  WARN foundry_evm_coverage::anchors: could not find anchor item=Statement (location: (source ID: 41, lines: 66..67, bytes: 2429..2480), hits: 0) err=Could not find anchor: No matching instruction in range source ID: 41, lines: 66..67, bytes: 2429..2480
2026-09-08T10:21:25.424526Z  WARN foundry_evm_coverage::anchors: could not find anchor item=Statement (location: (source ID: 38, lines: 52..53, bytes: 2303..2365), hits: 0) err=Could not find anchor: No matching instruction in range source ID: 38, lines: 52..53, bytes: 2303..2365
2026-09-08T10:21:25.424543Z  WARN foundry_evm_coverage::anchors: could not find anchor item=Branch (branch: 7, path: 0) (location: (source ID: 38, lines: 52..53, bytes: 2303..2365), hits: 0) err=Could not detect branches in source: source ID: 38, lines: 52..53, bytes: 2303..2365
2026-09-08T10:21:25.424505Z  WARN foundry_evm_coverage::anchors: could not find anchor item=Statement (location: (source ID: 40, lines: 127..128, bytes: 5157..5187), hits: 0) err=Could not find anchor: No matching instruction in range source ID: 40, lines: 127..128, bytes: 5157..5187
2026-09-08T10:21:25.424553Z  WARN foundry_evm_coverage::anchors: could not find anchor item=Line (location: (source ID: 40, lines: 128..129, bytes: 5197..5246), hits: 0) err=Could not find anchor: No matching instruction in range source ID: 40, lines: 128..129, bytes: 5197..5246
2026-09-08T10:21:25.424556Z  WARN foundry_evm_coverage::anchors: could not find anchor item=Statement (location: (source ID: 40, lines: 128..129, bytes: 5197..5246), hits: 0) err=Could not find anchor: No matching instruction in range source ID: 40, lines: 128..129, bytes: 5197..5246
2026-09-08T10:21:25.424547Z  WARN foundry_evm_coverage::anchors: could not find anchor item=Branch (branch: 7, path: 1) (location: (source ID: 38, lines: 52..53, bytes: 2303..2365), hits: 0) err=Could not detect branches in source: source ID: 38, lines: 52..53, bytes: 2303..2365
2026-09-08T10:21:25.424563Z  WARN foundry_evm_coverage::anchors: could not find anchor item=Line (location: (source ID: 38, lines: 53..56, bytes: 2375..2511), hits: 0) err=Could not find anchor: No matching instruction in range source ID: 38, lines: 53..56, bytes: 2375..2511
2026-09-08T10:21:25.424567Z  WARN foundry_evm_coverage::anchors: could not find anchor item=Statement (location: (source ID: 38, lines: 53..56, bytes: 2375..2511), hits: 0) err=Could not find anchor: No matching instruction in range source ID: 38, lines: 53..56, bytes: 2375..2511
2026-09-08T10:21:25.424570Z  WARN foundry_evm_coverage::anchors: could not find anchor item=Branch (branch: 8, path: 0) (location: (source ID: 38, lines: 53..56, bytes: 2375..2511), hits: 0) err=Could not detect branches in source: source ID: 38, lines: 53..56, bytes: 2375..2511
2026-09-08T10:21:25.424573Z  WARN foundry_evm_coverage::anchors: could not find anchor item=Branch (branch: 8, path: 1) (location: (source ID: 38, lines: 53..56, bytes: 2375..2511), hits: 0) err=Could not detect branches in source: source ID: 38, lines: 53..56, bytes: 2375..2511
2026-09-08T10:21:25.424513Z  WARN foundry_evm_coverage::anchors: could not find anchor item=Line (location: (source ID: 39, lines: 56..57, bytes: 2518..2525), hits: 0) err=Could not find anchor: No matching instruction in range source ID: 39, lines: 56..57, bytes: 2518..2525
2026-09-08T10:21:25.424582Z  WARN foundry_evm_coverage::anchors: could not find anchor item=Statement (location: (source ID: 39, lines: 56..57, bytes: 2518..2525), hits: 0) err=Could not find anchor: No matching instruction in range source ID: 39, lines: 56..57, bytes: 2518..2525
2026-09-08T10:21:25.424538Z  WARN foundry_evm_coverage::anchors: could not find anchor item=Line (location: (source ID: 41, lines: 69..76, bytes: 2493..2762), hits: 0) err=Could not find anchor: No matching instruction in range source ID: 41, lines: 69..76, bytes: 2493..2762
2026-09-08T10:21:25.424591Z  WARN foundry_evm_coverage::anchors: could not find anchor item=Function "cancel" (location: (source ID: 41, lines: 69..76, bytes: 2493..2762), hits: 0) err=Could not find anchor: No matching instruction in range source ID: 41, lines: 69..76, bytes: 2493..2762
2026-09-08T10:21:25.424594Z  WARN foundry_evm_coverage::anchors: could not find anchor item=Line (location: (source ID: 41, lines: 70..71, bytes: 2553..2588), hits: 0) err=Could not find anchor: No matching instruction in range source ID: 41, lines: 70..71, bytes: 2553..2588
2026-09-08T10:21:25.424597Z  WARN foundry_evm_coverage::anchors: could not find anchor item=Statement (location: (source ID: 41, lines: 70..71, bytes: 2553..2588), hits: 0) err=Could not find anchor: No matching instruction in range source ID: 41, lines: 70..71, bytes: 2553..2588
2026-09-08T10:21:25.424601Z  WARN foundry_evm_coverage::anchors: could not find anchor item=Line (location: (source ID: 41, lines: 71..72, bytes: 2602..2627), hits: 0) err=Could not find anchor: No matching instruction in range source ID: 41, lines: 71..72, bytes: 2602..2627
2026-09-08T10:21:25.424604Z  WARN foundry_evm_coverage::anchors: could not find anchor item=Statement (location: (source ID: 41, lines: 71..72, bytes: 2602..2627), hits: 0) err=Could not find anchor: No matching instruction in range source ID: 41, lines: 71..72, bytes: 2602..2627
2026-09-08T10:21:25.424607Z  WARN foundry_evm_coverage::anchors: could not find anchor item=Statement (location: (source ID: 41, lines: 71..72, bytes: 2629..2647), hits: 0) err=Could not find anchor: No matching instruction in range source ID: 41, lines: 71..72, bytes: 2629..2647
2026-09-08T10:21:25.424610Z  WARN foundry_evm_coverage::anchors: could not find anchor item=Branch (branch: 4, path: 0) (location: (source ID: 41, lines: 71..72, bytes: 2629..2647), hits: 0) err=Could not find anchor: No matching instruction in range source ID: 41, lines: 71..72, bytes: 2629..2647
2026-09-08T10:21:25.424586Z  WARN foundry_evm_coverage::anchors: could not find anchor item=Statement (location: (source ID: 39, lines: 56..57, bytes: 2518..2574), hits: 0) err=Could not find anchor: No matching instruction in range source ID: 39, lines: 56..57, bytes: 2518..2574
2026-09-08T10:21:25.424576Z  WARN foundry_evm_coverage::anchors: could not find anchor item=Line (location: (source ID: 38, lines: 56..60, bytes: 2521..2673), hits: 0) err=Could not find anchor: No matching instruction in range source ID: 38, lines: 56..60, bytes: 2521..2673
2026-09-08T10:21:25.424613Z  WARN foundry_evm_coverage::anchors: could not find anchor item=Line (location: (source ID: 41, lines: 72..73, bytes: 2661..2673), hits: 0) err=Could not find anchor: No matching instruction in range source ID: 41, lines: 72..73, bytes: 2661..2673
2026-09-08T10:21:25.424624Z  WARN foundry_evm_coverage::anchors: could not find anchor item=Statement (location: (source ID: 41, lines: 72..73, bytes: 2661..2673), hits: 0) err=Could not find anchor: No matching instruction in range source ID: 41, lines: 72..73, bytes: 2661..2673
2026-09-08T10:21:25.424627Z  WARN foundry_evm_coverage::anchors: could not find anchor item=Statement (location: (source ID: 41, lines: 72..73, bytes: 2675..2698), hits: 0) err=Could not find anchor: No matching instruction in range source ID: 41, lines: 72..73, bytes: 2675..2698
2026-09-08T10:21:25.424630Z  WARN foundry_evm_coverage::anchors: could not find anchor item=Branch (branch: 5, path: 0) (location: (source ID: 41, lines: 72..73, bytes: 2675..2698), hits: 0) err=Could not find anchor: No matching instruction in range source ID: 41, lines: 72..73, bytes: 2675..2698
2026-09-08T10:21:25.424636Z  WARN foundry_evm_coverage::anchors: could not find anchor item=Line (location: (source ID: 41, lines: 73..74, bytes: 2708..2727), hits: 0) err=Could not find anchor: No matching instruction in range source ID: 41, lines: 73..74, bytes: 2708..2727
2026-09-08T10:21:25.424639Z  WARN foundry_evm_coverage::anchors: could not find anchor item=Statement (location: (source ID: 41, lines: 73..74, bytes: 2708..2727), hits: 0) err=Could not find anchor: No matching instruction in range source ID: 41, lines: 73..74, bytes: 2708..2727
2026-09-08T10:21:25.424642Z  WARN foundry_evm_coverage::anchors: could not find anchor item=Line (location: (source ID: 41, lines: 74..75, bytes: 2737..2755), hits: 0) err=Could not find anchor: No matching instruction in range source ID: 41, lines: 74..75, bytes: 2737..2755
2026-09-08T10:21:25.424646Z  WARN foundry_evm_coverage::anchors: could not find anchor item=Statement (location: (source ID: 41, lines: 74..75, bytes: 2737..2755), hits: 0) err=Could not find anchor: No matching instruction in range source ID: 41, lines: 74..75, bytes: 2737..2755
2026-09-08T10:21:25.424617Z  WARN foundry_evm_coverage::anchors: could not find anchor item=Statement (location: (source ID: 39, lines: 56..57, bytes: 2529..2544), hits: 0) err=Could not find anchor: No matching instruction in range source ID: 39, lines: 56..57, bytes: 2529..2544
2026-09-08T10:21:25.424560Z  WARN foundry_evm_coverage::anchors: could not find anchor item=Line (location: (source ID: 40, lines: 132..139, bytes: 5361..5699), hits: 0) err=Could not find anchor: No matching instruction in range source ID: 40, lines: 132..139, bytes: 5361..5699
2026-09-08T10:21:25.424658Z  WARN foundry_evm_coverage::anchors: could not find anchor item=Function "cancelPayoutWalletChange" (location: (source ID: 40, lines: 132..139, bytes: 5361..5699), hits: 0) err=Could not find anchor: No matching instruction in range source ID: 40, lines: 132..139, bytes: 5361..5699
2026-09-08T10:21:25.424649Z  WARN foundry_evm_coverage::anchors: could not find anchor item=Line (location: (source ID: 41, lines: 78..96, bytes: 2859..3862), hits: 0) err=Could not find anchor: No matching instruction in range source ID: 41, lines: 78..96, bytes: 2859..3862
2026-09-08T10:21:25.424667Z  WARN foundry_evm_coverage::anchors: could not find anchor item=Function "buy" (location: (source ID: 41, lines: 78..96, bytes: 2859..3862), hits: 0) err=Could not find anchor: No matching instruction in range source ID: 41, lines: 78..96, bytes: 2859..3862
2026-09-08T10:21:25.424670Z  WARN foundry_evm_coverage::anchors: could not find anchor item=Line (location: (source ID: 41, lines: 79..80, bytes: 2943..2978), hits: 0) err=Could not find anchor: No matching instruction in range source ID: 41, lines: 79..80, bytes: 2943..2978
2026-09-08T10:21:25.424662Z  WARN foundry_evm_coverage::anchors: could not find anchor item=Line (location: (source ID: 40, lines: 133..134, bytes: 5433..5459), hits: 0) err=Could not find anchor: No matching instruction in range source ID: 40, lines: 133..134, bytes: 5433..5459
2026-09-08T10:21:25.424679Z  WARN foundry_evm_coverage::anchors: could not find anchor item=Statement (location: (source ID: 40, lines: 133..134, bytes: 5433..5459), hits: 0) err=Could not find anchor: No matching instruction in range source ID: 40, lines: 133..134, bytes: 5433..5459
2026-09-08T10:21:25.424682Z  WARN foundry_evm_coverage::anchors: could not find anchor item=Statement (location: (source ID: 40, lines: 133..134, bytes: 5461..5482), hits: 0) err=Could not find anchor: No matching instruction in range source ID: 40, lines: 133..134, bytes: 5461..5482
2026-09-08T10:21:25.424673Z  WARN foundry_evm_coverage::anchors: could not find anchor item=Statement (location: (source ID: 41, lines: 79..80, bytes: 2943..2978), hits: 0) err=Could not find anchor: No matching instruction in range source ID: 41, lines: 79..80, bytes: 2943..2978
2026-09-08T10:21:25.424693Z  WARN foundry_evm_coverage::anchors: could not find anchor item=Line (location: (source ID: 41, lines: 80..81, bytes: 2992..3004), hits: 0) err=Could not find anchor: No matching instruction in range source ID: 41, lines: 80..81, bytes: 2992..3004
2026-09-08T10:21:25.424696Z  WARN foundry_evm_coverage::anchors: could not find anchor item=Statement (location: (source ID: 41, lines: 80..81, bytes: 2992..3004), hits: 0) err=Could not find anchor: No matching instruction in range source ID: 41, lines: 80..81, bytes: 2992..3004
2026-09-08T10:21:25.424699Z  WARN foundry_evm_coverage::anchors: could not find anchor item=Statement (location: (source ID: 41, lines: 80..81, bytes: 2992..3038), hits: 0) err=Could not find anchor: No matching instruction in range source ID: 41, lines: 80..81, bytes: 2992..3038
2026-09-08T10:21:25.424702Z  WARN foundry_evm_coverage::anchors: could not find anchor item=Statement (location: (source ID: 41, lines: 80..81, bytes: 3008..3038), hits: 0) err=Could not find anchor: No matching instruction in range source ID: 41, lines: 80..81, bytes: 3008..3038
2026-09-08T10:21:25.424706Z  WARN foundry_evm_coverage::anchors: could not find anchor item=Statement (location: (source ID: 41, lines: 80..81, bytes: 3040..3063), hits: 0) err=Could not find anchor: No matching instruction in range source ID: 41, lines: 80..81, bytes: 3040..3063
2026-09-08T10:21:25.424709Z  WARN foundry_evm_coverage::anchors: could not find anchor item=Branch (branch: 6, path: 0) (location: (source ID: 41, lines: 80..81, bytes: 3040..3063), hits: 0) err=Could not find anchor: No matching instruction in range source ID: 41, lines: 80..81, bytes: 3040..3063
2026-09-08T10:21:25.424711Z  WARN foundry_evm_coverage::anchors: could not find anchor item=Line (location: (source ID: 41, lines: 81..82, bytes: 3077..3128), hits: 0) err=Could not find anchor: No matching instruction in range source ID: 41, lines: 81..82, bytes: 3077..3128
2026-09-08T10:21:25.424715Z  WARN foundry_evm_coverage::anchors: could not find anchor item=Statement (location: (source ID: 41, lines: 81..82, bytes: 3077..3128), hits: 0) err=Could not find anchor: No matching instruction in range source ID: 41, lines: 81..82, bytes: 3077..3128
2026-09-08T10:21:25.424718Z  WARN foundry_evm_coverage::anchors: could not find anchor item=Statement (location: (source ID: 41, lines: 81..82, bytes: 3077..3150), hits: 0) err=Could not find anchor: No matching instruction in range source ID: 41, lines: 81..82, bytes: 3077..3150
2026-09-08T10:21:25.424721Z  WARN foundry_evm_coverage::anchors: could not find anchor item=Statement (location: (source ID: 41, lines: 81..82, bytes: 3152..3175), hits: 0) err=Could not find anchor: No matching instruction in range source ID: 41, lines: 81..82, bytes: 3152..3175
2026-09-08T10:21:25.424724Z  WARN foundry_evm_coverage::anchors: could not find anchor item=Branch (branch: 7, path: 0) (location: (source ID: 41, lines: 81..82, bytes: 3152..3175), hits: 0) err=Could not find anchor: No matching instruction in range source ID: 41, lines: 81..82, bytes: 3152..3175
2026-09-08T10:21:25.424727Z  WARN foundry_evm_coverage::anchors: could not find anchor item=Line (location: (source ID: 41, lines: 82..83, bytes: 3189..3228), hits: 0) err=Could not find anchor: No matching instruction in range source ID: 41, lines: 82..83, bytes: 3189..3228
2026-09-08T10:21:25.424730Z  WARN foundry_evm_coverage::anchors: could not find anchor item=Statement (location: (source ID: 41, lines: 82..83, bytes: 3189..3228), hits: 0) err=Could not find anchor: No matching instruction in range source ID: 41, lines: 82..83, bytes: 3189..3228
2026-09-08T10:21:25.424733Z  WARN foundry_evm_coverage::anchors: could not find anchor item=Statement (location: (source ID: 41, lines: 82..83, bytes: 3230..3250), hits: 0) err=Could not find anchor: No matching instruction in range source ID: 41, lines: 82..83, bytes: 3230..3250
2026-09-08T10:21:25.424740Z  WARN foundry_evm_coverage::anchors: could not find anchor item=Branch (branch: 8, path: 0) (location: (source ID: 41, lines: 82..83, bytes: 3230..3250), hits: 0) err=Could not find anchor: No matching instruction in range source ID: 41, lines: 82..83, bytes: 3230..3250
2026-09-08T10:21:25.424743Z  WARN foundry_evm_coverage::anchors: could not find anchor item=Line (location: (source ID: 41, lines: 83..84, bytes: 3264..3287), hits: 0) err=Could not find anchor: No matching instruction in range source ID: 41, lines: 83..84, bytes: 3264..3287
2026-09-08T10:21:25.424746Z  WARN foundry_evm_coverage::anchors: could not find anchor item=Statement (location: (source ID: 41, lines: 83..84, bytes: 3264..3287), hits: 0) err=Could not find anchor: No matching instruction in range source ID: 41, lines: 83..84, bytes: 3264..3287
2026-09-08T10:21:25.424749Z  WARN foundry_evm_coverage::anchors: could not find anchor item=Statement (location: (source ID: 41, lines: 83..84, bytes: 3264..3341), hits: 0) err=Could not find anchor: No matching instruction in range source ID: 41, lines: 83..84, bytes: 3264..3341
2026-09-08T10:21:25.424752Z  WARN foundry_evm_coverage::anchors: could not find anchor item=Statement (location: (source ID: 41, lines: 83..84, bytes: 3291..3317), hits: 0) err=Could not find anchor: No matching instruction in range source ID: 41, lines: 83..84, bytes: 3291..3317
2026-09-08T10:21:25.424754Z  WARN foundry_evm_coverage::anchors: could not find anchor item=Statement (location: (source ID: 41, lines: 83..84, bytes: 3291..3341), hits: 0) err=Could not find anchor: No matching instruction in range source ID: 41, lines: 83..84, bytes: 3291..3341
2026-09-08T10:21:25.424620Z  WARN foundry_evm_coverage::anchors: could not find anchor item=Statement (location: (source ID: 38, lines: 56..60, bytes: 2521..2673), hits: 0) err=Could not find anchor: No matching instruction in range source ID: 38, lines: 56..60, bytes: 2521..2673
2026-09-08T10:21:25.424761Z  WARN foundry_evm_coverage::anchors: could not find anchor item=Branch (branch: 9, path: 0) (location: (source ID: 38, lines: 56..60, bytes: 2521..2673), hits: 0) err=Could not detect branches in source: source ID: 38, lines: 56..60, bytes: 2521..2673
2026-09-08T10:21:25.424763Z  WARN foundry_evm_coverage::anchors: could not find anchor item=Branch (branch: 9, path: 1) (location: (source ID: 38, lines: 56..60, bytes: 2521..2673), hits: 0) err=Could not detect branches in source: source ID: 38, lines: 56..60, bytes: 2521..2673
2026-09-08T10:21:25.424766Z  WARN foundry_evm_coverage::anchors: could not find anchor item=Line (location: (source ID: 38, lines: 62..84, bytes: 2686..3908), hits: 0) err=Could not find anchor: No matching instruction in range source ID: 38, lines: 62..84, bytes: 2686..3908
2026-09-08T10:21:25.424653Z  WARN foundry_evm_coverage::anchors: could not find anchor item=Statement (location: (source ID: 39, lines: 56..57, bytes: 2529..2574), hits: 0) err=Could not find anchor: No matching instruction in range source ID: 39, lines: 56..57, bytes: 2529..2574
2026-09-08T10:21:25.424756Z  WARN foundry_evm_coverage::anchors: could not find anchor item=Statement (location: (source ID: 41, lines: 83..84, bytes: 3321..3341), hits: 0) err=Could not find anchor: No matching instruction in range source ID: 41, lines: 83..84, bytes: 3321..3341
2026-09-08T10:21:25.424774Z  WARN foundry_evm_coverage::anchors: could not find anchor item=Statement (location: (source ID: 41, lines: 83..84, bytes: 3343..3368), hits: 0) err=Could not find anchor: No matching instruction in range source ID: 41, lines: 83..84, bytes: 3343..3368
2026-09-08T10:21:25.424777Z  WARN foundry_evm_coverage::anchors: could not find anchor item=Branch (branch: 9, path: 0) (location: (source ID: 41, lines: 83..84, bytes: 3343..3368), hits: 0) err=Could not find anchor: No matching instruction in range source ID: 41, lines: 83..84, bytes: 3343..3368
2026-09-08T10:21:25.424779Z  WARN foundry_evm_coverage::anchors: could not find anchor item=Line (location: (source ID: 41, lines: 84..85, bytes: 3378..3404), hits: 0) err=Could not find anchor: No matching instruction in range source ID: 41, lines: 84..85, bytes: 3378..3404
2026-09-08T10:21:25.424784Z  WARN foundry_evm_coverage::anchors: could not find anchor item=Statement (location: (source ID: 41, lines: 84..85, bytes: 3378..3404), hits: 0) err=Could not find anchor: No matching instruction in range source ID: 41, lines: 84..85, bytes: 3378..3404
2026-09-08T10:21:25.424787Z  WARN foundry_evm_coverage::anchors: could not find anchor item=Line (location: (source ID: 41, lines: 85..86, bytes: 3418..3436), hits: 0) err=Could not find anchor: No matching instruction in range source ID: 41, lines: 85..86, bytes: 3418..3436
2026-09-08T10:21:25.424686Z  WARN foundry_evm_coverage::anchors: could not find anchor item=Branch (branch: 3, path: 0) (location: (source ID: 40, lines: 133..134, bytes: 5461..5482), hits: 0) err=Could not find anchor: No matching instruction in range source ID: 40, lines: 133..134, bytes: 5461..5482
2026-09-08T10:21:25.424772Z  WARN foundry_evm_coverage::anchors: could not find anchor item=Statement (location: (source ID: 39, lines: 56..57, bytes: 2548..2560), hits: 0) err=Could not find anchor: No matching instruction in range source ID: 39, lines: 56..57, bytes: 2548..2560
2026-09-08T10:21:25.424794Z  WARN foundry_evm_coverage::anchors: could not find anchor item=Line (location: (source ID: 40, lines: 134..135, bytes: 5492..5530), hits: 0) err=Could not find anchor: No matching instruction in range source ID: 40, lines: 134..135, bytes: 5492..5530
2026-09-08T10:21:25.424797Z  WARN foundry_evm_coverage::anchors: could not find anchor item=Statement (location: (source ID: 39, lines: 56..57, bytes: 2548..2574), hits: 0) err=Could not find anchor: No matching instruction in range source ID: 39, lines: 56..57, bytes: 2548..2574
2026-09-08T10:21:25.424800Z  WARN foundry_evm_coverage::anchors: could not find anchor item=Statement (location: (source ID: 40, lines: 134..135, bytes: 5492..5530), hits: 0) err=Could not find anchor: No matching instruction in range source ID: 40, lines: 134..135, bytes: 5492..5530
2026-09-08T10:21:25.424803Z  WARN foundry_evm_coverage::anchors: could not find anchor item=Statement (location: (source ID: 39, lines: 56..57, bytes: 2576..2596), hits: 0) err=Could not find anchor: No matching instruction in range source ID: 39, lines: 56..57, bytes: 2576..2596
2026-09-08T10:21:25.424808Z  WARN foundry_evm_coverage::anchors: could not find anchor item=Branch (branch: 4, path: 0) (location: (source ID: 39, lines: 56..57, bytes: 2576..2596), hits: 0) err=Could not find anchor: No matching instruction in range source ID: 39, lines: 56..57, bytes: 2576..2596
2026-09-08T10:21:25.424811Z  WARN foundry_evm_coverage::anchors: could not find anchor item=Line (location: (source ID: 39, lines: 57..58, bytes: 2610..2623), hits: 0) err=Could not find anchor: No matching instruction in range source ID: 39, lines: 57..58, bytes: 2610..2623
2026-09-08T10:21:25.424814Z  WARN foundry_evm_coverage::anchors: could not find anchor item=Statement (location: (source ID: 39, lines: 57..58, bytes: 2610..2623), hits: 0) err=Could not find anchor: No matching instruction in range source ID: 39, lines: 57..58, bytes: 2610..2623
2026-09-08T10:21:25.424817Z  WARN foundry_evm_coverage::anchors: could not find anchor item=Line (location: (source ID: 39, lines: 58..59, bytes: 2637..2661), hits: 0) err=Could not find anchor: No matching instruction in range source ID: 39, lines: 58..59, bytes: 2637..2661
2026-09-08T10:21:25.424768Z  WARN foundry_evm_coverage::anchors: could not find anchor item=Function "run" (location: (source ID: 38, lines: 62..84, bytes: 2686..3908), hits: 0) err=Could not find anchor: No matching instruction in range source ID: 38, lines: 62..84, bytes: 2686..3908
2026-09-08T10:21:25.424826Z  WARN foundry_evm_coverage::anchors: could not find anchor item=Line (location: (source ID: 38, lines: 63..64, bytes: 2753..2797), hits: 0) err=Could not find anchor: No matching instruction in range source ID: 38, lines: 63..64, bytes: 2753..2797
2026-09-08T10:21:25.424832Z  WARN foundry_evm_coverage::anchors: could not find anchor item=Statement (location: (source ID: 38, lines: 63..64, bytes: 2753..2797), hits: 0) err=Could not find anchor: No matching instruction in range source ID: 38, lines: 63..64, bytes: 2753..2797
2026-09-08T10:21:25.424835Z  WARN foundry_evm_coverage::anchors: could not find anchor item=Statement (location: (source ID: 38, lines: 63..64, bytes: 2785..2797), hits: 0) err=Could not find anchor: No matching instruction in range source ID: 38, lines: 63..64, bytes: 2785..2797
2026-09-08T10:21:25.424838Z  WARN foundry_evm_coverage::anchors: could not find anchor item=Line (location: (source ID: 38, lines: 64..65, bytes: 2807..2846), hits: 0) err=Could not find anchor: No matching instruction in range source ID: 38, lines: 64..65, bytes: 2807..2846
2026-09-08T10:21:25.424841Z  WARN foundry_evm_coverage::anchors: could not find anchor item=Statement (location: (source ID: 38, lines: 64..65, bytes: 2807..2846), hits: 0) err=Could not find anchor: No matching instruction in range source ID: 38, lines: 64..65, bytes: 2807..2846
2026-09-08T10:21:25.424821Z  WARN foundry_evm_coverage::anchors: could not find anchor item=Statement (location: (source ID: 39, lines: 58..59, bytes: 2637..2661), hits: 0) err=Could not find anchor: No matching instruction in range source ID: 39, lines: 58..59, bytes: 2637..2661
2026-09-08T10:21:25.424847Z  WARN foundry_evm_coverage::anchors: could not find anchor item=Line (location: (source ID: 39, lines: 62..66, bytes: 2684..2882), hits: 0) err=Could not find anchor: No matching instruction in range source ID: 39, lines: 62..66, bytes: 2684..2882
2026-09-08T10:21:25.424850Z  WARN foundry_evm_coverage::anchors: could not find anchor item=Function "tokenURI" (location: (source ID: 39, lines: 62..66, bytes: 2684..2882), hits: 0) err=Could not find anchor: No matching instruction in range source ID: 39, lines: 62..66, bytes: 2684..2882
2026-09-08T10:21:25.424852Z  WARN foundry_evm_coverage::anchors: could not find anchor item=Line (location: (source ID: 39, lines: 63..64, bytes: 2774..2796), hits: 0) err=Could not find anchor: No matching instruction in range source ID: 39, lines: 63..64, bytes: 2774..2796
2026-09-08T10:21:25.424790Z  WARN foundry_evm_coverage::anchors: could not find anchor item=Statement (location: (source ID: 41, lines: 85..86, bytes: 3418..3436), hits: 0) err=Could not find anchor: No matching instruction in range source ID: 41, lines: 85..86, bytes: 3418..3436
2026-09-08T10:21:25.424859Z  WARN foundry_evm_coverage::anchors: could not find anchor item=Statement (location: (source ID: 41, lines: 85..86, bytes: 3438..3463), hits: 0) err=Could not find anchor: No matching instruction in range source ID: 41, lines: 85..86, bytes: 3438..3463
2026-09-08T10:21:25.424862Z  WARN foundry_evm_coverage::anchors: could not find anchor item=Branch (branch: 10, path: 0) (location: (source ID: 41, lines: 85..86, bytes: 3438..3463), hits: 0) err=Could not find anchor: No matching instruction in range source ID: 41, lines: 85..86, bytes: 3438..3463
2026-09-08T10:21:25.424864Z  WARN foundry_evm_coverage::anchors: could not find anchor item=Line (location: (source ID: 41, lines: 86..87, bytes: 3473..3545), hits: 0) err=Could not find anchor: No matching instruction in range source ID: 41, lines: 86..87, bytes: 3473..3545
2026-09-08T10:21:25.424855Z  WARN foundry_evm_coverage::anchors: could not find anchor item=Statement (location: (source ID: 39, lines: 63..64, bytes: 2774..2796), hits: 0) err=Could not find anchor: No matching instruction in range source ID: 39, lines: 63..64, bytes: 2774..2796
2026-09-08T10:21:25.424869Z  WARN foundry_evm_coverage::anchors: could not find anchor item=Line (location: (source ID: 39, lines: 64..65, bytes: 2806..2875), hits: 0) err=Could not find anchor: No matching instruction in range source ID: 39, lines: 64..65, bytes: 2806..2875
2026-09-08T10:21:25.424843Z  WARN foundry_evm_coverage::anchors: could not find anchor item=Line (location: (source ID: 38, lines: 65..66, bytes: 2856..2908), hits: 0) err=Could not find anchor: No matching instruction in range source ID: 38, lines: 65..66, bytes: 2856..2908
2026-09-08T10:21:25.424878Z  WARN foundry_evm_coverage::anchors: could not find anchor item=Statement (location: (source ID: 38, lines: 65..66, bytes: 2856..2908), hits: 0) err=Could not find anchor: No matching instruction in range source ID: 38, lines: 65..66, bytes: 2856..2908
2026-09-08T10:21:25.424881Z  WARN foundry_evm_coverage::anchors: could not find anchor item=Line (location: (source ID: 38, lines: 66..67, bytes: 2918..2959), hits: 0) err=Could not find anchor: No matching instruction in range source ID: 38, lines: 66..67, bytes: 2918..2959
2026-09-08T10:21:25.424884Z  WARN foundry_evm_coverage::anchors: could not find anchor item=Statement (location: (source ID: 38, lines: 66..67, bytes: 2918..2959), hits: 0) err=Could not find anchor: No matching instruction in range source ID: 38, lines: 66..67, bytes: 2918..2959
2026-09-08T10:21:25.424888Z  WARN foundry_evm_coverage::anchors: could not find anchor item=Line (location: (source ID: 38, lines: 67..68, bytes: 2969..3014), hits: 0) err=Could not find anchor: No matching instruction in range source ID: 38, lines: 67..68, bytes: 2969..3014
2026-09-08T10:21:25.424891Z  WARN foundry_evm_coverage::anchors: could not find anchor item=Statement (location: (source ID: 38, lines: 67..68, bytes: 2969..3014), hits: 0) err=Could not find anchor: No matching instruction in range source ID: 38, lines: 67..68, bytes: 2969..3014
2026-09-08T10:21:25.424894Z  WARN foundry_evm_coverage::anchors: could not find anchor item=Line (location: (source ID: 38, lines: 68..69, bytes: 3024..3073), hits: 0) err=Could not find anchor: No matching instruction in range source ID: 38, lines: 68..69, bytes: 3024..3073
2026-09-08T10:21:25.424872Z  WARN foundry_evm_coverage::anchors: could not find anchor item=Statement (location: (source ID: 39, lines: 64..65, bytes: 2806..2875), hits: 0) err=Could not find anchor: No matching instruction in range source ID: 39, lines: 64..65, bytes: 2806..2875
2026-09-08T10:21:25.424870Z  WARN foundry_evm_coverage::anchors: could not find anchor item=Statement (location: (source ID: 41, lines: 86..87, bytes: 3473..3545), hits: 0) err=Could not find anchor: No matching instruction in range source ID: 41, lines: 86..87, bytes: 3473..3545
2026-09-08T10:21:25.424896Z  WARN foundry_evm_coverage::anchors: could not find anchor item=Statement (location: (source ID: 38, lines: 68..69, bytes: 3024..3073), hits: 0) err=Could not find anchor: No matching instruction in range source ID: 38, lines: 68..69, bytes: 3024..3073
2026-09-08T10:21:25.424907Z  WARN foundry_evm_coverage::anchors: could not find anchor item=Line (location: (source ID: 38, lines: 69..70, bytes: 3083..3158), hits: 0) err=Could not find anchor: No matching instruction in range source ID: 38, lines: 69..70, bytes: 3083..3158
2026-09-08T10:21:25.424911Z  WARN foundry_evm_coverage::anchors: could not find anchor item=Statement (location: (source ID: 38, lines: 69..70, bytes: 3083..3158), hits: 0) err=Could not find anchor: No matching instruction in range source ID: 38, lines: 69..70, bytes: 3083..3158
2026-09-08T10:21:25.424913Z  WARN foundry_evm_coverage::anchors: could not find anchor item=Line (location: (source ID: 38, lines: 70..71, bytes: 3168..3232), hits: 0) err=Could not find anchor: No matching instruction in range source ID: 38, lines: 70..71, bytes: 3168..3232
2026-09-08T10:21:25.424917Z  WARN foundry_evm_coverage::anchors: could not find anchor item=Statement (location: (source ID: 38, lines: 70..71, bytes: 3168..3232), hits: 0) err=Could not find anchor: No matching instruction in range source ID: 38, lines: 70..71, bytes: 3168..3232
2026-09-08T10:21:25.424920Z  WARN foundry_evm_coverage::anchors: could not find anchor item=Line (location: (source ID: 38, lines: 71..72, bytes: 3242..3299), hits: 0) err=Could not find anchor: No matching instruction in range source ID: 38, lines: 71..72, bytes: 3242..3299
2026-09-08T10:21:25.424923Z  WARN foundry_evm_coverage::anchors: could not find anchor item=Statement (location: (source ID: 38, lines: 71..72, bytes: 3242..3299), hits: 0) err=Could not find anchor: No matching instruction in range source ID: 38, lines: 71..72, bytes: 3242..3299
2026-09-08T10:21:25.424930Z  WARN foundry_evm_coverage::anchors: could not find anchor item=Line (location: (source ID: 38, lines: 72..73, bytes: 3309..3359), hits: 0) err=Could not find anchor: No matching instruction in range source ID: 38, lines: 72..73, bytes: 3309..3359
2026-09-08T10:21:25.424933Z  WARN foundry_evm_coverage::anchors: could not find anchor item=Statement (location: (source ID: 38, lines: 72..73, bytes: 3309..3359), hits: 0) err=Could not find anchor: No matching instruction in range source ID: 38, lines: 72..73, bytes: 3309..3359
2026-09-08T10:21:25.424936Z  WARN foundry_evm_coverage::anchors: could not find anchor item=Line (location: (source ID: 38, lines: 73..74, bytes: 3369..3388), hits: 0) err=Could not find anchor: No matching instruction in range source ID: 38, lines: 73..74, bytes: 3369..3388
2026-09-08T10:21:25.424940Z  WARN foundry_evm_coverage::anchors: could not find anchor item=Statement (location: (source ID: 38, lines: 73..74, bytes: 3369..3388), hits: 0) err=Could not find anchor: No matching instruction in range source ID: 38, lines: 73..74, bytes: 3369..3388
2026-09-08T10:21:25.424943Z  WARN foundry_evm_coverage::anchors: could not find anchor item=Line (location: (source ID: 38, lines: 74..75, bytes: 3398..3429), hits: 0) err=Could not find anchor: No matching instruction in range source ID: 38, lines: 74..75, bytes: 3398..3429
2026-09-08T10:21:25.424946Z  WARN foundry_evm_coverage::anchors: could not find anchor item=Statement (location: (source ID: 38, lines: 74..75, bytes: 3398..3429), hits: 0) err=Could not find anchor: No matching instruction in range source ID: 38, lines: 74..75, bytes: 3398..3429
2026-09-08T10:21:25.424949Z  WARN foundry_evm_coverage::anchors: could not find anchor item=Line (location: (source ID: 38, lines: 75..76, bytes: 3439..3457), hits: 0) err=Could not find anchor: No matching instruction in range source ID: 38, lines: 75..76, bytes: 3439..3457
2026-09-08T10:21:25.424952Z  WARN foundry_evm_coverage::anchors: could not find anchor item=Statement (location: (source ID: 38, lines: 75..76, bytes: 3439..3457), hits: 0) err=Could not find anchor: No matching instruction in range source ID: 38, lines: 75..76, bytes: 3439..3457
2026-09-08T10:21:25.424805Z  WARN foundry_evm_coverage::anchors: could not find anchor item=Line (location: (source ID: 40, lines: 135..136, bytes: 5544..5566), hits: 0) err=Could not find anchor: No matching instruction in range source ID: 40, lines: 135..136, bytes: 5544..5566
2026-09-08T10:21:25.424901Z  WARN foundry_evm_coverage::anchors: could not find anchor item=Statement (location: (source ID: 39, lines: 64..65, bytes: 2813..2875), hits: 0) err=Could not find anchor: No matching instruction in range source ID: 39, lines: 64..65, bytes: 2813..2875
2026-09-08T10:21:25.424963Z  WARN foundry_evm_coverage::anchors: could not find anchor item=Line (location: (source ID: 39, lines: 67..70, bytes: 2888..3008), hits: 0) err=Could not find anchor: No matching instruction in range source ID: 39, lines: 67..70, bytes: 2888..3008
2026-09-08T10:21:25.424955Z  WARN foundry_evm_coverage::anchors: could not find anchor item=Line (location: (source ID: 38, lines: 76..77, bytes: 3467..3553), hits: 0) err=Could not find anchor: No matching instruction in range source ID: 38, lines: 76..77, bytes: 3467..3553
2026-09-08T10:21:25.424971Z  WARN foundry_evm_coverage::anchors: could not find anchor item=Statement (location: (source ID: 38, lines: 76..77, bytes: 3467..3553), hits: 0) err=Could not find anchor: No matching instruction in range source ID: 38, lines: 76..77, bytes: 3467..3553
2026-09-08T10:21:25.424974Z  WARN foundry_evm_coverage::anchors: could not find anchor item=Branch (branch: 10, path: 0) (location: (source ID: 38, lines: 76..77, bytes: 3467..3553), hits: 0) err=Could not detect branches in source: source ID: 38, lines: 76..77, bytes: 3467..3553
2026-09-08T10:21:25.424981Z  WARN foundry_evm_coverage::anchors: could not find anchor item=Branch (branch: 10, path: 1) (location: (source ID: 38, lines: 76..77, bytes: 3467..3553), hits: 0) err=Could not detect branches in source: source ID: 38, lines: 76..77, bytes: 3467..3553
2026-09-08T10:21:25.424983Z  WARN foundry_evm_coverage::anchors: could not find anchor item=Line (location: (source ID: 38, lines: 77..80, bytes: 3563..3699), hits: 0) err=Could not find anchor: No matching instruction in range source ID: 38, lines: 77..80, bytes: 3563..3699
2026-09-08T10:21:25.424959Z  WARN foundry_evm_coverage::anchors: could not find anchor item=Statement (location: (source ID: 40, lines: 135..136, bytes: 5544..5566), hits: 0) err=Could not find anchor: No matching instruction in range source ID: 40, lines: 135..136, bytes: 5544..5566
2026-09-08T10:21:25.424992Z  WARN foundry_evm_coverage::anchors: could not find anchor item=Statement (location: (source ID: 40, lines: 135..136, bytes: 5568..5598), hits: 0) err=Could not find anchor: No matching instruction in range source ID: 40, lines: 135..136, bytes: 5568..5598
2026-09-08T10:21:25.424966Z  WARN foundry_evm_coverage::anchors: could not find anchor item=Function "royaltyRecipient" (location: (source ID: 39, lines: 67..70, bytes: 2888..3008), hits: 0) err=Could not find anchor: No matching instruction in range source ID: 39, lines: 67..70, bytes: 2888..3008
2026-09-08T10:21:25.424903Z  WARN foundry_evm_coverage::anchors: could not find anchor item=Statement (location: (source ID: 41, lines: 86..87, bytes: 3495..3545), hits: 0) err=Could not find anchor: No matching instruction in range source ID: 41, lines: 86..87, bytes: 3495..3545
2026-09-08T10:21:25.425004Z  WARN foundry_evm_coverage::anchors: could not find anchor item=Line (location: (source ID: 41, lines: 88..89, bytes: 3556..3575), hits: 0) err=Could not find anchor: No matching instruction in range source ID: 41, lines: 88..89, bytes: 3556..3575
2026-09-08T10:21:25.425007Z  WARN foundry_evm_coverage::anchors: could not find anchor item=Statement (location: (source ID: 41, lines: 88..89, bytes: 3556..3575), hits: 0) err=Could not find anchor: No matching instruction in range source ID: 41, lines: 88..89, bytes: 3556..3575
2026-09-08T10:21:25.424996Z  WARN foundry_evm_coverage::anchors: could not find anchor item=Branch (branch: 4, path: 0) (location: (source ID: 40, lines: 135..136, bytes: 5568..5598), hits: 0) err=Could not find anchor: No matching instruction in range source ID: 40, lines: 135..136, bytes: 5568..5598
2026-09-08T10:21:25.425001Z  WARN foundry_evm_coverage::anchors: could not find anchor item=Line (location: (source ID: 39, lines: 68..69, bytes: 2956..3001), hits: 0) err=Could not find anchor: No matching instruction in range source ID: 39, lines: 68..69, bytes: 2956..3001
2026-09-08T10:21:25.425010Z  WARN foundry_evm_coverage::anchors: could not find anchor item=Line (location: (source ID: 41, lines: 89..90, bytes: 3585..3612), hits: 0) err=Could not find anchor: No matching instruction in range source ID: 41, lines: 89..90, bytes: 3585..3612
2026-09-08T10:21:25.425020Z  WARN foundry_evm_coverage::anchors: could not find anchor item=Statement (location: (source ID: 41, lines: 89..90, bytes: 3585..3612), hits: 0) err=Could not find anchor: No matching instruction in range source ID: 41, lines: 89..90, bytes: 3585..3612
2026-09-08T10:21:25.425024Z  WARN foundry_evm_coverage::anchors: could not find anchor item=Line (location: (source ID: 41, lines: 90..91, bytes: 3622..3661), hits: 0) err=Could not find anchor: No matching instruction in range source ID: 41, lines: 90..91, bytes: 3622..3661
2026-09-08T10:21:25.425026Z  WARN foundry_evm_coverage::anchors: could not find anchor item=Statement (location: (source ID: 41, lines: 90..91, bytes: 3622..3661), hits: 0) err=Could not find anchor: No matching instruction in range source ID: 41, lines: 90..91, bytes: 3622..3661
2026-09-08T10:21:25.425017Z  WARN foundry_evm_coverage::anchors: could not find anchor item=Statement (location: (source ID: 39, lines: 68..69, bytes: 2956..3001), hits: 0) err=Could not find anchor: No matching instruction in range source ID: 39, lines: 68..69, bytes: 2956..3001
2026-09-08T10:21:25.425015Z  WARN foundry_evm_coverage::anchors: could not find anchor item=Line (location: (source ID: 40, lines: 136..137, bytes: 5608..5640), hits: 0) err=Could not find anchor: No matching instruction in range source ID: 40, lines: 136..137, bytes: 5608..5640
2026-09-08T10:21:25.425035Z  WARN foundry_evm_coverage::anchors: could not find anchor item=Statement (location: (source ID: 40, lines: 136..137, bytes: 5608..5640), hits: 0) err=Could not find anchor: No matching instruction in range source ID: 40, lines: 136..137, bytes: 5608..5640
2026-09-08T10:21:25.425038Z  WARN foundry_evm_coverage::anchors: could not find anchor item=Line (location: (source ID: 40, lines: 137..138, bytes: 5650..5692), hits: 0) err=Could not find anchor: No matching instruction in range source ID: 40, lines: 137..138, bytes: 5650..5692
2026-09-08T10:21:25.425041Z  WARN foundry_evm_coverage::anchors: could not find anchor item=Statement (location: (source ID: 40, lines: 137..138, bytes: 5650..5692), hits: 0) err=Could not find anchor: No matching instruction in range source ID: 40, lines: 137..138, bytes: 5650..5692
2026-09-08T10:21:25.425044Z  WARN foundry_evm_coverage::anchors: could not find anchor item=Line (location: (source ID: 40, lines: 142..150, bytes: 5898..6260), hits: 0) err=Could not find anchor: No matching instruction in range source ID: 40, lines: 142..150, bytes: 5898..6260
2026-09-08T10:21:25.424987Z  WARN foundry_evm_coverage::anchors: could not find anchor item=Statement (location: (source ID: 38, lines: 77..80, bytes: 3563..3699), hits: 0) err=Could not find anchor: No matching instruction in range source ID: 38, lines: 77..80, bytes: 3563..3699
2026-09-08T10:21:25.425032Z  WARN foundry_evm_coverage::anchors: could not find anchor item=Statement (location: (source ID: 39, lines: 68..69, bytes: 2963..3001), hits: 0) err=Could not find anchor: No matching instruction in range source ID: 39, lines: 68..69, bytes: 2963..3001
2026-09-08T10:21:25.425055Z  WARN foundry_evm_coverage::anchors: could not find anchor item=Line (location: (source ID: 39, lines: 72..78, bytes: 3106..3411), hits: 0) err=Could not find anchor: No matching instruction in range source ID: 39, lines: 72..78, bytes: 3106..3411
2026-09-08T10:21:25.425047Z  WARN foundry_evm_coverage::anchors: could not find anchor item=Function "acceptPayoutWallet" (location: (source ID: 40, lines: 142..150, bytes: 5898..6260), hits: 0) err=Could not find anchor: No matching instruction in range source ID: 40, lines: 142..150, bytes: 5898..6260
2026-09-08T10:21:25.425064Z  WARN foundry_evm_coverage::anchors: could not find anchor item=Line (location: (source ID: 40, lines: 143..144, bytes: 5960..5998), hits: 0) err=Could not find anchor: No matching instruction in range source ID: 40, lines: 143..144, bytes: 5960..5998
2026-09-08T10:21:25.425067Z  WARN foundry_evm_coverage::anchors: could not find anchor item=Statement (location: (source ID: 40, lines: 143..144, bytes: 5960..5998), hits: 0) err=Could not find anchor: No matching instruction in range source ID: 40, lines: 143..144, bytes: 5960..5998
2026-09-08T10:21:25.425059Z  WARN foundry_evm_coverage::anchors: could not find anchor item=Function "royaltyInfo" (location: (source ID: 39, lines: 72..78, bytes: 3106..3411), hits: 0) err=Could not find anchor: No matching instruction in range source ID: 39, lines: 72..78, bytes: 3106..3411
2026-09-08T10:21:25.425051Z  WARN foundry_evm_coverage::anchors: could not find anchor item=Branch (branch: 11, path: 0) (location: (source ID: 38, lines: 77..80, bytes: 3563..3699), hits: 0) err=Could not detect branches in source: source ID: 38, lines: 77..80, bytes: 3563..3699
2026-09-08T10:21:25.425080Z  WARN foundry_evm_coverage::anchors: could not find anchor item=Branch (branch: 11, path: 1) (location: (source ID: 38, lines: 77..80, bytes: 3563..3699), hits: 0) err=Could not detect branches in source: source ID: 38, lines: 77..80, bytes: 3563..3699
2026-09-08T10:21:25.425071Z  WARN foundry_evm_coverage::anchors: could not find anchor item=Line (location: (source ID: 40, lines: 144..145, bytes: 6012..6034), hits: 0) err=Could not find anchor: No matching instruction in range source ID: 40, lines: 144..145, bytes: 6012..6034
2026-09-08T10:21:25.425089Z  WARN foundry_evm_coverage::anchors: could not find anchor item=Statement (location: (source ID: 40, lines: 144..145, bytes: 6012..6034), hits: 0) err=Could not find anchor: No matching instruction in range source ID: 40, lines: 144..145, bytes: 6012..6034
2026-09-08T10:21:25.425093Z  WARN foundry_evm_coverage::anchors: could not find anchor item=Statement (location: (source ID: 40, lines: 144..145, bytes: 6012..6060), hits: 0) err=Could not find anchor: No matching instruction in range source ID: 40, lines: 144..145, bytes: 6012..6060
2026-09-08T10:21:25.425084Z  WARN foundry_evm_coverage::anchors: could not find anchor item=Line (location: (source ID: 38, lines: 80..81, bytes: 3709..3751), hits: 0) err=Could not find anchor: No matching instruction in range source ID: 38, lines: 80..81, bytes: 3709..3751
2026-09-08T10:21:25.425102Z  WARN foundry_evm_coverage::anchors: could not find anchor item=Statement (location: (source ID: 38, lines: 80..81, bytes: 3709..3751), hits: 0) err=Could not find anchor: No matching instruction in range source ID: 38, lines: 80..81, bytes: 3709..3751
2026-09-08T10:21:25.425104Z  WARN foundry_evm_coverage::anchors: could not find anchor item=Line (location: (source ID: 38, lines: 81..82, bytes: 3761..3813), hits: 0) err=Could not find anchor: No matching instruction in range source ID: 38, lines: 81..82, bytes: 3761..3813
2026-09-08T10:21:25.425076Z  WARN foundry_evm_coverage::anchors: could not find anchor item=Line (location: (source ID: 39, lines: 73..74, bytes: 3228..3257), hits: 0) err=Could not find anchor: No matching instruction in range source ID: 39, lines: 73..74, bytes: 3228..3257
2026-09-08T10:21:25.425029Z  WARN foundry_evm_coverage::anchors: could not find anchor item=Line (location: (source ID: 41, lines: 91..92, bytes: 3671..3692), hits: 0) err=Could not find anchor: No matching instruction in range source ID: 41, lines: 91..92, bytes: 3671..3692
2026-09-08T10:21:25.425112Z  WARN foundry_evm_coverage::anchors: could not find anchor item=Statement (location: (source ID: 39, lines: 73..74, bytes: 3228..3257), hits: 0) err=Could not find anchor: No matching instruction in range source ID: 39, lines: 73..74, bytes: 3228..3257
2026-09-08T10:21:25.425097Z  WARN foundry_evm_coverage::anchors: could not find anchor item=Statement (location: (source ID: 40, lines: 144..145, bytes: 6038..6060), hits: 0) err=Could not find anchor: No matching instruction in range source ID: 40, lines: 144..145, bytes: 6038..6060
2026-09-08T10:21:25.425107Z  WARN foundry_evm_coverage::anchors: could not find anchor item=Statement (location: (source ID: 38, lines: 81..82, bytes: 3761..3813), hits: 0) err=Could not find anchor: No matching instruction in range source ID: 38, lines: 81..82, bytes: 3761..3813
2026-09-08T10:21:25.425120Z  WARN foundry_evm_coverage::anchors: could not find anchor item=Statement (location: (source ID: 40, lines: 144..145, bytes: 6062..6083), hits: 0) err=Could not find anchor: No matching instruction in range source ID: 40, lines: 144..145, bytes: 6062..6083
2026-09-08T10:21:25.425117Z  WARN foundry_evm_coverage::anchors: could not find anchor item=Line (location: (source ID: 39, lines: 74..75, bytes: 3271..3282), hits: 0) err=Could not find anchor: No matching instruction in range source ID: 39, lines: 74..75, bytes: 3271..3282
2026-09-08T10:21:25.425126Z  WARN foundry_evm_coverage::anchors: could not find anchor item=Branch (branch: 5, path: 0) (location: (source ID: 40, lines: 144..145, bytes: 6062..6083), hits: 0) err=Could not find anchor: No matching instruction in range source ID: 40, lines: 144..145, bytes: 6062..6083
2026-09-08T10:21:25.425122Z  WARN foundry_evm_coverage::anchors: could not find anchor item=Line (location: (source ID: 38, lines: 82..83, bytes: 3823..3901), hits: 0) err=Could not find anchor: No matching instruction in range source ID: 38, lines: 82..83, bytes: 3823..3901
2026-09-08T10:21:25.425134Z  WARN foundry_evm_coverage::anchors: could not find anchor item=Statement (location: (source ID: 38, lines: 82..83, bytes: 3823..3901), hits: 0) err=Could not find anchor: No matching instruction in range source ID: 38, lines: 82..83, bytes: 3823..3901
2026-09-08T10:21:25.425129Z  WARN foundry_evm_coverage::anchors: could not find anchor item=Statement (location: (source ID: 39, lines: 74..75, bytes: 3271..3282), hits: 0) err=Could not find anchor: No matching instruction in range source ID: 39, lines: 74..75, bytes: 3271..3282
2026-09-08T10:21:25.425138Z  WARN foundry_evm_coverage::anchors: could not find anchor item=Statement (location: (source ID: 39, lines: 74..75, bytes: 3271..3307), hits: 0) err=Could not find anchor: No matching instruction in range source ID: 39, lines: 74..75, bytes: 3271..3307
2026-09-08T10:21:25.425141Z  WARN foundry_evm_coverage::anchors: could not find anchor item=Statement (location: (source ID: 39, lines: 74..75, bytes: 3286..3307), hits: 0) err=Could not find anchor: No matching instruction in range source ID: 39, lines: 74..75, bytes: 3286..3307
2026-09-08T10:21:25.425132Z  WARN foundry_evm_coverage::anchors: could not find anchor item=Line (location: (source ID: 40, lines: 145..146, bytes: 6093..6124), hits: 0) err=Could not find anchor: No matching instruction in range source ID: 40, lines: 145..146, bytes: 6093..6124
2026-09-08T10:21:25.425114Z  WARN foundry_evm_coverage::anchors: could not find anchor item=Statement (location: (source ID: 41, lines: 91..92, bytes: 3671..3692), hits: 0) err=Could not find anchor: No matching instruction in range source ID: 41, lines: 91..92, bytes: 3671..3692
2026-09-08T10:21:25.425150Z  WARN foundry_evm_coverage::anchors: could not find anchor item=Line (location: (source ID: 41, lines: 93..94, bytes: 3703..3774), hits: 0) err=Could not find anchor: No matching instruction in range source ID: 41, lines: 93..94, bytes: 3703..3774
2026-09-08T10:21:25.425147Z  WARN foundry_evm_coverage::anchors: could not find anchor item=Statement (location: (source ID: 40, lines: 145..146, bytes: 6093..6124), hits: 0) err=Could not find anchor: No matching instruction in range source ID: 40, lines: 145..146, bytes: 6093..6124
2026-09-08T10:21:25.425155Z  WARN foundry_evm_coverage::anchors: could not find anchor item=Line (location: (source ID: 40, lines: 146..147, bytes: 6134..6157), hits: 0) err=Could not find anchor: No matching instruction in range source ID: 40, lines: 146..147, bytes: 6134..6157
2026-09-08T10:21:25.425151Z  WARN foundry_evm_coverage::anchors: could not find anchor item=Statement (location: (source ID: 41, lines: 93..94, bytes: 3703..3774), hits: 0) err=Could not find anchor: No matching instruction in range source ID: 41, lines: 93..94, bytes: 3703..3774
2026-09-08T10:21:25.425159Z  WARN foundry_evm_coverage::anchors: could not find anchor item=Line (location: (source ID: 41, lines: 94..95, bytes: 3784..3855), hits: 0) err=Could not find anchor: No matching instruction in range source ID: 41, lines: 94..95, bytes: 3784..3855
2026-09-08T10:21:25.425162Z  WARN foundry_evm_coverage::anchors: could not find anchor item=Statement (location: (source ID: 41, lines: 94..95, bytes: 3784..3855), hits: 0) err=Could not find anchor: No matching instruction in range source ID: 41, lines: 94..95, bytes: 3784..3855
2026-09-08T10:21:25.425163Z  WARN foundry_evm_coverage::anchors: could not find anchor item=Line (location: (source ID: 41, lines: 97..101, bytes: 3868..4100), hits: 0) err=Could not find anchor: No matching instruction in range source ID: 41, lines: 97..101, bytes: 3868..4100
2026-09-08T10:21:25.425166Z  WARN foundry_evm_coverage::anchors: could not find anchor item=Function "_isApproved" (location: (source ID: 41, lines: 97..101, bytes: 3868..4100), hits: 0) err=Could not find anchor: No matching instruction in range source ID: 41, lines: 97..101, bytes: 3868..4100
2026-09-08T10:21:25.425167Z  WARN foundry_evm_coverage::anchors: could not find anchor item=Line (location: (source ID: 41, lines: 98..99, bytes: 3967..4023), hits: 0) err=Could not find anchor: No matching instruction in range source ID: 41, lines: 98..99, bytes: 3967..4023
2026-09-08T10:21:25.425170Z  WARN foundry_evm_coverage::anchors: could not find anchor item=Statement (location: (source ID: 41, lines: 98..99, bytes: 3967..4023), hits: 0) err=Could not find anchor: No matching instruction in range source ID: 41, lines: 98..99, bytes: 3967..4023
2026-09-08T10:21:25.425143Z  WARN foundry_evm_coverage::anchors: could not find anchor item=Branch (branch: 5, path: 0) (location: (source ID: 39, lines: 74..77, bytes: 3309..3405), hits: 0) err=Could not find anchor: No matching instruction in range source ID: 39, lines: 74..77, bytes: 3309..3405
2026-09-08T10:21:25.425159Z  WARN foundry_evm_coverage::anchors: could not find anchor item=Statement (location: (source ID: 40, lines: 146..147, bytes: 6134..6157), hits: 0) err=Could not find anchor: No matching instruction in range source ID: 40, lines: 146..147, bytes: 6134..6157
2026-09-08T10:21:25.425181Z  WARN foundry_evm_coverage::anchors: could not find anchor item=Line (location: (source ID: 40, lines: 147..148, bytes: 6167..6199), hits: 0) err=Could not find anchor: No matching instruction in range source ID: 40, lines: 147..148, bytes: 6167..6199
2026-09-08T10:21:25.425184Z  WARN foundry_evm_coverage::anchors: could not find anchor item=Statement (location: (source ID: 40, lines: 147..148, bytes: 6167..6199), hits: 0) err=Could not find anchor: No matching instruction in range source ID: 40, lines: 147..148, bytes: 6167..6199
2026-09-08T10:21:25.425187Z  WARN foundry_evm_coverage::anchors: could not find anchor item=Line (location: (source ID: 40, lines: 148..149, bytes: 6209..6253), hits: 0) err=Could not find anchor: No matching instruction in range source ID: 40, lines: 148..149, bytes: 6209..6253
2026-09-08T10:21:25.425190Z  WARN foundry_evm_coverage::anchors: could not find anchor item=Statement (location: (source ID: 40, lines: 148..149, bytes: 6209..6253), hits: 0) err=Could not find anchor: No matching instruction in range source ID: 40, lines: 148..149, bytes: 6209..6253
2026-09-08T10:21:25.425192Z  WARN foundry_evm_coverage::anchors: could not find anchor item=Line (location: (source ID: 40, lines: 151..157, bytes: 6266..6512), hits: 0) err=Could not find anchor: No matching instruction in range source ID: 40, lines: 151..157, bytes: 6266..6512
2026-09-08T10:21:25.425195Z  WARN foundry_evm_coverage::anchors: could not find anchor item=Function "phase" (location: (source ID: 40, lines: 151..157, bytes: 6266..6512), hits: 0) err=Could not find anchor: No matching instruction in range source ID: 40, lines: 151..157, bytes: 6266..6512
2026-09-08T10:21:25.425198Z  WARN foundry_evm_coverage::anchors: could not find anchor item=Line (location: (source ID: 40, lines: 152..153, bytes: 6334..6354), hits: 0) err=Could not find anchor: No matching instruction in range source ID: 40, lines: 152..153, bytes: 6334..6354
2026-09-08T10:21:25.425201Z  WARN foundry_evm_coverage::anchors: could not find anchor item=Statement (location: (source ID: 40, lines: 152..153, bytes: 6334..6354), hits: 0) err=Could not find anchor: No matching instruction in range source ID: 40, lines: 152..153, bytes: 6334..6354
2026-09-08T10:21:25.425204Z  WARN foundry_evm_coverage::anchors: could not find anchor item=Branch (branch: 6, path: 0) (location: (source ID: 40, lines: 152..153, bytes: 6334..6354), hits: 0) err=Could not find anchor: No matching instruction in range source ID: 40, lines: 152..153, bytes: 6334..6354
2026-09-08T10:21:25.425207Z  WARN foundry_evm_coverage::anchors: could not find anchor item=Line (location: (source ID: 40, lines: 153..154, bytes: 6368..6395), hits: 0) err=Could not find anchor: No matching instruction in range source ID: 40, lines: 153..154, bytes: 6368..6395
2026-09-08T10:21:25.425210Z  WARN foundry_evm_coverage::anchors: could not find anchor item=Statement (location: (source ID: 40, lines: 153..154, bytes: 6368..6395), hits: 0) err=Could not find anchor: No matching instruction in range source ID: 40, lines: 153..154, bytes: 6368..6395
2026-09-08T10:21:25.425212Z  WARN foundry_evm_coverage::anchors: could not find anchor item=Statement (location: (source ID: 40, lines: 153..154, bytes: 6397..6419), hits: 0) err=Could not find anchor: No matching instruction in range source ID: 40, lines: 153..154, bytes: 6397..6419
2026-09-08T10:21:25.425215Z  WARN foundry_evm_coverage::anchors: could not find anchor item=Branch (branch: 7, path: 0) (location: (source ID: 40, lines: 153..154, bytes: 6397..6419), hits: 0) err=Could not find anchor: No matching instruction in range source ID: 40, lines: 153..154, bytes: 6397..6419
2026-09-08T10:21:25.425218Z  WARN foundry_evm_coverage::anchors: could not find anchor item=Line (location: (source ID: 40, lines: 154..155, bytes: 6433..6458), hits: 0) err=Could not find anchor: No matching instruction in range source ID: 40, lines: 154..155, bytes: 6433..6458
2026-09-08T10:21:25.425221Z  WARN foundry_evm_coverage::anchors: could not find anchor item=Statement (location: (source ID: 40, lines: 154..155, bytes: 6433..6458), hits: 0) err=Could not find anchor: No matching instruction in range source ID: 40, lines: 154..155, bytes: 6433..6458
2026-09-08T10:21:25.425224Z  WARN foundry_evm_coverage::anchors: could not find anchor item=Statement (location: (source ID: 40, lines: 154..155, bytes: 6460..6477), hits: 0) err=Could not find anchor: No matching instruction in range source ID: 40, lines: 154..155, bytes: 6460..6477
2026-09-08T10:21:25.425227Z  WARN foundry_evm_coverage::anchors: could not find anchor item=Branch (branch: 8, path: 0) (location: (source ID: 40, lines: 154..155, bytes: 6460..6477), hits: 0) err=Could not find anchor: No matching instruction in range source ID: 40, lines: 154..155, bytes: 6460..6477
2026-09-08T10:21:25.425229Z  WARN foundry_evm_coverage::anchors: could not find anchor item=Line (location: (source ID: 40, lines: 155..156, bytes: 6487..6505), hits: 0) err=Could not find anchor: No matching instruction in range source ID: 40, lines: 155..156, bytes: 6487..6505
2026-09-08T10:21:25.425232Z  WARN foundry_evm_coverage::anchors: could not find anchor item=Statement (location: (source ID: 40, lines: 155..156, bytes: 6487..6505), hits: 0) err=Could not find anchor: No matching instruction in range source ID: 40, lines: 155..156, bytes: 6487..6505
2026-09-08T10:21:25.425235Z  WARN foundry_evm_coverage::anchors: could not find anchor item=Line (location: (source ID: 40, lines: 160..165, bytes: 6708..6925), hits: 0) err=Could not find anchor: No matching instruction in range source ID: 40, lines: 160..165, bytes: 6708..6925
2026-09-08T10:21:25.425238Z  WARN foundry_evm_coverage::anchors: could not find anchor item=Function "minimumBid" (location: (source ID: 40, lines: 160..165, bytes: 6708..6925), hits: 0) err=Could not find anchor: No matching instruction in range source ID: 40, lines: 160..165, bytes: 6708..6925
2026-09-08T10:21:25.425241Z  WARN foundry_evm_coverage::anchors: could not find anchor item=Line (location: (source ID: 40, lines: 161..162, bytes: 6774..6794), hits: 0) err=Could not find anchor: No matching instruction in range source ID: 40, lines: 161..162, bytes: 6774..6794
2026-09-08T10:21:25.425243Z  WARN foundry_evm_coverage::anchors: could not find anchor item=Statement (location: (source ID: 40, lines: 161..162, bytes: 6774..6794), hits: 0) err=Could not find anchor: No matching instruction in range source ID: 40, lines: 161..162, bytes: 6774..6794
2026-09-08T10:21:25.425246Z  WARN foundry_evm_coverage::anchors: could not find anchor item=Statement (location: (source ID: 40, lines: 161..162, bytes: 6796..6815), hits: 0) err=Could not find anchor: No matching instruction in range source ID: 40, lines: 161..162, bytes: 6796..6815
2026-09-08T10:21:25.425249Z  WARN foundry_evm_coverage::anchors: could not find anchor item=Branch (branch: 9, path: 0) (location: (source ID: 40, lines: 161..162, bytes: 6796..6815), hits: 0) err=Could not find anchor: No matching instruction in range source ID: 40, lines: 161..162, bytes: 6796..6815
2026-09-08T10:21:25.425252Z  WARN foundry_evm_coverage::anchors: could not find anchor item=Line (location: (source ID: 40, lines: 162..163, bytes: 6825..6858), hits: 0) err=Could not find anchor: No matching instruction in range source ID: 40, lines: 162..163, bytes: 6825..6858
2026-09-08T10:21:25.425176Z  WARN foundry_evm_coverage::anchors: could not find anchor item=Line (location: (source ID: 39, lines: 75..76, bytes: 3323..3394), hits: 0) err=Could not find anchor: No matching instruction in range source ID: 39, lines: 75..76, bytes: 3323..3394
2026-09-08T10:21:25.425259Z  WARN foundry_evm_coverage::anchors: could not find anchor item=Statement (location: (source ID: 39, lines: 75..76, bytes: 3323..3394), hits: 0) err=Could not find anchor: No matching instruction in range source ID: 39, lines: 75..76, bytes: 3323..3394
2026-09-08T10:21:25.425172Z  WARN foundry_evm_coverage::anchors: could not find anchor item=Statement (location: (source ID: 41, lines: 98..100, bytes: 3960..4093), hits: 0) err=Could not find anchor: No matching instruction in range source ID: 41, lines: 98..100, bytes: 3960..4093
2026-09-08T10:21:25.425262Z  WARN foundry_evm_coverage::anchors: could not find anchor item=Line (location: (source ID: 39, lines: 79..82, bytes: 3417..3622), hits: 0) err=Could not find anchor: No matching instruction in range source ID: 39, lines: 79..82, bytes: 3417..3622
2026-09-08T10:21:25.425266Z  WARN foundry_evm_coverage::anchors: could not find anchor item=Function "supportsInterface" (location: (source ID: 39, lines: 79..82, bytes: 3417..3622), hits: 0) err=Could not find anchor: No matching instruction in range source ID: 39, lines: 79..82, bytes: 3417..3622
2026-09-08T10:21:25.425270Z  WARN foundry_evm_coverage::anchors: could not find anchor item=Line (location: (source ID: 39, lines: 80..81, bytes: 3527..3615), hits: 0) err=Could not find anchor: No matching instruction in range source ID: 39, lines: 80..81, bytes: 3527..3615
2026-09-08T10:21:25.425273Z  WARN foundry_evm_coverage::anchors: could not find anchor item=Statement (location: (source ID: 39, lines: 80..81, bytes: 3527..3615), hits: 0) err=Could not find anchor: No matching instruction in range source ID: 39, lines: 80..81, bytes: 3527..3615
2026-09-08T10:21:25.425276Z  WARN foundry_evm_coverage::anchors: could not find anchor item=Statement (location: (source ID: 39, lines: 80..81, bytes: 3534..3575), hits: 0) err=Could not find anchor: No matching instruction in range source ID: 39, lines: 80..81, bytes: 3534..3575
2026-09-08T10:21:25.425278Z  WARN foundry_evm_coverage::anchors: could not find anchor item=Statement (location: (source ID: 39, lines: 80..81, bytes: 3534..3615), hits: 0) err=Could not find anchor: No matching instruction in range source ID: 39, lines: 80..81, bytes: 3534..3615
2026-09-08T10:21:25.425281Z  WARN foundry_evm_coverage::anchors: could not find anchor item=Statement (location: (source ID: 39, lines: 80..81, bytes: 3579..3615), hits: 0) err=Could not find anchor: No matching instruction in range source ID: 39, lines: 80..81, bytes: 3579..3615
2026-09-08T10:21:25.425284Z  WARN foundry_evm_coverage::anchors: could not find anchor item=Line (location: (source ID: 39, lines: 83..87, bytes: 3628..3827), hits: 0) err=Could not find anchor: No matching instruction in range source ID: 39, lines: 83..87, bytes: 3628..3827
2026-09-08T10:21:25.425287Z  WARN foundry_evm_coverage::anchors: could not find anchor item=Function "approve" (location: (source ID: 39, lines: 83..87, bytes: 3628..3827), hits: 0) err=Could not find anchor: No matching instruction in range source ID: 39, lines: 83..87, bytes: 3628..3827
2026-09-08T10:21:25.425290Z  WARN foundry_evm_coverage::anchors: could not find anchor item=Line (location: (source ID: 39, lines: 84..85, bytes: 3704..3720), hits: 0) err=Could not find anchor: No matching instruction in range source ID: 39, lines: 84..85, bytes: 3704..3720
2026-09-08T10:21:25.425292Z  WARN foundry_evm_coverage::anchors: could not find anchor item=Statement (location: (source ID: 39, lines: 84..85, bytes: 3704..3720), hits: 0) err=Could not find anchor: No matching instruction in range source ID: 39, lines: 84..85, bytes: 3704..3720
2026-09-08T10:21:25.425297Z  WARN foundry_evm_coverage::anchors: could not find anchor item=Statement (location: (source ID: 39, lines: 84..85, bytes: 3704..3750), hits: 0) err=Could not find anchor: No matching instruction in range source ID: 39, lines: 84..85, bytes: 3704..3750
2026-09-08T10:21:25.425300Z  WARN foundry_evm_coverage::anchors: could not find anchor item=Statement (location: (source ID: 39, lines: 84..85, bytes: 3724..3750), hits: 0) err=Could not find anchor: No matching instruction in range source ID: 39, lines: 84..85, bytes: 3724..3750
2026-09-08T10:21:25.425255Z  WARN foundry_evm_coverage::anchors: could not find anchor item=Statement (location: (source ID: 40, lines: 162..163, bytes: 6825..6858), hits: 0) err=Could not find anchor: No matching instruction in range source ID: 40, lines: 162..163, bytes: 6825..6858
2026-09-08T10:21:25.425263Z  WARN foundry_evm_coverage::anchors: could not find anchor item=Statement (location: (source ID: 41, lines: 98..100, bytes: 3967..4093), hits: 0) err=Could not find anchor: No matching instruction in range source ID: 41, lines: 98..100, bytes: 3967..4093
2026-09-08T10:21:25.425308Z  WARN foundry_evm_coverage::anchors: could not find anchor item=Line (location: (source ID: 40, lines: 163..164, bytes: 6868..6918), hits: 0) err=Could not find anchor: No matching instruction in range source ID: 40, lines: 163..164, bytes: 6868..6918
2026-09-08T10:21:25.425304Z  WARN foundry_evm_coverage::anchors: could not find anchor item=Statement (location: (source ID: 39, lines: 84..85, bytes: 3752..3784), hits: 0) err=Could not find anchor: No matching instruction in range source ID: 39, lines: 84..85, bytes: 3752..3784
2026-09-08T10:21:25.425312Z  WARN foundry_evm_coverage::anchors: could not find anchor item=Statement (location: (source ID: 40, lines: 163..164, bytes: 6868..6918), hits: 0) err=Could not find anchor: No matching instruction in range source ID: 40, lines: 163..164, bytes: 6868..6918
2026-09-08T10:21:25.425308Z  WARN foundry_evm_coverage::anchors: could not find anchor item=Line (location: (source ID: 41, lines: 99..100, bytes: 4039..4076), hits: 0) err=Could not find anchor: No matching instruction in range source ID: 41, lines: 99..100, bytes: 4039..4076
2026-09-08T10:21:25.425317Z  WARN foundry_evm_coverage::anchors: could not find anchor item=Statement (location: (source ID: 40, lines: 163..164, bytes: 6875..6918), hits: 0) err=Could not find anchor: No matching instruction in range source ID: 40, lines: 163..164, bytes: 6875..6918
2026-09-08T10:21:25.425321Z  WARN foundry_evm_coverage::anchors: could not find anchor item=Statement (location: (source ID: 40, lines: 163..164, bytes: 6883..6918), hits: 0) err=Could not find anchor: No matching instruction in range source ID: 40, lines: 163..164, bytes: 6883..6918
2026-09-08T10:21:25.425324Z  WARN foundry_evm_coverage::anchors: could not find anchor item=Line (location: (source ID: 40, lines: 166..170, bytes: 6931..7122), hits: 0) err=Could not find anchor: No matching instruction in range source ID: 40, lines: 166..170, bytes: 6931..7122
2026-09-08T10:21:25.425313Z  WARN foundry_evm_coverage::anchors: could not find anchor item=Branch (branch: 6, path: 0) (location: (source ID: 39, lines: 84..85, bytes: 3752..3784), hits: 0) err=Could not find anchor: No matching instruction in range source ID: 39, lines: 84..85, bytes: 3752..3784
2026-09-08T10:21:25.425330Z  WARN foundry_evm_coverage::anchors: could not find anchor item=Line (location: (source ID: 39, lines: 85..86, bytes: 3794..3820), hits: 0) err=Could not find anchor: No matching instruction in range source ID: 39, lines: 85..86, bytes: 3794..3820
2026-09-08T10:21:25.425332Z  WARN foundry_evm_coverage::anchors: could not find anchor item=Statement (location: (source ID: 39, lines: 85..86, bytes: 3794..3820), hits: 0) err=Could not find anchor: No matching instruction in range source ID: 39, lines: 85..86, bytes: 3794..3820
2026-09-08T10:21:25.425335Z  WARN foundry_evm_coverage::anchors: could not find anchor item=Line (location: (source ID: 39, lines: 88..92, bytes: 3833..4061), hits: 0) err=Could not find anchor: No matching instruction in range source ID: 39, lines: 88..92, bytes: 3833..4061
2026-09-08T10:21:25.425338Z  WARN foundry_evm_coverage::anchors: could not find anchor item=Function "setApprovalForAll" (location: (source ID: 39, lines: 88..92, bytes: 3833..4061), hits: 0) err=Could not find anchor: No matching instruction in range source ID: 39, lines: 88..92, bytes: 3833..4061
2026-09-08T10:21:25.425340Z  WARN foundry_evm_coverage::anchors: could not find anchor item=Line (location: (source ID: 39, lines: 89..90, bytes: 3923..3967), hits: 0) err=Could not find anchor: No matching instruction in range source ID: 39, lines: 89..90, bytes: 3923..3967
2026-09-08T10:21:25.425343Z  WARN foundry_evm_coverage::anchors: could not find anchor item=Statement (location: (source ID: 39, lines: 89..90, bytes: 3923..3967), hits: 0) err=Could not find anchor: No matching instruction in range source ID: 39, lines: 89..90, bytes: 3923..3967
2026-09-08T10:21:25.425317Z  WARN foundry_evm_coverage::anchors: could not find anchor item=Statement (location: (source ID: 41, lines: 99..100, bytes: 4039..4076), hits: 0) err=Could not find anchor: No matching instruction in range source ID: 41, lines: 99..100, bytes: 4039..4076
2026-09-08T10:21:25.425348Z  WARN foundry_evm_coverage::anchors: could not find anchor item=Statement (location: (source ID: 41, lines: 99..100, bytes: 4039..4093), hits: 0) err=Could not find anchor: No matching instruction in range source ID: 41, lines: 99..100, bytes: 4039..4093
2026-09-08T10:21:25.425345Z  WARN foundry_evm_coverage::anchors: could not find anchor item=Statement (location: (source ID: 39, lines: 89..90, bytes: 3935..3967), hits: 0) err=Could not find anchor: No matching instruction in range source ID: 39, lines: 89..90, bytes: 3935..3967
2026-09-08T10:21:25.425354Z  WARN foundry_evm_coverage::anchors: could not find anchor item=Statement (location: (source ID: 39, lines: 89..90, bytes: 3969..4001), hits: 0) err=Could not find anchor: No matching instruction in range source ID: 39, lines: 89..90, bytes: 3969..4001
2026-09-08T10:21:25.425357Z  WARN foundry_evm_coverage::anchors: could not find anchor item=Branch (branch: 7, path: 0) (location: (source ID: 39, lines: 89..90, bytes: 3969..4001), hits: 0) err=Could not find anchor: No matching instruction in range source ID: 39, lines: 89..90, bytes: 3969..4001
2026-09-08T10:21:25.425360Z  WARN foundry_evm_coverage::anchors: could not find anchor item=Line (location: (source ID: 39, lines: 90..91, bytes: 4011..4054), hits: 0) err=Could not find anchor: No matching instruction in range source ID: 39, lines: 90..91, bytes: 4011..4054
2026-09-08T10:21:25.425350Z  WARN foundry_evm_coverage::anchors: could not find anchor item=Line (location: (source ID: 41, lines: 103..113, bytes: 4208..4705), hits: 0) err=Could not find anchor: No matching instruction in range source ID: 41, lines: 103..113, bytes: 4208..4705
2026-09-08T10:21:25.425368Z  WARN foundry_evm_coverage::anchors: could not find anchor item=Function "withdraw" (location: (source ID: 41, lines: 103..113, bytes: 4208..4705), hits: 0) err=Could not find anchor: No matching instruction in range source ID: 41, lines: 103..113, bytes: 4208..4705
2026-09-08T10:21:25.425369Z  WARN foundry_evm_coverage::anchors: could not find anchor item=Line (location: (source ID: 41, lines: 104..105, bytes: 4289..4312), hits: 0) err=Could not find anchor: No matching instruction in range source ID: 41, lines: 104..105, bytes: 4289..4312
2026-09-08T10:21:25.425371Z  WARN foundry_evm_coverage::anchors: could not find anchor item=Statement (location: (source ID: 41, lines: 104..105, bytes: 4289..4312), hits: 0) err=Could not find anchor: No matching instruction in range source ID: 41, lines: 104..105, bytes: 4289..4312
2026-09-08T10:21:25.425373Z  WARN foundry_evm_coverage::anchors: could not find anchor item=Statement (location: (source ID: 41, lines: 104..105, bytes: 4289..4342), hits: 0) err=Could not find anchor: No matching instruction in range source ID: 41, lines: 104..105, bytes: 4289..4342
2026-09-08T10:21:25.425375Z  WARN foundry_evm_coverage::anchors: could not find anchor item=Statement (location: (source ID: 41, lines: 104..105, bytes: 4316..4342), hits: 0) err=Could not find anchor: No matching instruction in range source ID: 41, lines: 104..105, bytes: 4316..4342
2026-09-08T10:21:25.425378Z  WARN foundry_evm_coverage::anchors: could not find anchor item=Statement (location: (source ID: 41, lines: 104..105, bytes: 4344..4369), hits: 0) err=Could not find anchor: No matching instruction in range source ID: 41, lines: 104..105, bytes: 4344..4369
2026-09-08T10:21:25.425381Z  WARN foundry_evm_coverage::anchors: could not find anchor item=Branch (branch: 11, path: 0) (location: (source ID: 41, lines: 104..105, bytes: 4344..4369), hits: 0) err=Could not find anchor: No matching instruction in range source ID: 41, lines: 104..105, bytes: 4344..4369
2026-09-08T10:21:25.425383Z  WARN foundry_evm_coverage::anchors: could not find anchor item=Line (location: (source ID: 41, lines: 105..106, bytes: 4379..4415), hits: 0) err=Could not find anchor: No matching instruction in range source ID: 41, lines: 105..106, bytes: 4379..4415
2026-09-08T10:21:25.425385Z  WARN foundry_evm_coverage::anchors: could not find anchor item=Statement (location: (source ID: 41, lines: 105..106, bytes: 4379..4415), hits: 0) err=Could not find anchor: No matching instruction in range source ID: 41, lines: 105..106, bytes: 4379..4415
2026-09-08T10:21:25.425377Z  WARN foundry_evm_coverage::anchors: could not find anchor item=Statement (location: (source ID: 39, lines: 90..91, bytes: 4011..4054), hits: 0) err=Could not find anchor: No matching instruction in range source ID: 39, lines: 90..91, bytes: 4011..4054
2026-09-08T10:21:25.425394Z  WARN foundry_evm_coverage::anchors: could not find anchor item=Line (location: (source ID: 39, lines: 93..99, bytes: 4067..4423), hits: 0) err=Could not find anchor: No matching instruction in range source ID: 39, lines: 93..99, bytes: 4067..4423
2026-09-08T10:21:25.425326Z  WARN foundry_evm_coverage::anchors: could not find anchor item=Function "minimumIncrease" (location: (source ID: 40, lines: 166..170, bytes: 6931..7122), hits: 0) err=Could not find anchor: No matching instruction in range source ID: 40, lines: 166..170, bytes: 6931..7122
2026-09-08T10:21:25.425404Z  WARN foundry_evm_coverage::anchors: could not find anchor item=Line (location: (source ID: 40, lines: 167..168, bytes: 7014..7030), hits: 0) err=Could not find anchor: No matching instruction in range source ID: 40, lines: 167..168, bytes: 7014..7030
2026-09-08T10:21:25.425407Z  WARN foundry_evm_coverage::anchors: could not find anchor item=Statement (location: (source ID: 40, lines: 167..168, bytes: 7014..7030), hits: 0) err=Could not find anchor: No matching instruction in range source ID: 40, lines: 167..168, bytes: 7014..7030
2026-09-08T10:21:25.425399Z  WARN foundry_evm_coverage::anchors: could not find anchor item=Function "_update" (location: (source ID: 39, lines: 93..99, bytes: 4067..4423), hits: 0) err=Could not find anchor: No matching instruction in range source ID: 39, lines: 93..99, bytes: 4067..4423
2026-09-08T10:21:25.425415Z  WARN foundry_evm_coverage::anchors: could not find anchor item=Line (location: (source ID: 39, lines: 94..95, bytes: 4177..4194), hits: 0) err=Could not find anchor: No matching instruction in range source ID: 39, lines: 94..95, bytes: 4177..4194
2026-09-08T10:21:25.425410Z  WARN foundry_evm_coverage::anchors: could not find anchor item=Statement (location: (source ID: 40, lines: 167..168, bytes: 7032..7051), hits: 0) err=Could not find anchor: No matching instruction in range source ID: 40, lines: 167..168, bytes: 7032..7051
2026-09-08T10:21:25.425424Z  WARN foundry_evm_coverage::anchors: could not find anchor item=Branch (branch: 10, path: 0) (location: (source ID: 40, lines: 167..168, bytes: 7032..7051), hits: 0) err=Could not find anchor: No matching instruction in range source ID: 40, lines: 167..168, bytes: 7032..7051
2026-09-08T10:21:25.425427Z  WARN foundry_evm_coverage::anchors: could not find anchor item=Line (location: (source ID: 40, lines: 168..169, bytes: 7061..7115), hits: 0) err=Could not find anchor: No matching instruction in range source ID: 40, lines: 168..169, bytes: 7061..7115
2026-09-08T10:21:25.425388Z  WARN foundry_evm_coverage::anchors: could not find anchor item=Line (location: (source ID: 41, lines: 106..107, bytes: 4429..4440), hits: 0) err=Could not find anchor: No matching instruction in range source ID: 41, lines: 106..107, bytes: 4429..4440
2026-09-08T10:21:25.425435Z  WARN foundry_evm_coverage::anchors: could not find anchor item=Statement (location: (source ID: 41, lines: 106..107, bytes: 4429..4440), hits: 0) err=Could not find anchor: No matching instruction in range source ID: 41, lines: 106..107, bytes: 4429..4440
2026-09-08T10:21:25.425438Z  WARN foundry_evm_coverage::anchors: could not find anchor item=Statement (location: (source ID: 41, lines: 106..107, bytes: 4442..4468), hits: 0) err=Could not find anchor: No matching instruction in range source ID: 41, lines: 106..107, bytes: 4442..4468
2026-09-08T10:21:25.425441Z  WARN foundry_evm_coverage::anchors: could not find anchor item=Branch (branch: 12, path: 0) (location: (source ID: 41, lines: 106..107, bytes: 4442..4468), hits: 0) err=Could not find anchor: No matching instruction in range source ID: 41, lines: 106..107, bytes: 4442..4468
2026-09-08T10:21:25.425444Z  WARN foundry_evm_coverage::anchors: could not find anchor item=Line (location: (source ID: 41, lines: 107..108, bytes: 4478..4501), hits: 0) err=Could not find anchor: No matching instruction in range source ID: 41, lines: 107..108, bytes: 4478..4501
2026-09-08T10:21:25.425419Z  WARN foundry_evm_coverage::anchors: could not find anchor item=Statement (location: (source ID: 39, lines: 94..95, bytes: 4177..4194), hits: 0) err=Could not find anchor: No matching instruction in range source ID: 39, lines: 94..95, bytes: 4177..4194
2026-09-08T10:21:25.425451Z  WARN foundry_evm_coverage::anchors: could not find anchor item=Statement (location: (source ID: 39, lines: 94..95, bytes: 4177..4208), hits: 0) err=Could not find anchor: No matching instruction in range source ID: 39, lines: 94..95, bytes: 4177..4208
2026-09-08T10:21:25.425447Z  WARN foundry_evm_coverage::anchors: could not find anchor item=Statement (location: (source ID: 41, lines: 107..108, bytes: 4478..4501), hits: 0) err=Could not find anchor: No matching instruction in range source ID: 41, lines: 107..108, bytes: 4478..4501
2026-09-08T10:21:25.425431Z  WARN foundry_evm_coverage::anchors: could not find anchor item=Statement (location: (source ID: 40, lines: 168..169, bytes: 7061..7115), hits: 0) err=Could not find anchor: No matching instruction in range source ID: 40, lines: 168..169, bytes: 7061..7115
2026-09-08T10:21:25.425460Z  WARN foundry_evm_coverage::anchors: could not find anchor item=Statement (location: (source ID: 40, lines: 168..169, bytes: 7068..7115), hits: 0) err=Could not find anchor: No matching instruction in range source ID: 40, lines: 168..169, bytes: 7068..7115
2026-09-08T10:21:25.425457Z  WARN foundry_evm_coverage::anchors: could not find anchor item=Line (location: (source ID: 41, lines: 108..109, bytes: 4511..4533), hits: 0) err=Could not find anchor: No matching instruction in range source ID: 41, lines: 108..109, bytes: 4511..4533
2026-09-08T10:21:25.425465Z  WARN foundry_evm_coverage::anchors: could not find anchor item=Statement (location: (source ID: 41, lines: 108..109, bytes: 4511..4533), hits: 0) err=Could not find anchor: No matching instruction in range source ID: 41, lines: 108..109, bytes: 4511..4533
2026-09-08T10:21:25.425462Z  WARN foundry_evm_coverage::anchors: could not find anchor item=Line (location: (source ID: 40, lines: 171..194, bytes: 7128..8067), hits: 0) err=Could not find anchor: No matching instruction in range source ID: 40, lines: 171..194, bytes: 7128..8067
2026-09-08T10:21:25.425472Z  WARN foundry_evm_coverage::anchors: could not find anchor item=Function "createBid" (location: (source ID: 40, lines: 171..194, bytes: 7128..8067), hits: 0) err=Could not find anchor: No matching instruction in range source ID: 40, lines: 171..194, bytes: 7128..8067
2026-09-08T10:21:25.425475Z  WARN foundry_evm_coverage::anchors: could not find anchor item=Line (location: (source ID: 40, lines: 172..173, bytes: 7210..7224), hits: 0) err=Could not find anchor: No matching instruction in range source ID: 40, lines: 172..173, bytes: 7210..7224
2026-09-08T10:21:25.425454Z  WARN foundry_evm_coverage::anchors: could not find anchor item=Statement (location: (source ID: 39, lines: 94..95, bytes: 4177..4246), hits: 0) err=Could not find anchor: No matching instruction in range source ID: 39, lines: 94..95, bytes: 4177..4246
2026-09-08T10:21:25.425477Z  WARN foundry_evm_coverage::anchors: could not find anchor item=Statement (location: (source ID: 40, lines: 172..173, bytes: 7210..7224), hits: 0) err=Could not find anchor: No matching instruction in range source ID: 40, lines: 172..173, bytes: 7210..7224
2026-09-08T10:21:25.425468Z  WARN foundry_evm_coverage::anchors: could not find anchor item=Line (location: (source ID: 41, lines: 109..110, bytes: 4543..4596), hits: 0) err=Could not find anchor: No matching instruction in range source ID: 41, lines: 109..110, bytes: 4543..4596
2026-09-08T10:21:25.425490Z  WARN foundry_evm_coverage::anchors: could not find anchor item=Statement (location: (source ID: 41, lines: 109..110, bytes: 4543..4596), hits: 0) err=Could not find anchor: No matching instruction in range source ID: 41, lines: 109..110, bytes: 4543..4596
2026-09-08T10:21:25.425493Z  WARN foundry_evm_coverage::anchors: could not find anchor item=Statement (location: (source ID: 41, lines: 109..110, bytes: 4561..4596), hits: 0) err=Could not find anchor: No matching instruction in range source ID: 41, lines: 109..110, bytes: 4561..4596
2026-09-08T10:21:25.425496Z  WARN foundry_evm_coverage::anchors: could not find anchor item=Line (location: (source ID: 41, lines: 110..111, bytes: 4610..4618), hits: 0) err=Could not find anchor: No matching instruction in range source ID: 41, lines: 110..111, bytes: 4610..4618
2026-09-08T10:21:25.425499Z  WARN foundry_evm_coverage::anchors: could not find anchor item=Statement (location: (source ID: 41, lines: 110..111, bytes: 4610..4618), hits: 0) err=Could not find anchor: No matching instruction in range source ID: 41, lines: 110..111, bytes: 4610..4618
2026-09-08T10:21:25.425501Z  WARN foundry_evm_coverage::anchors: could not find anchor item=Statement (location: (source ID: 41, lines: 110..111, bytes: 4620..4643), hits: 0) err=Could not find anchor: No matching instruction in range source ID: 41, lines: 110..111, bytes: 4620..4643
2026-09-08T10:21:25.425504Z  WARN foundry_evm_coverage::anchors: could not find anchor item=Branch (branch: 13, path: 0) (location: (source ID: 41, lines: 110..111, bytes: 4620..4643), hits: 0) err=Could not find anchor: No matching instruction in range source ID: 41, lines: 110..111, bytes: 4620..4643
2026-09-08T10:21:25.425506Z  WARN foundry_evm_coverage::anchors: could not find anchor item=Line (location: (source ID: 41, lines: 111..112, bytes: 4653..4698), hits: 0) err=Could not find anchor: No matching instruction in range source ID: 41, lines: 111..112, bytes: 4653..4698
2026-09-08T10:21:25.425509Z  WARN foundry_evm_coverage::anchors: could not find anchor item=Statement (location: (source ID: 41, lines: 111..112, bytes: 4653..4698), hits: 0) err=Could not find anchor: No matching instruction in range source ID: 41, lines: 111..112, bytes: 4653..4698
2026-09-08T10:21:25.425511Z  WARN foundry_evm_coverage::anchors: could not find anchor item=Line (location: (source ID: 41, lines: 115..127, bytes: 4805..5439), hits: 0) err=Could not find anchor: No matching instruction in range source ID: 41, lines: 115..127, bytes: 4805..5439
2026-09-08T10:21:25.425514Z  WARN foundry_evm_coverage::anchors: could not find anchor item=Function "withdrawRoyalties" (location: (source ID: 41, lines: 115..127, bytes: 4805..5439), hits: 0) err=Could not find anchor: No matching instruction in range source ID: 41, lines: 115..127, bytes: 4805..5439
2026-09-08T10:21:25.425516Z  WARN foundry_evm_coverage::anchors: could not find anchor item=Line (location: (source ID: 41, lines: 116..117, bytes: 4891..4946), hits: 0) err=Could not find anchor: No matching instruction in range source ID: 41, lines: 116..117, bytes: 4891..4946
2026-09-08T10:21:25.425519Z  WARN foundry_evm_coverage::anchors: could not find anchor item=Statement (location: (source ID: 41, lines: 116..117, bytes: 4891..4946), hits: 0) err=Could not find anchor: No matching instruction in range source ID: 41, lines: 116..117, bytes: 4891..4946
2026-09-08T10:21:25.425521Z  WARN foundry_evm_coverage::anchors: could not find anchor item=Statement (location: (source ID: 41, lines: 116..117, bytes: 4911..4946), hits: 0) err=Could not find anchor: No matching instruction in range source ID: 41, lines: 116..117, bytes: 4911..4946
2026-09-08T10:21:25.425524Z  WARN foundry_evm_coverage::anchors: could not find anchor item=Line (location: (source ID: 41, lines: 117..118, bytes: 4960..4980), hits: 0) err=Could not find anchor: No matching instruction in range source ID: 41, lines: 117..118, bytes: 4960..4980
2026-09-08T10:21:25.425526Z  WARN foundry_evm_coverage::anchors: could not find anchor item=Statement (location: (source ID: 41, lines: 117..118, bytes: 4960..4980), hits: 0) err=Could not find anchor: No matching instruction in range source ID: 41, lines: 117..118, bytes: 4960..4980
2026-09-08T10:21:25.425529Z  WARN foundry_evm_coverage::anchors: could not find anchor item=Statement (location: (source ID: 41, lines: 117..118, bytes: 4982..5006), hits: 0) err=Could not find anchor: No matching instruction in range source ID: 41, lines: 117..118, bytes: 4982..5006
2026-09-08T10:21:25.425531Z  WARN foundry_evm_coverage::anchors: could not find anchor item=Branch (branch: 14, path: 0) (location: (source ID: 41, lines: 117..118, bytes: 4982..5006), hits: 0) err=Could not find anchor: No matching instruction in range source ID: 41, lines: 117..118, bytes: 4982..5006
2026-09-08T10:21:25.425534Z  WARN foundry_evm_coverage::anchors: could not find anchor item=Line (location: (source ID: 41, lines: 118..119, bytes: 5020..5043), hits: 0) err=Could not find anchor: No matching instruction in range source ID: 41, lines: 118..119, bytes: 5020..5043
2026-09-08T10:21:25.425536Z  WARN foundry_evm_coverage::anchors: could not find anchor item=Statement (location: (source ID: 41, lines: 118..119, bytes: 5020..5043), hits: 0) err=Could not find anchor: No matching instruction in range source ID: 41, lines: 118..119, bytes: 5020..5043
2026-09-08T10:21:25.425539Z  WARN foundry_evm_coverage::anchors: could not find anchor item=Statement (location: (source ID: 41, lines: 118..119, bytes: 5020..5073), hits: 0) err=Could not find anchor: No matching instruction in range source ID: 41, lines: 118..119, bytes: 5020..5073
2026-09-08T10:21:25.425544Z  WARN foundry_evm_coverage::anchors: could not find anchor item=Statement (location: (source ID: 41, lines: 118..119, bytes: 5047..5073), hits: 0) err=Could not find anchor: No matching instruction in range source ID: 41, lines: 118..119, bytes: 5047..5073
2026-09-08T10:21:25.425545Z  WARN foundry_evm_coverage::anchors: could not find anchor item=Statement (location: (source ID: 41, lines: 118..119, bytes: 5075..5100), hits: 0) err=Could not find anchor: No matching instruction in range source ID: 41, lines: 118..119, bytes: 5075..5100
2026-09-08T10:21:25.425487Z  WARN foundry_evm_coverage::anchors: could not find anchor item=Line (location: (source ID: 40, lines: 173..174, bytes: 7238..7257), hits: 0) err=Could not find anchor: No matching instruction in range source ID: 40, lines: 173..174, bytes: 7238..7257
2026-09-08T10:21:25.425576Z  WARN foundry_evm_coverage::anchors: could not find anchor item=Statement (location: (source ID: 40, lines: 173..174, bytes: 7238..7257), hits: 0) err=Could not find anchor: No matching instruction in range source ID: 40, lines: 173..174, bytes: 7238..7257
2026-09-08T10:21:25.425482Z  WARN foundry_evm_coverage::anchors: could not find anchor item=Statement (location: (source ID: 39, lines: 94..95, bytes: 4212..4246), hits: 0) err=Could not find anchor: No matching instruction in range source ID: 39, lines: 94..95, bytes: 4212..4246
2026-09-08T10:21:25.425559Z  WARN foundry_evm_coverage::anchors: could not find anchor item=Branch (branch: 15, path: 0) (location: (source ID: 41, lines: 118..119, bytes: 5075..5100), hits: 0) err=Could not find anchor: No matching instruction in range source ID: 41, lines: 118..119, bytes: 5075..5100
2026-09-08T10:21:25.425619Z  WARN foundry_evm_coverage::anchors: could not find anchor item=Line (location: (source ID: 41, lines: 119..120, bytes: 5110..5143), hits: 0) err=Could not find anchor: No matching instruction in range source ID: 41, lines: 119..120, bytes: 5110..5143
2026-09-08T10:21:25.425636Z  WARN foundry_evm_coverage::anchors: could not find anchor item=Statement (location: (source ID: 41, lines: 119..120, bytes: 5110..5143), hits: 0) err=Could not find anchor: No matching instruction in range source ID: 41, lines: 119..120, bytes: 5110..5143
2026-09-08T10:21:25.425642Z  WARN foundry_evm_coverage::anchors: could not find anchor item=Line (location: (source ID: 41, lines: 120..121, bytes: 5157..5168), hits: 0) err=Could not find anchor: No matching instruction in range source ID: 41, lines: 120..121, bytes: 5157..5168
2026-09-08T10:21:25.425644Z  WARN foundry_evm_coverage::anchors: could not find anchor item=Statement (location: (source ID: 41, lines: 120..121, bytes: 5157..5168), hits: 0) err=Could not find anchor: No matching instruction in range source ID: 41, lines: 120..121, bytes: 5157..5168
2026-09-08T10:21:25.425649Z  WARN foundry_evm_coverage::anchors: could not find anchor item=Statement (location: (source ID: 41, lines: 120..121, bytes: 5170..5196), hits: 0) err=Could not find anchor: No matching instruction in range source ID: 41, lines: 120..121, bytes: 5170..5196
2026-09-08T10:21:25.425651Z  WARN foundry_evm_coverage::anchors: could not find anchor item=Branch (branch: 16, path: 0) (location: (source ID: 41, lines: 120..121, bytes: 5170..5196), hits: 0) err=Could not find anchor: No matching instruction in range source ID: 41, lines: 120..121, bytes: 5170..5196
2026-09-08T10:21:25.425653Z  WARN foundry_evm_coverage::anchors: could not find anchor item=Line (location: (source ID: 41, lines: 121..122, bytes: 5206..5226), hits: 0) err=Could not find anchor: No matching instruction in range source ID: 41, lines: 121..122, bytes: 5206..5226
2026-09-08T10:21:25.425655Z  WARN foundry_evm_coverage::anchors: could not find anchor item=Statement (location: (source ID: 41, lines: 121..122, bytes: 5206..5226), hits: 0) err=Could not find anchor: No matching instruction in range source ID: 41, lines: 121..122, bytes: 5206..5226
2026-09-08T10:21:25.425656Z  WARN foundry_evm_coverage::anchors: could not find anchor item=Line (location: (source ID: 41, lines: 122..123, bytes: 5236..5258), hits: 0) err=Could not find anchor: No matching instruction in range source ID: 41, lines: 122..123, bytes: 5236..5258
2026-09-08T10:21:25.425665Z  WARN foundry_evm_coverage::anchors: could not find anchor item=Statement (location: (source ID: 41, lines: 122..123, bytes: 5236..5258), hits: 0) err=Could not find anchor: No matching instruction in range source ID: 41, lines: 122..123, bytes: 5236..5258
2026-09-08T10:21:25.425670Z  WARN foundry_evm_coverage::anchors: could not find anchor item=Line (location: (source ID: 41, lines: 123..124, bytes: 5268..5321), hits: 0) err=Could not find anchor: No matching instruction in range source ID: 41, lines: 123..124, bytes: 5268..5321
2026-09-08T10:21:25.425592Z  WARN foundry_evm_coverage::anchors: could not find anchor item=Statement (location: (source ID: 40, lines: 173..174, bytes: 7259..7279), hits: 0) err=Could not find anchor: No matching instruction in range source ID: 40, lines: 173..174, bytes: 7259..7279
2026-09-08T10:21:25.425673Z  WARN foundry_evm_coverage::anchors: could not find anchor item=Statement (location: (source ID: 41, lines: 123..124, bytes: 5268..5321), hits: 0) err=Could not find anchor: No matching instruction in range source ID: 41, lines: 123..124, bytes: 5268..5321
2026-09-08T10:21:25.425703Z  WARN foundry_evm_coverage::anchors: could not find anchor item=Branch (branch: 11, path: 0) (location: (source ID: 40, lines: 173..174, bytes: 7259..7279), hits: 0) err=Could not find anchor: No matching instruction in range source ID: 40, lines: 173..174, bytes: 7259..7279
2026-09-08T10:21:25.425708Z  WARN foundry_evm_coverage::anchors: could not find anchor item=Line (location: (source ID: 40, lines: 174..175, bytes: 7293..7317), hits: 0) err=Could not find anchor: No matching instruction in range source ID: 40, lines: 174..175, bytes: 7293..7317
2026-09-08T10:21:25.425704Z  WARN foundry_evm_coverage::anchors: could not find anchor item=Statement (location: (source ID: 41, lines: 123..124, bytes: 5286..5321), hits: 0) err=Could not find anchor: No matching instruction in range source ID: 41, lines: 123..124, bytes: 5286..5321
2026-09-08T10:21:25.425713Z  WARN foundry_evm_coverage::anchors: could not find anchor item=Line (location: (source ID: 41, lines: 124..125, bytes: 5335..5343), hits: 0) err=Could not find anchor: No matching instruction in range source ID: 41, lines: 124..125, bytes: 5335..5343
2026-09-08T10:21:25.425711Z  WARN foundry_evm_coverage::anchors: could not find anchor item=Statement (location: (source ID: 40, lines: 174..175, bytes: 7293..7317), hits: 0) err=Could not find anchor: No matching instruction in range source ID: 40, lines: 174..175, bytes: 7293..7317
2026-09-08T10:21:25.425720Z  WARN foundry_evm_coverage::anchors: could not find anchor item=Statement (location: (source ID: 40, lines: 174..175, bytes: 7305..7317), hits: 0) err=Could not find anchor: No matching instruction in range source ID: 40, lines: 174..175, bytes: 7305..7317
2026-09-08T10:21:25.425717Z  WARN foundry_evm_coverage::anchors: could not find anchor item=Statement (location: (source ID: 41, lines: 124..125, bytes: 5335..5343), hits: 0) err=Could not find anchor: No matching instruction in range source ID: 41, lines: 124..125, bytes: 5335..5343
2026-09-08T10:21:25.425725Z  WARN foundry_evm_coverage::anchors: could not find anchor item=Statement (location: (source ID: 41, lines: 124..125, bytes: 5345..5368), hits: 0) err=Could not find anchor: No matching instruction in range source ID: 41, lines: 124..125, bytes: 5345..5368
2026-09-08T10:21:25.425727Z  WARN foundry_evm_coverage::anchors: could not find anchor item=Branch (branch: 17, path: 0) (location: (source ID: 41, lines: 124..125, bytes: 5345..5368), hits: 0) err=Could not find anchor: No matching instruction in range source ID: 41, lines: 124..125, bytes: 5345..5368
2026-09-08T10:21:25.425730Z  WARN foundry_evm_coverage::anchors: could not find anchor item=Line (location: (source ID: 41, lines: 125..126, bytes: 5378..5432), hits: 0) err=Could not find anchor: No matching instruction in range source ID: 41, lines: 125..126, bytes: 5378..5432
2026-09-08T10:21:25.425732Z  WARN foundry_evm_coverage::anchors: could not find anchor item=Statement (location: (source ID: 41, lines: 125..126, bytes: 5378..5432), hits: 0) err=Could not find anchor: No matching instruction in range source ID: 41, lines: 125..126, bytes: 5378..5432
2026-09-08T10:21:25.425607Z  WARN foundry_evm_coverage::anchors: could not find anchor item=Statement (location: (source ID: 39, lines: 94..95, bytes: 4248..4280), hits: 0) err=Could not find anchor: No matching instruction in range source ID: 39, lines: 94..95, bytes: 4248..4280
2026-09-08T10:21:25.425722Z  WARN foundry_evm_coverage::anchors: could not find anchor item=Statement (location: (source ID: 40, lines: 174..175, bytes: 7319..7337), hits: 0) err=Could not find anchor: No matching instruction in range source ID: 40, lines: 174..175, bytes: 7319..7337
2026-09-08T10:21:25.425756Z  WARN foundry_evm_coverage::anchors: could not find anchor item=Branch (branch: 12, path: 0) (location: (source ID: 40, lines: 174..175, bytes: 7319..7337), hits: 0) err=Could not find anchor: No matching instruction in range source ID: 40, lines: 174..175, bytes: 7319..7337
2026-09-08T10:21:25.425763Z  WARN foundry_evm_coverage::anchors: could not find anchor item=Line (location: (source ID: 40, lines: 175..176, bytes: 7347..7363), hits: 0) err=Could not find anchor: No matching instruction in range source ID: 40, lines: 175..176, bytes: 7347..7363
2026-09-08T10:21:25.425738Z  WARN foundry_evm_coverage::anchors: could not find anchor item=Line (location: (source ID: 41, lines: 54..57, bytes: 1792..1843), hits: 0) err=Could not find anchor: No matching instruction in range source ID: 41, lines: 54..57, bytes: 1792..1843
2026-09-08T10:21:25.425741Z  WARN foundry_evm_coverage::anchors: could not find anchor item=Branch (branch: 8, path: 0) (location: (source ID: 39, lines: 94..95, bytes: 4248..4280), hits: 0) err=Could not find anchor: No matching instruction in range source ID: 39, lines: 94..95, bytes: 4248..4280
2026-09-08T10:21:25.425789Z  WARN foundry_evm_coverage::anchors: could not find anchor item=Function "constructor" (location: (source ID: 41, lines: 54..57, bytes: 1792..1843), hits: 0) err=Could not find anchor: No matching instruction in range source ID: 41, lines: 54..57, bytes: 1792..1843
2026-09-08T10:21:25.425767Z  WARN foundry_evm_coverage::anchors: could not find anchor item=Statement (location: (source ID: 40, lines: 175..176, bytes: 7347..7363), hits: 0) err=Could not find anchor: No matching instruction in range source ID: 40, lines: 175..176, bytes: 7347..7363
2026-09-08T10:21:25.425813Z  WARN foundry_evm_coverage::anchors: could not find anchor item=Line (location: (source ID: 40, lines: 176..177, bytes: 7373..7448), hits: 0) err=Could not find anchor: No matching instruction in range source ID: 40, lines: 176..177, bytes: 7373..7448
2026-09-08T10:21:25.425820Z  WARN foundry_evm_coverage::anchors: could not find anchor item=Statement (location: (source ID: 40, lines: 176..177, bytes: 7373..7448), hits: 0) err=Could not find anchor: No matching instruction in range source ID: 40, lines: 176..177, bytes: 7373..7448
2026-09-08T10:21:25.425799Z  WARN foundry_evm_coverage::anchors: could not find anchor item=Line (location: (source ID: 41, lines: 55..56, bytes: 1816..1836), hits: 0) err=Could not find anchor: No matching instruction in range source ID: 41, lines: 55..56, bytes: 1816..1836
2026-09-08T10:21:25.425823Z  WARN foundry_evm_coverage::anchors: could not find anchor item=Line (location: (source ID: 40, lines: 177..178, bytes: 7458..7477), hits: 0) err=Could not find anchor: No matching instruction in range source ID: 40, lines: 177..178, bytes: 7458..7477
2026-09-08T10:21:25.425858Z  WARN foundry_evm_coverage::anchors: could not find anchor item=Statement (location: (source ID: 40, lines: 177..178, bytes: 7458..7477), hits: 0) err=Could not find anchor: No matching instruction in range source ID: 40, lines: 177..178, bytes: 7458..7477
2026-09-08T10:21:25.425792Z  WARN foundry_evm_coverage::anchors: could not find anchor item=Line (location: (source ID: 39, lines: 95..96, bytes: 4290..4337), hits: 0) err=Could not find anchor: No matching instruction in range source ID: 39, lines: 95..96, bytes: 4290..4337
2026-09-08T10:21:25.425891Z  WARN foundry_evm_coverage::anchors: could not find anchor item=Statement (location: (source ID: 39, lines: 95..96, bytes: 4290..4337), hits: 0) err=Could not find anchor: No matching instruction in range source ID: 39, lines: 95..96, bytes: 4290..4337
2026-09-08T10:21:25.425899Z  WARN foundry_evm_coverage::anchors: could not find anchor item=Statement (location: (source ID: 39, lines: 95..96, bytes: 4305..4337), hits: 0) err=Could not find anchor: No matching instruction in range source ID: 39, lines: 95..96, bytes: 4305..4337
2026-09-08T10:21:25.425907Z  WARN foundry_evm_coverage::anchors: could not find anchor item=Line (location: (source ID: 39, lines: 96..97, bytes: 4351..4369), hits: 0) err=Could not find anchor: No matching instruction in range source ID: 39, lines: 96..97, bytes: 4351..4369
2026-09-08T10:21:25.425924Z  WARN foundry_evm_coverage::anchors: could not find anchor item=Statement (location: (source ID: 39, lines: 96..97, bytes: 4351..4369), hits: 0) err=Could not find anchor: No matching instruction in range source ID: 39, lines: 96..97, bytes: 4351..4369
2026-09-08T10:21:25.425839Z  WARN foundry_evm_coverage::anchors: could not find anchor item=Statement (location: (source ID: 41, lines: 55..56, bytes: 1816..1836), hits: 0) err=Could not find anchor: No matching instruction in range source ID: 41, lines: 55..56, bytes: 1816..1836
2026-09-08T10:21:25.425864Z  WARN foundry_evm_coverage::anchors: could not find anchor item=Line (location: (source ID: 40, lines: 178..179, bytes: 7487..7498), hits: 0) err=Could not find anchor: No matching instruction in range source ID: 40, lines: 178..179, bytes: 7487..7498
2026-09-08T10:21:25.425932Z  WARN foundry_evm_coverage::anchors: could not find anchor item=Statement (location: (source ID: 39, lines: 96..97, bytes: 4371..4395), hits: 0) err=Could not find anchor: No matching instruction in range source ID: 39, lines: 96..97, bytes: 4371..4395
2026-09-08T10:21:25.425977Z  WARN foundry_evm_coverage::anchors: could not find anchor item=Branch (branch: 9, path: 0) (location: (source ID: 39, lines: 96..97, bytes: 4371..4395), hits: 0) err=Could not find anchor: No matching instruction in range source ID: 39, lines: 96..97, bytes: 4371..4395
2026-09-08T10:21:25.425985Z  WARN foundry_evm_coverage::anchors: could not find anchor item=Line (location: (source ID: 39, lines: 97..98, bytes: 4405..4416), hits: 0) err=Could not find anchor: No matching instruction in range source ID: 39, lines: 97..98, bytes: 4405..4416
2026-09-08T10:21:25.425954Z  WARN foundry_evm_coverage::anchors: could not find anchor item=Statement (location: (source ID: 40, lines: 178..179, bytes: 7487..7498), hits: 0) err=Could not find anchor: No matching instruction in range source ID: 40, lines: 178..179, bytes: 7487..7498
2026-09-08T10:21:25.425992Z  WARN foundry_evm_coverage::anchors: could not find anchor item=Statement (location: (source ID: 39, lines: 97..98, bytes: 4405..4416), hits: 0) err=Could not find anchor: No matching instruction in range source ID: 39, lines: 97..98, bytes: 4405..4416
2026-09-08T10:21:25.426001Z  WARN foundry_evm_coverage::anchors: could not find anchor item=Line (location: (source ID: 40, lines: 179..180, bytes: 7512..7532), hits: 0) err=Could not find anchor: No matching instruction in range source ID: 40, lines: 179..180, bytes: 7512..7532
2026-09-08T10:21:25.426020Z  WARN foundry_evm_coverage::anchors: could not find anchor item=Line (location: (source ID: 39, lines: 34..49, bytes: 1457..2070), hits: 0) err=Could not find anchor: No matching instruction in range source ID: 39, lines: 34..49, bytes: 1457..2070
2026-09-08T10:21:25.426023Z  WARN foundry_evm_coverage::anchors: could not find anchor item=Statement (location: (source ID: 40, lines: 179..180, bytes: 7512..7532), hits: 0) err=Could not find anchor: No matching instruction in range source ID: 40, lines: 179..180, bytes: 7512..7532
2026-09-08T10:21:25.426031Z  WARN foundry_evm_coverage::anchors: could not find anchor item=Function "constructor" (location: (source ID: 39, lines: 34..49, bytes: 1457..2070), hits: 0) err=Could not find anchor: No matching instruction in range source ID: 39, lines: 34..49, bytes: 1457..2070
2026-09-08T10:21:25.426036Z  WARN foundry_evm_coverage::anchors: could not find anchor item=Branch (branch: 13, path: 0) (location: (source ID: 40, lines: 179..191, bytes: 7534..7990), hits: 0) err=Could not find anchor: No matching instruction in range source ID: 40, lines: 179..191, bytes: 7534..7990
2026-09-08T10:21:25.426056Z  WARN foundry_evm_coverage::anchors: could not find anchor item=Line (location: (source ID: 40, lines: 180..181, bytes: 7548..7574), hits: 0) err=Could not find anchor: No matching instruction in range source ID: 40, lines: 180..181, bytes: 7548..7574
2026-09-08T10:21:25.426064Z  WARN foundry_evm_coverage::anchors: could not find anchor item=Statement (location: (source ID: 40, lines: 180..181, bytes: 7548..7574), hits: 0) err=Could not find anchor: No matching instruction in range source ID: 40, lines: 180..181, bytes: 7548..7574
2026-09-08T10:21:25.426072Z  WARN foundry_evm_coverage::anchors: could not find anchor item=Line (location: (source ID: 40, lines: 181..182, bytes: 7588..7629), hits: 0) err=Could not find anchor: No matching instruction in range source ID: 40, lines: 181..182, bytes: 7588..7629
2026-09-08T10:21:25.426086Z  WARN foundry_evm_coverage::anchors: could not find anchor item=Statement (location: (source ID: 40, lines: 181..182, bytes: 7588..7629), hits: 0) err=Could not find anchor: No matching instruction in range source ID: 40, lines: 181..182, bytes: 7588..7629
2026-09-08T10:21:25.426095Z  WARN foundry_evm_coverage::anchors: could not find anchor item=Line (location: (source ID: 40, lines: 182..183, bytes: 7643..7663), hits: 0) err=Could not find anchor: No matching instruction in range source ID: 40, lines: 182..183, bytes: 7643..7663
2026-09-08T10:21:25.426107Z  WARN foundry_evm_coverage::anchors: could not find anchor item=Statement (location: (source ID: 40, lines: 182..183, bytes: 7643..7663), hits: 0) err=Could not find anchor: No matching instruction in range source ID: 40, lines: 182..183, bytes: 7643..7663
2026-09-08T10:21:25.426047Z  WARN foundry_evm_coverage::anchors: could not find anchor item=Line (location: (source ID: 39, lines: 38..39, bytes: 1615..1639), hits: 0) err=Could not find anchor: No matching instruction in range source ID: 39, lines: 38..39, bytes: 1615..1639
2026-09-08T10:21:25.426115Z  WARN foundry_evm_coverage::anchors: could not find anchor item=Line (location: (source ID: 40, lines: 183..184, bytes: 7677..7701), hits: 0) err=Could not find anchor: No matching instruction in range source ID: 40, lines: 183..184, bytes: 7677..7701
2026-09-08T10:21:25.426142Z  WARN foundry_evm_coverage::anchors: could not find anchor item=Statement (location: (source ID: 40, lines: 183..184, bytes: 7677..7701), hits: 0) err=Could not find anchor: No matching instruction in range source ID: 40, lines: 183..184, bytes: 7677..7701
2026-09-08T10:21:25.426127Z  WARN foundry_evm_coverage::anchors: could not find anchor item=Statement (location: (source ID: 39, lines: 38..39, bytes: 1615..1639), hits: 0) err=Could not find anchor: No matching instruction in range source ID: 39, lines: 38..39, bytes: 1615..1639
2026-09-08T10:21:25.426165Z  WARN foundry_evm_coverage::anchors: could not find anchor item=Statement (location: (source ID: 39, lines: 38..39, bytes: 1643..1669), hits: 0) err=Could not find anchor: No matching instruction in range source ID: 39, lines: 38..39, bytes: 1643..1669
2026-09-08T10:21:25.426147Z  WARN foundry_evm_coverage::anchors: could not find anchor item=Line (location: (source ID: 40, lines: 184..185, bytes: 7715..7746), hits: 0) err=Could not find anchor: No matching instruction in range source ID: 40, lines: 184..185, bytes: 7715..7746
2026-09-08T10:21:25.426185Z  WARN foundry_evm_coverage::anchors: could not find anchor item=Statement (location: (source ID: 40, lines: 184..185, bytes: 7715..7746), hits: 0) err=Could not find anchor: No matching instruction in range source ID: 40, lines: 184..185, bytes: 7715..7746
2026-09-08T10:21:25.426190Z  WARN foundry_evm_coverage::anchors: could not find anchor item=Line (location: (source ID: 40, lines: 185..186, bytes: 7760..7793), hits: 0) err=Could not find anchor: No matching instruction in range source ID: 40, lines: 185..186, bytes: 7760..7793
2026-09-08T10:21:25.426195Z  WARN foundry_evm_coverage::anchors: could not find anchor item=Statement (location: (source ID: 40, lines: 185..186, bytes: 7760..7793), hits: 0) err=Could not find anchor: No matching instruction in range source ID: 40, lines: 185..186, bytes: 7760..7793
2026-09-08T10:21:25.426173Z  WARN foundry_evm_coverage::anchors: could not find anchor item=Statement (location: (source ID: 39, lines: 38..39, bytes: 1673..1704), hits: 0) err=Could not find anchor: No matching instruction in range source ID: 39, lines: 38..39, bytes: 1673..1704
2026-09-08T10:21:25.426214Z  WARN foundry_evm_coverage::anchors: could not find anchor item=Statement (location: (source ID: 39, lines: 38..39, bytes: 1708..1716), hits: 0) err=Could not find anchor: No matching instruction in range source ID: 39, lines: 38..39, bytes: 1708..1716
2026-09-08T10:21:25.426197Z  WARN foundry_evm_coverage::anchors: could not find anchor item=Line (location: (source ID: 40, lines: 186..187, bytes: 7807..7823), hits: 0) err=Could not find anchor: No matching instruction in range source ID: 40, lines: 186..187, bytes: 7807..7823
2026-09-08T10:21:25.426222Z  WARN foundry_evm_coverage::anchors: could not find anchor item=Statement (location: (source ID: 39, lines: 38..40, bytes: 1615..1748), hits: 0) err=Could not find anchor: No matching instruction in range source ID: 39, lines: 38..40, bytes: 1615..1748
2026-09-08T10:21:25.426264Z  WARN foundry_evm_coverage::anchors: could not find anchor item=Statement (location: (source ID: 39, lines: 38..40, bytes: 1643..1748), hits: 0) err=Could not find anchor: No matching instruction in range source ID: 39, lines: 38..40, bytes: 1643..1748
2026-09-08T10:21:25.426239Z  WARN foundry_evm_coverage::anchors: could not find anchor item=Statement (location: (source ID: 40, lines: 186..187, bytes: 7807..7823), hits: 0) err=Could not find anchor: No matching instruction in range source ID: 40, lines: 186..187, bytes: 7807..7823
2026-09-08T10:21:25.426279Z  WARN foundry_evm_coverage::anchors: could not find anchor item=Statement (location: (source ID: 39, lines: 38..40, bytes: 1673..1748), hits: 0) err=Could not find anchor: No matching instruction in range source ID: 39, lines: 38..40, bytes: 1673..1748
2026-09-08T10:21:25.426289Z  WARN foundry_evm_coverage::anchors: could not find anchor item=Statement (location: (source ID: 39, lines: 38..40, bytes: 1708..1748), hits: 0) err=Could not find anchor: No matching instruction in range source ID: 39, lines: 38..40, bytes: 1708..1748
2026-09-08T10:21:25.426278Z  WARN foundry_evm_coverage::anchors: could not find anchor item=Line (location: (source ID: 40, lines: 187..188, bytes: 7837..7873), hits: 0) err=Could not find anchor: No matching instruction in range source ID: 40, lines: 187..188, bytes: 7837..7873
2026-09-08T10:21:25.426313Z  WARN foundry_evm_coverage::anchors: could not find anchor item=Statement (location: (source ID: 40, lines: 187..188, bytes: 7837..7873), hits: 0) err=Could not find anchor: No matching instruction in range source ID: 40, lines: 187..188, bytes: 7837..7873
2026-09-08T10:21:25.426322Z  WARN foundry_evm_coverage::anchors: could not find anchor item=Line (location: (source ID: 40, lines: 188..189, bytes: 7887..7909), hits: 0) err=Could not find anchor: No matching instruction in range source ID: 40, lines: 188..189, bytes: 7887..7909
2026-09-08T10:21:25.426327Z  WARN foundry_evm_coverage::anchors: could not find anchor item=Statement (location: (source ID: 40, lines: 188..189, bytes: 7887..7909), hits: 0) err=Could not find anchor: No matching instruction in range source ID: 40, lines: 188..189, bytes: 7887..7909
2026-09-08T10:21:25.426332Z  WARN foundry_evm_coverage::anchors: could not find anchor item=Line (location: (source ID: 40, lines: 189..190, bytes: 7923..7979), hits: 0) err=Could not find anchor: No matching instruction in range source ID: 40, lines: 189..190, bytes: 7923..7979
2026-09-08T10:21:25.426293Z  WARN foundry_evm_coverage::anchors: could not find anchor item=Line (location: (source ID: 39, lines: 39..40, bytes: 1736..1748), hits: 0) err=Could not find anchor: No matching instruction in range source ID: 39, lines: 39..40, bytes: 1736..1748
2026-09-08T10:21:25.426339Z  WARN foundry_evm_coverage::anchors: could not find anchor item=Statement (location: (source ID: 40, lines: 189..190, bytes: 7923..7979), hits: 0) err=Could not find anchor: No matching instruction in range source ID: 40, lines: 189..190, bytes: 7923..7979
2026-09-08T10:21:25.426397Z  WARN foundry_evm_coverage::anchors: could not find anchor item=Line (location: (source ID: 40, lines: 191..192, bytes: 7999..8008), hits: 0) err=Could not find anchor: No matching instruction in range source ID: 40, lines: 191..192, bytes: 7999..8008
2026-09-08T10:21:25.426381Z  WARN foundry_evm_coverage::anchors: could not find anchor item=Statement (location: (source ID: 39, lines: 39..40, bytes: 1736..1748), hits: 0) err=Could not find anchor: No matching instruction in range source ID: 39, lines: 39..40, bytes: 1736..1748
2026-09-08T10:21:25.426424Z  WARN foundry_evm_coverage::anchors: could not find anchor item=Line (location: (source ID: 39, lines: 40..43, bytes: 1759..1813), hits: 0) err=Could not find anchor: No matching instruction in range source ID: 39, lines: 40..43, bytes: 1759..1813
2026-09-08T10:21:25.426434Z  WARN foundry_evm_coverage::anchors: could not find anchor item=Branch (branch: 0, path: 0) (location: (source ID: 39, lines: 40..43, bytes: 1759..1813), hits: 0) err=Could not find anchor: No matching instruction in range source ID: 39, lines: 40..43, bytes: 1759..1813
2026-09-08T10:21:25.426412Z  WARN foundry_evm_coverage::anchors: could not find anchor item=Statement (location: (source ID: 40, lines: 191..192, bytes: 7999..8008), hits: 0) err=Could not find anchor: No matching instruction in range source ID: 40, lines: 191..192, bytes: 7999..8008
2026-09-08T10:21:25.426455Z  WARN foundry_evm_coverage::anchors: could not find anchor item=Line (location: (source ID: 40, lines: 192..193, bytes: 8018..8060), hits: 0) err=Could not find anchor: No matching instruction in range source ID: 40, lines: 192..193, bytes: 8018..8060
2026-09-08T10:21:25.426440Z  WARN foundry_evm_coverage::anchors: could not find anchor item=Line (location: (source ID: 39, lines: 41..42, bytes: 1773..1802), hits: 0) err=Could not find anchor: No matching instruction in range source ID: 39, lines: 41..42, bytes: 1773..1802
2026-09-08T10:21:25.426477Z  WARN foundry_evm_coverage::anchors: could not find anchor item=Statement (location: (source ID: 39, lines: 41..42, bytes: 1773..1802), hits: 0) err=Could not find anchor: No matching instruction in range source ID: 39, lines: 41..42, bytes: 1773..1802
2026-09-08T10:21:25.426460Z  WARN foundry_evm_coverage::anchors: could not find anchor item=Statement (location: (source ID: 40, lines: 192..193, bytes: 8018..8060), hits: 0) err=Could not find anchor: No matching instruction in range source ID: 40, lines: 192..193, bytes: 8018..8060
2026-09-08T10:21:25.426500Z  WARN foundry_evm_coverage::anchors: could not find anchor item=Line (location: (source ID: 40, lines: 196..211, bytes: 8166..8795), hits: 0) err=Could not find anchor: No matching instruction in range source ID: 40, lines: 196..211, bytes: 8166..8795
2026-09-08T10:21:25.426508Z  WARN foundry_evm_coverage::anchors: could not find anchor item=Function "increaseBid" (location: (source ID: 40, lines: 196..211, bytes: 8166..8795), hits: 0) err=Could not find anchor: No matching instruction in range source ID: 40, lines: 196..211, bytes: 8166..8795
2026-09-08T10:21:25.426486Z  WARN foundry_evm_coverage::anchors: could not find anchor item=Line (location: (source ID: 39, lines: 43..44, bytes: 1826..1892), hits: 0) err=Could not find anchor: No matching instruction in range source ID: 39, lines: 43..44, bytes: 1826..1892
2026-09-08T10:21:25.426521Z  WARN foundry_evm_coverage::anchors: could not find anchor item=Line (location: (source ID: 40, lines: 197..198, bytes: 8239..8253), hits: 0) err=Could not find anchor: No matching instruction in range source ID: 40, lines: 197..198, bytes: 8239..8253
2026-09-08T10:21:25.426526Z  WARN foundry_evm_coverage::anchors: could not find anchor item=Statement (location: (source ID: 40, lines: 197..198, bytes: 8239..8253), hits: 0) err=Could not find anchor: No matching instruction in range source ID: 40, lines: 197..198, bytes: 8239..8253
2026-09-08T10:21:25.426530Z  WARN foundry_evm_coverage::anchors: could not find anchor item=Line (location: (source ID: 40, lines: 198..199, bytes: 8263..8289), hits: 0) err=Could not find anchor: No matching instruction in range source ID: 40, lines: 198..199, bytes: 8263..8289
2026-09-08T10:21:25.426532Z  WARN foundry_evm_coverage::anchors: could not find anchor item=Statement (location: (source ID: 40, lines: 198..199, bytes: 8263..8289), hits: 0) err=Could not find anchor: No matching instruction in range source ID: 40, lines: 198..199, bytes: 8263..8289
2026-09-08T10:21:25.426534Z  WARN foundry_evm_coverage::anchors: could not find anchor item=Line (location: (source ID: 40, lines: 199..200, bytes: 8303..8314), hits: 0) err=Could not find anchor: No matching instruction in range source ID: 40, lines: 199..200, bytes: 8303..8314
2026-09-08T10:21:25.426536Z  WARN foundry_evm_coverage::anchors: could not find anchor item=Statement (location: (source ID: 40, lines: 199..200, bytes: 8303..8314), hits: 0) err=Could not find anchor: No matching instruction in range source ID: 40, lines: 199..200, bytes: 8303..8314
2026-09-08T10:21:25.426539Z  WARN foundry_evm_coverage::anchors: could not find anchor item=Statement (location: (source ID: 40, lines: 199..200, bytes: 8316..8335), hits: 0) err=Could not find anchor: No matching instruction in range source ID: 40, lines: 199..200, bytes: 8316..8335
2026-09-08T10:21:25.426525Z  WARN foundry_evm_coverage::anchors: could not find anchor item=Statement (location: (source ID: 39, lines: 43..44, bytes: 1826..1892), hits: 0) err=Could not find anchor: No matching instruction in range source ID: 39, lines: 43..44, bytes: 1826..1892
2026-09-08T10:21:25.426542Z  WARN foundry_evm_coverage::anchors: could not find anchor item=Branch (branch: 14, path: 0) (location: (source ID: 40, lines: 199..200, bytes: 8316..8335), hits: 0) err=Could not find anchor: No matching instruction in range source ID: 40, lines: 199..200, bytes: 8316..8335
2026-09-08T10:21:25.426564Z  WARN foundry_evm_coverage::anchors: could not find anchor item=Line (location: (source ID: 40, lines: 200..201, bytes: 8349..8373), hits: 0) err=Could not find anchor: No matching instruction in range source ID: 40, lines: 200..201, bytes: 8349..8373
2026-09-08T10:21:25.426551Z  WARN foundry_evm_coverage::anchors: could not find anchor item=Statement (location: (source ID: 39, lines: 43..44, bytes: 1894..1923), hits: 0) err=Could not find anchor: No matching instruction in range source ID: 39, lines: 43..44, bytes: 1894..1923
2026-09-08T10:21:25.426579Z  WARN foundry_evm_coverage::anchors: could not find anchor item=Statement (location: (source ID: 40, lines: 200..201, bytes: 8349..8373), hits: 0) err=Could not find anchor: No matching instruction in range source ID: 40, lines: 200..201, bytes: 8349..8373
2026-09-08T10:21:25.426596Z  WARN foundry_evm_coverage::anchors: could not find anchor item=Statement (location: (source ID: 40, lines: 200..201, bytes: 8375..8396), hits: 0) err=Could not find anchor: No matching instruction in range source ID: 40, lines: 200..201, bytes: 8375..8396
2026-09-08T10:21:25.426599Z  WARN foundry_evm_coverage::anchors: could not find anchor item=Branch (branch: 15, path: 0) (location: (source ID: 40, lines: 200..201, bytes: 8375..8396), hits: 0) err=Could not find anchor: No matching instruction in range source ID: 40, lines: 200..201, bytes: 8375..8396
2026-09-08T10:21:25.426602Z  WARN foundry_evm_coverage::anchors: could not find anchor item=Line (location: (source ID: 40, lines: 201..202, bytes: 8410..8442), hits: 0) err=Could not find anchor: No matching instruction in range source ID: 40, lines: 201..202, bytes: 8410..8442
2026-09-08T10:21:25.426602Z  WARN foundry_evm_coverage::anchors: could not find anchor item=Branch (branch: 1, path: 0) (location: (source ID: 39, lines: 43..44, bytes: 1894..1923), hits: 0) err=Could not find anchor: No matching instruction in range source ID: 39, lines: 43..44, bytes: 1894..1923
2026-09-08T10:21:25.426604Z  WARN foundry_evm_coverage::anchors: could not find anchor item=Statement (location: (source ID: 40, lines: 201..202, bytes: 8410..8442), hits: 0) err=Could not find anchor: No matching instruction in range source ID: 40, lines: 201..202, bytes: 8410..8442
2026-09-08T10:21:25.426628Z  WARN foundry_evm_coverage::anchors: could not find anchor item=Statement (location: (source ID: 40, lines: 201..202, bytes: 8422..8442), hits: 0) err=Could not find anchor: No matching instruction in range source ID: 40, lines: 201..202, bytes: 8422..8442
2026-09-08T10:21:25.426632Z  WARN foundry_evm_coverage::anchors: could not find anchor item=Line (location: (source ID: 39, lines: 44..45, bytes: 1933..1953), hits: 0) err=Could not find anchor: No matching instruction in range source ID: 39, lines: 44..45, bytes: 1933..1953
2026-09-08T10:21:25.426647Z  WARN foundry_evm_coverage::anchors: could not find anchor item=Statement (location: (source ID: 39, lines: 44..45, bytes: 1933..1953), hits: 0) err=Could not find anchor: No matching instruction in range source ID: 39, lines: 44..45, bytes: 1933..1953
2026-09-08T10:21:25.426634Z  WARN foundry_evm_coverage::anchors: could not find anchor item=Statement (location: (source ID: 40, lines: 201..202, bytes: 8444..8464), hits: 0) err=Could not find anchor: No matching instruction in range source ID: 40, lines: 201..202, bytes: 8444..8464
2026-09-08T10:21:25.426675Z  WARN foundry_evm_coverage::anchors: could not find anchor item=Branch (branch: 16, path: 0) (location: (source ID: 40, lines: 201..202, bytes: 8444..8464), hits: 0) err=Could not find anchor: No matching instruction in range source ID: 40, lines: 201..202, bytes: 8444..8464
2026-09-08T10:21:25.426687Z  WARN foundry_evm_coverage::anchors: could not find anchor item=Line (location: (source ID: 40, lines: 202..203, bytes: 8478..8532), hits: 0) err=Could not find anchor: No matching instruction in range source ID: 40, lines: 202..203, bytes: 8478..8532
2026-09-08T10:21:25.426704Z  WARN foundry_evm_coverage::anchors: could not find anchor item=Statement (location: (source ID: 40, lines: 202..203, bytes: 8478..8532), hits: 0) err=Could not find anchor: No matching instruction in range source ID: 40, lines: 202..203, bytes: 8478..8532
2026-09-08T10:21:25.426711Z  WARN foundry_evm_coverage::anchors: could not find anchor item=Statement (location: (source ID: 40, lines: 202..203, bytes: 8490..8532), hits: 0) err=Could not find anchor: No matching instruction in range source ID: 40, lines: 202..203, bytes: 8490..8532
2026-09-08T10:21:25.426717Z  WARN foundry_evm_coverage::anchors: could not find anchor item=Statement (location: (source ID: 40, lines: 202..203, bytes: 8534..8552), hits: 0) err=Could not find anchor: No matching instruction in range source ID: 40, lines: 202..203, bytes: 8534..8552
2026-09-08T10:21:25.426691Z  WARN foundry_evm_coverage::anchors: could not find anchor item=Line (location: (source ID: 39, lines: 45..46, bytes: 1963..1989), hits: 0) err=Could not find anchor: No matching instruction in range source ID: 39, lines: 45..46, bytes: 1963..1989
2026-09-08T10:21:25.426723Z  WARN foundry_evm_coverage::anchors: could not find anchor item=Branch (branch: 17, path: 0) (location: (source ID: 40, lines: 202..203, bytes: 8534..8552), hits: 0) err=Could not find anchor: No matching instruction in range source ID: 40, lines: 202..203, bytes: 8534..8552
2026-09-08T10:21:25.426733Z  WARN foundry_evm_coverage::anchors: could not find anchor item=Statement (location: (source ID: 39, lines: 45..46, bytes: 1963..1989), hits: 0) err=Could not find anchor: No matching instruction in range source ID: 39, lines: 45..46, bytes: 1963..1989
2026-09-08T10:21:25.426739Z  WARN foundry_evm_coverage::anchors: could not find anchor item=Line (location: (source ID: 40, lines: 203..204, bytes: 8562..8588), hits: 0) err=Could not find anchor: No matching instruction in range source ID: 40, lines: 203..204, bytes: 8562..8588
2026-09-08T10:21:25.426749Z  WARN foundry_evm_coverage::anchors: could not find anchor item=Line (location: (source ID: 39, lines: 46..47, bytes: 1999..2015), hits: 0) err=Could not find anchor: No matching instruction in range source ID: 39, lines: 46..47, bytes: 1999..2015
2026-09-08T10:21:25.426751Z  WARN foundry_evm_coverage::anchors: could not find anchor item=Statement (location: (source ID: 40, lines: 203..204, bytes: 8562..8588), hits: 0) err=Could not find anchor: No matching instruction in range source ID: 40, lines: 203..204, bytes: 8562..8588
2026-09-08T10:21:25.426760Z  WARN foundry_evm_coverage::anchors: could not find anchor item=Statement (location: (source ID: 39, lines: 46..47, bytes: 1999..2015), hits: 0) err=Could not find anchor: No matching instruction in range source ID: 39, lines: 46..47, bytes: 1999..2015
2026-09-08T10:21:25.426767Z  WARN foundry_evm_coverage::anchors: could not find anchor item=Line (location: (source ID: 40, lines: 204..205, bytes: 8598..8609), hits: 0) err=Could not find anchor: No matching instruction in range source ID: 40, lines: 204..205, bytes: 8598..8609
2026-09-08T10:21:25.426777Z  WARN foundry_evm_coverage::anchors: could not find anchor item=Line (location: (source ID: 39, lines: 47..48, bytes: 2025..2063), hits: 0) err=Could not find anchor: No matching instruction in range source ID: 39, lines: 47..48, bytes: 2025..2063
2026-09-08T10:21:25.426784Z  WARN foundry_evm_coverage::anchors: could not find anchor item=Statement (location: (source ID: 40, lines: 204..205, bytes: 8598..8609), hits: 0) err=Could not find anchor: No matching instruction in range source ID: 40, lines: 204..205, bytes: 8598..8609
2026-09-08T10:21:25.426794Z  WARN foundry_evm_coverage::anchors: could not find anchor item=Statement (location: (source ID: 39, lines: 47..48, bytes: 2025..2063), hits: 0) err=Could not find anchor: No matching instruction in range source ID: 39, lines: 47..48, bytes: 2025..2063
2026-09-08T10:21:25.426801Z  WARN foundry_evm_coverage::anchors: could not find anchor item=Line (location: (source ID: 40, lines: 205..206, bytes: 8619..8651), hits: 0) err=Could not find anchor: No matching instruction in range source ID: 40, lines: 205..206, bytes: 8619..8651
2026-09-08T10:21:25.426822Z  WARN foundry_evm_coverage::anchors: could not find anchor item=Statement (location: (source ID: 40, lines: 205..206, bytes: 8619..8651), hits: 0) err=Could not find anchor: No matching instruction in range source ID: 40, lines: 205..206, bytes: 8619..8651
2026-09-08T10:21:25.426829Z  WARN foundry_evm_coverage::anchors: could not find anchor item=Line (location: (source ID: 40, lines: 206..207, bytes: 8661..8680), hits: 0) err=Could not find anchor: No matching instruction in range source ID: 40, lines: 206..207, bytes: 8661..8680
2026-09-08T10:21:25.426834Z  WARN foundry_evm_coverage::anchors: could not find anchor item=Statement (location: (source ID: 40, lines: 206..207, bytes: 8661..8680), hits: 0) err=Could not find anchor: No matching instruction in range source ID: 40, lines: 206..207, bytes: 8661..8680
2026-09-08T10:21:25.426839Z  WARN foundry_evm_coverage::anchors: could not find anchor item=Line (location: (source ID: 40, lines: 207..208, bytes: 8690..8701), hits: 0) err=Could not find anchor: No matching instruction in range source ID: 40, lines: 207..208, bytes: 8690..8701
2026-09-08T10:21:25.426843Z  WARN foundry_evm_coverage::anchors: could not find anchor item=Statement (location: (source ID: 40, lines: 207..208, bytes: 8690..8701), hits: 0) err=Could not find anchor: No matching instruction in range source ID: 40, lines: 207..208, bytes: 8690..8701
2026-09-08T10:21:25.426848Z  WARN foundry_evm_coverage::anchors: could not find anchor item=Line (location: (source ID: 40, lines: 208..209, bytes: 8715..8734), hits: 0) err=Could not find anchor: No matching instruction in range source ID: 40, lines: 208..209, bytes: 8715..8734
2026-09-08T10:21:25.426853Z  WARN foundry_evm_coverage::anchors: could not find anchor item=Statement (location: (source ID: 40, lines: 208..209, bytes: 8715..8734), hits: 0) err=Could not find anchor: No matching instruction in range source ID: 40, lines: 208..209, bytes: 8715..8734
2026-09-08T10:21:25.426858Z  WARN foundry_evm_coverage::anchors: could not find anchor item=Statement (location: (source ID: 40, lines: 208..209, bytes: 8736..8745), hits: 0) err=Could not find anchor: No matching instruction in range source ID: 40, lines: 208..209, bytes: 8736..8745
2026-09-08T10:21:25.426864Z  WARN foundry_evm_coverage::anchors: could not find anchor item=Branch (branch: 18, path: 0) (location: (source ID: 40, lines: 208..209, bytes: 8736..8745), hits: 0) err=Could not find anchor: No matching instruction in range source ID: 40, lines: 208..209, bytes: 8736..8745
2026-09-08T10:21:25.426869Z  WARN foundry_evm_coverage::anchors: could not find anchor item=Line (location: (source ID: 40, lines: 209..210, bytes: 8755..8788), hits: 0) err=Could not find anchor: No matching instruction in range source ID: 40, lines: 209..210, bytes: 8755..8788
2026-09-08T10:21:25.426874Z  WARN foundry_evm_coverage::anchors: could not find anchor item=Statement (location: (source ID: 40, lines: 209..210, bytes: 8755..8788), hits: 0) err=Could not find anchor: No matching instruction in range source ID: 40, lines: 209..210, bytes: 8755..8788
2026-09-08T10:21:25.426879Z  WARN foundry_evm_coverage::anchors: could not find anchor item=Line (location: (source ID: 40, lines: 213..229, bytes: 8916..9624), hits: 0) err=Could not find anchor: No matching instruction in range source ID: 40, lines: 213..229, bytes: 8916..9624
2026-09-08T10:21:25.426883Z  WARN foundry_evm_coverage::anchors: could not find anchor item=Function "settle" (location: (source ID: 40, lines: 213..229, bytes: 8916..9624), hits: 0) err=Could not find anchor: No matching instruction in range source ID: 40, lines: 213..229, bytes: 8916..9624
2026-09-08T10:21:25.426888Z  WARN foundry_evm_coverage::anchors: could not find anchor item=Line (location: (source ID: 40, lines: 214..215, bytes: 8979..9002), hits: 0) err=Could not find anchor: No matching instruction in range source ID: 40, lines: 214..215, bytes: 8979..9002
2026-09-08T10:21:25.426893Z  WARN foundry_evm_coverage::anchors: could not find anchor item=Statement (location: (source ID: 40, lines: 214..215, bytes: 8979..9002), hits: 0) err=Could not find anchor: No matching instruction in range source ID: 40, lines: 214..215, bytes: 8979..9002
2026-09-08T10:21:25.426898Z  WARN foundry_evm_coverage::anchors: could not find anchor item=Branch (branch: 19, path: 0) (location: (source ID: 40, lines: 214..215, bytes: 8979..9002), hits: 0) err=Could not find anchor: No matching instruction in range source ID: 40, lines: 214..215, bytes: 8979..9002
2026-09-08T10:21:25.426903Z  WARN foundry_evm_coverage::anchors: could not find anchor item=Line (location: (source ID: 40, lines: 215..216, bytes: 9016..9041), hits: 0) err=Could not find anchor: No matching instruction in range source ID: 40, lines: 215..216, bytes: 9016..9041
2026-09-08T10:21:25.426907Z  WARN foundry_evm_coverage::anchors: could not find anchor item=Statement (location: (source ID: 40, lines: 215..216, bytes: 9016..9041), hits: 0) err=Could not find anchor: No matching instruction in range source ID: 40, lines: 215..216, bytes: 9016..9041
2026-09-08T10:21:25.426912Z  WARN foundry_evm_coverage::anchors: could not find anchor item=Statement (location: (source ID: 40, lines: 215..216, bytes: 9043..9067), hits: 0) err=Could not find anchor: No matching instruction in range source ID: 40, lines: 215..216, bytes: 9043..9067
2026-09-08T10:21:25.426917Z  WARN foundry_evm_coverage::anchors: could not find anchor item=Branch (branch: 20, path: 0) (location: (source ID: 40, lines: 215..216, bytes: 9043..9067), hits: 0) err=Could not find anchor: No matching instruction in range source ID: 40, lines: 215..216, bytes: 9043..9067
2026-09-08T10:21:25.426921Z  WARN foundry_evm_coverage::anchors: could not find anchor item=Line (location: (source ID: 40, lines: 216..217, bytes: 9077..9091), hits: 0) err=Could not find anchor: No matching instruction in range source ID: 40, lines: 216..217, bytes: 9077..9091
2026-09-08T10:21:25.426927Z  WARN foundry_evm_coverage::anchors: could not find anchor item=Statement (location: (source ID: 40, lines: 216..217, bytes: 9077..9091), hits: 0) err=Could not find anchor: No matching instruction in range source ID: 40, lines: 216..217, bytes: 9077..9091
2026-09-08T10:21:25.426931Z  WARN foundry_evm_coverage::anchors: could not find anchor item=Line (location: (source ID: 40, lines: 217..218, bytes: 9101..9172), hits: 0) err=Could not find anchor: No matching instruction in range source ID: 40, lines: 217..218, bytes: 9101..9172
2026-09-08T10:21:25.426936Z  WARN foundry_evm_coverage::anchors: could not find anchor item=Statement (location: (source ID: 40, lines: 217..218, bytes: 9101..9172), hits: 0) err=Could not find anchor: No matching instruction in range source ID: 40, lines: 217..218, bytes: 9101..9172
2026-09-08T10:21:25.426941Z  WARN foundry_evm_coverage::anchors: could not find anchor item=Line (location: (source ID: 40, lines: 218..219, bytes: 9182..9283), hits: 0) err=Could not find anchor: No matching instruction in range source ID: 40, lines: 218..219, bytes: 9182..9283
2026-09-08T10:21:25.426946Z  WARN foundry_evm_coverage::anchors: could not find anchor item=Statement (location: (source ID: 40, lines: 218..219, bytes: 9182..9283), hits: 0) err=Could not find anchor: No matching instruction in range source ID: 40, lines: 218..219, bytes: 9182..9283
2026-09-08T10:21:25.426951Z  WARN foundry_evm_coverage::anchors: could not find anchor item=Statement (location: (source ID: 40, lines: 218..219, bytes: 9198..9283), hits: 0) err=Could not find anchor: No matching instruction in range source ID: 40, lines: 218..219, bytes: 9198..9283
2026-09-08T10:21:25.426955Z  WARN foundry_evm_coverage::anchors: could not find anchor item=Line (location: (source ID: 40, lines: 219..220, bytes: 9293..9316), hits: 0) err=Could not find anchor: No matching instruction in range source ID: 40, lines: 219..220, bytes: 9293..9316
2026-09-08T10:21:25.426960Z  WARN foundry_evm_coverage::anchors: could not find anchor item=Statement (location: (source ID: 40, lines: 219..220, bytes: 9293..9316), hits: 0) err=Could not find anchor: No matching instruction in range source ID: 40, lines: 219..220, bytes: 9293..9316
2026-09-08T10:21:25.426965Z  WARN foundry_evm_coverage::anchors: could not find anchor item=Line (location: (source ID: 40, lines: 220..221, bytes: 9326..9341), hits: 0) err=Could not find anchor: No matching instruction in range source ID: 40, lines: 220..221, bytes: 9326..9341
2026-09-08T10:21:25.426970Z  WARN foundry_evm_coverage::anchors: could not find anchor item=Statement (location: (source ID: 40, lines: 220..221, bytes: 9326..9341), hits: 0) err=Could not find anchor: No matching instruction in range source ID: 40, lines: 220..221, bytes: 9326..9341
2026-09-08T10:21:25.426974Z  WARN foundry_evm_coverage::anchors: could not find anchor item=Line (location: (source ID: 40, lines: 221..222, bytes: 9351..9389), hits: 0) err=Could not find anchor: No matching instruction in range source ID: 40, lines: 221..222, bytes: 9351..9389
2026-09-08T10:21:25.426979Z  WARN foundry_evm_coverage::anchors: could not find anchor item=Statement (location: (source ID: 40, lines: 221..222, bytes: 9351..9389), hits: 0) err=Could not find anchor: No matching instruction in range source ID: 40, lines: 221..222, bytes: 9351..9389
2026-09-08T10:21:25.426984Z  WARN foundry_evm_coverage::anchors: could not find anchor item=Line (location: (source ID: 40, lines: 222..223, bytes: 9399..9416), hits: 0) err=Could not find anchor: No matching instruction in range source ID: 40, lines: 222..223, bytes: 9399..9416
2026-09-08T10:21:25.426998Z  WARN foundry_evm_coverage::anchors: could not find anchor item=Statement (location: (source ID: 40, lines: 222..223, bytes: 9399..9416), hits: 0) err=Could not find anchor: No matching instruction in range source ID: 40, lines: 222..223, bytes: 9399..9416
2026-09-08T10:21:25.427005Z  WARN foundry_evm_coverage::anchors: could not find anchor item=Line (location: (source ID: 40, lines: 223..224, bytes: 9431..9447), hits: 0) err=Could not find anchor: No matching instruction in range source ID: 40, lines: 223..224, bytes: 9431..9447
2026-09-08T10:21:25.427010Z  WARN foundry_evm_coverage::anchors: could not find anchor item=Statement (location: (source ID: 40, lines: 223..224, bytes: 9431..9447), hits: 0) err=Could not find anchor: No matching instruction in range source ID: 40, lines: 223..224, bytes: 9431..9447
2026-09-08T10:21:25.427015Z  WARN foundry_evm_coverage::anchors: could not find anchor item=Statement (location: (source ID: 40, lines: 223..224, bytes: 9449..9456), hits: 0) err=Could not find anchor: No matching instruction in range source ID: 40, lines: 223..224, bytes: 9449..9456
2026-09-08T10:21:25.427020Z  WARN foundry_evm_coverage::anchors: could not find anchor item=Statement (location: (source ID: 40, lines: 223..224, bytes: 9458..9464), hits: 0) err=Could not find anchor: No matching instruction in range source ID: 40, lines: 223..224, bytes: 9458..9464
2026-09-08T10:21:25.427024Z  WARN foundry_evm_coverage::anchors: could not find anchor item=Line (location: (source ID: 40, lines: 224..225, bytes: 9480..9511), hits: 0) err=Could not find anchor: No matching instruction in range source ID: 40, lines: 224..225, bytes: 9480..9511
2026-09-08T10:21:25.427029Z  WARN foundry_evm_coverage::anchors: could not find anchor item=Statement (location: (source ID: 40, lines: 224..225, bytes: 9480..9511), hits: 0) err=Could not find anchor: No matching instruction in range source ID: 40, lines: 224..225, bytes: 9480..9511
2026-09-08T10:21:25.427034Z  WARN foundry_evm_coverage::anchors: could not find anchor item=Line (location: (source ID: 40, lines: 225..226, bytes: 9525..9543), hits: 0) err=Could not find anchor: No matching instruction in range source ID: 40, lines: 225..226, bytes: 9525..9543
2026-09-08T10:21:25.427039Z  WARN foundry_evm_coverage::anchors: could not find anchor item=Statement (location: (source ID: 40, lines: 225..226, bytes: 9525..9543), hits: 0) err=Could not find anchor: No matching instruction in range source ID: 40, lines: 225..226, bytes: 9525..9543
2026-09-08T10:21:25.427044Z  WARN foundry_evm_coverage::anchors: could not find anchor item=Line (location: (source ID: 40, lines: 227..228, bytes: 9563..9617), hits: 0) err=Could not find anchor: No matching instruction in range source ID: 40, lines: 227..228, bytes: 9563..9617
2026-09-08T10:21:25.427049Z  WARN foundry_evm_coverage::anchors: could not find anchor item=Statement (location: (source ID: 40, lines: 227..228, bytes: 9563..9617), hits: 0) err=Could not find anchor: No matching instruction in range source ID: 40, lines: 227..228, bytes: 9563..9617
2026-09-08T10:21:25.427054Z  WARN foundry_evm_coverage::anchors: could not find anchor item=Line (location: (source ID: 40, lines: 231..236, bytes: 9745..9973), hits: 0) err=Could not find anchor: No matching instruction in range source ID: 40, lines: 231..236, bytes: 9745..9973
2026-09-08T10:21:25.427059Z  WARN foundry_evm_coverage::anchors: could not find anchor item=Function "winningBidCost" (location: (source ID: 40, lines: 231..236, bytes: 9745..9973), hits: 0) err=Could not find anchor: No matching instruction in range source ID: 40, lines: 231..236, bytes: 9745..9973
2026-09-08T10:21:25.427064Z  WARN foundry_evm_coverage::anchors: could not find anchor item=Line (location: (source ID: 40, lines: 232..233, bytes: 9825..9833), hits: 0) err=Could not find anchor: No matching instruction in range source ID: 40, lines: 232..233, bytes: 9825..9833
2026-09-08T10:21:25.427069Z  WARN foundry_evm_coverage::anchors: could not find anchor item=Statement (location: (source ID: 40, lines: 232..233, bytes: 9825..9833), hits: 0) err=Could not find anchor: No matching instruction in range source ID: 40, lines: 232..233, bytes: 9825..9833
2026-09-08T10:21:25.427074Z  WARN foundry_evm_coverage::anchors: could not find anchor item=Statement (location: (source ID: 40, lines: 232..233, bytes: 9835..9854), hits: 0) err=Could not find anchor: No matching instruction in range source ID: 40, lines: 232..233, bytes: 9835..9854
2026-09-08T10:21:25.427078Z  WARN foundry_evm_coverage::anchors: could not find anchor item=Branch (branch: 21, path: 0) (location: (source ID: 40, lines: 232..233, bytes: 9835..9854), hits: 0) err=Could not find anchor: No matching instruction in range source ID: 40, lines: 232..233, bytes: 9835..9854
2026-09-08T10:21:25.427083Z  WARN foundry_evm_coverage::anchors: could not find anchor item=Line (location: (source ID: 40, lines: 233..234, bytes: 9868..9884), hits: 0) err=Could not find anchor: No matching instruction in range source ID: 40, lines: 233..234, bytes: 9868..9884
2026-09-08T10:21:25.427088Z  WARN foundry_evm_coverage::anchors: could not find anchor item=Statement (location: (source ID: 40, lines: 233..234, bytes: 9868..9884), hits: 0) err=Could not find anchor: No matching instruction in range source ID: 40, lines: 233..234, bytes: 9868..9884
2026-09-08T10:21:25.427093Z  WARN foundry_evm_coverage::anchors: could not find anchor item=Statement (location: (source ID: 40, lines: 233..234, bytes: 9886..9905), hits: 0) err=Could not find anchor: No matching instruction in range source ID: 40, lines: 233..234, bytes: 9886..9905
2026-09-08T10:21:25.427098Z  WARN foundry_evm_coverage::anchors: could not find anchor item=Branch (branch: 22, path: 0) (location: (source ID: 40, lines: 233..234, bytes: 9886..9905), hits: 0) err=Could not find anchor: No matching instruction in range source ID: 40, lines: 233..234, bytes: 9886..9905
2026-09-08T10:21:25.427102Z  WARN foundry_evm_coverage::anchors: could not find anchor item=Line (location: (source ID: 40, lines: 234..235, bytes: 9915..9966), hits: 0) err=Could not find anchor: No matching instruction in range source ID: 40, lines: 234..235, bytes: 9915..9966
2026-09-08T10:21:25.427107Z  WARN foundry_evm_coverage::anchors: could not find anchor item=Statement (location: (source ID: 40, lines: 234..235, bytes: 9915..9966), hits: 0) err=Could not find anchor: No matching instruction in range source ID: 40, lines: 234..235, bytes: 9915..9966
2026-09-08T10:21:25.427112Z  WARN foundry_evm_coverage::anchors: could not find anchor item=Statement (location: (source ID: 40, lines: 234..235, bytes: 9922..9966), hits: 0) err=Could not find anchor: No matching instruction in range source ID: 40, lines: 234..235, bytes: 9922..9966
2026-09-08T10:21:25.427117Z  WARN foundry_evm_coverage::anchors: could not find anchor item=Line (location: (source ID: 40, lines: 239..257, bytes: 10196..10902), hits: 0) err=Could not find anchor: No matching instruction in range source ID: 40, lines: 239..257, bytes: 10196..10902
2026-09-08T10:21:25.427122Z  WARN foundry_evm_coverage::anchors: could not find anchor item=Function "creditRefunds" (location: (source ID: 40, lines: 239..257, bytes: 10196..10902), hits: 0) err=Could not find anchor: No matching instruction in range source ID: 40, lines: 239..257, bytes: 10196..10902
2026-09-08T10:21:25.427127Z  WARN foundry_evm_coverage::anchors: could not find anchor item=Line (location: (source ID: 40, lines: 240..241, bytes: 10275..10307), hits: 0) err=Could not find anchor: No matching instruction in range source ID: 40, lines: 240..241, bytes: 10275..10307
2026-09-08T10:21:25.427132Z  WARN foundry_evm_coverage::anchors: could not find anchor item=Statement (location: (source ID: 40, lines: 240..241, bytes: 10275..10307), hits: 0) err=Could not find anchor: No matching instruction in range source ID: 40, lines: 240..241, bytes: 10275..10307
2026-09-08T10:21:25.427136Z  WARN foundry_evm_coverage::anchors: could not find anchor item=Line (location: (source ID: 40, lines: 241..242, bytes: 10317..10338), hits: 0) err=Could not find anchor: No matching instruction in range source ID: 40, lines: 241..242, bytes: 10317..10338
2026-09-08T10:21:25.427141Z  WARN foundry_evm_coverage::anchors: could not find anchor item=Statement (location: (source ID: 40, lines: 241..242, bytes: 10317..10338), hits: 0) err=Could not find anchor: No matching instruction in range source ID: 40, lines: 241..242, bytes: 10317..10338
2026-09-08T10:21:25.427146Z  WARN foundry_evm_coverage::anchors: could not find anchor item=Line (location: (source ID: 40, lines: 242..243, bytes: 10348..10364), hits: 0) err=Could not find anchor: No matching instruction in range source ID: 40, lines: 242..243, bytes: 10348..10364
2026-09-08T10:21:25.427152Z  WARN foundry_evm_coverage::anchors: could not find anchor item=Statement (location: (source ID: 40, lines: 242..243, bytes: 10348..10364), hits: 0) err=Could not find anchor: No matching instruction in range source ID: 40, lines: 242..243, bytes: 10348..10364
2026-09-08T10:21:25.427157Z  WARN foundry_evm_coverage::anchors: could not find anchor item=Line (location: (source ID: 40, lines: 243..244, bytes: 10379..10388), hits: 0) err=Could not find anchor: No matching instruction in range source ID: 40, lines: 243..244, bytes: 10379..10388
2026-09-08T10:21:25.427162Z  WARN foundry_evm_coverage::anchors: could not find anchor item=Statement (location: (source ID: 40, lines: 243..244, bytes: 10379..10388), hits: 0) err=Could not find anchor: No matching instruction in range source ID: 40, lines: 243..244, bytes: 10379..10388
2026-09-08T10:21:25.427167Z  WARN foundry_evm_coverage::anchors: could not find anchor item=Statement (location: (source ID: 40, lines: 243..244, bytes: 10390..10404), hits: 0) err=Could not find anchor: No matching instruction in range source ID: 40, lines: 243..244, bytes: 10390..10404
2026-09-08T10:21:25.427171Z  WARN foundry_evm_coverage::anchors: could not find anchor item=Statement (location: (source ID: 40, lines: 243..244, bytes: 10406..10409), hits: 0) err=Could not find anchor: No matching instruction in range source ID: 40, lines: 243..244, bytes: 10406..10409
2026-09-08T10:21:25.427176Z  WARN foundry_evm_coverage::anchors: could not find anchor item=Line (location: (source ID: 40, lines: 244..245, bytes: 10425..10444), hits: 0) err=Could not find anchor: No matching instruction in range source ID: 40, lines: 244..245, bytes: 10425..10444
2026-09-08T10:21:25.427192Z  WARN foundry_evm_coverage::anchors: could not find anchor item=Statement (location: (source ID: 40, lines: 244..245, bytes: 10425..10444), hits: 0) err=Could not find anchor: No matching instruction in range source ID: 40, lines: 244..245, bytes: 10425..10444
2026-09-08T10:21:25.427194Z  WARN foundry_evm_coverage::anchors: could not find anchor item=Line (location: (source ID: 40, lines: 245..246, bytes: 10458..10484), hits: 0) err=Could not find anchor: No matching instruction in range source ID: 40, lines: 245..246, bytes: 10458..10484
2026-09-08T10:21:25.427197Z  WARN foundry_evm_coverage::anchors: could not find anchor item=Statement (location: (source ID: 40, lines: 245..246, bytes: 10458..10484), hits: 0) err=Could not find anchor: No matching instruction in range source ID: 40, lines: 245..246, bytes: 10458..10484
2026-09-08T10:21:25.427199Z  WARN foundry_evm_coverage::anchors: could not find anchor item=Line (location: (source ID: 40, lines: 246..247, bytes: 10502..10513), hits: 0) err=Could not find anchor: No matching instruction in range source ID: 40, lines: 246..247, bytes: 10502..10513
2026-09-08T10:21:25.427202Z  WARN foundry_evm_coverage::anchors: could not find anchor item=Statement (location: (source ID: 40, lines: 246..247, bytes: 10502..10513), hits: 0) err=Could not find anchor: No matching instruction in range source ID: 40, lines: 246..247, bytes: 10502..10513
2026-09-08T10:21:25.427204Z  WARN foundry_evm_coverage::anchors: could not find anchor item=Statement (location: (source ID: 40, lines: 246..247, bytes: 10515..10534), hits: 0) err=Could not find anchor: No matching instruction in range source ID: 40, lines: 246..247, bytes: 10515..10534
2026-09-08T10:21:25.427206Z  WARN foundry_evm_coverage::anchors: could not find anchor item=Branch (branch: 23, path: 0) (location: (source ID: 40, lines: 246..247, bytes: 10515..10534), hits: 0) err=Could not find anchor: No matching instruction in range source ID: 40, lines: 246..247, bytes: 10515..10534
2026-09-08T10:21:25.427208Z  WARN foundry_evm_coverage::anchors: could not find anchor item=Line (location: (source ID: 40, lines: 247..248, bytes: 10572..10580), hits: 0) err=Could not find anchor: No matching instruction in range source ID: 40, lines: 247..248, bytes: 10572..10580
2026-09-08T10:21:25.427210Z  WARN foundry_evm_coverage::anchors: could not find anchor item=Statement (location: (source ID: 40, lines: 247..248, bytes: 10572..10580), hits: 0) err=Could not find anchor: No matching instruction in range source ID: 40, lines: 247..248, bytes: 10572..10580
2026-09-08T10:21:25.427220Z  WARN foundry_evm_coverage::anchors: could not find anchor item=Branch (branch: 24, path: 0) (location: (source ID: 40, lines: 247..248, bytes: 10572..10580), hits: 0) err=Could not find anchor: No matching instruction in range source ID: 40, lines: 247..248, bytes: 10572..10580
2026-09-08T10:21:25.427223Z  WARN foundry_evm_coverage::anchors: could not find anchor item=Line (location: (source ID: 40, lines: 248..249, bytes: 10594..10619), hits: 0) err=Could not find anchor: No matching instruction in range source ID: 40, lines: 248..249, bytes: 10594..10619
2026-09-08T10:21:25.427225Z  WARN foundry_evm_coverage::anchors: could not find anchor item=Statement (location: (source ID: 40, lines: 248..249, bytes: 10594..10619), hits: 0) err=Could not find anchor: No matching instruction in range source ID: 40, lines: 248..249, bytes: 10594..10619
2026-09-08T10:21:25.427227Z  WARN foundry_evm_coverage::anchors: could not find anchor item=Line (location: (source ID: 40, lines: 249..250, bytes: 10633..10690), hits: 0) err=Could not find anchor: No matching instruction in range source ID: 40, lines: 249..250, bytes: 10633..10690
2026-09-08T10:21:25.427229Z  WARN foundry_evm_coverage::anchors: could not find anchor item=Statement (location: (source ID: 40, lines: 249..250, bytes: 10633..10690), hits: 0) err=Could not find anchor: No matching instruction in range source ID: 40, lines: 249..250, bytes: 10633..10690
2026-09-08T10:21:25.427231Z  WARN foundry_evm_coverage::anchors: could not find anchor item=Statement (location: (source ID: 40, lines: 249..250, bytes: 10650..10690), hits: 0) err=Could not find anchor: No matching instruction in range source ID: 40, lines: 249..250, bytes: 10650..10690
2026-09-08T10:21:25.427233Z  WARN foundry_evm_coverage::anchors: could not find anchor item=Statement (location: (source ID: 40, lines: 249..250, bytes: 10672..10690), hits: 0) err=Could not find anchor: No matching instruction in range source ID: 40, lines: 249..250, bytes: 10672..10690
2026-09-08T10:21:25.427235Z  WARN foundry_evm_coverage::anchors: could not find anchor item=Line (location: (source ID: 40, lines: 250..251, bytes: 10704..10722), hits: 0) err=Could not find anchor: No matching instruction in range source ID: 40, lines: 250..251, bytes: 10704..10722
2026-09-08T10:21:25.427237Z  WARN foundry_evm_coverage::anchors: could not find anchor item=Statement (location: (source ID: 40, lines: 250..251, bytes: 10704..10722), hits: 0) err=Could not find anchor: No matching instruction in range source ID: 40, lines: 250..251, bytes: 10704..10722
2026-09-08T10:21:25.427239Z  WARN foundry_evm_coverage::anchors: could not find anchor item=Line (location: (source ID: 40, lines: 251..252, bytes: 10736..10766), hits: 0) err=Could not find anchor: No matching instruction in range source ID: 40, lines: 251..252, bytes: 10736..10766
2026-09-08T10:21:25.427241Z  WARN foundry_evm_coverage::anchors: could not find anchor item=Statement (location: (source ID: 40, lines: 251..252, bytes: 10736..10766), hits: 0) err=Could not find anchor: No matching instruction in range source ID: 40, lines: 251..252, bytes: 10736..10766
2026-09-08T10:21:25.427243Z  WARN foundry_evm_coverage::anchors: could not find anchor item=Line (location: (source ID: 40, lines: 252..253, bytes: 10780..10823), hits: 0) err=Could not find anchor: No matching instruction in range source ID: 40, lines: 252..253, bytes: 10780..10823
2026-09-08T10:21:25.427245Z  WARN foundry_evm_coverage::anchors: could not find anchor item=Statement (location: (source ID: 40, lines: 252..253, bytes: 10780..10823), hits: 0) err=Could not find anchor: No matching instruction in range source ID: 40, lines: 252..253, bytes: 10780..10823
2026-09-08T10:21:25.427247Z  WARN foundry_evm_coverage::anchors: could not find anchor item=Line (location: (source ID: 40, lines: 254..255, bytes: 10843..10861), hits: 0) err=Could not find anchor: No matching instruction in range source ID: 40, lines: 254..255, bytes: 10843..10861
2026-09-08T10:21:25.427249Z  WARN foundry_evm_coverage::anchors: could not find anchor item=Statement (location: (source ID: 40, lines: 254..255, bytes: 10843..10861), hits: 0) err=Could not find anchor: No matching instruction in range source ID: 40, lines: 254..255, bytes: 10843..10861
2026-09-08T10:21:25.427251Z  WARN foundry_evm_coverage::anchors: could not find anchor item=Line (location: (source ID: 40, lines: 255..256, bytes: 10871..10895), hits: 0) err=Could not find anchor: No matching instruction in range source ID: 40, lines: 255..256, bytes: 10871..10895
2026-09-08T10:21:25.427253Z  WARN foundry_evm_coverage::anchors: could not find anchor item=Statement (location: (source ID: 40, lines: 255..256, bytes: 10871..10895), hits: 0) err=Could not find anchor: No matching instruction in range source ID: 40, lines: 255..256, bytes: 10871..10895
2026-09-08T10:21:25.427255Z  WARN foundry_evm_coverage::anchors: could not find anchor item=Line (location: (source ID: 40, lines: 260..276, bytes: 11115..11884), hits: 0) err=Could not find anchor: No matching instruction in range source ID: 40, lines: 260..276, bytes: 11115..11884
2026-09-08T10:21:25.427257Z  WARN foundry_evm_coverage::anchors: could not find anchor item=Function "claimTokens" (location: (source ID: 40, lines: 260..276, bytes: 11115..11884), hits: 0) err=Could not find anchor: No matching instruction in range source ID: 40, lines: 260..276, bytes: 11115..11884
2026-09-08T10:21:25.427259Z  WARN foundry_evm_coverage::anchors: could not find anchor item=Line (location: (source ID: 40, lines: 261..262, bytes: 11211..11243), hits: 0) err=Could not find anchor: No matching instruction in range source ID: 40, lines: 261..262, bytes: 11211..11243
2026-09-08T10:21:25.427261Z  WARN foundry_evm_coverage::anchors: could not find anchor item=Statement (location: (source ID: 40, lines: 261..262, bytes: 11211..11243), hits: 0) err=Could not find anchor: No matching instruction in range source ID: 40, lines: 261..262, bytes: 11211..11243
2026-09-08T10:21:25.427263Z  WARN foundry_evm_coverage::anchors: could not find anchor item=Line (location: (source ID: 40, lines: 262..263, bytes: 11257..11280), hits: 0) err=Could not find anchor: No matching instruction in range source ID: 40, lines: 262..263, bytes: 11257..11280
2026-09-08T10:21:25.427265Z  WARN foundry_evm_coverage::anchors: could not find anchor item=Statement (location: (source ID: 40, lines: 262..263, bytes: 11257..11280), hits: 0) err=Could not find anchor: No matching instruction in range source ID: 40, lines: 262..263, bytes: 11257..11280
2026-09-08T10:21:25.427267Z  WARN foundry_evm_coverage::anchors: could not find anchor item=Statement (location: (source ID: 40, lines: 262..263, bytes: 11282..11307), hits: 0) err=Could not find anchor: No matching instruction in range source ID: 40, lines: 262..263, bytes: 11282..11307
2026-09-08T10:21:25.427269Z  WARN foundry_evm_coverage::anchors: could not find anchor item=Branch (branch: 25, path: 0) (location: (source ID: 40, lines: 262..263, bytes: 11282..11307), hits: 0) err=Could not find anchor: No matching instruction in range source ID: 40, lines: 262..263, bytes: 11282..11307
2026-09-08T10:21:25.427271Z  WARN foundry_evm_coverage::anchors: could not find anchor item=Line (location: (source ID: 40, lines: 263..264, bytes: 11317..11370), hits: 0) err=Could not find anchor: No matching instruction in range source ID: 40, lines: 263..264, bytes: 11317..11370
2026-09-08T10:21:25.427273Z  WARN foundry_evm_coverage::anchors: could not find anchor item=Statement (location: (source ID: 40, lines: 263..264, bytes: 11317..11370), hits: 0) err=Could not find anchor: No matching instruction in range source ID: 40, lines: 263..264, bytes: 11317..11370
2026-09-08T10:21:25.427275Z  WARN foundry_evm_coverage::anchors: could not find anchor item=Statement (location: (source ID: 40, lines: 263..264, bytes: 11345..11370), hits: 0) err=Could not find anchor: No matching instruction in range source ID: 40, lines: 263..264, bytes: 11345..11370
2026-09-08T10:21:25.427277Z  WARN foundry_evm_coverage::anchors: could not find anchor item=Line (location: (source ID: 40, lines: 264..265, bytes: 11385..11394), hits: 0) err=Could not find anchor: No matching instruction in range source ID: 40, lines: 264..265, bytes: 11385..11394
2026-09-08T10:21:25.427279Z  WARN foundry_evm_coverage::anchors: could not find anchor item=Statement (location: (source ID: 40, lines: 264..265, bytes: 11385..11394), hits: 0) err=Could not find anchor: No matching instruction in range source ID: 40, lines: 264..265, bytes: 11385..11394
2026-09-08T10:21:25.427281Z  WARN foundry_evm_coverage::anchors: could not find anchor item=Statement (location: (source ID: 40, lines: 264..265, bytes: 11396..11410), hits: 0) err=Could not find anchor: No matching instruction in range source ID: 40, lines: 264..265, bytes: 11396..11410
2026-09-08T10:21:25.427283Z  WARN foundry_evm_coverage::anchors: could not find anchor item=Statement (location: (source ID: 40, lines: 264..265, bytes: 11412..11415), hits: 0) err=Could not find anchor: No matching instruction in range source ID: 40, lines: 264..265, bytes: 11412..11415
2026-09-08T10:21:25.427285Z  WARN foundry_evm_coverage::anchors: could not find anchor item=Line (location: (source ID: 40, lines: 265..266, bytes: 11431..11461), hits: 0) err=Could not find anchor: No matching instruction in range source ID: 40, lines: 265..266, bytes: 11431..11461
2026-09-08T10:21:25.427287Z  WARN foundry_evm_coverage::anchors: could not find anchor item=Statement (location: (source ID: 40, lines: 265..266, bytes: 11431..11461), hits: 0) err=Could not find anchor: No matching instruction in range source ID: 40, lines: 265..266, bytes: 11431..11461
2026-09-08T10:21:25.427289Z  WARN foundry_evm_coverage::anchors: could not find anchor item=Line (location: (source ID: 40, lines: 266..267, bytes: 11479..11490), hits: 0) err=Could not find anchor: No matching instruction in range source ID: 40, lines: 266..267, bytes: 11479..11490
2026-09-08T10:21:25.427291Z  WARN foundry_evm_coverage::anchors: could not find anchor item=Statement (location: (source ID: 40, lines: 266..267, bytes: 11479..11490), hits: 0) err=Could not find anchor: No matching instruction in range source ID: 40, lines: 266..267, bytes: 11479..11490
2026-09-08T10:21:25.427293Z  WARN foundry_evm_coverage::anchors: could not find anchor item=Statement (location: (source ID: 40, lines: 266..267, bytes: 11492..11511), hits: 0) err=Could not find anchor: No matching instruction in range source ID: 40, lines: 266..267, bytes: 11492..11511
2026-09-08T10:21:25.427295Z  WARN foundry_evm_coverage::anchors: could not find anchor item=Branch (branch: 26, path: 0) (location: (source ID: 40, lines: 266..267, bytes: 11492..11511), hits: 0) err=Could not find anchor: No matching instruction in range source ID: 40, lines: 266..267, bytes: 11492..11511
2026-09-08T10:21:25.427297Z  WARN foundry_evm_coverage::anchors: could not find anchor item=Line (location: (source ID: 40, lines: 267..268, bytes: 11547..11570), hits: 0) err=Could not find anchor: No matching instruction in range source ID: 40, lines: 267..268, bytes: 11547..11570
2026-09-08T10:21:25.427299Z  WARN foundry_evm_coverage::anchors: could not find anchor item=Statement (location: (source ID: 40, lines: 267..268, bytes: 11547..11570), hits: 0) err=Could not find anchor: No matching instruction in range source ID: 40, lines: 267..268, bytes: 11547..11570
2026-09-08T10:21:25.427301Z  WARN foundry_evm_coverage::anchors: could not find anchor item=Branch (branch: 27, path: 0) (location: (source ID: 40, lines: 267..268, bytes: 11547..11570), hits: 0) err=Could not find anchor: No matching instruction in range source ID: 40, lines: 267..268, bytes: 11547..11570
2026-09-08T10:21:25.427303Z  WARN foundry_evm_coverage::anchors: could not find anchor item=Line (location: (source ID: 40, lines: 268..269, bytes: 11588..11612), hits: 0) err=Could not find anchor: No matching instruction in range source ID: 40, lines: 268..269, bytes: 11588..11612
2026-09-08T10:21:25.427307Z  WARN foundry_evm_coverage::anchors: could not find anchor item=Statement (location: (source ID: 40, lines: 268..269, bytes: 11588..11612), hits: 0) err=Could not find anchor: No matching instruction in range source ID: 40, lines: 268..269, bytes: 11588..11612
2026-09-08T10:21:25.427309Z  WARN foundry_evm_coverage::anchors: could not find anchor item=Statement (location: (source ID: 40, lines: 268..269, bytes: 11614..11635), hits: 0) err=Could not find anchor: No matching instruction in range source ID: 40, lines: 268..269, bytes: 11614..11635
2026-09-08T10:21:25.427311Z  WARN foundry_evm_coverage::anchors: could not find anchor item=Branch (branch: 28, path: 0) (location: (source ID: 40, lines: 268..269, bytes: 11614..11635), hits: 0) err=Could not find anchor: No matching instruction in range source ID: 40, lines: 268..269, bytes: 11614..11635
2026-09-08T10:21:25.427313Z  WARN foundry_evm_coverage::anchors: could not find anchor item=Line (location: (source ID: 40, lines: 269..270, bytes: 11649..11672), hits: 0) err=Could not find anchor: No matching instruction in range source ID: 40, lines: 269..270, bytes: 11649..11672
2026-09-08T10:21:25.427315Z  WARN foundry_evm_coverage::anchors: could not find anchor item=Statement (location: (source ID: 40, lines: 269..270, bytes: 11649..11672), hits: 0) err=Could not find anchor: No matching instruction in range source ID: 40, lines: 269..270, bytes: 11649..11672
2026-09-08T10:21:25.427336Z  WARN foundry_evm_coverage::anchors: could not find anchor item=Line (location: (source ID: 40, lines: 270..271, bytes: 11686..11711), hits: 0) err=Could not find anchor: No matching instruction in range source ID: 40, lines: 270..271, bytes: 11686..11711
2026-09-08T10:21:25.427341Z  WARN foundry_evm_coverage::anchors: could not find anchor item=Statement (location: (source ID: 40, lines: 270..271, bytes: 11686..11711), hits: 0) err=Could not find anchor: No matching instruction in range source ID: 40, lines: 270..271, bytes: 11686..11711
2026-09-08T10:21:25.427343Z  WARN foundry_evm_coverage::anchors: could not find anchor item=Line (location: (source ID: 40, lines: 271..272, bytes: 11725..11787), hits: 0) err=Could not find anchor: No matching instruction in range source ID: 40, lines: 271..272, bytes: 11725..11787
2026-09-08T10:21:25.427345Z  WARN foundry_evm_coverage::anchors: could not find anchor item=Statement (location: (source ID: 40, lines: 271..272, bytes: 11725..11787), hits: 0) err=Could not find anchor: No matching instruction in range source ID: 40, lines: 271..272, bytes: 11725..11787
2026-09-08T10:21:25.427347Z  WARN foundry_evm_coverage::anchors: could not find anchor item=Line (location: (source ID: 40, lines: 273..274, bytes: 11807..11834), hits: 0) err=Could not find anchor: No matching instruction in range source ID: 40, lines: 273..274, bytes: 11807..11834
2026-09-08T10:21:25.427349Z  WARN foundry_evm_coverage::anchors: could not find anchor item=Statement (location: (source ID: 40, lines: 273..274, bytes: 11807..11834), hits: 0) err=Could not find anchor: No matching instruction in range source ID: 40, lines: 273..274, bytes: 11807..11834
2026-09-08T10:21:25.427351Z  WARN foundry_evm_coverage::anchors: could not find anchor item=Line (location: (source ID: 40, lines: 274..275, bytes: 11844..11877), hits: 0) err=Could not find anchor: No matching instruction in range source ID: 40, lines: 274..275, bytes: 11844..11877
2026-09-08T10:21:25.427353Z  WARN foundry_evm_coverage::anchors: could not find anchor item=Statement (location: (source ID: 40, lines: 274..275, bytes: 11844..11877), hits: 0) err=Could not find anchor: No matching instruction in range source ID: 40, lines: 274..275, bytes: 11844..11877
2026-09-08T10:21:25.427355Z  WARN foundry_evm_coverage::anchors: could not find anchor item=Line (location: (source ID: 40, lines: 277..291, bytes: 11890..12591), hits: 0) err=Could not find anchor: No matching instruction in range source ID: 40, lines: 277..291, bytes: 11890..12591
2026-09-08T10:21:25.427364Z  WARN foundry_evm_coverage::anchors: could not find anchor item=Function "claimUnsold" (location: (source ID: 40, lines: 277..291, bytes: 11890..12591), hits: 0) err=Could not find anchor: No matching instruction in range source ID: 40, lines: 277..291, bytes: 11890..12591
2026-09-08T10:21:25.427366Z  WARN foundry_evm_coverage::anchors: could not find anchor item=Line (location: (source ID: 40, lines: 278..279, bytes: 11984..11992), hits: 0) err=Could not find anchor: No matching instruction in range source ID: 40, lines: 278..279, bytes: 11984..11992
2026-09-08T10:21:25.427369Z  WARN foundry_evm_coverage::anchors: could not find anchor item=Statement (location: (source ID: 40, lines: 278..279, bytes: 11984..11992), hits: 0) err=Could not find anchor: No matching instruction in range source ID: 40, lines: 278..279, bytes: 11984..11992
2026-09-08T10:21:25.427371Z  WARN foundry_evm_coverage::anchors: could not find anchor item=Statement (location: (source ID: 40, lines: 278..279, bytes: 11994..12013), hits: 0) err=Could not find anchor: No matching instruction in range source ID: 40, lines: 278..279, bytes: 11994..12013
2026-09-08T10:21:25.427373Z  WARN foundry_evm_coverage::anchors: could not find anchor item=Branch (branch: 29, path: 0) (location: (source ID: 40, lines: 278..279, bytes: 11994..12013), hits: 0) err=Could not find anchor: No matching instruction in range source ID: 40, lines: 278..279, bytes: 11994..12013
2026-09-08T10:21:25.427375Z  WARN foundry_evm_coverage::anchors: could not find anchor item=Line (location: (source ID: 40, lines: 279..280, bytes: 12027..12053), hits: 0) err=Could not find anchor: No matching instruction in range source ID: 40, lines: 279..280, bytes: 12027..12053
2026-09-08T10:21:25.427377Z  WARN foundry_evm_coverage::anchors: could not find anchor item=Statement (location: (source ID: 40, lines: 279..280, bytes: 12027..12053), hits: 0) err=Could not find anchor: No matching instruction in range source ID: 40, lines: 279..280, bytes: 12027..12053
2026-09-08T10:21:25.427379Z  WARN foundry_evm_coverage::anchors: could not find anchor item=Statement (location: (source ID: 40, lines: 279..280, bytes: 12055..12076), hits: 0) err=Could not find anchor: No matching instruction in range source ID: 40, lines: 279..280, bytes: 12055..12076
2026-09-08T10:21:25.427381Z  WARN foundry_evm_coverage::anchors: could not find anchor item=Branch (branch: 30, path: 0) (location: (source ID: 40, lines: 279..280, bytes: 12055..12076), hits: 0) err=Could not find anchor: No matching instruction in range source ID: 40, lines: 279..280, bytes: 12055..12076
2026-09-08T10:21:25.427383Z  WARN foundry_evm_coverage::anchors: could not find anchor item=Line (location: (source ID: 40, lines: 280..281, bytes: 12090..12113), hits: 0) err=Could not find anchor: No matching instruction in range source ID: 40, lines: 280..281, bytes: 12090..12113
2026-09-08T10:21:25.427385Z  WARN foundry_evm_coverage::anchors: could not find anchor item=Statement (location: (source ID: 40, lines: 280..281, bytes: 12090..12113), hits: 0) err=Could not find anchor: No matching instruction in range source ID: 40, lines: 280..281, bytes: 12090..12113
2026-09-08T10:21:25.427387Z  WARN foundry_evm_coverage::anchors: could not find anchor item=Statement (location: (source ID: 40, lines: 280..281, bytes: 12115..12140), hits: 0) err=Could not find anchor: No matching instruction in range source ID: 40, lines: 280..281, bytes: 12115..12140
2026-09-08T10:21:25.427389Z  WARN foundry_evm_coverage::anchors: could not find anchor item=Branch (branch: 31, path: 0) (location: (source ID: 40, lines: 280..281, bytes: 12115..12140), hits: 0) err=Could not find anchor: No matching instruction in range source ID: 40, lines: 280..281, bytes: 12115..12140
2026-09-08T10:21:25.427391Z  WARN foundry_evm_coverage::anchors: could not find anchor item=Line (location: (source ID: 40, lines: 281..282, bytes: 12154..12167), hits: 0) err=Could not find anchor: No matching instruction in range source ID: 40, lines: 281..282, bytes: 12154..12167
2026-09-08T10:21:25.427393Z  WARN foundry_evm_coverage::anchors: could not find anchor item=Statement (location: (source ID: 40, lines: 281..282, bytes: 12154..12167), hits: 0) err=Could not find anchor: No matching instruction in range source ID: 40, lines: 281..282, bytes: 12154..12167
2026-09-08T10:21:25.427395Z  WARN foundry_evm_coverage::anchors: could not find anchor item=Statement (location: (source ID: 40, lines: 281..282, bytes: 12154..12197), hits: 0) err=Could not find anchor: No matching instruction in range source ID: 40, lines: 281..282, bytes: 12154..12197
2026-09-08T10:21:25.427397Z  WARN foundry_evm_coverage::anchors: could not find anchor item=Statement (location: (source ID: 40, lines: 281..282, bytes: 12171..12197), hits: 0) err=Could not find anchor: No matching instruction in range source ID: 40, lines: 281..282, bytes: 12171..12197
2026-09-08T10:21:25.427423Z  WARN foundry_evm_coverage::anchors: could not find anchor item=Statement (location: (source ID: 40, lines: 281..282, bytes: 12199..12220), hits: 0) err=Could not find anchor: No matching instruction in range source ID: 40, lines: 281..282, bytes: 12199..12220
2026-09-08T10:21:25.427433Z  WARN foundry_evm_coverage::anchors: could not find anchor item=Branch (branch: 32, path: 0) (location: (source ID: 40, lines: 281..282, bytes: 12199..12220), hits: 0) err=Could not find anchor: No matching instruction in range source ID: 40, lines: 281..282, bytes: 12199..12220
2026-09-08T10:21:25.427460Z  WARN foundry_evm_coverage::anchors: could not find anchor item=Line (location: (source ID: 40, lines: 282..283, bytes: 12230..12281), hits: 0) err=Could not find anchor: No matching instruction in range source ID: 40, lines: 282..283, bytes: 12230..12281
2026-09-08T10:21:25.427465Z  WARN foundry_evm_coverage::anchors: could not find anchor item=Statement (location: (source ID: 40, lines: 282..283, bytes: 12230..12281), hits: 0) err=Could not find anchor: No matching instruction in range source ID: 40, lines: 282..283, bytes: 12230..12281
2026-09-08T10:21:25.427467Z  WARN foundry_evm_coverage::anchors: could not find anchor item=Statement (location: (source ID: 40, lines: 282..283, bytes: 12253..12281), hits: 0) err=Could not find anchor: No matching instruction in range source ID: 40, lines: 282..283, bytes: 12253..12281
2026-09-08T10:21:25.427470Z  WARN foundry_evm_coverage::anchors: could not find anchor item=Statement (location: (source ID: 40, lines: 282..283, bytes: 12262..12281), hits: 0) err=Could not find anchor: No matching instruction in range source ID: 40, lines: 282..283, bytes: 12262..12281
2026-09-08T10:21:25.427472Z  WARN foundry_evm_coverage::anchors: could not find anchor item=Line (location: (source ID: 40, lines: 283..284, bytes: 12291..12342), hits: 0) err=Could not find anchor: No matching instruction in range source ID: 40, lines: 283..284, bytes: 12291..12342
2026-09-08T10:21:25.427474Z  WARN foundry_evm_coverage::anchors: could not find anchor item=Statement (location: (source ID: 40, lines: 283..284, bytes: 12291..12342), hits: 0) err=Could not find anchor: No matching instruction in range source ID: 40, lines: 283..284, bytes: 12291..12342
2026-09-08T10:21:25.427476Z  WARN foundry_evm_coverage::anchors: could not find anchor item=Statement (location: (source ID: 40, lines: 283..284, bytes: 12319..12342), hits: 0) err=Could not find anchor: No matching instruction in range source ID: 40, lines: 283..284, bytes: 12319..12342
2026-09-08T10:21:25.427478Z  WARN foundry_evm_coverage::anchors: could not find anchor item=Line (location: (source ID: 40, lines: 284..285, bytes: 12357..12366), hits: 0) err=Could not find anchor: No matching instruction in range source ID: 40, lines: 284..285, bytes: 12357..12366
2026-09-08T10:21:25.427480Z  WARN foundry_evm_coverage::anchors: could not find anchor item=Statement (location: (source ID: 40, lines: 284..285, bytes: 12357..12366), hits: 0) err=Could not find anchor: No matching instruction in range source ID: 40, lines: 284..285, bytes: 12357..12366
2026-09-08T10:21:25.427482Z  WARN foundry_evm_coverage::anchors: could not find anchor item=Statement (location: (source ID: 40, lines: 284..285, bytes: 12368..12380), hits: 0) err=Could not find anchor: No matching instruction in range source ID: 40, lines: 284..285, bytes: 12368..12380
2026-09-08T10:21:25.427484Z  WARN foundry_evm_coverage::anchors: could not find anchor item=Statement (location: (source ID: 40, lines: 284..285, bytes: 12382..12385), hits: 0) err=Could not find anchor: No matching instruction in range source ID: 40, lines: 284..285, bytes: 12382..12385
2026-09-08T10:21:25.427486Z  WARN foundry_evm_coverage::anchors: could not find anchor item=Line (location: (source ID: 40, lines: 285..286, bytes: 12401..12431), hits: 0) err=Could not find anchor: No matching instruction in range source ID: 40, lines: 285..286, bytes: 12401..12431
2026-09-08T10:21:25.427488Z  WARN foundry_evm_coverage::anchors: could not find anchor item=Statement (location: (source ID: 40, lines: 285..286, bytes: 12401..12431), hits: 0) err=Could not find anchor: No matching instruction in range source ID: 40, lines: 285..286, bytes: 12401..12431
2026-09-08T10:21:25.427490Z  WARN foundry_evm_coverage::anchors: could not find anchor item=Line (location: (source ID: 40, lines: 287..288, bytes: 12451..12478), hits: 0) err=Could not find anchor: No matching instruction in range source ID: 40, lines: 287..288, bytes: 12451..12478
2026-09-08T10:21:25.427492Z  WARN foundry_evm_coverage::anchors: could not find anchor item=Statement (location: (source ID: 40, lines: 287..288, bytes: 12451..12478), hits: 0) err=Could not find anchor: No matching instruction in range source ID: 40, lines: 287..288, bytes: 12451..12478
2026-09-08T10:21:25.427494Z  WARN foundry_evm_coverage::anchors: could not find anchor item=Line (location: (source ID: 40, lines: 288..289, bytes: 12488..12521), hits: 0) err=Could not find anchor: No matching instruction in range source ID: 40, lines: 288..289, bytes: 12488..12521
2026-09-08T10:21:25.427496Z  WARN foundry_evm_coverage::anchors: could not find anchor item=Statement (location: (source ID: 40, lines: 288..289, bytes: 12488..12521), hits: 0) err=Could not find anchor: No matching instruction in range source ID: 40, lines: 288..289, bytes: 12488..12521
2026-09-08T10:21:25.427498Z  WARN foundry_evm_coverage::anchors: could not find anchor item=Line (location: (source ID: 40, lines: 289..290, bytes: 12531..12584), hits: 0) err=Could not find anchor: No matching instruction in range source ID: 40, lines: 289..290, bytes: 12531..12584
2026-09-08T10:21:25.427500Z  WARN foundry_evm_coverage::anchors: could not find anchor item=Statement (location: (source ID: 40, lines: 289..290, bytes: 12531..12584), hits: 0) err=Could not find anchor: No matching instruction in range source ID: 40, lines: 289..290, bytes: 12531..12584
2026-09-08T10:21:25.427502Z  WARN foundry_evm_coverage::anchors: could not find anchor item=Line (location: (source ID: 40, lines: 293..306, bytes: 12703..13389), hits: 0) err=Could not find anchor: No matching instruction in range source ID: 40, lines: 293..306, bytes: 12703..13389
2026-09-08T10:21:25.427504Z  WARN foundry_evm_coverage::anchors: could not find anchor item=Function "claimReserved" (location: (source ID: 40, lines: 293..306, bytes: 12703..13389), hits: 0) err=Could not find anchor: No matching instruction in range source ID: 40, lines: 293..306, bytes: 12703..13389
2026-09-08T10:21:25.427506Z  WARN foundry_evm_coverage::anchors: could not find anchor item=Line (location: (source ID: 40, lines: 294..295, bytes: 12799..12825), hits: 0) err=Could not find anchor: No matching instruction in range source ID: 40, lines: 294..295, bytes: 12799..12825
2026-09-08T10:21:25.427508Z  WARN foundry_evm_coverage::anchors: could not find anchor item=Statement (location: (source ID: 40, lines: 294..295, bytes: 12799..12825), hits: 0) err=Could not find anchor: No matching instruction in range source ID: 40, lines: 294..295, bytes: 12799..12825
2026-09-08T10:21:25.427510Z  WARN foundry_evm_coverage::anchors: could not find anchor item=Statement (location: (source ID: 40, lines: 294..295, bytes: 12827..12848), hits: 0) err=Could not find anchor: No matching instruction in range source ID: 40, lines: 294..295, bytes: 12827..12848
2026-09-08T10:21:25.427514Z  WARN foundry_evm_coverage::anchors: could not find anchor item=Branch (branch: 33, path: 0) (location: (source ID: 40, lines: 294..295, bytes: 12827..12848), hits: 0) err=Could not find anchor: No matching instruction in range source ID: 40, lines: 294..295, bytes: 12827..12848
2026-09-08T10:21:25.427516Z  WARN foundry_evm_coverage::anchors: could not find anchor item=Line (location: (source ID: 40, lines: 295..296, bytes: 12862..12885), hits: 0) err=Could not find anchor: No matching instruction in range source ID: 40, lines: 295..296, bytes: 12862..12885
2026-09-08T10:21:25.427518Z  WARN foundry_evm_coverage::anchors: could not find anchor item=Statement (location: (source ID: 40, lines: 295..296, bytes: 12862..12885), hits: 0) err=Could not find anchor: No matching instruction in range source ID: 40, lines: 295..296, bytes: 12862..12885
2026-09-08T10:21:25.427520Z  WARN foundry_evm_coverage::anchors: could not find anchor item=Statement (location: (source ID: 40, lines: 295..296, bytes: 12887..12912), hits: 0) err=Could not find anchor: No matching instruction in range source ID: 40, lines: 295..296, bytes: 12887..12912
2026-09-08T10:21:25.427522Z  WARN foundry_evm_coverage::anchors: could not find anchor item=Branch (branch: 34, path: 0) (location: (source ID: 40, lines: 295..296, bytes: 12887..12912), hits: 0) err=Could not find anchor: No matching instruction in range source ID: 40, lines: 295..296, bytes: 12887..12912
2026-09-08T10:21:25.427524Z  WARN foundry_evm_coverage::anchors: could not find anchor item=Line (location: (source ID: 40, lines: 296..297, bytes: 12926..12939), hits: 0) err=Could not find anchor: No matching instruction in range source ID: 40, lines: 296..297, bytes: 12926..12939
2026-09-08T10:21:25.427526Z  WARN foundry_evm_coverage::anchors: could not find anchor item=Statement (location: (source ID: 40, lines: 296..297, bytes: 12926..12939), hits: 0) err=Could not find anchor: No matching instruction in range source ID: 40, lines: 296..297, bytes: 12926..12939
2026-09-08T10:21:25.427528Z  WARN foundry_evm_coverage::anchors: could not find anchor item=Statement (location: (source ID: 40, lines: 296..297, bytes: 12926..12971), hits: 0) err=Could not find anchor: No matching instruction in range source ID: 40, lines: 296..297, bytes: 12926..12971
2026-09-08T10:21:25.427530Z  WARN foundry_evm_coverage::anchors: could not find anchor item=Statement (location: (source ID: 40, lines: 296..297, bytes: 12943..12971), hits: 0) err=Could not find anchor: No matching instruction in range source ID: 40, lines: 296..297, bytes: 12943..12971
2026-09-08T10:21:25.427532Z  WARN foundry_evm_coverage::anchors: could not find anchor item=Statement (location: (source ID: 40, lines: 296..297, bytes: 12973..12994), hits: 0) err=Could not find anchor: No matching instruction in range source ID: 40, lines: 296..297, bytes: 12973..12994
2026-09-08T10:21:25.427534Z  WARN foundry_evm_coverage::anchors: could not find anchor item=Branch (branch: 35, path: 0) (location: (source ID: 40, lines: 296..297, bytes: 12973..12994), hits: 0) err=Could not find anchor: No matching instruction in range source ID: 40, lines: 296..297, bytes: 12973..12994
2026-09-08T10:21:25.427536Z  WARN foundry_evm_coverage::anchors: could not find anchor item=Line (location: (source ID: 40, lines: 297..298, bytes: 13004..13075), hits: 0) err=Could not find anchor: No matching instruction in range source ID: 40, lines: 297..298, bytes: 13004..13075
2026-09-08T10:21:25.427538Z  WARN foundry_evm_coverage::anchors: could not find anchor item=Statement (location: (source ID: 40, lines: 297..298, bytes: 13004..13075), hits: 0) err=Could not find anchor: No matching instruction in range source ID: 40, lines: 297..298, bytes: 13004..13075
2026-09-08T10:21:25.427540Z  WARN foundry_evm_coverage::anchors: could not find anchor item=Statement (location: (source ID: 40, lines: 297..298, bytes: 13027..13075), hits: 0) err=Could not find anchor: No matching instruction in range source ID: 40, lines: 297..298, bytes: 13027..13075
2026-09-08T10:21:25.427542Z  WARN foundry_evm_coverage::anchors: could not find anchor item=Statement (location: (source ID: 40, lines: 297..298, bytes: 13036..13075), hits: 0) err=Could not find anchor: No matching instruction in range source ID: 40, lines: 297..298, bytes: 13036..13075
2026-09-08T10:21:25.427556Z  WARN foundry_evm_coverage::anchors: could not find anchor item=Statement (location: (source ID: 40, lines: 297..298, bytes: 13054..13075), hits: 0) err=Could not find anchor: No matching instruction in range source ID: 40, lines: 297..298, bytes: 13054..13075
2026-09-08T10:21:25.427558Z  WARN foundry_evm_coverage::anchors: could not find anchor item=Line (location: (source ID: 40, lines: 298..299, bytes: 13085..13136), hits: 0) err=Could not find anchor: No matching instruction in range source ID: 40, lines: 298..299, bytes: 13085..13136
2026-09-08T10:21:25.427560Z  WARN foundry_evm_coverage::anchors: could not find anchor item=Statement (location: (source ID: 40, lines: 298..299, bytes: 13085..13136), hits: 0) err=Could not find anchor: No matching instruction in range source ID: 40, lines: 298..299, bytes: 13085..13136
2026-09-08T10:21:25.427562Z  WARN foundry_evm_coverage::anchors: could not find anchor item=Statement (location: (source ID: 40, lines: 298..299, bytes: 13113..13136), hits: 0) err=Could not find anchor: No matching instruction in range source ID: 40, lines: 298..299, bytes: 13113..13136
2026-09-08T10:21:25.427564Z  WARN foundry_evm_coverage::anchors: could not find anchor item=Line (location: (source ID: 40, lines: 299..300, bytes: 13151..13160), hits: 0) err=Could not find anchor: No matching instruction in range source ID: 40, lines: 299..300, bytes: 13151..13160
2026-09-08T10:21:25.427566Z  WARN foundry_evm_coverage::anchors: could not find anchor item=Statement (location: (source ID: 40, lines: 299..300, bytes: 13151..13160), hits: 0) err=Could not find anchor: No matching instruction in range source ID: 40, lines: 299..300, bytes: 13151..13160
2026-09-08T10:21:25.427568Z  WARN foundry_evm_coverage::anchors: could not find anchor item=Statement (location: (source ID: 40, lines: 299..300, bytes: 13162..13174), hits: 0) err=Could not find anchor: No matching instruction in range source ID: 40, lines: 299..300, bytes: 13162..13174
2026-09-08T10:21:25.427570Z  WARN foundry_evm_coverage::anchors: could not find anchor item=Statement (location: (source ID: 40, lines: 299..300, bytes: 13176..13179), hits: 0) err=Could not find anchor: No matching instruction in range source ID: 40, lines: 299..300, bytes: 13176..13179
2026-09-08T10:21:25.427572Z  WARN foundry_evm_coverage::anchors: could not find anchor item=Line (location: (source ID: 40, lines: 300..301, bytes: 13195..13225), hits: 0) err=Could not find anchor: No matching instruction in range source ID: 40, lines: 300..301, bytes: 13195..13225
2026-09-08T10:21:25.427574Z  WARN foundry_evm_coverage::anchors: could not find anchor item=Statement (location: (source ID: 40, lines: 300..301, bytes: 13195..13225), hits: 0) err=Could not find anchor: No matching instruction in range source ID: 40, lines: 300..301, bytes: 13195..13225
2026-09-08T10:21:25.427576Z  WARN foundry_evm_coverage::anchors: could not find anchor item=Line (location: (source ID: 40, lines: 302..303, bytes: 13245..13274), hits: 0) err=Could not find anchor: No matching instruction in range source ID: 40, lines: 302..303, bytes: 13245..13274
2026-09-08T10:21:25.427578Z  WARN foundry_evm_coverage::anchors: could not find anchor item=Statement (location: (source ID: 40, lines: 302..303, bytes: 13245..13274), hits: 0) err=Could not find anchor: No matching instruction in range source ID: 40, lines: 302..303, bytes: 13245..13274
2026-09-08T10:21:25.427580Z  WARN foundry_evm_coverage::anchors: could not find anchor item=Line (location: (source ID: 40, lines: 303..304, bytes: 13284..13317), hits: 0) err=Could not find anchor: No matching instruction in range source ID: 40, lines: 303..304, bytes: 13284..13317
2026-09-08T10:21:25.427582Z  WARN foundry_evm_coverage::anchors: could not find anchor item=Statement (location: (source ID: 40, lines: 303..304, bytes: 13284..13317), hits: 0) err=Could not find anchor: No matching instruction in range source ID: 40, lines: 303..304, bytes: 13284..13317
2026-09-08T10:21:25.427591Z  WARN foundry_evm_coverage::anchors: could not find anchor item=Line (location: (source ID: 40, lines: 304..305, bytes: 13327..13382), hits: 0) err=Could not find anchor: No matching instruction in range source ID: 40, lines: 304..305, bytes: 13327..13382
2026-09-08T10:21:25.427608Z  WARN foundry_evm_coverage::anchors: could not find anchor item=Statement (location: (source ID: 40, lines: 304..305, bytes: 13327..13382), hits: 0) err=Could not find anchor: No matching instruction in range source ID: 40, lines: 304..305, bytes: 13327..13382
2026-09-08T10:21:25.427615Z  WARN foundry_evm_coverage::anchors: could not find anchor item=Line (location: (source ID: 40, lines: 309..312, bytes: 13604..13713), hits: 0) err=Could not find anchor: No matching instruction in range source ID: 40, lines: 309..312, bytes: 13604..13713
2026-09-08T10:21:25.427619Z  WARN foundry_evm_coverage::anchors: could not find anchor item=Function "recoveryAvailableAt" (location: (source ID: 40, lines: 309..312, bytes: 13604..13713), hits: 0) err=Could not find anchor: No matching instruction in range source ID: 40, lines: 309..312, bytes: 13604..13713
2026-09-08T10:21:25.427621Z  WARN foundry_evm_coverage::anchors: could not find anchor item=Line (location: (source ID: 40, lines: 310..311, bytes: 13675..13706), hits: 0) err=Could not find anchor: No matching instruction in range source ID: 40, lines: 310..311, bytes: 13675..13706
2026-09-08T10:21:25.427624Z  WARN foundry_evm_coverage::anchors: could not find anchor item=Statement (location: (source ID: 40, lines: 310..311, bytes: 13675..13706), hits: 0) err=Could not find anchor: No matching instruction in range source ID: 40, lines: 310..311, bytes: 13675..13706
2026-09-08T10:21:25.427626Z  WARN foundry_evm_coverage::anchors: could not find anchor item=Statement (location: (source ID: 40, lines: 310..311, bytes: 13682..13706), hits: 0) err=Could not find anchor: No matching instruction in range source ID: 40, lines: 310..311, bytes: 13682..13706
2026-09-08T10:21:25.427628Z  WARN foundry_evm_coverage::anchors: could not find anchor item=Line (location: (source ID: 40, lines: 314..317, bytes: 13823..13948), hits: 0) err=Could not find anchor: No matching instruction in range source ID: 40, lines: 314..317, bytes: 13823..13948
2026-09-08T10:21:25.427630Z  WARN foundry_evm_coverage::anchors: could not find anchor item=Function "refunds" (location: (source ID: 40, lines: 314..317, bytes: 13823..13948), hits: 0) err=Could not find anchor: No matching instruction in range source ID: 40, lines: 314..317, bytes: 13823..13948
2026-09-08T10:21:25.427633Z  WARN foundry_evm_coverage::anchors: could not find anchor item=Line (location: (source ID: 40, lines: 315..316, bytes: 13898..13941), hits: 0) err=Could not find anchor: No matching instruction in range source ID: 40, lines: 315..316, bytes: 13898..13941
2026-09-08T10:21:25.427635Z  WARN foundry_evm_coverage::anchors: could not find anchor item=Statement (location: (source ID: 40, lines: 315..316, bytes: 13898..13941), hits: 0) err=Could not find anchor: No matching instruction in range source ID: 40, lines: 315..316, bytes: 13898..13941
2026-09-08T10:21:25.427637Z  WARN foundry_evm_coverage::anchors: could not find anchor item=Statement (location: (source ID: 40, lines: 315..316, bytes: 13905..13941), hits: 0) err=Could not find anchor: No matching instruction in range source ID: 40, lines: 315..316, bytes: 13905..13941
2026-09-08T10:21:25.427639Z  WARN foundry_evm_coverage::anchors: could not find anchor item=Line (location: (source ID: 40, lines: 318..326, bytes: 13954..14273), hits: 0) err=Could not find anchor: No matching instruction in range source ID: 40, lines: 318..326, bytes: 13954..14273
2026-09-08T10:21:25.427655Z  WARN foundry_evm_coverage::anchors: could not find anchor item=Function "withdrawRefund" (location: (source ID: 40, lines: 318..326, bytes: 13954..14273), hits: 0) err=Could not find anchor: No matching instruction in range source ID: 40, lines: 318..326, bytes: 13954..14273
2026-09-08T10:21:25.427668Z  WARN foundry_evm_coverage::anchors: could not find anchor item=Line (location: (source ID: 40, lines: 319..320, bytes: 14037..14058), hits: 0) err=Could not find anchor: No matching instruction in range source ID: 40, lines: 319..320, bytes: 14037..14058
2026-09-08T10:21:25.427670Z  WARN foundry_evm_coverage::anchors: could not find anchor item=Statement (location: (source ID: 40, lines: 319..320, bytes: 14037..14058), hits: 0) err=Could not find anchor: No matching instruction in range source ID: 40, lines: 319..320, bytes: 14037..14058
2026-09-08T10:21:25.427672Z  WARN foundry_evm_coverage::anchors: could not find anchor item=Line (location: (source ID: 40, lines: 320..321, bytes: 14068..14105), hits: 0) err=Could not find anchor: No matching instruction in range source ID: 40, lines: 320..321, bytes: 14068..14105
2026-09-08T10:21:25.427674Z  WARN foundry_evm_coverage::anchors: could not find anchor item=Statement (location: (source ID: 40, lines: 320..321, bytes: 14068..14105), hits: 0) err=Could not find anchor: No matching instruction in range source ID: 40, lines: 320..321, bytes: 14068..14105
2026-09-08T10:21:25.427677Z  WARN foundry_evm_coverage::anchors: could not find anchor item=Line (location: (source ID: 40, lines: 321..322, bytes: 14115..14139), hits: 0) err=Could not find anchor: No matching instruction in range source ID: 40, lines: 321..322, bytes: 14115..14139
2026-09-08T10:21:25.427679Z  WARN foundry_evm_coverage::anchors: could not find anchor item=Statement (location: (source ID: 40, lines: 321..322, bytes: 14115..14139), hits: 0) err=Could not find anchor: No matching instruction in range source ID: 40, lines: 321..322, bytes: 14115..14139
2026-09-08T10:21:25.427681Z  WARN foundry_evm_coverage::anchors: could not find anchor item=Line (location: (source ID: 40, lines: 322..323, bytes: 14149..14171), hits: 0) err=Could not find anchor: No matching instruction in range source ID: 40, lines: 322..323, bytes: 14149..14171
2026-09-08T10:21:25.427683Z  WARN foundry_evm_coverage::anchors: could not find anchor item=Statement (location: (source ID: 40, lines: 322..323, bytes: 14149..14171), hits: 0) err=Could not find anchor: No matching instruction in range source ID: 40, lines: 322..323, bytes: 14149..14171
2026-09-08T10:21:25.427685Z  WARN foundry_evm_coverage::anchors: could not find anchor item=Line (location: (source ID: 40, lines: 323..324, bytes: 14181..14205), hits: 0) err=Could not find anchor: No matching instruction in range source ID: 40, lines: 323..324, bytes: 14181..14205
2026-09-08T10:21:25.427687Z  WARN foundry_evm_coverage::anchors: could not find anchor item=Statement (location: (source ID: 40, lines: 323..324, bytes: 14181..14205), hits: 0) err=Could not find anchor: No matching instruction in range source ID: 40, lines: 323..324, bytes: 14181..14205
2026-09-08T10:21:25.427689Z  WARN foundry_evm_coverage::anchors: could not find anchor item=Line (location: (source ID: 40, lines: 324..325, bytes: 14215..14266), hits: 0) err=Could not find anchor: No matching instruction in range source ID: 40, lines: 324..325, bytes: 14215..14266
2026-09-08T10:21:25.427691Z  WARN foundry_evm_coverage::anchors: could not find anchor item=Statement (location: (source ID: 40, lines: 324..325, bytes: 14215..14266), hits: 0) err=Could not find anchor: No matching instruction in range source ID: 40, lines: 324..325, bytes: 14215..14266
2026-09-08T10:21:25.427693Z  WARN foundry_evm_coverage::anchors: could not find anchor item=Line (location: (source ID: 40, lines: 327..334, bytes: 14279..14580), hits: 0) err=Could not find anchor: No matching instruction in range source ID: 40, lines: 327..334, bytes: 14279..14580
2026-09-08T10:21:25.427697Z  WARN foundry_evm_coverage::anchors: could not find anchor item=Function "withdrawProceeds" (location: (source ID: 40, lines: 327..334, bytes: 14279..14580), hits: 0) err=Could not find anchor: No matching instruction in range source ID: 40, lines: 327..334, bytes: 14279..14580
2026-09-08T10:21:25.427699Z  WARN foundry_evm_coverage::anchors: could not find anchor item=Line (location: (source ID: 40, lines: 328..329, bytes: 14368..14394), hits: 0) err=Could not find anchor: No matching instruction in range source ID: 40, lines: 328..329, bytes: 14368..14394
2026-09-08T10:21:25.427701Z  WARN foundry_evm_coverage::anchors: could not find anchor item=Statement (location: (source ID: 40, lines: 328..329, bytes: 14368..14394), hits: 0) err=Could not find anchor: No matching instruction in range source ID: 40, lines: 328..329, bytes: 14368..14394
2026-09-08T10:21:25.427703Z  WARN foundry_evm_coverage::anchors: could not find anchor item=Statement (location: (source ID: 40, lines: 328..329, bytes: 14396..14417), hits: 0) err=Could not find anchor: No matching instruction in range source ID: 40, lines: 328..329, bytes: 14396..14417
2026-09-08T10:21:25.427705Z  WARN foundry_evm_coverage::anchors: could not find anchor item=Branch (branch: 36, path: 0) (location: (source ID: 40, lines: 328..329, bytes: 14396..14417), hits: 0) err=Could not find anchor: No matching instruction in range source ID: 40, lines: 328..329, bytes: 14396..14417
2026-09-08T10:21:25.427707Z  WARN foundry_evm_coverage::anchors: could not find anchor item=Line (location: (source ID: 40, lines: 329..330, bytes: 14427..14459), hits: 0) err=Could not find anchor: No matching instruction in range source ID: 40, lines: 329..330, bytes: 14427..14459
2026-09-08T10:21:25.427709Z  WARN foundry_evm_coverage::anchors: could not find anchor item=Statement (location: (source ID: 40, lines: 329..330, bytes: 14427..14459), hits: 0) err=Could not find anchor: No matching instruction in range source ID: 40, lines: 329..330, bytes: 14427..14459
2026-09-08T10:21:25.427711Z  WARN foundry_evm_coverage::anchors: could not find anchor item=Line (location: (source ID: 40, lines: 330..331, bytes: 14469..14488), hits: 0) err=Could not find anchor: No matching instruction in range source ID: 40, lines: 330..331, bytes: 14469..14488
2026-09-08T10:21:25.427713Z  WARN foundry_evm_coverage::anchors: could not find anchor item=Statement (location: (source ID: 40, lines: 330..331, bytes: 14469..14488), hits: 0) err=Could not find anchor: No matching instruction in range source ID: 40, lines: 330..331, bytes: 14469..14488
2026-09-08T10:21:25.427715Z  WARN foundry_evm_coverage::anchors: could not find anchor item=Line (location: (source ID: 40, lines: 331..332, bytes: 14498..14522), hits: 0) err=Could not find anchor: No matching instruction in range source ID: 40, lines: 331..332, bytes: 14498..14522
2026-09-08T10:21:25.427717Z  WARN foundry_evm_coverage::anchors: could not find anchor item=Statement (location: (source ID: 40, lines: 331..332, bytes: 14498..14522), hits: 0) err=Could not find anchor: No matching instruction in range source ID: 40, lines: 331..332, bytes: 14498..14522
2026-09-08T10:21:25.427720Z  WARN foundry_evm_coverage::anchors: could not find anchor item=Line (location: (source ID: 40, lines: 332..333, bytes: 14532..14573), hits: 0) err=Could not find anchor: No matching instruction in range source ID: 40, lines: 332..333, bytes: 14532..14573
2026-09-08T10:21:25.427721Z  WARN foundry_evm_coverage::anchors: could not find anchor item=Statement (location: (source ID: 40, lines: 332..333, bytes: 14532..14573), hits: 0) err=Could not find anchor: No matching instruction in range source ID: 40, lines: 332..333, bytes: 14532..14573
2026-09-08T10:21:25.427724Z  WARN foundry_evm_coverage::anchors: could not find anchor item=Line (location: (source ID: 40, lines: 337..349, bytes: 14809..15327), hits: 0) err=Could not find anchor: No matching instruction in range source ID: 40, lines: 337..349, bytes: 14809..15327
2026-09-08T10:21:25.427726Z  WARN foundry_evm_coverage::anchors: could not find anchor item=Function "withdrawUnclaimedETH" (location: (source ID: 40, lines: 337..349, bytes: 14809..15327), hits: 0) err=Could not find anchor: No matching instruction in range source ID: 40, lines: 337..349, bytes: 14809..15327
2026-09-08T10:21:25.427728Z  WARN foundry_evm_coverage::anchors: could not find anchor item=Line (location: (source ID: 40, lines: 338..339, bytes: 14902..14928), hits: 0) err=Could not find anchor: No matching instruction in range source ID: 40, lines: 338..339, bytes: 14902..14928
2026-09-08T10:21:25.427730Z  WARN foundry_evm_coverage::anchors: could not find anchor item=Statement (location: (source ID: 40, lines: 338..339, bytes: 14902..14928), hits: 0) err=Could not find anchor: No matching instruction in range source ID: 40, lines: 338..339, bytes: 14902..14928
2026-09-08T10:21:25.427732Z  WARN foundry_evm_coverage::anchors: could not find anchor item=Statement (location: (source ID: 40, lines: 338..339, bytes: 14930..14951), hits: 0) err=Could not find anchor: No matching instruction in range source ID: 40, lines: 338..339, bytes: 14930..14951
2026-09-08T10:21:25.427734Z  WARN foundry_evm_coverage::anchors: could not find anchor item=Branch (branch: 37, path: 0) (location: (source ID: 40, lines: 338..339, bytes: 14930..14951), hits: 0) err=Could not find anchor: No matching instruction in range source ID: 40, lines: 338..339, bytes: 14930..14951
2026-09-08T10:21:25.427736Z  WARN foundry_evm_coverage::anchors: could not find anchor item=Line (location: (source ID: 40, lines: 339..340, bytes: 14965..14973), hits: 0) err=Could not find anchor: No matching instruction in range source ID: 40, lines: 339..340, bytes: 14965..14973
2026-09-08T10:21:25.427738Z  WARN foundry_evm_coverage::anchors: could not find anchor item=Statement (location: (source ID: 40, lines: 339..340, bytes: 14965..14973), hits: 0) err=Could not find anchor: No matching instruction in range source ID: 40, lines: 339..340, bytes: 14965..14973
2026-09-08T10:21:25.427740Z  WARN foundry_evm_coverage::anchors: could not find anchor item=Statement (location: (source ID: 40, lines: 339..340, bytes: 14975..14994), hits: 0) err=Could not find anchor: No matching instruction in range source ID: 40, lines: 339..340, bytes: 14975..14994
2026-09-08T10:21:25.427742Z  WARN foundry_evm_coverage::anchors: could not find anchor item=Branch (branch: 38, path: 0) (location: (source ID: 40, lines: 339..340, bytes: 14975..14994), hits: 0) err=Could not find anchor: No matching instruction in range source ID: 40, lines: 339..340, bytes: 14975..14994
2026-09-08T10:21:25.427744Z  WARN foundry_evm_coverage::anchors: could not find anchor item=Line (location: (source ID: 40, lines: 340..341, bytes: 15008..15047), hits: 0) err=Could not find anchor: No matching instruction in range source ID: 40, lines: 340..341, bytes: 15008..15047
2026-09-08T10:21:25.427746Z  WARN foundry_evm_coverage::anchors: could not find anchor item=Statement (location: (source ID: 40, lines: 340..341, bytes: 15008..15047), hits: 0) err=Could not find anchor: No matching instruction in range source ID: 40, lines: 340..341, bytes: 15008..15047
2026-09-08T10:21:25.427748Z  WARN foundry_evm_coverage::anchors: could not find anchor item=Statement (location: (source ID: 40, lines: 340..341, bytes: 15026..15047), hits: 0) err=Could not find anchor: No matching instruction in range source ID: 40, lines: 340..341, bytes: 15026..15047
2026-09-08T10:21:25.427751Z  WARN foundry_evm_coverage::anchors: could not find anchor item=Statement (location: (source ID: 40, lines: 340..341, bytes: 15049..15078), hits: 0) err=Could not find anchor: No matching instruction in range source ID: 40, lines: 340..341, bytes: 15049..15078
2026-09-08T10:21:25.427753Z  WARN foundry_evm_coverage::anchors: could not find anchor item=Branch (branch: 39, path: 0) (location: (source ID: 40, lines: 340..341, bytes: 15049..15078), hits: 0) err=Could not find anchor: No matching instruction in range source ID: 40, lines: 340..341, bytes: 15049..15078
2026-09-08T10:21:25.427755Z  WARN foundry_evm_coverage::anchors: could not find anchor item=Line (location: (source ID: 40, lines: 341..342, bytes: 15088..15126), hits: 0) err=Could not find anchor: No matching instruction in range source ID: 40, lines: 341..342, bytes: 15088..15126
2026-09-08T10:21:25.427757Z  WARN foundry_evm_coverage::anchors: could not find anchor item=Statement (location: (source ID: 40, lines: 341..342, bytes: 15088..15126), hits: 0) err=Could not find anchor: No matching instruction in range source ID: 40, lines: 341..342, bytes: 15088..15126
2026-09-08T10:21:25.427759Z  WARN foundry_evm_coverage::anchors: could not find anchor item=Line (location: (source ID: 40, lines: 342..343, bytes: 15136..15156), hits: 0) err=Could not find anchor: No matching instruction in range source ID: 40, lines: 342..343, bytes: 15136..15156
2026-09-08T10:21:25.427761Z  WARN foundry_evm_coverage::anchors: could not find anchor item=Statement (location: (source ID: 40, lines: 342..343, bytes: 15136..15156), hits: 0) err=Could not find anchor: No matching instruction in range source ID: 40, lines: 342..343, bytes: 15136..15156
2026-09-08T10:21:25.427763Z  WARN foundry_evm_coverage::anchors: could not find anchor item=Line (location: (source ID: 40, lines: 343..344, bytes: 15166..15176), hits: 0) err=Could not find anchor: No matching instruction in range source ID: 40, lines: 343..344, bytes: 15166..15176
2026-09-08T10:21:25.427765Z  WARN foundry_evm_coverage::anchors: could not find anchor item=Statement (location: (source ID: 40, lines: 343..344, bytes: 15166..15176), hits: 0) err=Could not find anchor: No matching instruction in range source ID: 40, lines: 343..344, bytes: 15166..15176
2026-09-08T10:21:25.427767Z  WARN foundry_evm_coverage::anchors: could not find anchor item=Line (location: (source ID: 40, lines: 344..345, bytes: 15186..15202), hits: 0) err=Could not find anchor: No matching instruction in range source ID: 40, lines: 344..345, bytes: 15186..15202
2026-09-08T10:21:25.427769Z  WARN foundry_evm_coverage::anchors: could not find anchor item=Statement (location: (source ID: 40, lines: 344..345, bytes: 15186..15202), hits: 0) err=Could not find anchor: No matching instruction in range source ID: 40, lines: 344..345, bytes: 15186..15202
2026-09-08T10:21:25.427771Z  WARN foundry_evm_coverage::anchors: could not find anchor item=Line (location: (source ID: 40, lines: 345..346, bytes: 15212..15231), hits: 0) err=Could not find anchor: No matching instruction in range source ID: 40, lines: 345..346, bytes: 15212..15231
2026-09-08T10:21:25.427773Z  WARN foundry_evm_coverage::anchors: could not find anchor item=Statement (location: (source ID: 40, lines: 345..346, bytes: 15212..15231), hits: 0) err=Could not find anchor: No matching instruction in range source ID: 40, lines: 345..346, bytes: 15212..15231
2026-09-08T10:21:25.427775Z  WARN foundry_evm_coverage::anchors: could not find anchor item=Line (location: (source ID: 40, lines: 346..347, bytes: 15241..15265), hits: 0) err=Could not find anchor: No matching instruction in range source ID: 40, lines: 346..347, bytes: 15241..15265
2026-09-08T10:21:25.427777Z  WARN foundry_evm_coverage::anchors: could not find anchor item=Statement (location: (source ID: 40, lines: 346..347, bytes: 15241..15265), hits: 0) err=Could not find anchor: No matching instruction in range source ID: 40, lines: 346..347, bytes: 15241..15265
2026-09-08T10:21:25.427779Z  WARN foundry_evm_coverage::anchors: could not find anchor item=Line (location: (source ID: 40, lines: 347..348, bytes: 15275..15320), hits: 0) err=Could not find anchor: No matching instruction in range source ID: 40, lines: 347..348, bytes: 15275..15320
2026-09-08T10:21:25.427781Z  WARN foundry_evm_coverage::anchors: could not find anchor item=Statement (location: (source ID: 40, lines: 347..348, bytes: 15275..15320), hits: 0) err=Could not find anchor: No matching instruction in range source ID: 40, lines: 347..348, bytes: 15275..15320
2026-09-08T10:21:25.427783Z  WARN foundry_evm_coverage::anchors: could not find anchor item=Line (location: (source ID: 40, lines: 352..355, bytes: 15540..15656), hits: 0) err=Could not find anchor: No matching instruction in range source ID: 40, lines: 352..355, bytes: 15540..15656
2026-09-08T10:21:25.427785Z  WARN foundry_evm_coverage::anchors: could not find anchor item=Function "liabilities" (location: (source ID: 40, lines: 352..355, bytes: 15540..15656), hits: 0) err=Could not find anchor: No matching instruction in range source ID: 40, lines: 352..355, bytes: 15540..15656
2026-09-08T10:21:25.427787Z  WARN foundry_evm_coverage::anchors: could not find anchor item=Line (location: (source ID: 40, lines: 353..354, bytes: 15603..15649), hits: 0) err=Could not find anchor: No matching instruction in range source ID: 40, lines: 353..354, bytes: 15603..15649
2026-09-08T10:21:25.427789Z  WARN foundry_evm_coverage::anchors: could not find anchor item=Statement (location: (source ID: 40, lines: 353..354, bytes: 15603..15649), hits: 0) err=Could not find anchor: No matching instruction in range source ID: 40, lines: 353..354, bytes: 15603..15649
2026-09-08T10:21:25.427791Z  WARN foundry_evm_coverage::anchors: could not find anchor item=Statement (location: (source ID: 40, lines: 353..354, bytes: 15610..15649), hits: 0) err=Could not find anchor: No matching instruction in range source ID: 40, lines: 353..354, bytes: 15610..15649
2026-09-08T10:21:25.427793Z  WARN foundry_evm_coverage::anchors: could not find anchor item=Statement (location: (source ID: 40, lines: 353..354, bytes: 15619..15649), hits: 0) err=Could not find anchor: No matching instruction in range source ID: 40, lines: 353..354, bytes: 15619..15649
2026-09-08T10:21:25.427795Z  WARN foundry_evm_coverage::anchors: could not find anchor item=Line (location: (source ID: 40, lines: 357..373, bytes: 15750..16366), hits: 0) err=Could not find anchor: No matching instruction in range source ID: 40, lines: 357..373, bytes: 15750..16366
2026-09-08T10:21:25.427797Z  WARN foundry_evm_coverage::anchors: could not find anchor item=Function "rankedBids" (location: (source ID: 40, lines: 357..373, bytes: 15750..16366), hits: 0) err=Could not find anchor: No matching instruction in range source ID: 40, lines: 357..373, bytes: 15750..16366
2026-09-08T10:21:25.427799Z  WARN foundry_evm_coverage::anchors: could not find anchor item=Line (location: (source ID: 40, lines: 358..359, bytes: 15873..15883), hits: 0) err=Could not find anchor: No matching instruction in range source ID: 40, lines: 358..359, bytes: 15873..15883
2026-09-08T10:21:25.427801Z  WARN foundry_evm_coverage::anchors: could not find anchor item=Statement (location: (source ID: 40, lines: 358..359, bytes: 15873..15883), hits: 0) err=Could not find anchor: No matching instruction in range source ID: 40, lines: 358..359, bytes: 15873..15883
2026-09-08T10:21:25.427803Z  WARN foundry_evm_coverage::anchors: could not find anchor item=Statement (location: (source ID: 40, lines: 358..359, bytes: 15873..15901), hits: 0) err=Could not find anchor: No matching instruction in range source ID: 40, lines: 358..359, bytes: 15873..15901
2026-09-08T10:21:25.427805Z  WARN foundry_evm_coverage::anchors: could not find anchor item=Statement (location: (source ID: 40, lines: 358..359, bytes: 15887..15901), hits: 0) err=Could not find anchor: No matching instruction in range source ID: 40, lines: 358..359, bytes: 15887..15901
2026-09-08T10:21:25.427807Z  WARN foundry_evm_coverage::anchors: could not find anchor item=Statement (location: (source ID: 40, lines: 358..359, bytes: 15903..15924), hits: 0) err=Could not find anchor: No matching instruction in range source ID: 40, lines: 358..359, bytes: 15903..15924
2026-09-08T10:21:25.427809Z  WARN foundry_evm_coverage::anchors: could not find anchor item=Branch (branch: 40, path: 0) (location: (source ID: 40, lines: 358..359, bytes: 15903..15924), hits: 0) err=Could not find anchor: No matching instruction in range source ID: 40, lines: 358..359, bytes: 15903..15924
2026-09-08T10:21:25.427811Z  WARN foundry_evm_coverage::anchors: could not find anchor item=Line (location: (source ID: 40, lines: 359..360, bytes: 15934..15966), hits: 0) err=Could not find anchor: No matching instruction in range source ID: 40, lines: 359..360, bytes: 15934..15966
2026-09-08T10:21:25.427814Z  WARN foundry_evm_coverage::anchors: could not find anchor item=Statement (location: (source ID: 40, lines: 359..360, bytes: 15934..15966), hits: 0) err=Could not find anchor: No matching instruction in range source ID: 40, lines: 359..360, bytes: 15934..15966
2026-09-08T10:21:25.427816Z  WARN foundry_evm_coverage::anchors: could not find anchor item=Line (location: (source ID: 40, lines: 360..361, bytes: 15980..15989), hits: 0) err=Could not find anchor: No matching instruction in range source ID: 40, lines: 360..361, bytes: 15980..15989
2026-09-08T10:21:25.427818Z  WARN foundry_evm_coverage::anchors: could not find anchor item=Statement (location: (source ID: 40, lines: 360..361, bytes: 15980..15989), hits: 0) err=Could not find anchor: No matching instruction in range source ID: 40, lines: 360..361, bytes: 15980..15989
2026-09-08T10:21:25.427820Z  WARN foundry_evm_coverage::anchors: could not find anchor item=Statement (location: (source ID: 40, lines: 360..361, bytes: 15980..16011), hits: 0) err=Could not find anchor: No matching instruction in range source ID: 40, lines: 360..361, bytes: 15980..16011
2026-09-08T10:21:25.427822Z  WARN foundry_evm_coverage::anchors: could not find anchor item=Statement (location: (source ID: 40, lines: 360..361, bytes: 15993..16011), hits: 0) err=Could not find anchor: No matching instruction in range source ID: 40, lines: 360..361, bytes: 15993..16011
2026-09-08T10:21:25.427824Z  WARN foundry_evm_coverage::anchors: could not find anchor item=Statement (location: (source ID: 40, lines: 360..361, bytes: 16013..16032), hits: 0) err=Could not find anchor: No matching instruction in range source ID: 40, lines: 360..361, bytes: 16013..16032
2026-09-08T10:21:25.427826Z  WARN foundry_evm_coverage::anchors: could not find anchor item=Branch (branch: 41, path: 0) (location: (source ID: 40, lines: 360..361, bytes: 16013..16032), hits: 0) err=Could not find anchor: No matching instruction in range source ID: 40, lines: 360..361, bytes: 16013..16032
2026-09-08T10:21:25.427828Z  WARN foundry_evm_coverage::anchors: could not find anchor item=Line (location: (source ID: 40, lines: 361..362, bytes: 16042..16059), hits: 0) err=Could not find anchor: No matching instruction in range source ID: 40, lines: 361..362, bytes: 16042..16059
2026-09-08T10:21:25.427831Z  WARN foundry_evm_coverage::anchors: could not find anchor item=Statement (location: (source ID: 40, lines: 361..362, bytes: 16042..16059), hits: 0) err=Could not find anchor: No matching instruction in range source ID: 40, lines: 361..362, bytes: 16042..16059
2026-09-08T10:21:25.427833Z  WARN foundry_evm_coverage::anchors: could not find anchor item=Line (location: (source ID: 40, lines: 362..363, bytes: 16069..16090), hits: 0) err=Could not find anchor: No matching instruction in range source ID: 40, lines: 362..363, bytes: 16069..16090
2026-09-08T10:21:25.427835Z  WARN foundry_evm_coverage::anchors: could not find anchor item=Statement (location: (source ID: 40, lines: 362..363, bytes: 16069..16090), hits: 0) err=Could not find anchor: No matching instruction in range source ID: 40, lines: 362..363, bytes: 16069..16090
2026-09-08T10:21:25.427836Z  WARN foundry_evm_coverage::anchors: could not find anchor item=Line (location: (source ID: 40, lines: 363..364, bytes: 16107..16118), hits: 0) err=Could not find anchor: No matching instruction in range source ID: 40, lines: 363..364, bytes: 16107..16118
2026-09-08T10:21:25.427838Z  WARN foundry_evm_coverage::anchors: could not find anchor item=Statement (location: (source ID: 40, lines: 363..364, bytes: 16107..16118), hits: 0) err=Could not find anchor: No matching instruction in range source ID: 40, lines: 363..364, bytes: 16107..16118
2026-09-08T10:21:25.427840Z  WARN foundry_evm_coverage::anchors: could not find anchor item=Statement (location: (source ID: 40, lines: 363..364, bytes: 16107..16135), hits: 0) err=Could not find anchor: No matching instruction in range source ID: 40, lines: 363..364, bytes: 16107..16135
2026-09-08T10:21:25.427842Z  WARN foundry_evm_coverage::anchors: could not find anchor item=Statement (location: (source ID: 40, lines: 363..364, bytes: 16122..16135), hits: 0) err=Could not find anchor: No matching instruction in range source ID: 40, lines: 363..364, bytes: 16122..16135
2026-09-08T10:21:25.427844Z  WARN foundry_evm_coverage::anchors: could not find anchor item=Line (location: (source ID: 40, lines: 364..365, bytes: 16151..16158), hits: 0) err=Could not find anchor: No matching instruction in range source ID: 40, lines: 364..365, bytes: 16151..16158
2026-09-08T10:21:25.427847Z  WARN foundry_evm_coverage::anchors: could not find anchor item=Statement (location: (source ID: 40, lines: 364..365, bytes: 16151..16158), hits: 0) err=Could not find anchor: No matching instruction in range source ID: 40, lines: 364..365, bytes: 16151..16158
2026-09-08T10:21:25.427849Z  WARN foundry_evm_coverage::anchors: could not find anchor item=Line (location: (source ID: 40, lines: 365..366, bytes: 16172..16198), hits: 0) err=Could not find anchor: No matching instruction in range source ID: 40, lines: 365..366, bytes: 16172..16198
2026-09-08T10:21:25.427851Z  WARN foundry_evm_coverage::anchors: could not find anchor item=Statement (location: (source ID: 40, lines: 365..366, bytes: 16172..16198), hits: 0) err=Could not find anchor: No matching instruction in range source ID: 40, lines: 365..366, bytes: 16172..16198
2026-09-08T10:21:25.427853Z  WARN foundry_evm_coverage::anchors: could not find anchor item=Line (location: (source ID: 40, lines: 367..368, bytes: 16218..16244), hits: 0) err=Could not find anchor: No matching instruction in range source ID: 40, lines: 367..368, bytes: 16218..16244
2026-09-08T10:21:25.427855Z  WARN foundry_evm_coverage::anchors: could not find anchor item=Statement (location: (source ID: 40, lines: 367..368, bytes: 16218..16244), hits: 0) err=Could not find anchor: No matching instruction in range source ID: 40, lines: 367..368, bytes: 16218..16244
2026-09-08T10:21:25.427857Z  WARN foundry_evm_coverage::anchors: could not find anchor item=Line (location: (source ID: 40, lines: 368..369, bytes: 16259..16268), hits: 0) err=Could not find anchor: No matching instruction in range source ID: 40, lines: 368..369, bytes: 16259..16268
2026-09-08T10:21:25.427859Z  WARN foundry_evm_coverage::anchors: could not find anchor item=Statement (location: (source ID: 40, lines: 368..369, bytes: 16259..16268), hits: 0) err=Could not find anchor: No matching instruction in range source ID: 40, lines: 368..369, bytes: 16259..16268
2026-09-08T10:21:25.427861Z  WARN foundry_evm_coverage::anchors: could not find anchor item=Statement (location: (source ID: 40, lines: 368..369, bytes: 16270..16279), hits: 0) err=Could not find anchor: No matching instruction in range source ID: 40, lines: 368..369, bytes: 16270..16279
2026-09-08T10:21:25.427863Z  WARN foundry_evm_coverage::anchors: could not find anchor item=Statement (location: (source ID: 40, lines: 368..369, bytes: 16281..16284), hits: 0) err=Could not find anchor: No matching instruction in range source ID: 40, lines: 368..369, bytes: 16281..16284
2026-09-08T10:21:25.427865Z  WARN foundry_evm_coverage::anchors: could not find anchor item=Line (location: (source ID: 40, lines: 369..370, bytes: 16300..16313), hits: 0) err=Could not find anchor: No matching instruction in range source ID: 40, lines: 369..370, bytes: 16300..16313
2026-09-08T10:21:25.427867Z  WARN foundry_evm_coverage::anchors: could not find anchor item=Statement (location: (source ID: 40, lines: 369..370, bytes: 16300..16313), hits: 0) err=Could not find anchor: No matching instruction in range source ID: 40, lines: 369..370, bytes: 16300..16313
2026-09-08T10:21:25.427869Z  WARN foundry_evm_coverage::anchors: could not find anchor item=Line (location: (source ID: 40, lines: 370..371, bytes: 16327..16349), hits: 0) err=Could not find anchor: No matching instruction in range source ID: 40, lines: 370..371, bytes: 16327..16349
2026-09-08T10:21:25.427871Z  WARN foundry_evm_coverage::anchors: could not find anchor item=Statement (location: (source ID: 40, lines: 370..371, bytes: 16327..16349), hits: 0) err=Could not find anchor: No matching instruction in range source ID: 40, lines: 370..371, bytes: 16327..16349
2026-09-08T10:21:25.427873Z  WARN foundry_evm_coverage::anchors: could not find anchor item=Line (location: (source ID: 40, lines: 374..377, bytes: 16372..16475), hits: 0) err=Could not find anchor: No matching instruction in range source ID: 40, lines: 374..377, bytes: 16372..16475
2026-09-08T10:21:25.427875Z  WARN foundry_evm_coverage::anchors: could not find anchor item=Function "_requireLive" (location: (source ID: 40, lines: 374..377, bytes: 16372..16475), hits: 0) err=Could not find anchor: No matching instruction in range source ID: 40, lines: 374..377, bytes: 16372..16475
2026-09-08T10:21:25.427877Z  WARN foundry_evm_coverage::anchors: could not find anchor item=Line (location: (source ID: 40, lines: 375..376, bytes: 16423..16430), hits: 0) err=Could not find anchor: No matching instruction in range source ID: 40, lines: 375..376, bytes: 16423..16430
2026-09-08T10:21:25.427879Z  WARN foundry_evm_coverage::anchors: could not find anchor item=Statement (location: (source ID: 40, lines: 375..376, bytes: 16423..16430), hits: 0) err=Could not find anchor: No matching instruction in range source ID: 40, lines: 375..376, bytes: 16423..16430
2026-09-08T10:21:25.427881Z  WARN foundry_evm_coverage::anchors: could not find anchor item=Statement (location: (source ID: 40, lines: 375..376, bytes: 16423..16444), hits: 0) err=Could not find anchor: No matching instruction in range source ID: 40, lines: 375..376, bytes: 16423..16444
2026-09-08T10:21:25.427883Z  WARN foundry_evm_coverage::anchors: could not find anchor item=Statement (location: (source ID: 40, lines: 375..376, bytes: 16446..16468), hits: 0) err=Could not find anchor: No matching instruction in range source ID: 40, lines: 375..376, bytes: 16446..16468
2026-09-08T10:21:25.427885Z  WARN foundry_evm_coverage::anchors: could not find anchor item=Branch (branch: 42, path: 0) (location: (source ID: 40, lines: 375..376, bytes: 16446..16468), hits: 0) err=Could not find anchor: No matching instruction in range source ID: 40, lines: 375..376, bytes: 16446..16468
2026-09-08T10:21:25.427887Z  WARN foundry_evm_coverage::anchors: could not find anchor item=Line (location: (source ID: 40, lines: 378..381, bytes: 16481..16583), hits: 0) err=Could not find anchor: No matching instruction in range source ID: 40, lines: 378..381, bytes: 16481..16583
2026-09-08T10:21:25.427889Z  WARN foundry_evm_coverage::anchors: could not find anchor item=Function "_requireRefundsOpen" (location: (source ID: 40, lines: 378..381, bytes: 16481..16583), hits: 0) err=Could not find anchor: No matching instruction in range source ID: 40, lines: 378..381, bytes: 16481..16583
2026-09-08T10:21:25.427891Z  WARN foundry_evm_coverage::anchors: could not find anchor item=Line (location: (source ID: 40, lines: 379..380, bytes: 16554..16576), hits: 0) err=Could not find anchor: No matching instruction in range source ID: 40, lines: 379..380, bytes: 16554..16576
2026-09-08T10:21:25.427893Z  WARN foundry_evm_coverage::anchors: could not find anchor item=Statement (location: (source ID: 40, lines: 379..380, bytes: 16554..16576), hits: 0) err=Could not find anchor: No matching instruction in range source ID: 40, lines: 379..380, bytes: 16554..16576
2026-09-08T10:21:25.427895Z  WARN foundry_evm_coverage::anchors: could not find anchor item=Branch (branch: 43, path: 0) (location: (source ID: 40, lines: 379..380, bytes: 16554..16576), hits: 0) err=Could not find anchor: No matching instruction in range source ID: 40, lines: 379..380, bytes: 16554..16576
2026-09-08T10:21:25.427897Z  WARN foundry_evm_coverage::anchors: could not find anchor item=Line (location: (source ID: 40, lines: 382..386, bytes: 16589..16765), hits: 0) err=Could not find anchor: No matching instruction in range source ID: 40, lines: 382..386, bytes: 16589..16765
2026-09-08T10:21:25.427899Z  WARN foundry_evm_coverage::anchors: could not find anchor item=Function "_requireSettledBatch" (location: (source ID: 40, lines: 382..386, bytes: 16589..16765), hits: 0) err=Could not find anchor: No matching instruction in range source ID: 40, lines: 382..386, bytes: 16589..16765
2026-09-08T10:21:25.427901Z  WARN foundry_evm_coverage::anchors: could not find anchor item=Line (location: (source ID: 40, lines: 383..384, bytes: 16662..16670), hits: 0) err=Could not find anchor: No matching instruction in range source ID: 40, lines: 383..384, bytes: 16662..16670
2026-09-08T10:21:25.427903Z  WARN foundry_evm_coverage::anchors: could not find anchor item=Statement (location: (source ID: 40, lines: 383..384, bytes: 16662..16670), hits: 0) err=Could not find anchor: No matching instruction in range source ID: 40, lines: 383..384, bytes: 16662..16670
2026-09-08T10:21:25.427905Z  WARN foundry_evm_coverage::anchors: could not find anchor item=Statement (location: (source ID: 40, lines: 383..384, bytes: 16672..16691), hits: 0) err=Could not find anchor: No matching instruction in range source ID: 40, lines: 383..384, bytes: 16672..16691
2026-09-08T10:21:25.427907Z  WARN foundry_evm_coverage::anchors: could not find anchor item=Branch (branch: 44, path: 0) (location: (source ID: 40, lines: 383..384, bytes: 16672..16691), hits: 0) err=Could not find anchor: No matching instruction in range source ID: 40, lines: 383..384, bytes: 16672..16691
2026-09-08T10:21:25.427909Z  WARN foundry_evm_coverage::anchors: could not find anchor item=Line (location: (source ID: 40, lines: 384..385, bytes: 16705..16716), hits: 0) err=Could not find anchor: No matching instruction in range source ID: 40, lines: 384..385, bytes: 16705..16716
2026-09-08T10:21:25.427911Z  WARN foundry_evm_coverage::anchors: could not find anchor item=Statement (location: (source ID: 40, lines: 384..385, bytes: 16705..16716), hits: 0) err=Could not find anchor: No matching instruction in range source ID: 40, lines: 384..385, bytes: 16705..16716
2026-09-08T10:21:25.427913Z  WARN foundry_evm_coverage::anchors: could not find anchor item=Statement (location: (source ID: 40, lines: 384..385, bytes: 16705..16735), hits: 0) err=Could not find anchor: No matching instruction in range source ID: 40, lines: 384..385, bytes: 16705..16735
2026-09-08T10:21:25.427915Z  WARN foundry_evm_coverage::anchors: could not find anchor item=Statement (location: (source ID: 40, lines: 384..385, bytes: 16720..16735), hits: 0) err=Could not find anchor: No matching instruction in range source ID: 40, lines: 384..385, bytes: 16720..16735
2026-09-08T10:21:25.427917Z  WARN foundry_evm_coverage::anchors: could not find anchor item=Statement (location: (source ID: 40, lines: 384..385, bytes: 16737..16758), hits: 0) err=Could not find anchor: No matching instruction in range source ID: 40, lines: 384..385, bytes: 16737..16758
2026-09-08T10:21:25.427919Z  WARN foundry_evm_coverage::anchors: could not find anchor item=Branch (branch: 45, path: 0) (location: (source ID: 40, lines: 384..385, bytes: 16737..16758), hits: 0) err=Could not find anchor: No matching instruction in range source ID: 40, lines: 384..385, bytes: 16737..16758
2026-09-08T10:21:25.427921Z  WARN foundry_evm_coverage::anchors: could not find anchor item=Line (location: (source ID: 40, lines: 387..390, bytes: 16771..16911), hits: 0) err=Could not find anchor: No matching instruction in range source ID: 40, lines: 387..390, bytes: 16771..16911
2026-09-08T10:21:25.427923Z  WARN foundry_evm_coverage::anchors: could not find anchor item=Function "minimumIncrement" (location: (source ID: 40, lines: 387..390, bytes: 16771..16911), hits: 0) err=Could not find anchor: No matching instruction in range source ID: 40, lines: 387..390, bytes: 16771..16911
2026-09-08T10:21:25.427925Z  WARN foundry_evm_coverage::anchors: could not find anchor item=Line (location: (source ID: 40, lines: 388..389, bytes: 16867..16904), hits: 0) err=Could not find anchor: No matching instruction in range source ID: 40, lines: 388..389, bytes: 16867..16904
2026-09-08T10:21:25.427928Z  WARN foundry_evm_coverage::anchors: could not find anchor item=Statement (location: (source ID: 40, lines: 388..389, bytes: 16867..16904), hits: 0) err=Could not find anchor: No matching instruction in range source ID: 40, lines: 388..389, bytes: 16867..16904
2026-09-08T10:21:25.427930Z  WARN foundry_evm_coverage::anchors: could not find anchor item=Statement (location: (source ID: 40, lines: 388..389, bytes: 16874..16904), hits: 0) err=Could not find anchor: No matching instruction in range source ID: 40, lines: 388..389, bytes: 16874..16904
2026-09-08T10:21:25.427932Z  WARN foundry_evm_coverage::anchors: could not find anchor item=Line (location: (source ID: 40, lines: 392..410, bytes: 17024..17646), hits: 0) err=Could not find anchor: No matching instruction in range source ID: 40, lines: 392..410, bytes: 17024..17646
2026-09-08T10:21:25.427934Z  WARN foundry_evm_coverage::anchors: could not find anchor item=Function "_insert" (location: (source ID: 40, lines: 392..410, bytes: 17024..17646), hits: 0) err=Could not find anchor: No matching instruction in range source ID: 40, lines: 392..410, bytes: 17024..17646
2026-09-08T10:21:25.427936Z  WARN foundry_evm_coverage::anchors: could not find anchor item=Line (location: (source ID: 40, lines: 393..394, bytes: 17071..17097), hits: 0) err=Could not find anchor: No matching instruction in range source ID: 40, lines: 393..394, bytes: 17071..17097
2026-09-08T10:21:25.427938Z  WARN foundry_evm_coverage::anchors: could not find anchor item=Statement (location: (source ID: 40, lines: 393..394, bytes: 17071..17097), hits: 0) err=Could not find anchor: No matching instruction in range source ID: 40, lines: 393..394, bytes: 17071..17097
2026-09-08T10:21:25.427940Z  WARN foundry_evm_coverage::anchors: could not find anchor item=Line (location: (source ID: 40, lines: 394..395, bytes: 17107..17129), hits: 0) err=Could not find anchor: No matching instruction in range source ID: 40, lines: 394..395, bytes: 17107..17129
2026-09-08T10:21:25.427942Z  WARN foundry_evm_coverage::anchors: could not find anchor item=Statement (location: (source ID: 40, lines: 394..395, bytes: 17107..17129), hits: 0) err=Could not find anchor: No matching instruction in range source ID: 40, lines: 394..395, bytes: 17107..17129
2026-09-08T10:21:25.427944Z  WARN foundry_evm_coverage::anchors: could not find anchor item=Line (location: (source ID: 40, lines: 395..396, bytes: 17139..17155), hits: 0) err=Could not find anchor: No matching instruction in range source ID: 40, lines: 395..396, bytes: 17139..17155
2026-09-08T10:21:25.427946Z  WARN foundry_evm_coverage::anchors: could not find anchor item=Statement (location: (source ID: 40, lines: 395..396, bytes: 17139..17155), hits: 0) err=Could not find anchor: No matching instruction in range source ID: 40, lines: 395..396, bytes: 17139..17155
2026-09-08T10:21:25.427948Z  WARN foundry_evm_coverage::anchors: could not find anchor item=Line (location: (source ID: 40, lines: 396..397, bytes: 17172..17184), hits: 0) err=Could not find anchor: No matching instruction in range source ID: 40, lines: 396..397, bytes: 17172..17184
2026-09-08T10:21:25.427950Z  WARN foundry_evm_coverage::anchors: could not find anchor item=Statement (location: (source ID: 40, lines: 396..397, bytes: 17172..17184), hits: 0) err=Could not find anchor: No matching instruction in range source ID: 40, lines: 396..397, bytes: 17172..17184
2026-09-08T10:21:25.427952Z  WARN foundry_evm_coverage::anchors: could not find anchor item=Line (location: (source ID: 40, lines: 397..398, bytes: 17200..17233), hits: 0) err=Could not find anchor: No matching instruction in range source ID: 40, lines: 397..398, bytes: 17200..17233
2026-09-08T10:21:25.427953Z  WARN foundry_evm_coverage::anchors: could not find anchor item=Statement (location: (source ID: 40, lines: 397..398, bytes: 17200..17233), hits: 0) err=Could not find anchor: No matching instruction in range source ID: 40, lines: 397..398, bytes: 17200..17233
2026-09-08T10:21:25.427955Z  WARN foundry_evm_coverage::anchors: could not find anchor item=Line (location: (source ID: 40, lines: 398..399, bytes: 17251..17276), hits: 0) err=Could not find anchor: No matching instruction in range source ID: 40, lines: 398..399, bytes: 17251..17276
2026-09-08T10:21:25.427964Z  WARN foundry_evm_coverage::anchors: could not find anchor item=Statement (location: (source ID: 40, lines: 398..399, bytes: 17251..17276), hits: 0) err=Could not find anchor: No matching instruction in range source ID: 40, lines: 398..399, bytes: 17251..17276
2026-09-08T10:21:25.427967Z  WARN foundry_evm_coverage::anchors: could not find anchor item=Statement (location: (source ID: 40, lines: 398..399, bytes: 17251..17324), hits: 0) err=Could not find anchor: No matching instruction in range source ID: 40, lines: 398..399, bytes: 17251..17324
2026-09-08T10:21:25.427969Z  WARN foundry_evm_coverage::anchors: could not find anchor item=Statement (location: (source ID: 40, lines: 398..399, bytes: 17326..17331), hits: 0) err=Could not find anchor: No matching instruction in range source ID: 40, lines: 398..399, bytes: 17326..17331
2026-09-08T10:21:25.427971Z  WARN foundry_evm_coverage::anchors: could not find anchor item=Branch (branch: 46, path: 0) (location: (source ID: 40, lines: 398..399, bytes: 17326..17331), hits: 0) err=Could not find anchor: No matching instruction in range source ID: 40, lines: 398..399, bytes: 17326..17331
2026-09-08T10:21:25.427973Z  WARN foundry_evm_coverage::anchors: could not find anchor item=Line (location: (source ID: 40, lines: 399..400, bytes: 17345..17363), hits: 0) err=Could not find anchor: No matching instruction in range source ID: 40, lines: 399..400, bytes: 17345..17363
2026-09-08T10:21:25.427975Z  WARN foundry_evm_coverage::anchors: could not find anchor item=Statement (location: (source ID: 40, lines: 399..400, bytes: 17345..17363), hits: 0) err=Could not find anchor: No matching instruction in range source ID: 40, lines: 399..400, bytes: 17345..17363
2026-09-08T10:21:25.427977Z  WARN foundry_evm_coverage::anchors: could not find anchor item=Line (location: (source ID: 40, lines: 400..401, bytes: 17377..17397), hits: 0) err=Could not find anchor: No matching instruction in range source ID: 40, lines: 400..401, bytes: 17377..17397
2026-09-08T10:21:25.427979Z  WARN foundry_evm_coverage::anchors: could not find anchor item=Statement (location: (source ID: 40, lines: 400..401, bytes: 17377..17397), hits: 0) err=Could not find anchor: No matching instruction in range source ID: 40, lines: 400..401, bytes: 17377..17397
2026-09-08T10:21:25.428014Z  WARN foundry_evm_coverage::anchors: could not find anchor item=Line (location: (source ID: 40, lines: 402..403, bytes: 17417..17436), hits: 0) err=Could not find anchor: No matching instruction in range source ID: 40, lines: 402..403, bytes: 17417..17436
2026-09-08T10:21:25.428019Z  WARN foundry_evm_coverage::anchors: could not find anchor item=Statement (location: (source ID: 40, lines: 402..403, bytes: 17417..17436), hits: 0) err=Could not find anchor: No matching instruction in range source ID: 40, lines: 402..403, bytes: 17417..17436
2026-09-08T10:21:25.428022Z  WARN foundry_evm_coverage::anchors: could not find anchor item=Line (location: (source ID: 40, lines: 403..404, bytes: 17446..17464), hits: 0) err=Could not find anchor: No matching instruction in range source ID: 40, lines: 403..404, bytes: 17446..17464
2026-09-08T10:21:25.428024Z  WARN foundry_evm_coverage::anchors: could not find anchor item=Statement (location: (source ID: 40, lines: 403..404, bytes: 17446..17464), hits: 0) err=Could not find anchor: No matching instruction in range source ID: 40, lines: 403..404, bytes: 17446..17464
2026-09-08T10:21:25.428026Z  WARN foundry_evm_coverage::anchors: could not find anchor item=Line (location: (source ID: 40, lines: 404..405, bytes: 17478..17491), hits: 0) err=Could not find anchor: No matching instruction in range source ID: 40, lines: 404..405, bytes: 17478..17491
2026-09-08T10:21:25.428044Z  WARN foundry_evm_coverage::anchors: could not find anchor item=Statement (location: (source ID: 40, lines: 404..405, bytes: 17478..17491), hits: 0) err=Could not find anchor: No matching instruction in range source ID: 40, lines: 404..405, bytes: 17478..17491
2026-09-08T10:21:25.428060Z  WARN foundry_evm_coverage::anchors: could not find anchor item=Statement (location: (source ID: 40, lines: 404..405, bytes: 17493..17502), hits: 0) err=Could not find anchor: No matching instruction in range source ID: 40, lines: 404..405, bytes: 17493..17502
2026-09-08T10:21:25.428066Z  WARN foundry_evm_coverage::anchors: could not find anchor item=Branch (branch: 47, path: 0) (location: (source ID: 40, lines: 404..405, bytes: 17493..17502), hits: 0) err=Could not find anchor: No matching instruction in range source ID: 40, lines: 404..405, bytes: 17493..17502
2026-09-08T10:21:25.428074Z  WARN foundry_evm_coverage::anchors: could not find anchor item=Branch (branch: 47, path: 1) (location: (source ID: 40, lines: 404..406, bytes: 17474..17541), hits: 0) err=Could not detect branches in source: source ID: 40, lines: 404..406, bytes: 17474..17541
2026-09-08T10:21:25.428076Z  WARN foundry_evm_coverage::anchors: could not find anchor item=Line (location: (source ID: 40, lines: 405..406, bytes: 17517..17541), hits: 0) err=Could not find anchor: No matching instruction in range source ID: 40, lines: 405..406, bytes: 17517..17541
2026-09-08T10:21:25.428078Z  WARN foundry_evm_coverage::anchors: could not find anchor item=Statement (location: (source ID: 40, lines: 405..406, bytes: 17517..17541), hits: 0) err=Could not find anchor: No matching instruction in range source ID: 40, lines: 405..406, bytes: 17517..17541
2026-09-08T10:21:25.428081Z  WARN foundry_evm_coverage::anchors: could not find anchor item=Line (location: (source ID: 40, lines: 406..407, bytes: 17555..17567), hits: 0) err=Could not find anchor: No matching instruction in range source ID: 40, lines: 406..407, bytes: 17555..17567
2026-09-08T10:21:25.428083Z  WARN foundry_evm_coverage::anchors: could not find anchor item=Statement (location: (source ID: 40, lines: 406..407, bytes: 17555..17567), hits: 0) err=Could not find anchor: No matching instruction in range source ID: 40, lines: 406..407, bytes: 17555..17567
2026-09-08T10:21:25.428085Z  WARN foundry_evm_coverage::anchors: could not find anchor item=Statement (location: (source ID: 40, lines: 406..407, bytes: 17569..17578), hits: 0) err=Could not find anchor: No matching instruction in range source ID: 40, lines: 406..407, bytes: 17569..17578
2026-09-08T10:21:25.428087Z  WARN foundry_evm_coverage::anchors: could not find anchor item=Branch (branch: 48, path: 0) (location: (source ID: 40, lines: 406..407, bytes: 17569..17578), hits: 0) err=Could not find anchor: No matching instruction in range source ID: 40, lines: 406..407, bytes: 17569..17578
2026-09-08T10:21:25.428093Z  WARN foundry_evm_coverage::anchors: could not find anchor item=Branch (branch: 48, path: 1) (location: (source ID: 40, lines: 406..408, bytes: 17551..17616), hits: 0) err=Could not detect branches in source: source ID: 40, lines: 406..408, bytes: 17551..17616
2026-09-08T10:21:25.428095Z  WARN foundry_evm_coverage::anchors: could not find anchor item=Line (location: (source ID: 40, lines: 407..408, bytes: 17593..17616), hits: 0) err=Could not find anchor: No matching instruction in range source ID: 40, lines: 407..408, bytes: 17593..17616
2026-09-08T10:21:25.428097Z  WARN foundry_evm_coverage::anchors: could not find anchor item=Statement (location: (source ID: 40, lines: 407..408, bytes: 17593..17616), hits: 0) err=Could not find anchor: No matching instruction in range source ID: 40, lines: 407..408, bytes: 17593..17616
2026-09-08T10:21:25.428099Z  WARN foundry_evm_coverage::anchors: could not find anchor item=Line (location: (source ID: 40, lines: 408..409, bytes: 17626..17639), hits: 0) err=Could not find anchor: No matching instruction in range source ID: 40, lines: 408..409, bytes: 17626..17639
2026-09-08T10:21:25.428101Z  WARN foundry_evm_coverage::anchors: could not find anchor item=Statement (location: (source ID: 40, lines: 408..409, bytes: 17626..17639), hits: 0) err=Could not find anchor: No matching instruction in range source ID: 40, lines: 408..409, bytes: 17626..17639
2026-09-08T10:21:25.428103Z  WARN foundry_evm_coverage::anchors: could not find anchor item=Line (location: (source ID: 40, lines: 411..421, bytes: 17652..17977), hits: 0) err=Could not find anchor: No matching instruction in range source ID: 40, lines: 411..421, bytes: 17652..17977
2026-09-08T10:21:25.428105Z  WARN foundry_evm_coverage::anchors: could not find anchor item=Function "_unlink" (location: (source ID: 40, lines: 411..421, bytes: 17652..17977), hits: 0) err=Could not find anchor: No matching instruction in range source ID: 40, lines: 411..421, bytes: 17652..17977
2026-09-08T10:21:25.428107Z  WARN foundry_evm_coverage::anchors: could not find anchor item=Line (location: (source ID: 40, lines: 412..413, bytes: 17699..17725), hits: 0) err=Could not find anchor: No matching instruction in range source ID: 40, lines: 412..413, bytes: 17699..17725
2026-09-08T10:21:25.428109Z  WARN foundry_evm_coverage::anchors: could not find anchor item=Statement (location: (source ID: 40, lines: 412..413, bytes: 17699..17725), hits: 0) err=Could not find anchor: No matching instruction in range source ID: 40, lines: 412..413, bytes: 17699..17725
2026-09-08T10:21:25.428111Z  WARN foundry_evm_coverage::anchors: could not find anchor item=Line (location: (source ID: 40, lines: 413..414, bytes: 17739..17752), hits: 0) err=Could not find anchor: No matching instruction in range source ID: 40, lines: 413..414, bytes: 17739..17752
2026-09-08T10:21:25.428113Z  WARN foundry_evm_coverage::anchors: could not find anchor item=Statement (location: (source ID: 40, lines: 413..414, bytes: 17739..17752), hits: 0) err=Could not find anchor: No matching instruction in range source ID: 40, lines: 413..414, bytes: 17739..17752
2026-09-08T10:21:25.428115Z  WARN foundry_evm_coverage::anchors: could not find anchor item=Statement (location: (source ID: 40, lines: 413..414, bytes: 17754..17769), hits: 0) err=Could not find anchor: No matching instruction in range source ID: 40, lines: 413..414, bytes: 17754..17769
2026-09-08T10:21:25.428117Z  WARN foundry_evm_coverage::anchors: could not find anchor item=Branch (branch: 49, path: 0) (location: (source ID: 40, lines: 413..414, bytes: 17754..17769), hits: 0) err=Could not find anchor: No matching instruction in range source ID: 40, lines: 413..414, bytes: 17754..17769
2026-09-08T10:21:25.428123Z  WARN foundry_evm_coverage::anchors: could not find anchor item=Branch (branch: 49, path: 1) (location: (source ID: 40, lines: 413..415, bytes: 17735..17814), hits: 0) err=Could not detect branches in source: source ID: 40, lines: 413..415, bytes: 17735..17814
2026-09-08T10:21:25.428125Z  WARN foundry_evm_coverage::anchors: could not find anchor item=Line (location: (source ID: 40, lines: 414..415, bytes: 17784..17814), hits: 0) err=Could not find anchor: No matching instruction in range source ID: 40, lines: 414..415, bytes: 17784..17814
2026-09-08T10:21:25.428127Z  WARN foundry_evm_coverage::anchors: could not find anchor item=Statement (location: (source ID: 40, lines: 414..415, bytes: 17784..17814), hits: 0) err=Could not find anchor: No matching instruction in range source ID: 40, lines: 414..415, bytes: 17784..17814
2026-09-08T10:21:25.428129Z  WARN foundry_evm_coverage::anchors: could not find anchor item=Line (location: (source ID: 40, lines: 415..416, bytes: 17828..17841), hits: 0) err=Could not find anchor: No matching instruction in range source ID: 40, lines: 415..416, bytes: 17828..17841
2026-09-08T10:21:25.428131Z  WARN foundry_evm_coverage::anchors: could not find anchor item=Statement (location: (source ID: 40, lines: 415..416, bytes: 17828..17841), hits: 0) err=Could not find anchor: No matching instruction in range source ID: 40, lines: 415..416, bytes: 17828..17841
2026-09-08T10:21:25.428133Z  WARN foundry_evm_coverage::anchors: could not find anchor item=Statement (location: (source ID: 40, lines: 415..416, bytes: 17843..17858), hits: 0) err=Could not find anchor: No matching instruction in range source ID: 40, lines: 415..416, bytes: 17843..17858
2026-09-08T10:21:25.428176Z  WARN foundry_evm_coverage::anchors: could not find anchor item=Branch (branch: 50, path: 0) (location: (source ID: 40, lines: 415..416, bytes: 17843..17858), hits: 0) err=Could not find anchor: No matching instruction in range source ID: 40, lines: 415..416, bytes: 17843..17858
2026-09-08T10:21:25.428182Z  WARN foundry_evm_coverage::anchors: could not find anchor item=Branch (branch: 50, path: 1) (location: (source ID: 40, lines: 415..417, bytes: 17824..17903), hits: 0) err=Could not detect branches in source: source ID: 40, lines: 415..417, bytes: 17824..17903
2026-09-08T10:21:25.428184Z  WARN foundry_evm_coverage::anchors: could not find anchor item=Line (location: (source ID: 40, lines: 416..417, bytes: 17873..17903), hits: 0) err=Could not find anchor: No matching instruction in range source ID: 40, lines: 416..417, bytes: 17873..17903
2026-09-08T10:21:25.428186Z  WARN foundry_evm_coverage::anchors: could not find anchor item=Statement (location: (source ID: 40, lines: 416..417, bytes: 17873..17903), hits: 0) err=Could not find anchor: No matching instruction in range source ID: 40, lines: 416..417, bytes: 17873..17903
2026-09-08T10:21:25.428188Z  WARN foundry_evm_coverage::anchors: could not find anchor item=Line (location: (source ID: 40, lines: 417..418, bytes: 17913..17925), hits: 0) err=Could not find anchor: No matching instruction in range source ID: 40, lines: 417..418, bytes: 17913..17925
2026-09-08T10:21:25.428190Z  WARN foundry_evm_coverage::anchors: could not find anchor item=Statement (location: (source ID: 40, lines: 417..418, bytes: 17913..17925), hits: 0) err=Could not find anchor: No matching instruction in range source ID: 40, lines: 417..418, bytes: 17913..17925
2026-09-08T10:21:25.428192Z  WARN foundry_evm_coverage::anchors: could not find anchor item=Line (location: (source ID: 40, lines: 418..419, bytes: 17935..17947), hits: 0) err=Could not find anchor: No matching instruction in range source ID: 40, lines: 418..419, bytes: 17935..17947
2026-09-08T10:21:25.428194Z  WARN foundry_evm_coverage::anchors: could not find anchor item=Statement (location: (source ID: 40, lines: 418..419, bytes: 17935..17947), hits: 0) err=Could not find anchor: No matching instruction in range source ID: 40, lines: 418..419, bytes: 17935..17947
2026-09-08T10:21:25.428196Z  WARN foundry_evm_coverage::anchors: could not find anchor item=Line (location: (source ID: 40, lines: 419..420, bytes: 17957..17970), hits: 0) err=Could not find anchor: No matching instruction in range source ID: 40, lines: 419..420, bytes: 17957..17970
2026-09-08T10:21:25.428198Z  WARN foundry_evm_coverage::anchors: could not find anchor item=Statement (location: (source ID: 40, lines: 419..420, bytes: 17957..17970), hits: 0) err=Could not find anchor: No matching instruction in range source ID: 40, lines: 419..420, bytes: 17957..17970
2026-09-08T10:21:25.428200Z  WARN foundry_evm_coverage::anchors: could not find anchor item=Line (location: (source ID: 40, lines: 422..427, bytes: 17983..18177), hits: 0) err=Could not find anchor: No matching instruction in range source ID: 40, lines: 422..427, bytes: 17983..18177
2026-09-08T10:21:25.428202Z  WARN foundry_evm_coverage::anchors: could not find anchor item=Function "_extend" (location: (source ID: 40, lines: 422..427, bytes: 17983..18177), hits: 0) err=Could not find anchor: No matching instruction in range source ID: 40, lines: 422..427, bytes: 17983..18177
2026-09-08T10:21:25.428204Z  WARN foundry_evm_coverage::anchors: could not find anchor item=Line (location: (source ID: 40, lines: 423..424, bytes: 18024..18049), hits: 0) err=Could not find anchor: No matching instruction in range source ID: 40, lines: 423..424, bytes: 18024..18049
2026-09-08T10:21:25.428206Z  WARN foundry_evm_coverage::anchors: could not find anchor item=Statement (location: (source ID: 40, lines: 423..424, bytes: 18024..18049), hits: 0) err=Could not find anchor: No matching instruction in range source ID: 40, lines: 423..424, bytes: 18024..18049
2026-09-08T10:21:25.428208Z  WARN foundry_evm_coverage::anchors: could not find anchor item=Statement (location: (source ID: 40, lines: 423..424, bytes: 18024..18069), hits: 0) err=Could not find anchor: No matching instruction in range source ID: 40, lines: 423..424, bytes: 18024..18069
2026-09-08T10:21:25.428210Z  WARN foundry_evm_coverage::anchors: could not find anchor item=Statement (location: (source ID: 40, lines: 423..424, bytes: 18071..18077), hits: 0) err=Could not find anchor: No matching instruction in range source ID: 40, lines: 423..424, bytes: 18071..18077
2026-09-08T10:21:25.428212Z  WARN foundry_evm_coverage::anchors: could not find anchor item=Branch (branch: 51, path: 0) (location: (source ID: 40, lines: 423..424, bytes: 18071..18077), hits: 0) err=Could not find anchor: No matching instruction in range source ID: 40, lines: 423..424, bytes: 18071..18077
2026-09-08T10:21:25.428214Z  WARN foundry_evm_coverage::anchors: could not find anchor item=Line (location: (source ID: 40, lines: 424..425, bytes: 18087..18131), hits: 0) err=Could not find anchor: No matching instruction in range source ID: 40, lines: 424..425, bytes: 18087..18131
2026-09-08T10:21:25.428216Z  WARN foundry_evm_coverage::anchors: could not find anchor item=Statement (location: (source ID: 40, lines: 424..425, bytes: 18087..18131), hits: 0) err=Could not find anchor: No matching instruction in range source ID: 40, lines: 424..425, bytes: 18087..18131
2026-09-08T10:21:25.428218Z  WARN foundry_evm_coverage::anchors: could not find anchor item=Line (location: (source ID: 40, lines: 425..426, bytes: 18141..18170), hits: 0) err=Could not find anchor: No matching instruction in range source ID: 40, lines: 425..426, bytes: 18141..18170
2026-09-08T10:21:25.428220Z  WARN foundry_evm_coverage::anchors: could not find anchor item=Statement (location: (source ID: 40, lines: 425..426, bytes: 18141..18170), hits: 0) err=Could not find anchor: No matching instruction in range source ID: 40, lines: 425..426, bytes: 18141..18170
2026-09-08T10:21:25.428230Z  WARN foundry_evm_coverage::anchors: could not find anchor item=Line (location: (source ID: 40, lines: 435..441, bytes: 18459..18789), hits: 0) err=Could not find anchor: No matching instruction in range source ID: 40, lines: 435..441, bytes: 18459..18789
2026-09-08T10:21:25.428232Z  WARN foundry_evm_coverage::anchors: could not find anchor item=Function "_send" (location: (source ID: 40, lines: 435..441, bytes: 18459..18789), hits: 0) err=Could not find anchor: No matching instruction in range source ID: 40, lines: 435..441, bytes: 18459..18789
2026-09-08T10:21:25.428234Z  WARN foundry_evm_coverage::anchors: could not find anchor item=Line (location: (source ID: 40, lines: 436..437, bytes: 18539..18562), hits: 0) err=Could not find anchor: No matching instruction in range source ID: 40, lines: 436..437, bytes: 18539..18562
2026-09-08T10:21:25.428236Z  WARN foundry_evm_coverage::anchors: could not find anchor item=Statement (location: (source ID: 40, lines: 436..437, bytes: 18539..18562), hits: 0) err=Could not find anchor: No matching instruction in range source ID: 40, lines: 436..437, bytes: 18539..18562
2026-09-08T10:21:25.428238Z  WARN foundry_evm_coverage::anchors: could not find anchor item=Statement (location: (source ID: 40, lines: 436..437, bytes: 18539..18592), hits: 0) err=Could not find anchor: No matching instruction in range source ID: 40, lines: 436..437, bytes: 18539..18592
2026-09-08T10:21:25.428259Z  WARN foundry_evm_coverage::anchors: could not find anchor item=Statement (location: (source ID: 40, lines: 436..437, bytes: 18566..18592), hits: 0) err=Could not find anchor: No matching instruction in range source ID: 40, lines: 436..437, bytes: 18566..18592
2026-09-08T10:21:25.428263Z  WARN foundry_evm_coverage::anchors: could not find anchor item=Statement (location: (source ID: 40, lines: 436..437, bytes: 18594..18619), hits: 0) err=Could not find anchor: No matching instruction in range source ID: 40, lines: 436..437, bytes: 18594..18619
2026-09-08T10:21:25.428266Z  WARN foundry_evm_coverage::anchors: could not find anchor item=Branch (branch: 53, path: 0) (location: (source ID: 40, lines: 436..437, bytes: 18594..18619), hits: 0) err=Could not find anchor: No matching instruction in range source ID: 40, lines: 436..437, bytes: 18594..18619
2026-09-08T10:21:25.428268Z  WARN foundry_evm_coverage::anchors: could not find anchor item=Line (location: (source ID: 40, lines: 437..438, bytes: 18633..18644), hits: 0) err=Could not find anchor: No matching instruction in range source ID: 40, lines: 437..438, bytes: 18633..18644
2026-09-08T10:21:25.428278Z  WARN foundry_evm_coverage::anchors: could not find anchor item=Statement (location: (source ID: 40, lines: 437..438, bytes: 18633..18644), hits: 0) err=Could not find anchor: No matching instruction in range source ID: 40, lines: 437..438, bytes: 18633..18644
2026-09-08T10:21:25.428298Z  WARN foundry_evm_coverage::anchors: could not find anchor item=Statement (location: (source ID: 40, lines: 437..438, bytes: 18646..18672), hits: 0) err=Could not find anchor: No matching instruction in range source ID: 40, lines: 437..438, bytes: 18646..18672
2026-09-08T10:21:25.428305Z  WARN foundry_evm_coverage::anchors: could not find anchor item=Branch (branch: 54, path: 0) (location: (source ID: 40, lines: 437..438, bytes: 18646..18672), hits: 0) err=Could not find anchor: No matching instruction in range source ID: 40, lines: 437..438, bytes: 18646..18672
2026-09-08T10:21:25.428311Z  WARN foundry_evm_coverage::anchors: could not find anchor item=Line (location: (source ID: 40, lines: 438..439, bytes: 18682..18735), hits: 0) err=Could not find anchor: No matching instruction in range source ID: 40, lines: 438..439, bytes: 18682..18735
2026-09-08T10:21:25.428316Z  WARN foundry_evm_coverage::anchors: could not find anchor item=Statement (location: (source ID: 40, lines: 438..439, bytes: 18682..18735), hits: 0) err=Could not find anchor: No matching instruction in range source ID: 40, lines: 438..439, bytes: 18682..18735
2026-09-08T10:21:25.428321Z  WARN foundry_evm_coverage::anchors: could not find anchor item=Statement (location: (source ID: 40, lines: 438..439, bytes: 18700..18735), hits: 0) err=Could not find anchor: No matching instruction in range source ID: 40, lines: 438..439, bytes: 18700..18735
2026-09-08T10:21:25.428326Z  WARN foundry_evm_coverage::anchors: could not find anchor item=Line (location: (source ID: 40, lines: 439..440, bytes: 18749..18757), hits: 0) err=Could not find anchor: No matching instruction in range source ID: 40, lines: 439..440, bytes: 18749..18757
2026-09-08T10:21:25.428331Z  WARN foundry_evm_coverage::anchors: could not find anchor item=Statement (location: (source ID: 40, lines: 439..440, bytes: 18749..18757), hits: 0) err=Could not find anchor: No matching instruction in range source ID: 40, lines: 439..440, bytes: 18749..18757
2026-09-08T10:21:25.428345Z  WARN foundry_evm_coverage::anchors: could not find anchor item=Statement (location: (source ID: 40, lines: 439..440, bytes: 18759..18782), hits: 0) err=Could not find anchor: No matching instruction in range source ID: 40, lines: 439..440, bytes: 18759..18782
2026-09-08T10:21:25.428348Z  WARN foundry_evm_coverage::anchors: could not find anchor item=Branch (branch: 55, path: 0) (location: (source ID: 40, lines: 439..440, bytes: 18759..18782), hits: 0) err=Could not find anchor: No matching instruction in range source ID: 40, lines: 439..440, bytes: 18759..18782
2026-09-08T10:21:25.428387Z  WARN foundry_evm_coverage::anchors: could not find anchor item=Line (location: (source ID: 40, lines: 110..121, bytes: 4230..4799), hits: 0) err=Could not find anchor: No matching instruction in range source ID: 40, lines: 110..121, bytes: 4230..4799
2026-09-08T10:21:25.428405Z  WARN foundry_evm_coverage::anchors: could not find anchor item=Function "constructor" (location: (source ID: 40, lines: 110..121, bytes: 4230..4799), hits: 0) err=Could not find anchor: No matching instruction in range source ID: 40, lines: 110..121, bytes: 4230..4799
2026-09-08T10:21:25.428441Z  WARN foundry_evm_coverage::anchors: could not find anchor item=Line (location: (source ID: 40, lines: 111..112, bytes: 4278..4302), hits: 0) err=Could not find anchor: No matching instruction in range source ID: 40, lines: 111..112, bytes: 4278..4302
2026-09-08T10:21:25.428451Z  WARN foundry_evm_coverage::anchors: could not find anchor item=Statement (location: (source ID: 40, lines: 111..112, bytes: 4278..4302), hits: 0) err=Could not find anchor: No matching instruction in range source ID: 40, lines: 111..112, bytes: 4278..4302
2026-09-08T10:21:25.428459Z  WARN foundry_evm_coverage::anchors: could not find anchor item=Statement (location: (source ID: 40, lines: 111..112, bytes: 4278..4341), hits: 0) err=Could not find anchor: No matching instruction in range source ID: 40, lines: 111..112, bytes: 4278..4341
2026-09-08T10:21:25.428487Z  WARN foundry_evm_coverage::anchors: could not find anchor item=Statement (location: (source ID: 40, lines: 111..112, bytes: 4306..4341), hits: 0) err=Could not find anchor: No matching instruction in range source ID: 40, lines: 111..112, bytes: 4306..4341
2026-09-08T10:21:25.428505Z  WARN foundry_evm_coverage::anchors: could not find anchor item=Statement (location: (source ID: 40, lines: 111..112, bytes: 4343..4372), hits: 0) err=Could not find anchor: No matching instruction in range source ID: 40, lines: 111..112, bytes: 4343..4372
2026-09-08T10:21:25.428519Z  WARN foundry_evm_coverage::anchors: could not find anchor item=Branch (branch: 0, path: 0) (location: (source ID: 40, lines: 111..112, bytes: 4343..4372), hits: 0) err=Could not find anchor: No matching instruction in range source ID: 40, lines: 111..112, bytes: 4343..4372
2026-09-08T10:21:25.428533Z  WARN foundry_evm_coverage::anchors: could not find anchor item=Line (location: (source ID: 40, lines: 112..113, bytes: 4382..4416), hits: 0) err=Could not find anchor: No matching instruction in range source ID: 40, lines: 112..113, bytes: 4382..4416
2026-09-08T10:21:25.428546Z  WARN foundry_evm_coverage::anchors: could not find anchor item=Statement (location: (source ID: 40, lines: 112..113, bytes: 4382..4416), hits: 0) err=Could not find anchor: No matching instruction in range source ID: 40, lines: 112..113, bytes: 4382..4416
2026-09-08T10:21:25.428560Z  WARN foundry_evm_coverage::anchors: could not find anchor item=Line (location: (source ID: 40, lines: 113..114, bytes: 4426..4460), hits: 0) err=Could not find anchor: No matching instruction in range source ID: 40, lines: 113..114, bytes: 4426..4460
2026-09-08T10:21:25.428573Z  WARN foundry_evm_coverage::anchors: could not find anchor item=Statement (location: (source ID: 40, lines: 113..114, bytes: 4426..4460), hits: 0) err=Could not find anchor: No matching instruction in range source ID: 40, lines: 113..114, bytes: 4426..4460
2026-09-08T10:21:25.428587Z  WARN foundry_evm_coverage::anchors: could not find anchor item=Line (location: (source ID: 40, lines: 114..115, bytes: 4470..4498), hits: 0) err=Could not find anchor: No matching instruction in range source ID: 40, lines: 114..115, bytes: 4470..4498
2026-09-08T10:21:25.428625Z  WARN foundry_evm_coverage::anchors: could not find anchor item=Statement (location: (source ID: 40, lines: 114..115, bytes: 4470..4498), hits: 0) err=Could not find anchor: No matching instruction in range source ID: 40, lines: 114..115, bytes: 4470..4498
2026-09-08T10:21:25.428636Z  WARN foundry_evm_coverage::anchors: could not find anchor item=Line (location: (source ID: 40, lines: 115..116, bytes: 4508..4569), hits: 0) err=Could not find anchor: No matching instruction in range source ID: 40, lines: 115..116, bytes: 4508..4569
2026-09-08T10:21:25.428681Z  WARN foundry_evm_coverage::anchors: could not find anchor item=Statement (location: (source ID: 40, lines: 115..116, bytes: 4508..4569), hits: 0) err=Could not find anchor: No matching instruction in range source ID: 40, lines: 115..116, bytes: 4508..4569
2026-09-08T10:21:25.428691Z  WARN foundry_evm_coverage::anchors: could not find anchor item=Line (location: (source ID: 40, lines: 116..117, bytes: 4579..4603), hits: 0) err=Could not find anchor: No matching instruction in range source ID: 40, lines: 116..117, bytes: 4579..4603
2026-09-08T10:21:25.428700Z  WARN foundry_evm_coverage::anchors: could not find anchor item=Statement (location: (source ID: 40, lines: 116..117, bytes: 4579..4603), hits: 0) err=Could not find anchor: No matching instruction in range source ID: 40, lines: 116..117, bytes: 4579..4603
2026-09-08T10:21:25.428717Z  WARN foundry_evm_coverage::anchors: could not find anchor item=Line (location: (source ID: 40, lines: 117..119, bytes: 4613..4740), hits: 0) err=Could not find anchor: No matching instruction in range source ID: 40, lines: 117..119, bytes: 4613..4740
2026-09-08T10:21:25.428738Z  WARN foundry_evm_coverage::anchors: could not find anchor item=Statement (location: (source ID: 40, lines: 117..119, bytes: 4613..4740), hits: 0) err=Could not find anchor: No matching instruction in range source ID: 40, lines: 117..119, bytes: 4613..4740
2026-09-08T10:21:25.428752Z  WARN foundry_evm_coverage::anchors: could not find anchor item=Line (location: (source ID: 40, lines: 119..120, bytes: 4750..4792), hits: 0) err=Could not find anchor: No matching instruction in range source ID: 40, lines: 119..120, bytes: 4750..4792
2026-09-08T10:21:25.428770Z  WARN foundry_evm_coverage::anchors: could not find anchor item=Statement (location: (source ID: 40, lines: 119..120, bytes: 4750..4792), hits: 0) err=Could not find anchor: No matching instruction in range source ID: 40, lines: 119..120, bytes: 4750..4792
Running tests...

Ran 3 tests for test/Metadata.t.sol:MetadataTest
[PASS] testBaseEndpointMustEndWithSlash() (gas: 7906602)
[PASS] testDistinctOffchainEndpointsForAuctionAndReservedNfts() (gas: 2913784)
[PASS] testNoOnchainRevealOrMetadataReplacementAuthority() (gas: 2905134)
Suite result: ok. 3 passed; 0 failed; 0 skipped; finished in 6.21ms (3.55ms CPU time)

Ran 6 tests for test/Deployment.t.sol:DeploymentTest
[PASS] testChainMismatchAndUnsupportedNetwork() (gas: 54575)
[PASS] testDeploymentRunLoadsEnvironmentAndBindsAllContracts() (gas: 7736152)
[PASS] testLeadTimeAndFixed48HourDuration() (gas: 7712218)
[PASS] testNoSilentNumericTruncation() (gas: 89078)
[PASS] testRejectsZeroPayoutAndEmptyMetadata() (gas: 90888)
[PASS] testValidatesDeploymentConfiguration() (gas: 34851)
Suite result: ok. 6 passed; 0 failed; 0 skipped; finished in 7.99ms (6.71ms CPU time)

Ran 14 tests for test/PayoutWallet.t.sol:PayoutWalletTest
[PASS] testAccruedAndFutureBusinessRevenueMovesWhileBidderAndSellerFundsStayOwned() (gas: 3378460)
[PASS] testConstructorRejectsSystemAddressesAsPayoutWallet() (gas: 12405233)
[PASS] testFormerWalletKeepsItsOwnSellerCreditsAndBidderRefunds() (gas: 809148)
[PASS] testNominationCanBeReplacedOrCancelledAndStaleAcceptanceFails() (gas: 73956)
[PASS] testNominationRequiresAcceptanceAndEmitsBothEvents() (gas: 65248)
[PASS] testOutsidersCannotProposeAcceptOrCancel() (gas: 86956)
[PASS] testPrimaryAuctionHasNoRoyaltiesEvenAt100PercentTradingRate() (gas: 8148257)
[PASS] testProceedsCallbackCannotRotateOrDoubleWithdraw() (gas: 1335954)
[PASS] testRejectingContractWalletCanAcceptAndRedirectPayments() (gas: 500615)
[PASS] testRepeatedRotationsRevokeFormerWallets() (gas: 121220)
[PASS] testRotatingDuringLiveAuctionDoesNotAlterBidsOrAuctionTerms() (gas: 306055)
[PASS] testRoyaltiesWithdrawalValidationAndDoubleWithdrawal() (gas: 3172099)
[PASS] testRoyaltyWithdrawalCannotReenterSellerWithdrawal() (gas: 4170582)
[PASS] testUnsafePayoutWalletsAreRejected() (gas: 75646)
Suite result: ok. 14 passed; 0 failed; 0 skipped; finished in 9.31ms (13.01ms CPU time)

Ran 15 tests for test/MutationBehavior.t.sol:MutationBehaviorTest
[PASS] testBiddingRemainsOpenAtHour47() (gas: 386059)
[PASS] testFormerSellerCannotCancelCurrentOwnersResale() (gas: 476946)
[PASS] testFreePurchaseCannotSpendExistingSellerProceeds() (gas: 3275350)
[PASS] testInsufficientTopUpCannotChangeRankOrDelayClosing() (gas: 15271229)
[PASS] testInvalidNomineeCannotEraseUsablePayoutReplacement() (gas: 310245)
[PASS] testMintReceiverCannotMintAnUnallocatedAuctionToken() (gas: 1572617)
[PASS] testNewBidRoundsFivePercentUpBeforeDisplacingWeiPricedTail() (gas: 23018388)
[PASS] testPurchasedNftRejectsTokenApprovalToFormerSeller() (gas: 475028)
[PASS] testPurchasedNftRequiresAnotherRoyaltyPayingSaleToTransferAgain() (gas: 480009)
[PASS] testRankIncreaseAcrossUint64BoundaryPreservesBiddingAndSettlement() (gas: 8113517)
[PASS] testRankIncreasesKeepAuctionLiveBeyond24HourExtension() (gas: 8126475)
[PASS] testRefundCreditDoesNotAuthorizeForcedBatchMint() (gas: 717677)
[PASS] testSellerCannotWithdrawTwiceUsingAnotherSellersBalance() (gas: 489552)
[PASS] testSettlementCannotReleaseFundsAtHour24() (gas: 284387)
[PASS] testStandaloneEditionRequiresSeparatorForMintedTokenEndpoints() (gas: 4175488)
Suite result: ok. 15 passed; 0 failed; 0 skipped; finished in 37.50ms (50.68ms CPU time)

Ran 10 tests for test/TieredAllocation.t.sol:TieredAllocationTest
[PASS] testFixedSupplyAnd48HourDuration() (gas: 24042)
[PASS] testRejectedReservedBatchRollsBackAndCanBeRedirected() (gas: 1453039)
[PASS] testReservedAllocationIndependentOfAuctionAndClaimOrder() (gas: 18552769)
[PASS] testReservedReceiverCannotReenterClaimsOrRotateWallet() (gas: 1496530)
[PASS] testReservedValidationAndLifetimeLimit() (gas: 400532)
[PASS] testRotationTransfersOnlyUnclaimedReservedEntitlements() (gas: 410241)
[PASS] testSingleWinnerPaysFullAndEmptyAuctionHasNoProceeds() (gas: 8029932)
[PASS] testTiedTopBidsUseOriginalBidPriorityAndDifferentCosts() (gas: 482015)
[PASS] testTopPaysFullAndOthersPay90thWithIndependentRefunds() (gas: 15639749)
[PASS] testWinningCostOnlyExistsForSettledWinners() (gas: 15391275)
Suite result: ok. 10 passed; 0 failed; 0 skipped; finished in 54.06ms (51.06ms CPU time)

Ran 43 tests for test/RankedAuction.t.sol:RankedAuctionTest
[PASS] testClaimsRequireSettlementAndValidBatches() (gas: 204331)
[PASS] testConfigurationAndBindings() (gas: 40733)
[PASS] testDisplacedBidCannotBeIncreasedOrClaimed() (gas: 15397627)
[PASS] testDisplacementNeverCallsRejectingBidder() (gas: 15536183)
[PASS] testDuplicateTokenClaimRevertsWholeBatch() (gas: 315739)
[PASS] testEmptyAuctionAndUnsoldClaim() (gas: 2631768)
[PASS] testEmptyPagination() (gas: 10275)
[PASS] testExactTimeBoundaries() (gas: 319611)
[PASS] testExistingBidRequiresTwoPointFivePercentRoundedUpAndCompounds() (gas: 338562)
[PASS] testExtensionDoesNotTruncateAtUint64Boundary() (gas: 8058078)
[PASS] testFinalRankFixesTokenIdsRegardlessOfClaimOrder() (gas: 811068)
[PASS] testForcedEtherCannotAlterPricingOrBeStolen() (gas: 315574)
[PASS] testFullyAllocatedOutbidAndFullLoserRefund() (gas: 15289551)
[PASS] testFuzzTieredSettlement(uint128,uint128,uint8) (runs: 1024, μ: 3989305, ~: 1874892)
[PASS] testIncreaseMaintainsSizeAndOriginalTiePriority() (gas: 508962)
[PASS] testInvalidAndUnauthorizedIncrease() (gas: 245206)
[PASS] testLargeBidCannotTruncate() (gas: 39524)
[PASS] testMaximumFloorDoesNotOverflowAndCanSettle() (gas: 15234495)
[PASS] testMixedOwnerBatchCannotBeStolen() (gas: 423081)
[PASS] testOneWalletCanWinAll90() (gas: 18651930)
[PASS] testOneWeiReserveHasStrictPositiveIncrements() (gas: 23019660)
[PASS] testOnlyRankChangingIncreaseExtends() (gas: 371078)
[PASS] testOverflowIncreaseRejected() (gas: 209674)
[PASS] testPagination() (gas: 484412)
[PASS] testRankHeadMiddleTailAndStableTies() (gas: 603650)
[PASS] testRefundCallbackCannotDoubleWithdraw() (gas: 1482386)
[PASS] testRefundRecipientAndFailedProceedsValidation() (gas: 490861)
[PASS] testRejectBadAuctionConfiguration() (gas: 4343298)
[PASS] testRejectBadEditionConfiguration() (gas: 1192896)
[PASS] testRejectedLaterNftRollsBackEntireBatchAndCanBeRedirected() (gas: 1891077)
[PASS] testRejectingBidderCannotBlockBiddingSettlementOrRefunds() (gas: 877423)
[PASS] testSettlementTimingAndSingleUse() (gas: 122679)
[PASS] testSingleBidIncrease() (gas: 231739)
[PASS] testSoldOutClearingIsLowestWinnerNotHighestLoser() (gas: 15382338)
[PASS] testTenMinuteExtensionsContinueBeyond24Hours() (gas: 23458407)
[PASS] testThirdPartyCannotForceDeliveryBeforeWinnerRedirects() (gas: 405221)
[PASS] testTokenCallbackCannotReenterClaims() (gas: 1496427)
[PASS] testTreasuryCannotConsumeRefunds() (gas: 566670)
[PASS] testUnauthorisedClaimRedirectionAndPayouts() (gas: 406592)
[PASS] testUnderReserveAndZeroBidsRejected() (gas: 47086)
[PASS] testUnderSubscribedTieredReserveAndIndependentRefunds() (gas: 493692)
[PASS] testUnsoldIdsCannotConsumeUnclaimedWinningNfts() (gas: 3215003)
[PASS] testUnsolicitedEtherRejected() (gas: 15406)
Suite result: ok. 43 passed; 0 failed; 0 skipped; finished in 2.32s (2.41s CPU time)

Ran 28 tests for test/RoyaltyMarketplace.t.sol:RoyaltyMarketplaceTest
[PASS] testAllERC721TransferEntrypointsRequireRoyaltyMarket() (gas: 2912129)
[PASS] testBuyRejectsInvalidPaymentAndRecipient() (gas: 3070082)
[PASS] testBuyerMayChooseDifferentReceiver() (gas: 3113848)
[PASS] testCancellingAnotherListingPreservesCompletedSale() (gas: 3175340)
[PASS] testERC165AndERC2981AndMetadata() (gas: 2951985)
[PASS] testERC721CallbackCannotReenterBuyOrCancel() (gas: 4294970)
[PASS] testExpiryExclusive() (gas: 3188449)
[PASS] testForcedEtherDoesNotCreateCredits() (gas: 2932883)
[PASS] testFullRoyaltyAndSameSellerReceiverDoNotLoseFunds() (gas: 10690218)
[PASS] testFuzzRoyaltyMathNoOverflow(uint256,uint96) (runs: 1024, μ: 3983649, ~: 3984104)
[PASS] testFuzzTokenSaleConservesValue(uint128,uint16) (runs: 1024, μ: 3121931, ~: 3122803)
[PASS] testIndividualSalesPayRoyaltyAndSellerExactly() (gas: 3260912)
[PASS] testListingRequirements() (gas: 2954393)
[PASS] testMintAuthorityUniqueIdsAndLifetimeCap() (gas: 7098341)
[PASS] testOneWeiSaleCannotRoundRoyaltyToZero() (gas: 3086658)
[PASS] testOnlySellerCanCancelAndListingIdNeverReused() (gas: 3055121)
[PASS] testOverlappingListingsCannotSellAnNftTwiceOrReviveOnReturn() (gas: 3482721)
[PASS] testRejectedMintRollsBackSupply() (gas: 7133371)
[PASS] testRejectingNFTReceiverCannotConsumeBuyerFunds() (gas: 3301592)
[PASS] testRejectingSellerAndRoyaltyReceiversCannotBlockSale() (gas: 10679124)
[PASS] testRevokedApprovalRollsBackFillAndCredit() (gas: 3140264)
[PASS] testSelfPurchasePaysRoyaltyAndInvalidatesOtherListings() (gas: 3161865)
[PASS] testTokenApprovalAllowsMarketAndClearsOnTransfer() (gas: 3152329)
[PASS] testTransfersCannotMintUnissuedIds() (gas: 48838)
[PASS] testUnapprovedOperatorCannotTransferOrApproveItself() (gas: 2893935)
[PASS] testUnsolicitedMarketEtherRejected() (gas: 15312)
[PASS] testWithdrawAccessValidationAndRevertsPreserveFunds() (gas: 3300978)
[PASS] testWithdrawalCallbackCannotReenter() (gas: 11775136)
Suite result: ok. 28 passed; 0 failed; 0 skipped; finished in 2.32s (4.08s CPU time)

Ran 25 tests for test/RefundRecovery.t.sol:RefundRecoveryTest
[PASS] testCreditedRefundsCannotBeWithdrawnAfterRecovery() (gas: 15623725)
[PASS] testCreditingRemainsAvailableAtRecoveryEligibility() (gas: 15642648)
[PASS] testEmptyAuctionRecoveryCollectsOnlyForcedETH() (gas: 187475)
[PASS] testExtendedRefundCanBeCreditedAtOriginalEligibilityTime() (gas: 15717061)
[PASS] testFuzzRecoveryConservesClaimedRefundsAndRemainingETH(uint96,uint8,uint32) (runs: 1024, μ: 15652063, ~: 15655519)
[PASS] testLateSettlementDoesNotRestartTheRecoveryDelay() (gas: 15618362)
[PASS] testNormalProceedsWithdrawalDoesNotCloseRefunds() (gas: 15645644)
[PASS] testOnlyCurrentPayoutWalletCanRecoverNotOriginalDeployer() (gas: 15626617)
[PASS] testRecoveryAfterProceedsAndPartialRefundsIncludesForcedSurplus() (gas: 15720495)
[PASS] testRecoveryAuthorityFollowsAcceptedWalletRotation() (gas: 15617395)
[PASS] testRecoveryCannotNominateAnotherWalletDuringCallback() (gas: 16650313)
[PASS] testRecoveryCannotReenterRecovery() (gas: 16649544)
[PASS] testRecoveryClosesRefundsBeforeRecipientCallback() (gas: 15873123)
[PASS] testRecoveryEligibilityFollowsTheExtendedEnd() (gas: 15609137)
[PASS] testRecoveryLeavesWinningNFTsAndTradingCreditsAvailable() (gas: 16016973)
[PASS] testRecoveryPreservesUnsoldAndReservedMintEntitlements() (gas: 3296109)
[PASS] testRecoveryRejectsEarlyCallsWithoutFreezingRefunds() (gas: 15631288)
[PASS] testRecoveryRejectsInvalidRecipientsAndEmptyRepeat() (gas: 15521334)
[PASS] testRecoveryTransfersCreditedUncreditedRefundsAndProceeds() (gas: 15590622)
[PASS] testRefundsCanBeCreditedAndWithdrawnBeforeRecoveryEligibility() (gas: 15630606)
[PASS] testRejectedRecoveryPreservesAllAccountingForRetry() (gas: 15774832)
[PASS] testUncreditedRefundsCannotRecreateLiabilitiesAfterRecovery() (gas: 15623219)
[PASS] testUnsettledRecoveryCannotEraseWinnerAllocation() (gas: 438129)
[PASS] testWithdrawingRemainsAvailableAtRecoveryEligibility() (gas: 15616837)
[PASS] testYearsOfInactionDoNotCloseRefunds() (gas: 15621822)
Suite result: ok. 25 passed; 0 failed; 0 skipped; finished in 2.45s (2.74s CPU time)

Ran 5 tests for test/CrossContractAudit.t.sol:CrossContractAuditTest
[PASS] testFuzzClaimsCreditsAndWithdrawalsInDifferentOrders(uint256,uint8) (runs: 1024, μ: 7410567, ~: 5317714)
[PASS] testLaterMintRejectionRollsBackEarlierCallbackSaleAndPayment() (gas: 1511054)
[PASS] testMintCallbackSalePreservesSeparateAuctionAndMarketAccounting() (gas: 1300163)
[PASS] testPayoutAcceptanceDuringSaleKeepsRoyaltiesAndBlocksNestedWithdrawal() (gas: 3615367)
[PASS] testRejectedSaleRollsBackPayoutAcceptanceAndEveryCredit() (gas: 3635293)
Suite result: ok. 5 passed; 0 failed; 0 skipped; finished in 2.46s (2.47s CPU time)

Ran 9 test suites in 2.46s (9.66s CPU time): 149 tests passed, 0 failed, 0 skipped (149 total tests)

╭----------------------------+-------------------+-------------------+------------------+-----------------╮
| File                       | % Lines           | % Statements      | % Branches       | % Funcs         |
+=========================================================================================================+
| script/Deploy.s.sol        | 97.62% (41/42)    | 100.00% (41/41)   | 87.50% (21/24)   | 66.67% (2/3)    |
|----------------------------+-------------------+-------------------+------------------+-----------------|
| src/AuctionEdition.sol     | 100.00% (40/40)   | 100.00% (69/69)   | 100.00% (10/10)  | 100.00% (9/9)   |
|----------------------------+-------------------+-------------------+------------------+-----------------|
| src/RankedAuction.sol      | 100.00% (236/236) | 100.00% (317/317) | 100.00% (60/60)  | 100.00% (31/31) |
|----------------------------+-------------------+-------------------+------------------+-----------------|
| src/RoyaltyMarketplace.sol | 100.00% (54/54)   | 100.00% (88/88)   | 100.00% (18/18)  | 100.00% (7/7)   |
|----------------------------+-------------------+-------------------+------------------+-----------------|
| Total                      | 99.73% (371/372)  | 100.00% (515/515) | 97.32% (109/112) | 98.00% (49/50)  |
╰----------------------------+-------------------+-------------------+------------------+-----------------╯
Wrote LCOV report.
