Warning: optimizer settings and `viaIR` have been disabled for accurate coverage reports.
If you encounter "stack too deep" errors, consider using `--ir-minimum` which enables `viaIR` with minimum optimization resolving most of the errors.
See more: https://book.getfoundry.sh/guides/best-practices/stack-too-deep
Compiling 126 files with Solc 0.8.28
Solc 0.8.28 finished in 8.12s
Compiler run successful with warnings:
Warning (5159): "selfdestruct" has been deprecated. Note that, starting from the Cancun hard fork, the underlying opcode no longer deletes the code and data associated with an account and only transfers its Ether to the beneficiary, unless executed in the same transaction in which the contract was created (see EIP-6780). Any use in newly deployed contracts is strongly discouraged even if the new behavior is taken into account. Future changes to the EVM might further reduce the functionality of the opcode.
   --> test/TestBase.sol:147:9:
    |
147 |         selfdestruct(to);
    |         ^^^^^^^^^^^^

Warning (2018): Function state mutability can be restricted to pure
   --> test/vendor/opensea-zone/src/main/zones/signed-zone/signed-zone-sub-1/SignedZone.sol:430:5:
    |
430 |     function supportsInterface(
    |     ^ (Relevant source part starts here and spans across multiple lines).

Analysing contracts...
2026-09-08T15:16:42.457591Z  WARN foundry_evm_coverage::anchors: could not find anchor item=Line (location: (source ID: 83, lines: 58..68, bytes: 1809..2447), hits: 0) err=Could not find anchor: No matching instruction in range source ID: 83, lines: 58..68, bytes: 1809..2447
2026-09-08T15:16:42.457564Z  WARN foundry_evm_coverage::anchors: could not find anchor item=Line (location: (source ID: 81, lines: 71..81, bytes: 3484..3983), hits: 0) err=Could not find anchor: No matching instruction in range source ID: 81, lines: 71..81, bytes: 3484..3983
2026-09-08T15:16:42.457565Z  WARN foundry_evm_coverage::anchors: could not find anchor item=Line (location: (source ID: 82, lines: 125..132, bytes: 4926..5273), hits: 0) err=Could not find anchor: No matching instruction in range source ID: 82, lines: 125..132, bytes: 4926..5273
2026-09-08T15:16:42.457590Z  WARN foundry_evm_coverage::anchors: could not find anchor item=Line (location: (source ID: 80, lines: 22..34, bytes: 683..1276), hits: 0) err=Could not find anchor: No matching instruction in range source ID: 80, lines: 22..34, bytes: 683..1276
2026-09-08T15:16:42.457562Z  WARN foundry_evm_coverage::anchors: could not find anchor item=Line (location: (source ID: 79, lines: 11..32, bytes: 469..1849), hits: 0) err=Could not find anchor: No matching instruction in range source ID: 79, lines: 11..32, bytes: 469..1849
2026-09-08T15:16:42.457894Z  WARN foundry_evm_coverage::anchors: could not find anchor item=Function "list" (location: (source ID: 83, lines: 58..68, bytes: 1809..2447), hits: 0) err=Could not find anchor: No matching instruction in range source ID: 83, lines: 58..68, bytes: 1809..2447
2026-09-08T15:16:42.457920Z  WARN foundry_evm_coverage::anchors: could not find anchor item=Function "mint" (location: (source ID: 81, lines: 71..81, bytes: 3484..3983), hits: 0) err=Could not find anchor: No matching instruction in range source ID: 81, lines: 71..81, bytes: 3484..3983
2026-09-08T15:16:42.457968Z  WARN foundry_evm_coverage::anchors: could not find anchor item=Function "proposePayoutWallet" (location: (source ID: 82, lines: 125..132, bytes: 4926..5273), hits: 0) err=Could not find anchor: No matching instruction in range source ID: 82, lines: 125..132, bytes: 4926..5273
2026-09-08T15:16:42.457990Z  WARN foundry_evm_coverage::anchors: could not find anchor item=Function "loadConfig" (location: (source ID: 80, lines: 22..34, bytes: 683..1276), hits: 0) err=Could not find anchor: No matching instruction in range source ID: 80, lines: 22..34, bytes: 683..1276
2026-09-08T15:16:42.458006Z  WARN foundry_evm_coverage::anchors: could not find anchor item=Function "run" (location: (source ID: 79, lines: 11..32, bytes: 469..1849), hits: 0) err=Could not find anchor: No matching instruction in range source ID: 79, lines: 11..32, bytes: 469..1849
2026-09-08T15:16:42.458027Z  WARN foundry_evm_coverage::anchors: could not find anchor item=Line (location: (source ID: 83, lines: 59..60, bytes: 1927..1939), hits: 0) err=Could not find anchor: No matching instruction in range source ID: 83, lines: 59..60, bytes: 1927..1939
2026-09-08T15:16:42.458047Z  WARN foundry_evm_coverage::anchors: could not find anchor item=Line (location: (source ID: 81, lines: 72..73, bytes: 3569..3590), hits: 0) err=Could not find anchor: No matching instruction in range source ID: 81, lines: 72..73, bytes: 3569..3590
2026-09-08T15:16:42.458060Z  WARN foundry_evm_coverage::anchors: could not find anchor item=Line (location: (source ID: 82, lines: 126..127, bytes: 5009..5035), hits: 0) err=Could not find anchor: No matching instruction in range source ID: 82, lines: 126..127, bytes: 5009..5035
2026-09-08T15:16:42.458072Z  WARN foundry_evm_coverage::anchors: could not find anchor item=Line (location: (source ID: 80, lines: 23..24, bytes: 765..794), hits: 0) err=Could not find anchor: No matching instruction in range source ID: 80, lines: 23..24, bytes: 765..794
2026-09-08T15:16:42.458108Z  WARN foundry_evm_coverage::anchors: could not find anchor item=Line (location: (source ID: 79, lines: 12..13, bytes: 503..582), hits: 0) err=Could not find anchor: No matching instruction in range source ID: 79, lines: 12..13, bytes: 503..582
2026-09-08T15:16:42.458156Z  WARN foundry_evm_coverage::anchors: could not find anchor item=Statement (location: (source ID: 79, lines: 12..13, bytes: 503..582), hits: 0) err=Could not find anchor: No matching instruction in range source ID: 79, lines: 12..13, bytes: 503..582
2026-09-08T15:16:42.458129Z  WARN foundry_evm_coverage::anchors: could not find anchor item=Statement (location: (source ID: 81, lines: 72..73, bytes: 3569..3590), hits: 0) err=Could not find anchor: No matching instruction in range source ID: 81, lines: 72..73, bytes: 3569..3590
2026-09-08T15:16:42.458139Z  WARN foundry_evm_coverage::anchors: could not find anchor item=Statement (location: (source ID: 82, lines: 126..127, bytes: 5009..5035), hits: 0) err=Could not find anchor: No matching instruction in range source ID: 82, lines: 126..127, bytes: 5009..5035
2026-09-08T15:16:42.458147Z  WARN foundry_evm_coverage::anchors: could not find anchor item=Statement (location: (source ID: 80, lines: 23..24, bytes: 765..794), hits: 0) err=Could not find anchor: No matching instruction in range source ID: 80, lines: 23..24, bytes: 765..794
2026-09-08T15:16:42.458195Z  WARN foundry_evm_coverage::anchors: could not find anchor item=Line (location: (source ID: 80, lines: 24..25, bytes: 804..842), hits: 0) err=Could not find anchor: No matching instruction in range source ID: 80, lines: 24..25, bytes: 804..842
2026-09-08T15:16:42.458204Z  WARN foundry_evm_coverage::anchors: could not find anchor item=Statement (location: (source ID: 80, lines: 24..25, bytes: 804..842), hits: 0) err=Could not find anchor: No matching instruction in range source ID: 80, lines: 24..25, bytes: 804..842
2026-09-08T15:16:42.458212Z  WARN foundry_evm_coverage::anchors: could not find anchor item=Line (location: (source ID: 80, lines: 25..26, bytes: 852..890), hits: 0) err=Could not find anchor: No matching instruction in range source ID: 80, lines: 25..26, bytes: 852..890
2026-09-08T15:16:42.458220Z  WARN foundry_evm_coverage::anchors: could not find anchor item=Statement (location: (source ID: 80, lines: 25..26, bytes: 852..890), hits: 0) err=Could not find anchor: No matching instruction in range source ID: 80, lines: 25..26, bytes: 852..890
2026-09-08T15:16:42.458228Z  WARN foundry_evm_coverage::anchors: could not find anchor item=Line (location: (source ID: 80, lines: 26..27, bytes: 900..941), hits: 0) err=Could not find anchor: No matching instruction in range source ID: 80, lines: 26..27, bytes: 900..941
2026-09-08T15:16:42.458235Z  WARN foundry_evm_coverage::anchors: could not find anchor item=Statement (location: (source ID: 80, lines: 26..27, bytes: 900..941), hits: 0) err=Could not find anchor: No matching instruction in range source ID: 80, lines: 26..27, bytes: 900..941
2026-09-08T15:16:42.458252Z  WARN foundry_evm_coverage::anchors: could not find anchor item=Line (location: (source ID: 80, lines: 27..28, bytes: 951..988), hits: 0) err=Could not find anchor: No matching instruction in range source ID: 80, lines: 27..28, bytes: 951..988
2026-09-08T15:16:42.458260Z  WARN foundry_evm_coverage::anchors: could not find anchor item=Statement (location: (source ID: 80, lines: 27..28, bytes: 951..988), hits: 0) err=Could not find anchor: No matching instruction in range source ID: 80, lines: 27..28, bytes: 951..988
2026-09-08T15:16:42.458267Z  WARN foundry_evm_coverage::anchors: could not find anchor item=Line (location: (source ID: 80, lines: 28..29, bytes: 998..1049), hits: 0) err=Could not find anchor: No matching instruction in range source ID: 80, lines: 28..29, bytes: 998..1049
2026-09-08T15:16:42.458275Z  WARN foundry_evm_coverage::anchors: could not find anchor item=Statement (location: (source ID: 80, lines: 28..29, bytes: 998..1049), hits: 0) err=Could not find anchor: No matching instruction in range source ID: 80, lines: 28..29, bytes: 998..1049
2026-09-08T15:16:42.458282Z  WARN foundry_evm_coverage::anchors: could not find anchor item=Line (location: (source ID: 80, lines: 29..30, bytes: 1059..1099), hits: 0) err=Could not find anchor: No matching instruction in range source ID: 80, lines: 29..30, bytes: 1059..1099
2026-09-08T15:16:42.458290Z  WARN foundry_evm_coverage::anchors: could not find anchor item=Statement (location: (source ID: 80, lines: 29..30, bytes: 1059..1099), hits: 0) err=Could not find anchor: No matching instruction in range source ID: 80, lines: 29..30, bytes: 1059..1099
2026-09-08T15:16:42.458297Z  WARN foundry_evm_coverage::anchors: could not find anchor item=Line (location: (source ID: 80, lines: 30..31, bytes: 1109..1163), hits: 0) err=Could not find anchor: No matching instruction in range source ID: 80, lines: 30..31, bytes: 1109..1163
2026-09-08T15:16:42.458305Z  WARN foundry_evm_coverage::anchors: could not find anchor item=Statement (location: (source ID: 80, lines: 30..31, bytes: 1109..1163), hits: 0) err=Could not find anchor: No matching instruction in range source ID: 80, lines: 30..31, bytes: 1109..1163
2026-09-08T15:16:42.458312Z  WARN foundry_evm_coverage::anchors: could not find anchor item=Line (location: (source ID: 80, lines: 31..32, bytes: 1173..1231), hits: 0) err=Could not find anchor: No matching instruction in range source ID: 80, lines: 31..32, bytes: 1173..1231
2026-09-08T15:16:42.458320Z  WARN foundry_evm_coverage::anchors: could not find anchor item=Statement (location: (source ID: 80, lines: 31..32, bytes: 1173..1231), hits: 0) err=Could not find anchor: No matching instruction in range source ID: 80, lines: 31..32, bytes: 1173..1231
2026-09-08T15:16:42.458327Z  WARN foundry_evm_coverage::anchors: could not find anchor item=Line (location: (source ID: 80, lines: 32..33, bytes: 1241..1269), hits: 0) err=Could not find anchor: No matching instruction in range source ID: 80, lines: 32..33, bytes: 1241..1269
2026-09-08T15:16:42.458334Z  WARN foundry_evm_coverage::anchors: could not find anchor item=Statement (location: (source ID: 80, lines: 32..33, bytes: 1241..1269), hits: 0) err=Could not find anchor: No matching instruction in range source ID: 80, lines: 32..33, bytes: 1241..1269
2026-09-08T15:16:42.458342Z  WARN foundry_evm_coverage::anchors: could not find anchor item=Statement (location: (source ID: 80, lines: 32..33, bytes: 1248..1269), hits: 0) err=Could not find anchor: No matching instruction in range source ID: 80, lines: 32..33, bytes: 1248..1269
2026-09-08T15:16:42.458187Z  WARN foundry_evm_coverage::anchors: could not find anchor item=Statement (location: (source ID: 82, lines: 126..127, bytes: 5037..5058), hits: 0) err=Could not find anchor: No matching instruction in range source ID: 82, lines: 126..127, bytes: 5037..5058
2026-09-08T15:16:42.458118Z  WARN foundry_evm_coverage::anchors: could not find anchor item=Statement (location: (source ID: 83, lines: 59..60, bytes: 1927..1939), hits: 0) err=Could not find anchor: No matching instruction in range source ID: 83, lines: 59..60, bytes: 1927..1939
2026-09-08T15:16:42.458375Z  WARN foundry_evm_coverage::anchors: could not find anchor item=Statement (location: (source ID: 83, lines: 59..60, bytes: 1927..1956), hits: 0) err=Could not find anchor: No matching instruction in range source ID: 83, lines: 59..60, bytes: 1927..1956
2026-09-08T15:16:42.458383Z  WARN foundry_evm_coverage::anchors: could not find anchor item=Statement (location: (source ID: 83, lines: 59..60, bytes: 1943..1956), hits: 0) err=Could not find anchor: No matching instruction in range source ID: 83, lines: 59..60, bytes: 1943..1956
2026-09-08T15:16:42.458390Z  WARN foundry_evm_coverage::anchors: could not find anchor item=Statement (location: (source ID: 83, lines: 59..60, bytes: 1958..1979), hits: 0) err=Could not find anchor: No matching instruction in range source ID: 83, lines: 59..60, bytes: 1958..1979
2026-09-08T15:16:42.458360Z  WARN foundry_evm_coverage::anchors: could not find anchor item=Branch (branch: 1, path: 0) (location: (source ID: 82, lines: 126..127, bytes: 5037..5058), hits: 0) err=Could not find anchor: No matching instruction in range source ID: 82, lines: 126..127, bytes: 5037..5058
2026-09-08T15:16:42.458176Z  WARN foundry_evm_coverage::anchors: could not find anchor item=Statement (location: (source ID: 81, lines: 72..73, bytes: 3592..3613), hits: 0) err=Could not find anchor: No matching instruction in range source ID: 81, lines: 72..73, bytes: 3592..3613
2026-09-08T15:16:42.458169Z  WARN foundry_evm_coverage::anchors: could not find anchor item=Branch (branch: 0, path: 0) (location: (source ID: 79, lines: 12..13, bytes: 503..582), hits: 0) err=Could not detect branches in source: source ID: 79, lines: 12..13, bytes: 503..582
2026-09-08T15:16:42.458349Z  WARN foundry_evm_coverage::anchors: could not find anchor item=Line (location: (source ID: 80, lines: 35..62, bytes: 1282..2765), hits: 0) err=Could not find anchor: No matching instruction in range source ID: 80, lines: 35..62, bytes: 1282..2765
2026-09-08T15:16:42.458398Z  WARN foundry_evm_coverage::anchors: could not find anchor item=Branch (branch: 0, path: 0) (location: (source ID: 83, lines: 59..60, bytes: 1958..1979), hits: 0) err=Could not find anchor: No matching instruction in range source ID: 83, lines: 59..60, bytes: 1958..1979
2026-09-08T15:16:42.458444Z  WARN foundry_evm_coverage::anchors: could not find anchor item=Line (location: (source ID: 83, lines: 60..61, bytes: 1993..2003), hits: 0) err=Could not find anchor: No matching instruction in range source ID: 83, lines: 60..61, bytes: 1993..2003
2026-09-08T15:16:42.458452Z  WARN foundry_evm_coverage::anchors: could not find anchor item=Statement (location: (source ID: 83, lines: 60..61, bytes: 1993..2003), hits: 0) err=Could not find anchor: No matching instruction in range source ID: 83, lines: 60..61, bytes: 1993..2003
2026-09-08T15:16:42.458461Z  WARN foundry_evm_coverage::anchors: could not find anchor item=Statement (location: (source ID: 83, lines: 60..61, bytes: 1993..2032), hits: 0) err=Could not find anchor: No matching instruction in range source ID: 83, lines: 60..61, bytes: 1993..2032
2026-09-08T15:16:42.458435Z  WARN foundry_evm_coverage::anchors: could not find anchor item=Function "validateConfig" (location: (source ID: 80, lines: 35..62, bytes: 1282..2765), hits: 0) err=Could not find anchor: No matching instruction in range source ID: 80, lines: 35..62, bytes: 1282..2765
2026-09-08T15:16:42.458478Z  WARN foundry_evm_coverage::anchors: could not find anchor item=Line (location: (source ID: 80, lines: 36..37, bytes: 1399..1469), hits: 0) err=Could not find anchor: No matching instruction in range source ID: 80, lines: 36..37, bytes: 1399..1469
2026-09-08T15:16:42.458497Z  WARN foundry_evm_coverage::anchors: could not find anchor item=Statement (location: (source ID: 80, lines: 36..37, bytes: 1399..1469), hits: 0) err=Could not find anchor: No matching instruction in range source ID: 80, lines: 36..37, bytes: 1399..1469
2026-09-08T15:16:42.458536Z  WARN foundry_evm_coverage::anchors: could not find anchor item=Branch (branch: 0, path: 0) (location: (source ID: 80, lines: 36..37, bytes: 1399..1469), hits: 0) err=Could not detect branches in source: source ID: 80, lines: 36..37, bytes: 1399..1469
2026-09-08T15:16:42.458549Z  WARN foundry_evm_coverage::anchors: could not find anchor item=Branch (branch: 0, path: 1) (location: (source ID: 80, lines: 36..37, bytes: 1399..1469), hits: 0) err=Could not detect branches in source: source ID: 80, lines: 36..37, bytes: 1399..1469
2026-09-08T15:16:42.458409Z  WARN foundry_evm_coverage::anchors: could not find anchor item=Line (location: (source ID: 82, lines: 127..128, bytes: 5068..5099), hits: 0) err=Could not find anchor: No matching instruction in range source ID: 82, lines: 127..128, bytes: 5068..5099
2026-09-08T15:16:42.458417Z  WARN foundry_evm_coverage::anchors: could not find anchor item=Branch (branch: 2, path: 0) (location: (source ID: 81, lines: 72..73, bytes: 3592..3613), hits: 0) err=Could not find anchor: No matching instruction in range source ID: 81, lines: 72..73, bytes: 3592..3613
2026-09-08T15:16:42.458426Z  WARN foundry_evm_coverage::anchors: could not find anchor item=Branch (branch: 0, path: 1) (location: (source ID: 79, lines: 12..13, bytes: 503..582), hits: 0) err=Could not detect branches in source: source ID: 79, lines: 12..13, bytes: 503..582
2026-09-08T15:16:42.458587Z  WARN foundry_evm_coverage::anchors: could not find anchor item=Line (location: (source ID: 79, lines: 13..14, bytes: 592..704), hits: 0) err=Could not find anchor: No matching instruction in range source ID: 79, lines: 13..14, bytes: 592..704
2026-09-08T15:16:42.458595Z  WARN foundry_evm_coverage::anchors: could not find anchor item=Statement (location: (source ID: 79, lines: 13..14, bytes: 592..704), hits: 0) err=Could not find anchor: No matching instruction in range source ID: 79, lines: 13..14, bytes: 592..704
2026-09-08T15:16:42.458570Z  WARN foundry_evm_coverage::anchors: could not find anchor item=Statement (location: (source ID: 82, lines: 127..128, bytes: 5068..5099), hits: 0) err=Could not find anchor: No matching instruction in range source ID: 82, lines: 127..128, bytes: 5068..5099
2026-09-08T15:16:42.458580Z  WARN foundry_evm_coverage::anchors: could not find anchor item=Line (location: (source ID: 81, lines: 73..74, bytes: 3627..3647), hits: 0) err=Could not find anchor: No matching instruction in range source ID: 81, lines: 73..74, bytes: 3627..3647
2026-09-08T15:16:42.458483Z  WARN foundry_evm_coverage::anchors: could not find anchor item=Statement (location: (source ID: 83, lines: 60..61, bytes: 2007..2032), hits: 0) err=Could not find anchor: No matching instruction in range source ID: 83, lines: 60..61, bytes: 2007..2032
2026-09-08T15:16:42.458631Z  WARN foundry_evm_coverage::anchors: could not find anchor item=Statement (location: (source ID: 83, lines: 60..61, bytes: 2034..2057), hits: 0) err=Could not find anchor: No matching instruction in range source ID: 83, lines: 60..61, bytes: 2034..2057
2026-09-08T15:16:42.458603Z  WARN foundry_evm_coverage::anchors: could not find anchor item=Branch (branch: 1, path: 0) (location: (source ID: 79, lines: 13..14, bytes: 592..704), hits: 0) err=Could not detect branches in source: source ID: 79, lines: 13..14, bytes: 592..704
2026-09-08T15:16:42.458614Z  WARN foundry_evm_coverage::anchors: could not find anchor item=Line (location: (source ID: 82, lines: 128..129, bytes: 5113..5137), hits: 0) err=Could not find anchor: No matching instruction in range source ID: 82, lines: 128..129, bytes: 5113..5137
2026-09-08T15:16:42.458623Z  WARN foundry_evm_coverage::anchors: could not find anchor item=Statement (location: (source ID: 81, lines: 73..74, bytes: 3627..3647), hits: 0) err=Could not find anchor: No matching instruction in range source ID: 81, lines: 73..74, bytes: 3627..3647
2026-09-08T15:16:42.458559Z  WARN foundry_evm_coverage::anchors: could not find anchor item=Line (location: (source ID: 80, lines: 37..38, bytes: 1479..1591), hits: 0) err=Could not find anchor: No matching instruction in range source ID: 80, lines: 37..38, bytes: 1479..1591
2026-09-08T15:16:42.458683Z  WARN foundry_evm_coverage::anchors: could not find anchor item=Statement (location: (source ID: 80, lines: 37..38, bytes: 1479..1591), hits: 0) err=Could not find anchor: No matching instruction in range source ID: 80, lines: 37..38, bytes: 1479..1591
2026-09-08T15:16:42.458649Z  WARN foundry_evm_coverage::anchors: could not find anchor item=Branch (branch: 1, path: 1) (location: (source ID: 79, lines: 13..14, bytes: 592..704), hits: 0) err=Could not detect branches in source: source ID: 79, lines: 13..14, bytes: 592..704
2026-09-08T15:16:42.458700Z  WARN foundry_evm_coverage::anchors: could not find anchor item=Line (location: (source ID: 79, lines: 14..15, bytes: 714..787), hits: 0) err=Could not find anchor: No matching instruction in range source ID: 79, lines: 14..15, bytes: 714..787
2026-09-08T15:16:42.458708Z  WARN foundry_evm_coverage::anchors: could not find anchor item=Statement (location: (source ID: 79, lines: 14..15, bytes: 714..787), hits: 0) err=Could not find anchor: No matching instruction in range source ID: 79, lines: 14..15, bytes: 714..787
2026-09-08T15:16:42.458715Z  WARN foundry_evm_coverage::anchors: could not find anchor item=Statement (location: (source ID: 79, lines: 14..15, bytes: 739..787), hits: 0) err=Could not find anchor: No matching instruction in range source ID: 79, lines: 14..15, bytes: 739..787
2026-09-08T15:16:42.458723Z  WARN foundry_evm_coverage::anchors: could not find anchor item=Line (location: (source ID: 79, lines: 15..16, bytes: 797..883), hits: 0) err=Could not find anchor: No matching instruction in range source ID: 79, lines: 15..16, bytes: 797..883
2026-09-08T15:16:42.458730Z  WARN foundry_evm_coverage::anchors: could not find anchor item=Statement (location: (source ID: 79, lines: 15..16, bytes: 797..883), hits: 0) err=Could not find anchor: No matching instruction in range source ID: 79, lines: 15..16, bytes: 797..883
2026-09-08T15:16:42.458667Z  WARN foundry_evm_coverage::anchors: could not find anchor item=Statement (location: (source ID: 81, lines: 73..74, bytes: 3627..3693), hits: 0) err=Could not find anchor: No matching instruction in range source ID: 81, lines: 73..74, bytes: 3627..3693
2026-09-08T15:16:42.458639Z  WARN foundry_evm_coverage::anchors: could not find anchor item=Branch (branch: 1, path: 0) (location: (source ID: 83, lines: 60..61, bytes: 2034..2057), hits: 0) err=Could not find anchor: No matching instruction in range source ID: 83, lines: 60..61, bytes: 2034..2057
2026-09-08T15:16:42.458756Z  WARN foundry_evm_coverage::anchors: could not find anchor item=Line (location: (source ID: 83, lines: 61..62, bytes: 2071..2104), hits: 0) err=Could not find anchor: No matching instruction in range source ID: 83, lines: 61..62, bytes: 2071..2104
2026-09-08T15:16:42.458764Z  WARN foundry_evm_coverage::anchors: could not find anchor item=Statement (location: (source ID: 83, lines: 61..62, bytes: 2071..2104), hits: 0) err=Could not find anchor: No matching instruction in range source ID: 83, lines: 61..62, bytes: 2071..2104
2026-09-08T15:16:42.458771Z  WARN foundry_evm_coverage::anchors: could not find anchor item=Statement (location: (source ID: 83, lines: 61..62, bytes: 2071..2118), hits: 0) err=Could not find anchor: No matching instruction in range source ID: 83, lines: 61..62, bytes: 2071..2118
2026-09-08T15:16:42.458748Z  WARN foundry_evm_coverage::anchors: could not find anchor item=Statement (location: (source ID: 81, lines: 73..74, bytes: 3651..3693), hits: 0) err=Could not find anchor: No matching instruction in range source ID: 81, lines: 73..74, bytes: 3651..3693
2026-09-08T15:16:42.458692Z  WARN foundry_evm_coverage::anchors: could not find anchor item=Branch (branch: 1, path: 0) (location: (source ID: 80, lines: 37..38, bytes: 1479..1591), hits: 0) err=Could not detect branches in source: source ID: 80, lines: 37..38, bytes: 1479..1591
2026-09-08T15:16:42.458659Z  WARN foundry_evm_coverage::anchors: could not find anchor item=Statement (location: (source ID: 82, lines: 128..129, bytes: 5113..5137), hits: 0) err=Could not find anchor: No matching instruction in range source ID: 82, lines: 128..129, bytes: 5113..5137
2026-09-08T15:16:42.458738Z  WARN foundry_evm_coverage::anchors: could not find anchor item=Branch (branch: 2, path: 0) (location: (source ID: 79, lines: 15..16, bytes: 797..883), hits: 0) err=Could not detect branches in source: source ID: 79, lines: 15..16, bytes: 797..883
2026-09-08T15:16:42.458779Z  WARN foundry_evm_coverage::anchors: could not find anchor item=Statement (location: (source ID: 83, lines: 61..62, bytes: 2120..2138), hits: 0) err=Could not find anchor: No matching instruction in range source ID: 83, lines: 61..62, bytes: 2120..2138
2026-09-08T15:16:42.458831Z  WARN foundry_evm_coverage::anchors: could not find anchor item=Branch (branch: 2, path: 0) (location: (source ID: 83, lines: 61..62, bytes: 2120..2138), hits: 0) err=Could not find anchor: No matching instruction in range source ID: 83, lines: 61..62, bytes: 2120..2138
2026-09-08T15:16:42.458804Z  WARN foundry_evm_coverage::anchors: could not find anchor item=Branch (branch: 1, path: 1) (location: (source ID: 80, lines: 37..38, bytes: 1479..1591), hits: 0) err=Could not detect branches in source: source ID: 80, lines: 37..38, bytes: 1479..1591
2026-09-08T15:16:42.458848Z  WARN foundry_evm_coverage::anchors: could not find anchor item=Line (location: (source ID: 80, lines: 38..39, bytes: 1601..1697), hits: 0) err=Could not find anchor: No matching instruction in range source ID: 80, lines: 38..39, bytes: 1601..1697
2026-09-08T15:16:42.458855Z  WARN foundry_evm_coverage::anchors: could not find anchor item=Statement (location: (source ID: 80, lines: 38..39, bytes: 1601..1697), hits: 0) err=Could not find anchor: No matching instruction in range source ID: 80, lines: 38..39, bytes: 1601..1697
2026-09-08T15:16:42.458789Z  WARN foundry_evm_coverage::anchors: could not find anchor item=Statement (location: (source ID: 81, lines: 73..74, bytes: 3669..3693), hits: 0) err=Could not find anchor: No matching instruction in range source ID: 81, lines: 73..74, bytes: 3669..3693
2026-09-08T15:16:42.458839Z  WARN foundry_evm_coverage::anchors: could not find anchor item=Line (location: (source ID: 83, lines: 62..63, bytes: 2152..2185), hits: 0) err=Could not find anchor: No matching instruction in range source ID: 83, lines: 62..63, bytes: 2152..2185
2026-09-08T15:16:42.458880Z  WARN foundry_evm_coverage::anchors: could not find anchor item=Statement (location: (source ID: 83, lines: 62..63, bytes: 2152..2185), hits: 0) err=Could not find anchor: No matching instruction in range source ID: 83, lines: 62..63, bytes: 2152..2185
2026-09-08T15:16:42.458888Z  WARN foundry_evm_coverage::anchors: could not find anchor item=Statement (location: (source ID: 83, lines: 62..63, bytes: 2187..2207), hits: 0) err=Could not find anchor: No matching instruction in range source ID: 83, lines: 62..63, bytes: 2187..2207
2026-09-08T15:16:42.458895Z  WARN foundry_evm_coverage::anchors: could not find anchor item=Branch (branch: 3, path: 0) (location: (source ID: 83, lines: 62..63, bytes: 2187..2207), hits: 0) err=Could not find anchor: No matching instruction in range source ID: 83, lines: 62..63, bytes: 2187..2207
2026-09-08T15:16:42.458903Z  WARN foundry_evm_coverage::anchors: could not find anchor item=Line (location: (source ID: 83, lines: 63..64, bytes: 2217..2237), hits: 0) err=Could not find anchor: No matching instruction in range source ID: 83, lines: 63..64, bytes: 2217..2237
2026-09-08T15:16:42.458814Z  WARN foundry_evm_coverage::anchors: could not find anchor item=Statement (location: (source ID: 82, lines: 128..129, bytes: 5139..5167), hits: 0) err=Could not find anchor: No matching instruction in range source ID: 82, lines: 128..129, bytes: 5139..5167
2026-09-08T15:16:42.458822Z  WARN foundry_evm_coverage::anchors: could not find anchor item=Branch (branch: 2, path: 1) (location: (source ID: 79, lines: 15..16, bytes: 797..883), hits: 0) err=Could not detect branches in source: source ID: 79, lines: 15..16, bytes: 797..883
2026-09-08T15:16:42.458935Z  WARN foundry_evm_coverage::anchors: could not find anchor item=Line (location: (source ID: 79, lines: 16..17, bytes: 893..979), hits: 0) err=Could not find anchor: No matching instruction in range source ID: 79, lines: 16..17, bytes: 893..979
2026-09-08T15:16:42.458943Z  WARN foundry_evm_coverage::anchors: could not find anchor item=Statement (location: (source ID: 79, lines: 16..17, bytes: 893..979), hits: 0) err=Could not find anchor: No matching instruction in range source ID: 79, lines: 16..17, bytes: 893..979
2026-09-08T15:16:42.458911Z  WARN foundry_evm_coverage::anchors: could not find anchor item=Statement (location: (source ID: 83, lines: 63..64, bytes: 2217..2237), hits: 0) err=Could not find anchor: No matching instruction in range source ID: 83, lines: 63..64, bytes: 2217..2237
2026-09-08T15:16:42.458959Z  WARN foundry_evm_coverage::anchors: could not find anchor item=Line (location: (source ID: 83, lines: 64..66, bytes: 2247..2379), hits: 0) err=Could not find anchor: No matching instruction in range source ID: 83, lines: 64..66, bytes: 2247..2379
2026-09-08T15:16:42.458967Z  WARN foundry_evm_coverage::anchors: could not find anchor item=Statement (location: (source ID: 83, lines: 64..66, bytes: 2247..2379), hits: 0) err=Could not find anchor: No matching instruction in range source ID: 83, lines: 64..66, bytes: 2247..2379
2026-09-08T15:16:42.458975Z  WARN foundry_evm_coverage::anchors: could not find anchor item=Line (location: (source ID: 83, lines: 66..67, bytes: 2389..2440), hits: 0) err=Could not find anchor: No matching instruction in range source ID: 83, lines: 66..67, bytes: 2389..2440
2026-09-08T15:16:42.458982Z  WARN foundry_evm_coverage::anchors: could not find anchor item=Statement (location: (source ID: 83, lines: 66..67, bytes: 2389..2440), hits: 0) err=Could not find anchor: No matching instruction in range source ID: 83, lines: 66..67, bytes: 2389..2440
2026-09-08T15:16:42.458990Z  WARN foundry_evm_coverage::anchors: could not find anchor item=Line (location: (source ID: 83, lines: 69..76, bytes: 2453..2722), hits: 0) err=Could not find anchor: No matching instruction in range source ID: 83, lines: 69..76, bytes: 2453..2722
2026-09-08T15:16:42.458997Z  WARN foundry_evm_coverage::anchors: could not find anchor item=Function "cancel" (location: (source ID: 83, lines: 69..76, bytes: 2453..2722), hits: 0) err=Could not find anchor: No matching instruction in range source ID: 83, lines: 69..76, bytes: 2453..2722
2026-09-08T15:16:42.459005Z  WARN foundry_evm_coverage::anchors: could not find anchor item=Line (location: (source ID: 83, lines: 70..71, bytes: 2513..2548), hits: 0) err=Could not find anchor: No matching instruction in range source ID: 83, lines: 70..71, bytes: 2513..2548
2026-09-08T15:16:42.459012Z  WARN foundry_evm_coverage::anchors: could not find anchor item=Statement (location: (source ID: 83, lines: 70..71, bytes: 2513..2548), hits: 0) err=Could not find anchor: No matching instruction in range source ID: 83, lines: 70..71, bytes: 2513..2548
2026-09-08T15:16:42.459020Z  WARN foundry_evm_coverage::anchors: could not find anchor item=Line (location: (source ID: 83, lines: 71..72, bytes: 2562..2587), hits: 0) err=Could not find anchor: No matching instruction in range source ID: 83, lines: 71..72, bytes: 2562..2587
2026-09-08T15:16:42.459027Z  WARN foundry_evm_coverage::anchors: could not find anchor item=Statement (location: (source ID: 83, lines: 71..72, bytes: 2562..2587), hits: 0) err=Could not find anchor: No matching instruction in range source ID: 83, lines: 71..72, bytes: 2562..2587
2026-09-08T15:16:42.459035Z  WARN foundry_evm_coverage::anchors: could not find anchor item=Statement (location: (source ID: 83, lines: 71..72, bytes: 2589..2607), hits: 0) err=Could not find anchor: No matching instruction in range source ID: 83, lines: 71..72, bytes: 2589..2607
2026-09-08T15:16:42.459042Z  WARN foundry_evm_coverage::anchors: could not find anchor item=Branch (branch: 4, path: 0) (location: (source ID: 83, lines: 71..72, bytes: 2589..2607), hits: 0) err=Could not find anchor: No matching instruction in range source ID: 83, lines: 71..72, bytes: 2589..2607
2026-09-08T15:16:42.458921Z  WARN foundry_evm_coverage::anchors: could not find anchor item=Branch (branch: 2, path: 0) (location: (source ID: 82, lines: 128..129, bytes: 5139..5167), hits: 0) err=Could not find anchor: No matching instruction in range source ID: 82, lines: 128..129, bytes: 5139..5167
2026-09-08T15:16:42.458863Z  WARN foundry_evm_coverage::anchors: could not find anchor item=Branch (branch: 2, path: 0) (location: (source ID: 80, lines: 38..39, bytes: 1601..1697), hits: 0) err=Could not detect branches in source: source ID: 80, lines: 38..39, bytes: 1601..1697
2026-09-08T15:16:42.458873Z  WARN foundry_evm_coverage::anchors: could not find anchor item=Statement (location: (source ID: 81, lines: 73..74, bytes: 3695..3715), hits: 0) err=Could not find anchor: No matching instruction in range source ID: 81, lines: 73..74, bytes: 3695..3715
2026-09-08T15:16:42.458950Z  WARN foundry_evm_coverage::anchors: could not find anchor item=Branch (branch: 3, path: 0) (location: (source ID: 79, lines: 16..17, bytes: 893..979), hits: 0) err=Could not detect branches in source: source ID: 79, lines: 16..17, bytes: 893..979
2026-09-08T15:16:42.459061Z  WARN foundry_evm_coverage::anchors: could not find anchor item=Line (location: (source ID: 83, lines: 72..73, bytes: 2621..2633), hits: 0) err=Could not find anchor: No matching instruction in range source ID: 83, lines: 72..73, bytes: 2621..2633
2026-09-08T15:16:42.459105Z  WARN foundry_evm_coverage::anchors: could not find anchor item=Statement (location: (source ID: 83, lines: 72..73, bytes: 2621..2633), hits: 0) err=Could not find anchor: No matching instruction in range source ID: 83, lines: 72..73, bytes: 2621..2633
2026-09-08T15:16:42.459113Z  WARN foundry_evm_coverage::anchors: could not find anchor item=Statement (location: (source ID: 83, lines: 72..73, bytes: 2635..2658), hits: 0) err=Could not find anchor: No matching instruction in range source ID: 83, lines: 72..73, bytes: 2635..2658
2026-09-08T15:16:42.459120Z  WARN foundry_evm_coverage::anchors: could not find anchor item=Branch (branch: 5, path: 0) (location: (source ID: 83, lines: 72..73, bytes: 2635..2658), hits: 0) err=Could not find anchor: No matching instruction in range source ID: 83, lines: 72..73, bytes: 2635..2658
2026-09-08T15:16:42.459128Z  WARN foundry_evm_coverage::anchors: could not find anchor item=Line (location: (source ID: 83, lines: 73..74, bytes: 2668..2687), hits: 0) err=Could not find anchor: No matching instruction in range source ID: 83, lines: 73..74, bytes: 2668..2687
2026-09-08T15:16:42.459135Z  WARN foundry_evm_coverage::anchors: could not find anchor item=Statement (location: (source ID: 83, lines: 73..74, bytes: 2668..2687), hits: 0) err=Could not find anchor: No matching instruction in range source ID: 83, lines: 73..74, bytes: 2668..2687
2026-09-08T15:16:42.459142Z  WARN foundry_evm_coverage::anchors: could not find anchor item=Line (location: (source ID: 83, lines: 74..75, bytes: 2697..2715), hits: 0) err=Could not find anchor: No matching instruction in range source ID: 83, lines: 74..75, bytes: 2697..2715
2026-09-08T15:16:42.459150Z  WARN foundry_evm_coverage::anchors: could not find anchor item=Statement (location: (source ID: 83, lines: 74..75, bytes: 2697..2715), hits: 0) err=Could not find anchor: No matching instruction in range source ID: 83, lines: 74..75, bytes: 2697..2715
2026-09-08T15:16:42.459157Z  WARN foundry_evm_coverage::anchors: could not find anchor item=Line (location: (source ID: 83, lines: 78..96, bytes: 2819..3822), hits: 0) err=Could not find anchor: No matching instruction in range source ID: 83, lines: 78..96, bytes: 2819..3822
2026-09-08T15:16:42.459165Z  WARN foundry_evm_coverage::anchors: could not find anchor item=Function "buy" (location: (source ID: 83, lines: 78..96, bytes: 2819..3822), hits: 0) err=Could not find anchor: No matching instruction in range source ID: 83, lines: 78..96, bytes: 2819..3822
2026-09-08T15:16:42.459179Z  WARN foundry_evm_coverage::anchors: could not find anchor item=Line (location: (source ID: 83, lines: 79..80, bytes: 2903..2938), hits: 0) err=Could not find anchor: No matching instruction in range source ID: 83, lines: 79..80, bytes: 2903..2938
2026-09-08T15:16:42.459187Z  WARN foundry_evm_coverage::anchors: could not find anchor item=Statement (location: (source ID: 83, lines: 79..80, bytes: 2903..2938), hits: 0) err=Could not find anchor: No matching instruction in range source ID: 83, lines: 79..80, bytes: 2903..2938
2026-09-08T15:16:42.459097Z  WARN foundry_evm_coverage::anchors: could not find anchor item=Branch (branch: 3, path: 1) (location: (source ID: 79, lines: 16..17, bytes: 893..979), hits: 0) err=Could not detect branches in source: source ID: 79, lines: 16..17, bytes: 893..979
2026-09-08T15:16:42.459203Z  WARN foundry_evm_coverage::anchors: could not find anchor item=Line (location: (source ID: 79, lines: 17..20, bytes: 989..1124), hits: 0) err=Could not find anchor: No matching instruction in range source ID: 79, lines: 17..20, bytes: 989..1124
2026-09-08T15:16:42.459211Z  WARN foundry_evm_coverage::anchors: could not find anchor item=Statement (location: (source ID: 79, lines: 17..20, bytes: 989..1124), hits: 0) err=Could not find anchor: No matching instruction in range source ID: 79, lines: 17..20, bytes: 989..1124
2026-09-08T15:16:42.459089Z  WARN foundry_evm_coverage::anchors: could not find anchor item=Branch (branch: 3, path: 0) (location: (source ID: 81, lines: 73..74, bytes: 3695..3715), hits: 0) err=Could not find anchor: No matching instruction in range source ID: 81, lines: 73..74, bytes: 3695..3715
2026-09-08T15:16:42.459194Z  WARN foundry_evm_coverage::anchors: could not find anchor item=Line (location: (source ID: 83, lines: 80..81, bytes: 2952..2964), hits: 0) err=Could not find anchor: No matching instruction in range source ID: 83, lines: 80..81, bytes: 2952..2964
2026-09-08T15:16:42.459236Z  WARN foundry_evm_coverage::anchors: could not find anchor item=Statement (location: (source ID: 83, lines: 80..81, bytes: 2952..2964), hits: 0) err=Could not find anchor: No matching instruction in range source ID: 83, lines: 80..81, bytes: 2952..2964
2026-09-08T15:16:42.459244Z  WARN foundry_evm_coverage::anchors: could not find anchor item=Statement (location: (source ID: 83, lines: 80..81, bytes: 2952..2998), hits: 0) err=Could not find anchor: No matching instruction in range source ID: 83, lines: 80..81, bytes: 2952..2998
2026-09-08T15:16:42.459251Z  WARN foundry_evm_coverage::anchors: could not find anchor item=Statement (location: (source ID: 83, lines: 80..81, bytes: 2968..2998), hits: 0) err=Could not find anchor: No matching instruction in range source ID: 83, lines: 80..81, bytes: 2968..2998
2026-09-08T15:16:42.459258Z  WARN foundry_evm_coverage::anchors: could not find anchor item=Statement (location: (source ID: 83, lines: 80..81, bytes: 3000..3023), hits: 0) err=Could not find anchor: No matching instruction in range source ID: 83, lines: 80..81, bytes: 3000..3023
2026-09-08T15:16:42.459266Z  WARN foundry_evm_coverage::anchors: could not find anchor item=Branch (branch: 6, path: 0) (location: (source ID: 83, lines: 80..81, bytes: 3000..3023), hits: 0) err=Could not find anchor: No matching instruction in range source ID: 83, lines: 80..81, bytes: 3000..3023
2026-09-08T15:16:42.459273Z  WARN foundry_evm_coverage::anchors: could not find anchor item=Line (location: (source ID: 83, lines: 81..82, bytes: 3037..3088), hits: 0) err=Could not find anchor: No matching instruction in range source ID: 83, lines: 81..82, bytes: 3037..3088
2026-09-08T15:16:42.459281Z  WARN foundry_evm_coverage::anchors: could not find anchor item=Statement (location: (source ID: 83, lines: 81..82, bytes: 3037..3088), hits: 0) err=Could not find anchor: No matching instruction in range source ID: 83, lines: 81..82, bytes: 3037..3088
2026-09-08T15:16:42.459288Z  WARN foundry_evm_coverage::anchors: could not find anchor item=Statement (location: (source ID: 83, lines: 81..82, bytes: 3037..3110), hits: 0) err=Could not find anchor: No matching instruction in range source ID: 83, lines: 81..82, bytes: 3037..3110
2026-09-08T15:16:42.459071Z  WARN foundry_evm_coverage::anchors: could not find anchor item=Line (location: (source ID: 82, lines: 129..130, bytes: 5177..5207), hits: 0) err=Could not find anchor: No matching instruction in range source ID: 82, lines: 129..130, bytes: 5177..5207
2026-09-08T15:16:42.459079Z  WARN foundry_evm_coverage::anchors: could not find anchor item=Branch (branch: 2, path: 1) (location: (source ID: 80, lines: 38..39, bytes: 1601..1697), hits: 0) err=Could not detect branches in source: source ID: 80, lines: 38..39, bytes: 1601..1697
2026-09-08T15:16:42.459319Z  WARN foundry_evm_coverage::anchors: could not find anchor item=Line (location: (source ID: 80, lines: 39..40, bytes: 1707..1776), hits: 0) err=Could not find anchor: No matching instruction in range source ID: 80, lines: 39..40, bytes: 1707..1776
2026-09-08T15:16:42.459326Z  WARN foundry_evm_coverage::anchors: could not find anchor item=Statement (location: (source ID: 80, lines: 39..40, bytes: 1707..1776), hits: 0) err=Could not find anchor: No matching instruction in range source ID: 80, lines: 39..40, bytes: 1707..1776
2026-09-08T15:16:42.459302Z  WARN foundry_evm_coverage::anchors: could not find anchor item=Statement (location: (source ID: 83, lines: 81..82, bytes: 3112..3135), hits: 0) err=Could not find anchor: No matching instruction in range source ID: 83, lines: 81..82, bytes: 3112..3135
2026-09-08T15:16:42.459342Z  WARN foundry_evm_coverage::anchors: could not find anchor item=Branch (branch: 7, path: 0) (location: (source ID: 83, lines: 81..82, bytes: 3112..3135), hits: 0) err=Could not find anchor: No matching instruction in range source ID: 83, lines: 81..82, bytes: 3112..3135
2026-09-08T15:16:42.459349Z  WARN foundry_evm_coverage::anchors: could not find anchor item=Line (location: (source ID: 83, lines: 82..83, bytes: 3149..3188), hits: 0) err=Could not find anchor: No matching instruction in range source ID: 83, lines: 82..83, bytes: 3149..3188
2026-09-08T15:16:42.459357Z  WARN foundry_evm_coverage::anchors: could not find anchor item=Statement (location: (source ID: 83, lines: 82..83, bytes: 3149..3188), hits: 0) err=Could not find anchor: No matching instruction in range source ID: 83, lines: 82..83, bytes: 3149..3188
2026-09-08T15:16:42.459364Z  WARN foundry_evm_coverage::anchors: could not find anchor item=Statement (location: (source ID: 83, lines: 82..83, bytes: 3190..3210), hits: 0) err=Could not find anchor: No matching instruction in range source ID: 83, lines: 82..83, bytes: 3190..3210
2026-09-08T15:16:42.459371Z  WARN foundry_evm_coverage::anchors: could not find anchor item=Branch (branch: 8, path: 0) (location: (source ID: 83, lines: 82..83, bytes: 3190..3210), hits: 0) err=Could not find anchor: No matching instruction in range source ID: 83, lines: 82..83, bytes: 3190..3210
2026-09-08T15:16:42.459378Z  WARN foundry_evm_coverage::anchors: could not find anchor item=Line (location: (source ID: 83, lines: 83..84, bytes: 3224..3247), hits: 0) err=Could not find anchor: No matching instruction in range source ID: 83, lines: 83..84, bytes: 3224..3247
2026-09-08T15:16:42.459385Z  WARN foundry_evm_coverage::anchors: could not find anchor item=Statement (location: (source ID: 83, lines: 83..84, bytes: 3224..3247), hits: 0) err=Could not find anchor: No matching instruction in range source ID: 83, lines: 83..84, bytes: 3224..3247
2026-09-08T15:16:42.459393Z  WARN foundry_evm_coverage::anchors: could not find anchor item=Statement (location: (source ID: 83, lines: 83..84, bytes: 3224..3301), hits: 0) err=Could not find anchor: No matching instruction in range source ID: 83, lines: 83..84, bytes: 3224..3301
2026-09-08T15:16:42.459312Z  WARN foundry_evm_coverage::anchors: could not find anchor item=Statement (location: (source ID: 82, lines: 129..130, bytes: 5177..5207), hits: 0) err=Could not find anchor: No matching instruction in range source ID: 82, lines: 129..130, bytes: 5177..5207
2026-09-08T15:16:42.459219Z  WARN foundry_evm_coverage::anchors: could not find anchor item=Branch (branch: 4, path: 0) (location: (source ID: 79, lines: 17..20, bytes: 989..1124), hits: 0) err=Could not detect branches in source: source ID: 79, lines: 17..20, bytes: 989..1124
2026-09-08T15:16:42.459228Z  WARN foundry_evm_coverage::anchors: could not find anchor item=Line (location: (source ID: 81, lines: 74..75, bytes: 3730..3739), hits: 0) err=Could not find anchor: No matching instruction in range source ID: 81, lines: 74..75, bytes: 3730..3739
2026-09-08T15:16:42.459334Z  WARN foundry_evm_coverage::anchors: could not find anchor item=Branch (branch: 3, path: 0) (location: (source ID: 80, lines: 39..40, bytes: 1707..1776), hits: 0) err=Could not detect branches in source: source ID: 80, lines: 39..40, bytes: 1707..1776
2026-09-08T15:16:42.459400Z  WARN foundry_evm_coverage::anchors: could not find anchor item=Statement (location: (source ID: 83, lines: 83..84, bytes: 3251..3277), hits: 0) err=Could not find anchor: No matching instruction in range source ID: 83, lines: 83..84, bytes: 3251..3277
2026-09-08T15:16:42.459449Z  WARN foundry_evm_coverage::anchors: could not find anchor item=Statement (location: (source ID: 83, lines: 83..84, bytes: 3251..3301), hits: 0) err=Could not find anchor: No matching instruction in range source ID: 83, lines: 83..84, bytes: 3251..3301
2026-09-08T15:16:42.459457Z  WARN foundry_evm_coverage::anchors: could not find anchor item=Statement (location: (source ID: 83, lines: 83..84, bytes: 3281..3301), hits: 0) err=Could not find anchor: No matching instruction in range source ID: 83, lines: 83..84, bytes: 3281..3301
2026-09-08T15:16:42.459464Z  WARN foundry_evm_coverage::anchors: could not find anchor item=Statement (location: (source ID: 83, lines: 83..84, bytes: 3303..3328), hits: 0) err=Could not find anchor: No matching instruction in range source ID: 83, lines: 83..84, bytes: 3303..3328
2026-09-08T15:16:42.459441Z  WARN foundry_evm_coverage::anchors: could not find anchor item=Branch (branch: 3, path: 1) (location: (source ID: 80, lines: 39..40, bytes: 1707..1776), hits: 0) err=Could not detect branches in source: source ID: 80, lines: 39..40, bytes: 1707..1776
2026-09-08T15:16:42.459479Z  WARN foundry_evm_coverage::anchors: could not find anchor item=Line (location: (source ID: 80, lines: 40..41, bytes: 1786..1869), hits: 0) err=Could not find anchor: No matching instruction in range source ID: 80, lines: 40..41, bytes: 1786..1869
2026-09-08T15:16:42.459487Z  WARN foundry_evm_coverage::anchors: could not find anchor item=Statement (location: (source ID: 80, lines: 40..41, bytes: 1786..1869), hits: 0) err=Could not find anchor: No matching instruction in range source ID: 80, lines: 40..41, bytes: 1786..1869
2026-09-08T15:16:42.459495Z  WARN foundry_evm_coverage::anchors: could not find anchor item=Branch (branch: 4, path: 0) (location: (source ID: 80, lines: 40..41, bytes: 1786..1869), hits: 0) err=Could not detect branches in source: source ID: 80, lines: 40..41, bytes: 1786..1869
2026-09-08T15:16:42.459471Z  WARN foundry_evm_coverage::anchors: could not find anchor item=Branch (branch: 9, path: 0) (location: (source ID: 83, lines: 83..84, bytes: 3303..3328), hits: 0) err=Could not find anchor: No matching instruction in range source ID: 83, lines: 83..84, bytes: 3303..3328
2026-09-08T15:16:42.459416Z  WARN foundry_evm_coverage::anchors: could not find anchor item=Line (location: (source ID: 82, lines: 130..131, bytes: 5217..5266), hits: 0) err=Could not find anchor: No matching instruction in range source ID: 82, lines: 130..131, bytes: 5217..5266
2026-09-08T15:16:42.459424Z  WARN foundry_evm_coverage::anchors: could not find anchor item=Branch (branch: 4, path: 1) (location: (source ID: 79, lines: 17..20, bytes: 989..1124), hits: 0) err=Could not detect branches in source: source ID: 79, lines: 17..20, bytes: 989..1124
2026-09-08T15:16:42.459434Z  WARN foundry_evm_coverage::anchors: could not find anchor item=Statement (location: (source ID: 81, lines: 74..75, bytes: 3730..3739), hits: 0) err=Could not find anchor: No matching instruction in range source ID: 81, lines: 74..75, bytes: 3730..3739
2026-09-08T15:16:42.459515Z  WARN foundry_evm_coverage::anchors: could not find anchor item=Branch (branch: 4, path: 1) (location: (source ID: 80, lines: 40..41, bytes: 1786..1869), hits: 0) err=Could not detect branches in source: source ID: 80, lines: 40..41, bytes: 1786..1869
2026-09-08T15:16:42.459526Z  WARN foundry_evm_coverage::anchors: could not find anchor item=Line (location: (source ID: 83, lines: 84..85, bytes: 3338..3364), hits: 0) err=Could not find anchor: No matching instruction in range source ID: 83, lines: 84..85, bytes: 3338..3364
2026-09-08T15:16:42.459550Z  WARN foundry_evm_coverage::anchors: could not find anchor item=Statement (location: (source ID: 82, lines: 130..131, bytes: 5217..5266), hits: 0) err=Could not find anchor: No matching instruction in range source ID: 82, lines: 130..131, bytes: 5217..5266
2026-09-08T15:16:42.459561Z  WARN foundry_evm_coverage::anchors: could not find anchor item=Line (location: (source ID: 79, lines: 20..21, bytes: 1134..1153), hits: 0) err=Could not find anchor: No matching instruction in range source ID: 79, lines: 20..21, bytes: 1134..1153
2026-09-08T15:16:42.459579Z  WARN foundry_evm_coverage::anchors: could not find anchor item=Statement (location: (source ID: 81, lines: 74..75, bytes: 3741..3760), hits: 0) err=Could not find anchor: No matching instruction in range source ID: 81, lines: 74..75, bytes: 3741..3760
2026-09-08T15:16:42.459601Z  WARN foundry_evm_coverage::anchors: could not find anchor item=Line (location: (source ID: 80, lines: 41..42, bytes: 1879..1955), hits: 0) err=Could not find anchor: No matching instruction in range source ID: 80, lines: 41..42, bytes: 1879..1955
2026-09-08T15:16:42.459673Z  WARN foundry_evm_coverage::anchors: could not find anchor item=Statement (location: (source ID: 80, lines: 41..42, bytes: 1879..1955), hits: 0) err=Could not find anchor: No matching instruction in range source ID: 80, lines: 41..42, bytes: 1879..1955
2026-09-08T15:16:42.459618Z  WARN foundry_evm_coverage::anchors: could not find anchor item=Line (location: (source ID: 82, lines: 134..141, bytes: 5381..5719), hits: 0) err=Could not find anchor: No matching instruction in range source ID: 82, lines: 134..141, bytes: 5381..5719
2026-09-08T15:16:42.459635Z  WARN foundry_evm_coverage::anchors: could not find anchor item=Statement (location: (source ID: 79, lines: 20..21, bytes: 1134..1153), hits: 0) err=Could not find anchor: No matching instruction in range source ID: 79, lines: 20..21, bytes: 1134..1153
2026-09-08T15:16:42.459706Z  WARN foundry_evm_coverage::anchors: could not find anchor item=Line (location: (source ID: 79, lines: 21..22, bytes: 1163..1197), hits: 0) err=Could not find anchor: No matching instruction in range source ID: 79, lines: 21..22, bytes: 1163..1197
2026-09-08T15:16:42.459713Z  WARN foundry_evm_coverage::anchors: could not find anchor item=Statement (location: (source ID: 79, lines: 21..22, bytes: 1163..1197), hits: 0) err=Could not find anchor: No matching instruction in range source ID: 79, lines: 21..22, bytes: 1163..1197
2026-09-08T15:16:42.459682Z  WARN foundry_evm_coverage::anchors: could not find anchor item=Branch (branch: 5, path: 0) (location: (source ID: 80, lines: 41..42, bytes: 1879..1955), hits: 0) err=Could not detect branches in source: source ID: 80, lines: 41..42, bytes: 1879..1955
2026-09-08T15:16:42.459699Z  WARN foundry_evm_coverage::anchors: could not find anchor item=Function "cancelPayoutWalletChange" (location: (source ID: 82, lines: 134..141, bytes: 5381..5719), hits: 0) err=Could not find anchor: No matching instruction in range source ID: 82, lines: 134..141, bytes: 5381..5719
2026-09-08T15:16:42.459649Z  WARN foundry_evm_coverage::anchors: could not find anchor item=Statement (location: (source ID: 81, lines: 74..75, bytes: 3762..3765), hits: 0) err=Could not find anchor: No matching instruction in range source ID: 81, lines: 74..75, bytes: 3762..3765
2026-09-08T15:16:42.459608Z  WARN foundry_evm_coverage::anchors: could not find anchor item=Statement (location: (source ID: 83, lines: 84..85, bytes: 3338..3364), hits: 0) err=Could not find anchor: No matching instruction in range source ID: 83, lines: 84..85, bytes: 3338..3364
2026-09-08T15:16:42.459768Z  WARN foundry_evm_coverage::anchors: could not find anchor item=Line (location: (source ID: 83, lines: 85..86, bytes: 3378..3396), hits: 0) err=Could not find anchor: No matching instruction in range source ID: 83, lines: 85..86, bytes: 3378..3396
2026-09-08T15:16:42.459776Z  WARN foundry_evm_coverage::anchors: could not find anchor item=Statement (location: (source ID: 83, lines: 85..86, bytes: 3378..3396), hits: 0) err=Could not find anchor: No matching instruction in range source ID: 83, lines: 85..86, bytes: 3378..3396
2026-09-08T15:16:42.459784Z  WARN foundry_evm_coverage::anchors: could not find anchor item=Statement (location: (source ID: 83, lines: 85..86, bytes: 3398..3423), hits: 0) err=Could not find anchor: No matching instruction in range source ID: 83, lines: 85..86, bytes: 3398..3423
2026-09-08T15:16:42.459792Z  WARN foundry_evm_coverage::anchors: could not find anchor item=Branch (branch: 10, path: 0) (location: (source ID: 83, lines: 85..86, bytes: 3398..3423), hits: 0) err=Could not find anchor: No matching instruction in range source ID: 83, lines: 85..86, bytes: 3398..3423
2026-09-08T15:16:42.459761Z  WARN foundry_evm_coverage::anchors: could not find anchor item=Line (location: (source ID: 81, lines: 75..76, bytes: 3781..3805), hits: 0) err=Could not find anchor: No matching instruction in range source ID: 81, lines: 75..76, bytes: 3781..3805
2026-09-08T15:16:42.459720Z  WARN foundry_evm_coverage::anchors: could not find anchor item=Line (location: (source ID: 79, lines: 22..23, bytes: 1207..1225), hits: 0) err=Could not find anchor: No matching instruction in range source ID: 79, lines: 22..23, bytes: 1207..1225
2026-09-08T15:16:42.459740Z  WARN foundry_evm_coverage::anchors: could not find anchor item=Line (location: (source ID: 82, lines: 135..136, bytes: 5453..5479), hits: 0) err=Could not find anchor: No matching instruction in range source ID: 82, lines: 135..136, bytes: 5453..5479
2026-09-08T15:16:42.459846Z  WARN foundry_evm_coverage::anchors: could not find anchor item=Statement (location: (source ID: 79, lines: 22..23, bytes: 1207..1225), hits: 0) err=Could not find anchor: No matching instruction in range source ID: 79, lines: 22..23, bytes: 1207..1225
2026-09-08T15:16:42.459868Z  WARN foundry_evm_coverage::anchors: could not find anchor item=Line (location: (source ID: 79, lines: 23..24, bytes: 1235..1303), hits: 0) err=Could not find anchor: No matching instruction in range source ID: 79, lines: 23..24, bytes: 1235..1303
2026-09-08T15:16:42.459879Z  WARN foundry_evm_coverage::anchors: could not find anchor item=Statement (location: (source ID: 79, lines: 23..24, bytes: 1235..1303), hits: 0) err=Could not find anchor: No matching instruction in range source ID: 79, lines: 23..24, bytes: 1235..1303
2026-09-08T15:16:42.459888Z  WARN foundry_evm_coverage::anchors: could not find anchor item=Branch (branch: 5, path: 0) (location: (source ID: 79, lines: 23..24, bytes: 1235..1303), hits: 0) err=Could not detect branches in source: source ID: 79, lines: 23..24, bytes: 1235..1303
2026-09-08T15:16:42.459801Z  WARN foundry_evm_coverage::anchors: could not find anchor item=Line (location: (source ID: 83, lines: 86..87, bytes: 3433..3505), hits: 0) err=Could not find anchor: No matching instruction in range source ID: 83, lines: 86..87, bytes: 3433..3505
2026-09-08T15:16:42.459906Z  WARN foundry_evm_coverage::anchors: could not find anchor item=Statement (location: (source ID: 83, lines: 86..87, bytes: 3433..3505), hits: 0) err=Could not find anchor: No matching instruction in range source ID: 83, lines: 86..87, bytes: 3433..3505
2026-09-08T15:16:42.459915Z  WARN foundry_evm_coverage::anchors: could not find anchor item=Statement (location: (source ID: 83, lines: 86..87, bytes: 3455..3505), hits: 0) err=Could not find anchor: No matching instruction in range source ID: 83, lines: 86..87, bytes: 3455..3505
2026-09-08T15:16:42.459933Z  WARN foundry_evm_coverage::anchors: could not find anchor item=Line (location: (source ID: 83, lines: 88..89, bytes: 3516..3535), hits: 0) err=Could not find anchor: No matching instruction in range source ID: 83, lines: 88..89, bytes: 3516..3535
2026-09-08T15:16:42.459896Z  WARN foundry_evm_coverage::anchors: could not find anchor item=Branch (branch: 5, path: 1) (location: (source ID: 79, lines: 23..24, bytes: 1235..1303), hits: 0) err=Could not detect branches in source: source ID: 79, lines: 23..24, bytes: 1235..1303
2026-09-08T15:16:42.459950Z  WARN foundry_evm_coverage::anchors: could not find anchor item=Statement (location: (source ID: 83, lines: 88..89, bytes: 3516..3535), hits: 0) err=Could not find anchor: No matching instruction in range source ID: 83, lines: 88..89, bytes: 3516..3535
2026-09-08T15:16:42.459957Z  WARN foundry_evm_coverage::anchors: could not find anchor item=Line (location: (source ID: 79, lines: 24..25, bytes: 1313..1416), hits: 0) err=Could not find anchor: No matching instruction in range source ID: 79, lines: 24..25, bytes: 1313..1416
2026-09-08T15:16:42.459732Z  WARN foundry_evm_coverage::anchors: could not find anchor item=Branch (branch: 5, path: 1) (location: (source ID: 80, lines: 41..42, bytes: 1879..1955), hits: 0) err=Could not detect branches in source: source ID: 80, lines: 41..42, bytes: 1879..1955
2026-09-08T15:16:42.459856Z  WARN foundry_evm_coverage::anchors: could not find anchor item=Statement (location: (source ID: 82, lines: 135..136, bytes: 5453..5479), hits: 0) err=Could not find anchor: No matching instruction in range source ID: 82, lines: 135..136, bytes: 5453..5479
2026-09-08T15:16:42.459982Z  WARN foundry_evm_coverage::anchors: could not find anchor item=Line (location: (source ID: 80, lines: 42..43, bytes: 1965..2040), hits: 0) err=Could not find anchor: No matching instruction in range source ID: 80, lines: 42..43, bytes: 1965..2040
2026-09-08T15:16:42.459814Z  WARN foundry_evm_coverage::anchors: could not find anchor item=Statement (location: (source ID: 81, lines: 75..76, bytes: 3781..3805), hits: 0) err=Could not find anchor: No matching instruction in range source ID: 81, lines: 75..76, bytes: 3781..3805
2026-09-08T15:16:42.459996Z  WARN foundry_evm_coverage::anchors: could not find anchor item=Statement (location: (source ID: 80, lines: 42..43, bytes: 1965..2040), hits: 0) err=Could not find anchor: No matching instruction in range source ID: 80, lines: 42..43, bytes: 1965..2040
2026-09-08T15:16:42.460001Z  WARN foundry_evm_coverage::anchors: could not find anchor item=Line (location: (source ID: 81, lines: 76..77, bytes: 3823..3830), hits: 0) err=Could not find anchor: No matching instruction in range source ID: 81, lines: 76..77, bytes: 3823..3830
2026-09-08T15:16:42.460006Z  WARN foundry_evm_coverage::anchors: could not find anchor item=Branch (branch: 6, path: 0) (location: (source ID: 80, lines: 42..43, bytes: 1965..2040), hits: 0) err=Could not detect branches in source: source ID: 80, lines: 42..43, bytes: 1965..2040
2026-09-08T15:16:42.460051Z  WARN foundry_evm_coverage::anchors: could not find anchor item=Statement (location: (source ID: 81, lines: 76..77, bytes: 3823..3830), hits: 0) err=Could not find anchor: No matching instruction in range source ID: 81, lines: 76..77, bytes: 3823..3830
2026-09-08T15:16:42.460069Z  WARN foundry_evm_coverage::anchors: could not find anchor item=Branch (branch: 6, path: 1) (location: (source ID: 80, lines: 42..43, bytes: 1965..2040), hits: 0) err=Could not detect branches in source: source ID: 80, lines: 42..43, bytes: 1965..2040
2026-09-08T15:16:42.459977Z  WARN foundry_evm_coverage::anchors: could not find anchor item=Statement (location: (source ID: 79, lines: 24..25, bytes: 1313..1416), hits: 0) err=Could not find anchor: No matching instruction in range source ID: 79, lines: 24..25, bytes: 1313..1416
2026-09-08T15:16:42.459960Z  WARN foundry_evm_coverage::anchors: could not find anchor item=Line (location: (source ID: 83, lines: 89..90, bytes: 3545..3572), hits: 0) err=Could not find anchor: No matching instruction in range source ID: 83, lines: 89..90, bytes: 3545..3572
2026-09-08T15:16:42.460103Z  WARN foundry_evm_coverage::anchors: could not find anchor item=Statement (location: (source ID: 83, lines: 89..90, bytes: 3545..3572), hits: 0) err=Could not find anchor: No matching instruction in range source ID: 83, lines: 89..90, bytes: 3545..3572
2026-09-08T15:16:42.460112Z  WARN foundry_evm_coverage::anchors: could not find anchor item=Line (location: (source ID: 83, lines: 90..91, bytes: 3582..3621), hits: 0) err=Could not find anchor: No matching instruction in range source ID: 83, lines: 90..91, bytes: 3582..3621
2026-09-08T15:16:42.460119Z  WARN foundry_evm_coverage::anchors: could not find anchor item=Statement (location: (source ID: 83, lines: 90..91, bytes: 3582..3621), hits: 0) err=Could not find anchor: No matching instruction in range source ID: 83, lines: 90..91, bytes: 3582..3621
2026-09-08T15:16:42.460127Z  WARN foundry_evm_coverage::anchors: could not find anchor item=Line (location: (source ID: 83, lines: 91..92, bytes: 3631..3652), hits: 0) err=Could not find anchor: No matching instruction in range source ID: 83, lines: 91..92, bytes: 3631..3652
2026-09-08T15:16:42.460073Z  WARN foundry_evm_coverage::anchors: could not find anchor item=Statement (location: (source ID: 81, lines: 76..77, bytes: 3823..3879), hits: 0) err=Could not find anchor: No matching instruction in range source ID: 81, lines: 76..77, bytes: 3823..3879
2026-09-08T15:16:42.460149Z  WARN foundry_evm_coverage::anchors: could not find anchor item=Statement (location: (source ID: 81, lines: 76..77, bytes: 3834..3849), hits: 0) err=Could not find anchor: No matching instruction in range source ID: 81, lines: 76..77, bytes: 3834..3849
2026-09-08T15:16:42.460154Z  WARN foundry_evm_coverage::anchors: could not find anchor item=Statement (location: (source ID: 83, lines: 91..92, bytes: 3631..3652), hits: 0) err=Could not find anchor: No matching instruction in range source ID: 83, lines: 91..92, bytes: 3631..3652
2026-09-08T15:16:42.460080Z  WARN foundry_evm_coverage::anchors: could not find anchor item=Line (location: (source ID: 80, lines: 43..52, bytes: 2050..2309), hits: 0) err=Could not find anchor: No matching instruction in range source ID: 80, lines: 43..52, bytes: 2050..2309
2026-09-08T15:16:42.459986Z  WARN foundry_evm_coverage::anchors: could not find anchor item=Statement (location: (source ID: 82, lines: 135..136, bytes: 5481..5502), hits: 0) err=Could not find anchor: No matching instruction in range source ID: 82, lines: 135..136, bytes: 5481..5502
2026-09-08T15:16:42.460174Z  WARN foundry_evm_coverage::anchors: could not find anchor item=Line (location: (source ID: 83, lines: 93..94, bytes: 3663..3734), hits: 0) err=Could not find anchor: No matching instruction in range source ID: 83, lines: 93..94, bytes: 3663..3734
2026-09-08T15:16:42.460190Z  WARN foundry_evm_coverage::anchors: could not find anchor item=Statement (location: (source ID: 83, lines: 93..94, bytes: 3663..3734), hits: 0) err=Could not find anchor: No matching instruction in range source ID: 83, lines: 93..94, bytes: 3663..3734
2026-09-08T15:16:42.460200Z  WARN foundry_evm_coverage::anchors: could not find anchor item=Line (location: (source ID: 83, lines: 94..95, bytes: 3744..3815), hits: 0) err=Could not find anchor: No matching instruction in range source ID: 83, lines: 94..95, bytes: 3744..3815
2026-09-08T15:16:42.460207Z  WARN foundry_evm_coverage::anchors: could not find anchor item=Statement (location: (source ID: 83, lines: 94..95, bytes: 3744..3815), hits: 0) err=Could not find anchor: No matching instruction in range source ID: 83, lines: 94..95, bytes: 3744..3815
2026-09-08T15:16:42.460158Z  WARN foundry_evm_coverage::anchors: could not find anchor item=Statement (location: (source ID: 81, lines: 76..77, bytes: 3834..3879), hits: 0) err=Could not find anchor: No matching instruction in range source ID: 81, lines: 76..77, bytes: 3834..3879
2026-09-08T15:16:42.460241Z  WARN foundry_evm_coverage::anchors: could not find anchor item=Statement (location: (source ID: 81, lines: 76..77, bytes: 3853..3865), hits: 0) err=Could not find anchor: No matching instruction in range source ID: 81, lines: 76..77, bytes: 3853..3865
2026-09-08T15:16:42.460216Z  WARN foundry_evm_coverage::anchors: could not find anchor item=Line (location: (source ID: 83, lines: 97..100, bytes: 3828..3969), hits: 0) err=Could not find anchor: No matching instruction in range source ID: 83, lines: 97..100, bytes: 3828..3969
2026-09-08T15:16:42.460168Z  WARN foundry_evm_coverage::anchors: could not find anchor item=Statement (location: (source ID: 80, lines: 43..52, bytes: 2050..2309), hits: 0) err=Could not find anchor: No matching instruction in range source ID: 80, lines: 43..52, bytes: 2050..2309
2026-09-08T15:16:42.460270Z  WARN foundry_evm_coverage::anchors: could not find anchor item=Line (location: (source ID: 80, lines: 52..53, bytes: 2319..2378), hits: 0) err=Could not find anchor: No matching instruction in range source ID: 80, lines: 52..53, bytes: 2319..2378
2026-09-08T15:16:42.460278Z  WARN foundry_evm_coverage::anchors: could not find anchor item=Statement (location: (source ID: 80, lines: 52..53, bytes: 2319..2378), hits: 0) err=Could not find anchor: No matching instruction in range source ID: 80, lines: 52..53, bytes: 2319..2378
2026-09-08T15:16:42.460252Z  WARN foundry_evm_coverage::anchors: could not find anchor item=Statement (location: (source ID: 81, lines: 76..77, bytes: 3853..3879), hits: 0) err=Could not find anchor: No matching instruction in range source ID: 81, lines: 76..77, bytes: 3853..3879
2026-09-08T15:16:42.460261Z  WARN foundry_evm_coverage::anchors: could not find anchor item=Function "_tokenRescueAdmin" (location: (source ID: 83, lines: 97..100, bytes: 3828..3969), hits: 0) err=Could not find anchor: No matching instruction in range source ID: 83, lines: 97..100, bytes: 3828..3969
2026-09-08T15:16:42.460180Z  WARN foundry_evm_coverage::anchors: could not find anchor item=Branch (branch: 3, path: 0) (location: (source ID: 82, lines: 135..136, bytes: 5481..5502), hits: 0) err=Could not find anchor: No matching instruction in range source ID: 82, lines: 135..136, bytes: 5481..5502
2026-09-08T15:16:42.460088Z  WARN foundry_evm_coverage::anchors: could not find anchor item=Branch (branch: 6, path: 0) (location: (source ID: 79, lines: 24..25, bytes: 1313..1416), hits: 0) err=Could not detect branches in source: source ID: 79, lines: 24..25, bytes: 1313..1416
2026-09-08T15:16:42.460287Z  WARN foundry_evm_coverage::anchors: could not find anchor item=Branch (branch: 7, path: 0) (location: (source ID: 80, lines: 52..53, bytes: 2319..2378), hits: 0) err=Could not detect branches in source: source ID: 80, lines: 52..53, bytes: 2319..2378
2026-09-08T15:16:42.460297Z  WARN foundry_evm_coverage::anchors: could not find anchor item=Statement (location: (source ID: 81, lines: 76..77, bytes: 3881..3901), hits: 0) err=Could not find anchor: No matching instruction in range source ID: 81, lines: 76..77, bytes: 3881..3901
2026-09-08T15:16:42.460305Z  WARN foundry_evm_coverage::anchors: could not find anchor item=Line (location: (source ID: 83, lines: 98..99, bytes: 3915..3962), hits: 0) err=Could not find anchor: No matching instruction in range source ID: 83, lines: 98..99, bytes: 3915..3962
2026-09-08T15:16:42.460316Z  WARN foundry_evm_coverage::anchors: could not find anchor item=Line (location: (source ID: 82, lines: 136..137, bytes: 5512..5550), hits: 0) err=Could not find anchor: No matching instruction in range source ID: 82, lines: 136..137, bytes: 5512..5550
2026-09-08T15:16:42.460324Z  WARN foundry_evm_coverage::anchors: could not find anchor item=Branch (branch: 6, path: 1) (location: (source ID: 79, lines: 24..25, bytes: 1313..1416), hits: 0) err=Could not detect branches in source: source ID: 79, lines: 24..25, bytes: 1313..1416
2026-09-08T15:16:42.460333Z  WARN foundry_evm_coverage::anchors: could not find anchor item=Branch (branch: 7, path: 1) (location: (source ID: 80, lines: 52..53, bytes: 2319..2378), hits: 0) err=Could not detect branches in source: source ID: 80, lines: 52..53, bytes: 2319..2378
2026-09-08T15:16:42.460384Z  WARN foundry_evm_coverage::anchors: could not find anchor item=Line (location: (source ID: 80, lines: 53..54, bytes: 2388..2450), hits: 0) err=Could not find anchor: No matching instruction in range source ID: 80, lines: 53..54, bytes: 2388..2450
2026-09-08T15:16:42.460392Z  WARN foundry_evm_coverage::anchors: could not find anchor item=Statement (location: (source ID: 80, lines: 53..54, bytes: 2388..2450), hits: 0) err=Could not find anchor: No matching instruction in range source ID: 80, lines: 53..54, bytes: 2388..2450
2026-09-08T15:16:42.460360Z  WARN foundry_evm_coverage::anchors: could not find anchor item=Statement (location: (source ID: 82, lines: 136..137, bytes: 5512..5550), hits: 0) err=Could not find anchor: No matching instruction in range source ID: 82, lines: 136..137, bytes: 5512..5550
2026-09-08T15:16:42.460368Z  WARN foundry_evm_coverage::anchors: could not find anchor item=Line (location: (source ID: 79, lines: 25..26, bytes: 1426..1467), hits: 0) err=Could not find anchor: No matching instruction in range source ID: 79, lines: 25..26, bytes: 1426..1467
2026-09-08T15:16:42.460342Z  WARN foundry_evm_coverage::anchors: could not find anchor item=Branch (branch: 4, path: 0) (location: (source ID: 81, lines: 76..77, bytes: 3881..3901), hits: 0) err=Could not find anchor: No matching instruction in range source ID: 81, lines: 76..77, bytes: 3881..3901
2026-09-08T15:16:42.460428Z  WARN foundry_evm_coverage::anchors: could not find anchor item=Line (location: (source ID: 81, lines: 77..78, bytes: 3915..3928), hits: 0) err=Could not find anchor: No matching instruction in range source ID: 81, lines: 77..78, bytes: 3915..3928
2026-09-08T15:16:42.460437Z  WARN foundry_evm_coverage::anchors: could not find anchor item=Statement (location: (source ID: 81, lines: 77..78, bytes: 3915..3928), hits: 0) err=Could not find anchor: No matching instruction in range source ID: 81, lines: 77..78, bytes: 3915..3928
2026-09-08T15:16:42.460400Z  WARN foundry_evm_coverage::anchors: could not find anchor item=Branch (branch: 8, path: 0) (location: (source ID: 80, lines: 53..54, bytes: 2388..2450), hits: 0) err=Could not detect branches in source: source ID: 80, lines: 53..54, bytes: 2388..2450
2026-09-08T15:16:42.460455Z  WARN foundry_evm_coverage::anchors: could not find anchor item=Branch (branch: 8, path: 1) (location: (source ID: 80, lines: 53..54, bytes: 2388..2450), hits: 0) err=Could not detect branches in source: source ID: 80, lines: 53..54, bytes: 2388..2450
2026-09-08T15:16:42.460350Z  WARN foundry_evm_coverage::anchors: could not find anchor item=Statement (location: (source ID: 83, lines: 98..99, bytes: 3915..3962), hits: 0) err=Could not find anchor: No matching instruction in range source ID: 83, lines: 98..99, bytes: 3915..3962
2026-09-08T15:16:42.460472Z  WARN foundry_evm_coverage::anchors: could not find anchor item=Line (location: (source ID: 83, lines: 101..104, bytes: 3975..4074), hits: 0) err=Could not find anchor: No matching instruction in range source ID: 83, lines: 101..104, bytes: 3975..4074
2026-09-08T15:16:42.460446Z  WARN foundry_evm_coverage::anchors: could not find anchor item=Line (location: (source ID: 81, lines: 78..79, bytes: 3942..3966), hits: 0) err=Could not find anchor: No matching instruction in range source ID: 81, lines: 78..79, bytes: 3942..3966
2026-09-08T15:16:42.460490Z  WARN foundry_evm_coverage::anchors: could not find anchor item=Statement (location: (source ID: 81, lines: 78..79, bytes: 3942..3966), hits: 0) err=Could not find anchor: No matching instruction in range source ID: 81, lines: 78..79, bytes: 3942..3966
2026-09-08T15:16:42.460476Z  WARN foundry_evm_coverage::anchors: could not find anchor item=Line (location: (source ID: 80, lines: 54..57, bytes: 2460..2596), hits: 0) err=Could not find anchor: No matching instruction in range source ID: 80, lines: 54..57, bytes: 2460..2596
2026-09-08T15:16:42.460508Z  WARN foundry_evm_coverage::anchors: could not find anchor item=Statement (location: (source ID: 80, lines: 54..57, bytes: 2460..2596), hits: 0) err=Could not find anchor: No matching instruction in range source ID: 80, lines: 54..57, bytes: 2460..2596
2026-09-08T15:16:42.460511Z  WARN foundry_evm_coverage::anchors: could not find anchor item=Line (location: (source ID: 81, lines: 84..94, bytes: 4205..4717), hits: 0) err=Could not find anchor: No matching instruction in range source ID: 81, lines: 84..94, bytes: 4205..4717
2026-09-08T15:16:42.460410Z  WARN foundry_evm_coverage::anchors: could not find anchor item=Line (location: (source ID: 82, lines: 137..138, bytes: 5564..5586), hits: 0) err=Could not find anchor: No matching instruction in range source ID: 82, lines: 137..138, bytes: 5564..5586
2026-09-08T15:16:42.460480Z  WARN foundry_evm_coverage::anchors: could not find anchor item=Function "_protectedToken" (location: (source ID: 83, lines: 101..104, bytes: 3975..4074), hits: 0) err=Could not find anchor: No matching instruction in range source ID: 83, lines: 101..104, bytes: 3975..4074
2026-09-08T15:16:42.460557Z  WARN foundry_evm_coverage::anchors: could not find anchor item=Line (location: (source ID: 83, lines: 102..103, bytes: 4053..4067), hits: 0) err=Could not find anchor: No matching instruction in range source ID: 83, lines: 102..103, bytes: 4053..4067
2026-09-08T15:16:42.460516Z  WARN foundry_evm_coverage::anchors: could not find anchor item=Branch (branch: 9, path: 0) (location: (source ID: 80, lines: 54..57, bytes: 2460..2596), hits: 0) err=Could not detect branches in source: source ID: 80, lines: 54..57, bytes: 2460..2596
2026-09-08T15:16:42.460577Z  WARN foundry_evm_coverage::anchors: could not find anchor item=Branch (branch: 9, path: 1) (location: (source ID: 80, lines: 54..57, bytes: 2460..2596), hits: 0) err=Could not detect branches in source: source ID: 80, lines: 54..57, bytes: 2460..2596
2026-09-08T15:16:42.460586Z  WARN foundry_evm_coverage::anchors: could not find anchor item=Line (location: (source ID: 80, lines: 57..61, bytes: 2606..2758), hits: 0) err=Could not find anchor: No matching instruction in range source ID: 80, lines: 57..61, bytes: 2606..2758
2026-09-08T15:16:42.460577Z  WARN foundry_evm_coverage::anchors: could not find anchor item=Statement (location: (source ID: 83, lines: 102..103, bytes: 4053..4067), hits: 0) err=Could not find anchor: No matching instruction in range source ID: 83, lines: 102..103, bytes: 4053..4067
2026-09-08T15:16:42.460602Z  WARN foundry_evm_coverage::anchors: could not find anchor item=Line (location: (source ID: 83, lines: 105..109, bytes: 4080..4312), hits: 0) err=Could not find anchor: No matching instruction in range source ID: 83, lines: 105..109, bytes: 4080..4312
2026-09-08T15:16:42.460607Z  WARN foundry_evm_coverage::anchors: could not find anchor item=Statement (location: (source ID: 80, lines: 57..61, bytes: 2606..2758), hits: 0) err=Could not find anchor: No matching instruction in range source ID: 80, lines: 57..61, bytes: 2606..2758
2026-09-08T15:16:42.460619Z  WARN foundry_evm_coverage::anchors: could not find anchor item=Function "_isApproved" (location: (source ID: 83, lines: 105..109, bytes: 4080..4312), hits: 0) err=Could not find anchor: No matching instruction in range source ID: 83, lines: 105..109, bytes: 4080..4312
2026-09-08T15:16:42.460626Z  WARN foundry_evm_coverage::anchors: could not find anchor item=Line (location: (source ID: 83, lines: 106..107, bytes: 4179..4235), hits: 0) err=Could not find anchor: No matching instruction in range source ID: 83, lines: 106..107, bytes: 4179..4235
2026-09-08T15:16:42.460437Z  WARN foundry_evm_coverage::anchors: could not find anchor item=Statement (location: (source ID: 79, lines: 25..26, bytes: 1426..1467), hits: 0) err=Could not find anchor: No matching instruction in range source ID: 79, lines: 25..26, bytes: 1426..1467
2026-09-08T15:16:42.460648Z  WARN foundry_evm_coverage::anchors: could not find anchor item=Line (location: (source ID: 79, lines: 26..27, bytes: 1477..1538), hits: 0) err=Could not find anchor: No matching instruction in range source ID: 79, lines: 26..27, bytes: 1477..1538
2026-09-08T15:16:42.460659Z  WARN foundry_evm_coverage::anchors: could not find anchor item=Statement (location: (source ID: 79, lines: 26..27, bytes: 1477..1538), hits: 0) err=Could not find anchor: No matching instruction in range source ID: 79, lines: 26..27, bytes: 1477..1538
2026-09-08T15:16:42.460633Z  WARN foundry_evm_coverage::anchors: could not find anchor item=Statement (location: (source ID: 83, lines: 106..107, bytes: 4179..4235), hits: 0) err=Could not find anchor: No matching instruction in range source ID: 83, lines: 106..107, bytes: 4179..4235
2026-09-08T15:16:42.460679Z  WARN foundry_evm_coverage::anchors: could not find anchor item=Statement (location: (source ID: 83, lines: 106..108, bytes: 4172..4305), hits: 0) err=Could not find anchor: No matching instruction in range source ID: 83, lines: 106..108, bytes: 4172..4305
2026-09-08T15:16:42.460628Z  WARN foundry_evm_coverage::anchors: could not find anchor item=Branch (branch: 10, path: 0) (location: (source ID: 80, lines: 57..61, bytes: 2606..2758), hits: 0) err=Could not detect branches in source: source ID: 80, lines: 57..61, bytes: 2606..2758
2026-09-08T15:16:42.460669Z  WARN foundry_evm_coverage::anchors: could not find anchor item=Line (location: (source ID: 79, lines: 27..28, bytes: 1548..1597), hits: 0) err=Could not find anchor: No matching instruction in range source ID: 79, lines: 27..28, bytes: 1548..1597
2026-09-08T15:16:42.460715Z  WARN foundry_evm_coverage::anchors: could not find anchor item=Branch (branch: 10, path: 1) (location: (source ID: 80, lines: 57..61, bytes: 2606..2758), hits: 0) err=Could not detect branches in source: source ID: 80, lines: 57..61, bytes: 2606..2758
2026-09-08T15:16:42.460725Z  WARN foundry_evm_coverage::anchors: could not find anchor item=Line (location: (source ID: 80, lines: 63..85, bytes: 2771..3995), hits: 0) err=Could not find anchor: No matching instruction in range source ID: 80, lines: 63..85, bytes: 2771..3995
2026-09-08T15:16:42.460733Z  WARN foundry_evm_coverage::anchors: could not find anchor item=Function "run" (location: (source ID: 80, lines: 63..85, bytes: 2771..3995), hits: 0) err=Could not find anchor: No matching instruction in range source ID: 80, lines: 63..85, bytes: 2771..3995
2026-09-08T15:16:42.460741Z  WARN foundry_evm_coverage::anchors: could not find anchor item=Line (location: (source ID: 80, lines: 64..65, bytes: 2838..2882), hits: 0) err=Could not find anchor: No matching instruction in range source ID: 80, lines: 64..65, bytes: 2838..2882
2026-09-08T15:16:42.460718Z  WARN foundry_evm_coverage::anchors: could not find anchor item=Statement (location: (source ID: 79, lines: 27..28, bytes: 1548..1597), hits: 0) err=Could not find anchor: No matching instruction in range source ID: 79, lines: 27..28, bytes: 1548..1597
2026-09-08T15:16:42.460757Z  WARN foundry_evm_coverage::anchors: could not find anchor item=Statement (location: (source ID: 80, lines: 64..65, bytes: 2838..2882), hits: 0) err=Could not find anchor: No matching instruction in range source ID: 80, lines: 64..65, bytes: 2838..2882
2026-09-08T15:16:42.460768Z  WARN foundry_evm_coverage::anchors: could not find anchor item=Statement (location: (source ID: 80, lines: 64..65, bytes: 2870..2882), hits: 0) err=Could not find anchor: No matching instruction in range source ID: 80, lines: 64..65, bytes: 2870..2882
2026-09-08T15:16:42.460689Z  WARN foundry_evm_coverage::anchors: could not find anchor item=Statement (location: (source ID: 83, lines: 106..108, bytes: 4179..4305), hits: 0) err=Could not find anchor: No matching instruction in range source ID: 83, lines: 106..108, bytes: 4179..4305
2026-09-08T15:16:42.460784Z  WARN foundry_evm_coverage::anchors: could not find anchor item=Line (location: (source ID: 83, lines: 107..108, bytes: 4251..4288), hits: 0) err=Could not find anchor: No matching instruction in range source ID: 83, lines: 107..108, bytes: 4251..4288
2026-09-08T15:16:42.460797Z  WARN foundry_evm_coverage::anchors: could not find anchor item=Statement (location: (source ID: 83, lines: 107..108, bytes: 4251..4288), hits: 0) err=Could not find anchor: No matching instruction in range source ID: 83, lines: 107..108, bytes: 4251..4288
2026-09-08T15:16:42.460571Z  WARN foundry_evm_coverage::anchors: could not find anchor item=Statement (location: (source ID: 82, lines: 137..138, bytes: 5564..5586), hits: 0) err=Could not find anchor: No matching instruction in range source ID: 82, lines: 137..138, bytes: 5564..5586
2026-09-08T15:16:42.460530Z  WARN foundry_evm_coverage::anchors: could not find anchor item=Function "setMetadataURI" (location: (source ID: 81, lines: 84..94, bytes: 4205..4717), hits: 0) err=Could not find anchor: No matching instruction in range source ID: 81, lines: 84..94, bytes: 4205..4717
2026-09-08T15:16:42.460832Z  WARN foundry_evm_coverage::anchors: could not find anchor item=Line (location: (source ID: 81, lines: 85..86, bytes: 4289..4321), hits: 0) err=Could not find anchor: No matching instruction in range source ID: 81, lines: 85..86, bytes: 4289..4321
2026-09-08T15:16:42.460841Z  WARN foundry_evm_coverage::anchors: could not find anchor item=Statement (location: (source ID: 81, lines: 85..86, bytes: 4289..4321), hits: 0) err=Could not find anchor: No matching instruction in range source ID: 81, lines: 85..86, bytes: 4289..4321
2026-09-08T15:16:42.460851Z  WARN foundry_evm_coverage::anchors: could not find anchor item=Statement (location: (source ID: 81, lines: 85..86, bytes: 4303..4321), hits: 0) err=Could not find anchor: No matching instruction in range source ID: 81, lines: 85..86, bytes: 4303..4321
2026-09-08T15:16:42.460860Z  WARN foundry_evm_coverage::anchors: could not find anchor item=Statement (location: (source ID: 81, lines: 85..86, bytes: 4323..4344), hits: 0) err=Could not find anchor: No matching instruction in range source ID: 81, lines: 85..86, bytes: 4323..4344
2026-09-08T15:16:42.460869Z  WARN foundry_evm_coverage::anchors: could not find anchor item=Branch (branch: 5, path: 0) (location: (source ID: 81, lines: 85..86, bytes: 4323..4344), hits: 0) err=Could not find anchor: No matching instruction in range source ID: 81, lines: 85..86, bytes: 4323..4344
2026-09-08T15:16:42.460878Z  WARN foundry_evm_coverage::anchors: could not find anchor item=Line (location: (source ID: 81, lines: 86..87, bytes: 4354..4386), hits: 0) err=Could not find anchor: No matching instruction in range source ID: 81, lines: 86..87, bytes: 4354..4386
2026-09-08T15:16:42.460762Z  WARN foundry_evm_coverage::anchors: could not find anchor item=Line (location: (source ID: 79, lines: 28..29, bytes: 1607..1673), hits: 0) err=Could not find anchor: No matching instruction in range source ID: 79, lines: 28..29, bytes: 1607..1673
2026-09-08T15:16:42.460800Z  WARN foundry_evm_coverage::anchors: could not find anchor item=Line (location: (source ID: 80, lines: 65..66, bytes: 2892..2931), hits: 0) err=Could not find anchor: No matching instruction in range source ID: 80, lines: 65..66, bytes: 2892..2931
2026-09-08T15:16:42.460900Z  WARN foundry_evm_coverage::anchors: could not find anchor item=Statement (location: (source ID: 80, lines: 65..66, bytes: 2892..2931), hits: 0) err=Could not find anchor: No matching instruction in range source ID: 80, lines: 65..66, bytes: 2892..2931
2026-09-08T15:16:42.460907Z  WARN foundry_evm_coverage::anchors: could not find anchor item=Line (location: (source ID: 80, lines: 66..67, bytes: 2941..2993), hits: 0) err=Could not find anchor: No matching instruction in range source ID: 80, lines: 66..67, bytes: 2941..2993
2026-09-08T15:16:42.460887Z  WARN foundry_evm_coverage::anchors: could not find anchor item=Statement (location: (source ID: 81, lines: 86..87, bytes: 4354..4386), hits: 0) err=Could not find anchor: No matching instruction in range source ID: 81, lines: 86..87, bytes: 4354..4386
2026-09-08T15:16:42.460923Z  WARN foundry_evm_coverage::anchors: could not find anchor item=Statement (location: (source ID: 80, lines: 66..67, bytes: 2941..2993), hits: 0) err=Could not find anchor: No matching instruction in range source ID: 80, lines: 66..67, bytes: 2941..2993
2026-09-08T15:16:42.460939Z  WARN foundry_evm_coverage::anchors: could not find anchor item=Line (location: (source ID: 80, lines: 67..68, bytes: 3003..3044), hits: 0) err=Could not find anchor: No matching instruction in range source ID: 80, lines: 67..68, bytes: 3003..3044
2026-09-08T15:16:42.460950Z  WARN foundry_evm_coverage::anchors: could not find anchor item=Statement (location: (source ID: 80, lines: 67..68, bytes: 3003..3044), hits: 0) err=Could not find anchor: No matching instruction in range source ID: 80, lines: 67..68, bytes: 3003..3044
2026-09-08T15:16:42.460928Z  WARN foundry_evm_coverage::anchors: could not find anchor item=Line (location: (source ID: 81, lines: 87..88, bytes: 4400..4415), hits: 0) err=Could not find anchor: No matching instruction in range source ID: 81, lines: 87..88, bytes: 4400..4415
2026-09-08T15:16:42.460971Z  WARN foundry_evm_coverage::anchors: could not find anchor item=Statement (location: (source ID: 81, lines: 87..88, bytes: 4400..4415), hits: 0) err=Could not find anchor: No matching instruction in range source ID: 81, lines: 87..88, bytes: 4400..4415
2026-09-08T15:16:42.460980Z  WARN foundry_evm_coverage::anchors: could not find anchor item=Statement (location: (source ID: 81, lines: 87..88, bytes: 4400..4453), hits: 0) err=Could not find anchor: No matching instruction in range source ID: 81, lines: 87..88, bytes: 4400..4453
2026-09-08T15:16:42.460988Z  WARN foundry_evm_coverage::anchors: could not find anchor item=Statement (location: (source ID: 81, lines: 87..88, bytes: 4419..4453), hits: 0) err=Could not find anchor: No matching instruction in range source ID: 81, lines: 87..88, bytes: 4419..4453
2026-09-08T15:16:42.460821Z  WARN foundry_evm_coverage::anchors: could not find anchor item=Statement (location: (source ID: 82, lines: 137..138, bytes: 5588..5618), hits: 0) err=Could not find anchor: No matching instruction in range source ID: 82, lines: 137..138, bytes: 5588..5618
2026-09-08T15:16:42.460892Z  WARN foundry_evm_coverage::anchors: could not find anchor item=Statement (location: (source ID: 79, lines: 28..29, bytes: 1607..1673), hits: 0) err=Could not find anchor: No matching instruction in range source ID: 79, lines: 28..29, bytes: 1607..1673
2026-09-08T15:16:42.460990Z  WARN foundry_evm_coverage::anchors: could not find anchor item=Line (location: (source ID: 80, lines: 68..69, bytes: 3054..3099), hits: 0) err=Could not find anchor: No matching instruction in range source ID: 80, lines: 68..69, bytes: 3054..3099
2026-09-08T15:16:42.460805Z  WARN foundry_evm_coverage::anchors: could not find anchor item=Statement (location: (source ID: 83, lines: 107..108, bytes: 4251..4305), hits: 0) err=Could not find anchor: No matching instruction in range source ID: 83, lines: 107..108, bytes: 4251..4305
2026-09-08T15:16:42.461024Z  WARN foundry_evm_coverage::anchors: could not find anchor item=Statement (location: (source ID: 80, lines: 68..69, bytes: 3054..3099), hits: 0) err=Could not find anchor: No matching instruction in range source ID: 80, lines: 68..69, bytes: 3054..3099
2026-09-08T15:16:42.460997Z  WARN foundry_evm_coverage::anchors: could not find anchor item=Statement (location: (source ID: 81, lines: 87..88, bytes: 4455..4484), hits: 0) err=Could not find anchor: No matching instruction in range source ID: 81, lines: 87..88, bytes: 4455..4484
2026-09-08T15:16:42.461043Z  WARN foundry_evm_coverage::anchors: could not find anchor item=Branch (branch: 6, path: 0) (location: (source ID: 81, lines: 87..88, bytes: 4455..4484), hits: 0) err=Could not find anchor: No matching instruction in range source ID: 81, lines: 87..88, bytes: 4455..4484
2026-09-08T15:16:42.461007Z  WARN foundry_evm_coverage::anchors: could not find anchor item=Branch (branch: 4, path: 0) (location: (source ID: 82, lines: 137..138, bytes: 5588..5618), hits: 0) err=Could not find anchor: No matching instruction in range source ID: 82, lines: 137..138, bytes: 5588..5618
2026-09-08T15:16:42.461063Z  WARN foundry_evm_coverage::anchors: could not find anchor item=Line (location: (source ID: 82, lines: 138..139, bytes: 5628..5660), hits: 0) err=Could not find anchor: No matching instruction in range source ID: 82, lines: 138..139, bytes: 5628..5660
2026-09-08T15:16:42.461046Z  WARN foundry_evm_coverage::anchors: could not find anchor item=Line (location: (source ID: 80, lines: 69..70, bytes: 3109..3158), hits: 0) err=Could not find anchor: No matching instruction in range source ID: 80, lines: 69..70, bytes: 3109..3158
2026-09-08T15:16:42.461078Z  WARN foundry_evm_coverage::anchors: could not find anchor item=Statement (location: (source ID: 80, lines: 69..70, bytes: 3109..3158), hits: 0) err=Could not find anchor: No matching instruction in range source ID: 80, lines: 69..70, bytes: 3109..3158
2026-09-08T15:16:42.461085Z  WARN foundry_evm_coverage::anchors: could not find anchor item=Line (location: (source ID: 80, lines: 70..71, bytes: 3168..3243), hits: 0) err=Could not find anchor: No matching instruction in range source ID: 80, lines: 70..71, bytes: 3168..3243
2026-09-08T15:16:42.461093Z  WARN foundry_evm_coverage::anchors: could not find anchor item=Statement (location: (source ID: 80, lines: 70..71, bytes: 3168..3243), hits: 0) err=Could not find anchor: No matching instruction in range source ID: 80, lines: 70..71, bytes: 3168..3243
2026-09-08T15:16:42.461026Z  WARN foundry_evm_coverage::anchors: could not find anchor item=Line (location: (source ID: 83, lines: 111..121, bytes: 4420..4917), hits: 0) err=Could not find anchor: No matching instruction in range source ID: 83, lines: 111..121, bytes: 4420..4917
2026-09-08T15:16:42.461011Z  WARN foundry_evm_coverage::anchors: could not find anchor item=Line (location: (source ID: 79, lines: 29..30, bytes: 1683..1736), hits: 0) err=Could not find anchor: No matching instruction in range source ID: 79, lines: 29..30, bytes: 1683..1736
2026-09-08T15:16:42.461128Z  WARN foundry_evm_coverage::anchors: could not find anchor item=Statement (location: (source ID: 79, lines: 29..30, bytes: 1683..1736), hits: 0) err=Could not find anchor: No matching instruction in range source ID: 79, lines: 29..30, bytes: 1683..1736
2026-09-08T15:16:42.461138Z  WARN foundry_evm_coverage::anchors: could not find anchor item=Line (location: (source ID: 79, lines: 30..31, bytes: 1746..1842), hits: 0) err=Could not find anchor: No matching instruction in range source ID: 79, lines: 30..31, bytes: 1746..1842
2026-09-08T15:16:42.461147Z  WARN foundry_evm_coverage::anchors: could not find anchor item=Statement (location: (source ID: 79, lines: 30..31, bytes: 1746..1842), hits: 0) err=Could not find anchor: No matching instruction in range source ID: 79, lines: 30..31, bytes: 1746..1842
2026-09-08T15:16:42.461053Z  WARN foundry_evm_coverage::anchors: could not find anchor item=Line (location: (source ID: 81, lines: 88..89, bytes: 4494..4533), hits: 0) err=Could not find anchor: No matching instruction in range source ID: 81, lines: 88..89, bytes: 4494..4533
2026-09-08T15:16:42.461205Z  WARN foundry_evm_coverage::anchors: could not find anchor item=Statement (location: (source ID: 81, lines: 88..89, bytes: 4494..4533), hits: 0) err=Could not find anchor: No matching instruction in range source ID: 81, lines: 88..89, bytes: 4494..4533
2026-09-08T15:16:42.461212Z  WARN foundry_evm_coverage::anchors: could not find anchor item=Line (location: (source ID: 81, lines: 89..90, bytes: 4543..4563), hits: 0) err=Could not find anchor: No matching instruction in range source ID: 81, lines: 89..90, bytes: 4543..4563
2026-09-08T15:16:42.461110Z  WARN foundry_evm_coverage::anchors: could not find anchor item=Function "withdraw" (location: (source ID: 83, lines: 111..121, bytes: 4420..4917), hits: 0) err=Could not find anchor: No matching instruction in range source ID: 83, lines: 111..121, bytes: 4420..4917
2026-09-08T15:16:42.461230Z  WARN foundry_evm_coverage::anchors: could not find anchor item=Line (location: (source ID: 83, lines: 112..113, bytes: 4501..4524), hits: 0) err=Could not find anchor: No matching instruction in range source ID: 83, lines: 112..113, bytes: 4501..4524
2026-09-08T15:16:42.461444Z  WARN foundry_evm_coverage::anchors: could not find anchor item=Statement (location: (source ID: 83, lines: 112..113, bytes: 4501..4524), hits: 0) err=Could not find anchor: No matching instruction in range source ID: 83, lines: 112..113, bytes: 4501..4524
2026-09-08T15:16:42.461098Z  WARN foundry_evm_coverage::anchors: could not find anchor item=Statement (location: (source ID: 82, lines: 138..139, bytes: 5628..5660), hits: 0) err=Could not find anchor: No matching instruction in range source ID: 82, lines: 138..139, bytes: 5628..5660
2026-09-08T15:16:42.461219Z  WARN foundry_evm_coverage::anchors: could not find anchor item=Statement (location: (source ID: 81, lines: 89..90, bytes: 4543..4563), hits: 0) err=Could not find anchor: No matching instruction in range source ID: 81, lines: 89..90, bytes: 4543..4563
2026-09-08T15:16:42.461454Z  WARN foundry_evm_coverage::anchors: could not find anchor item=Statement (location: (source ID: 83, lines: 112..113, bytes: 4501..4554), hits: 0) err=Could not find anchor: No matching instruction in range source ID: 83, lines: 112..113, bytes: 4501..4554
2026-09-08T15:16:42.461101Z  WARN foundry_evm_coverage::anchors: could not find anchor item=Line (location: (source ID: 80, lines: 71..72, bytes: 3253..3319), hits: 0) err=Could not find anchor: No matching instruction in range source ID: 80, lines: 71..72, bytes: 3253..3319
2026-09-08T15:16:42.461473Z  WARN foundry_evm_coverage::anchors: could not find anchor item=Line (location: (source ID: 82, lines: 139..140, bytes: 5670..5712), hits: 0) err=Could not find anchor: No matching instruction in range source ID: 82, lines: 139..140, bytes: 5670..5712
2026-09-08T15:16:42.461511Z  WARN foundry_evm_coverage::anchors: could not find anchor item=Statement (location: (source ID: 82, lines: 139..140, bytes: 5670..5712), hits: 0) err=Could not find anchor: No matching instruction in range source ID: 82, lines: 139..140, bytes: 5670..5712
2026-09-08T15:16:42.461483Z  WARN foundry_evm_coverage::anchors: could not find anchor item=Line (location: (source ID: 81, lines: 90..91, bytes: 4573..4617), hits: 0) err=Could not find anchor: No matching instruction in range source ID: 81, lines: 90..91, bytes: 4573..4617
2026-09-08T15:16:42.461501Z  WARN foundry_evm_coverage::anchors: could not find anchor item=Statement (location: (source ID: 80, lines: 71..72, bytes: 3253..3319), hits: 0) err=Could not find anchor: No matching instruction in range source ID: 80, lines: 71..72, bytes: 3253..3319
2026-09-08T15:16:42.461537Z  WARN foundry_evm_coverage::anchors: could not find anchor item=Line (location: (source ID: 80, lines: 72..73, bytes: 3329..3386), hits: 0) err=Could not find anchor: No matching instruction in range source ID: 80, lines: 72..73, bytes: 3329..3386
2026-09-08T15:16:42.461545Z  WARN foundry_evm_coverage::anchors: could not find anchor item=Statement (location: (source ID: 80, lines: 72..73, bytes: 3329..3386), hits: 0) err=Could not find anchor: No matching instruction in range source ID: 80, lines: 72..73, bytes: 3329..3386
2026-09-08T15:16:42.461553Z  WARN foundry_evm_coverage::anchors: could not find anchor item=Line (location: (source ID: 80, lines: 73..74, bytes: 3396..3446), hits: 0) err=Could not find anchor: No matching instruction in range source ID: 80, lines: 73..74, bytes: 3396..3446
2026-09-08T15:16:42.461561Z  WARN foundry_evm_coverage::anchors: could not find anchor item=Statement (location: (source ID: 80, lines: 73..74, bytes: 3396..3446), hits: 0) err=Could not find anchor: No matching instruction in range source ID: 80, lines: 73..74, bytes: 3396..3446
2026-09-08T15:16:42.461590Z  WARN foundry_evm_coverage::anchors: could not find anchor item=Line (location: (source ID: 80, lines: 74..75, bytes: 3456..3475), hits: 0) err=Could not find anchor: No matching instruction in range source ID: 80, lines: 74..75, bytes: 3456..3475
2026-09-08T15:16:42.461605Z  WARN foundry_evm_coverage::anchors: could not find anchor item=Statement (location: (source ID: 80, lines: 74..75, bytes: 3456..3475), hits: 0) err=Could not find anchor: No matching instruction in range source ID: 80, lines: 74..75, bytes: 3456..3475
2026-09-08T15:16:42.461617Z  WARN foundry_evm_coverage::anchors: could not find anchor item=Line (location: (source ID: 80, lines: 75..76, bytes: 3485..3516), hits: 0) err=Could not find anchor: No matching instruction in range source ID: 80, lines: 75..76, bytes: 3485..3516
2026-09-08T15:16:42.461626Z  WARN foundry_evm_coverage::anchors: could not find anchor item=Statement (location: (source ID: 80, lines: 75..76, bytes: 3485..3516), hits: 0) err=Could not find anchor: No matching instruction in range source ID: 80, lines: 75..76, bytes: 3485..3516
2026-09-08T15:16:42.461635Z  WARN foundry_evm_coverage::anchors: could not find anchor item=Line (location: (source ID: 80, lines: 76..77, bytes: 3526..3544), hits: 0) err=Could not find anchor: No matching instruction in range source ID: 80, lines: 76..77, bytes: 3526..3544
2026-09-08T15:16:42.461648Z  WARN foundry_evm_coverage::anchors: could not find anchor item=Statement (location: (source ID: 80, lines: 76..77, bytes: 3526..3544), hits: 0) err=Could not find anchor: No matching instruction in range source ID: 80, lines: 76..77, bytes: 3526..3544
2026-09-08T15:16:42.461656Z  WARN foundry_evm_coverage::anchors: could not find anchor item=Line (location: (source ID: 80, lines: 77..78, bytes: 3554..3640), hits: 0) err=Could not find anchor: No matching instruction in range source ID: 80, lines: 77..78, bytes: 3554..3640
2026-09-08T15:16:42.461530Z  WARN foundry_evm_coverage::anchors: could not find anchor item=Statement (location: (source ID: 81, lines: 90..91, bytes: 4573..4617), hits: 0) err=Could not find anchor: No matching instruction in range source ID: 81, lines: 90..91, bytes: 4573..4617
2026-09-08T15:16:42.461520Z  WARN foundry_evm_coverage::anchors: could not find anchor item=Line (location: (source ID: 82, lines: 144..152, bytes: 5918..6280), hits: 0) err=Could not find anchor: No matching instruction in range source ID: 82, lines: 144..152, bytes: 5918..6280
2026-09-08T15:16:42.461661Z  WARN foundry_evm_coverage::anchors: could not find anchor item=Statement (location: (source ID: 80, lines: 77..78, bytes: 3554..3640), hits: 0) err=Could not find anchor: No matching instruction in range source ID: 80, lines: 77..78, bytes: 3554..3640
2026-09-08T15:16:42.461491Z  WARN foundry_evm_coverage::anchors: could not find anchor item=Statement (location: (source ID: 83, lines: 112..113, bytes: 4528..4554), hits: 0) err=Could not find anchor: No matching instruction in range source ID: 83, lines: 112..113, bytes: 4528..4554
2026-09-08T15:16:42.461692Z  WARN foundry_evm_coverage::anchors: could not find anchor item=Line (location: (source ID: 81, lines: 91..92, bytes: 4627..4675), hits: 0) err=Could not find anchor: No matching instruction in range source ID: 81, lines: 91..92, bytes: 4627..4675
2026-09-08T15:16:42.461701Z  WARN foundry_evm_coverage::anchors: could not find anchor item=Function "acceptPayoutWallet" (location: (source ID: 82, lines: 144..152, bytes: 5918..6280), hits: 0) err=Could not find anchor: No matching instruction in range source ID: 82, lines: 144..152, bytes: 5918..6280
2026-09-08T15:16:42.461711Z  WARN foundry_evm_coverage::anchors: could not find anchor item=Branch (branch: 11, path: 0) (location: (source ID: 80, lines: 77..78, bytes: 3554..3640), hits: 0) err=Could not detect branches in source: source ID: 80, lines: 77..78, bytes: 3554..3640
2026-09-08T15:16:42.461721Z  WARN foundry_evm_coverage::anchors: could not find anchor item=Statement (location: (source ID: 83, lines: 112..113, bytes: 4556..4581), hits: 0) err=Could not find anchor: No matching instruction in range source ID: 83, lines: 112..113, bytes: 4556..4581
2026-09-08T15:16:42.461731Z  WARN foundry_evm_coverage::anchors: could not find anchor item=Statement (location: (source ID: 81, lines: 91..92, bytes: 4627..4675), hits: 0) err=Could not find anchor: No matching instruction in range source ID: 81, lines: 91..92, bytes: 4627..4675
2026-09-08T15:16:42.461740Z  WARN foundry_evm_coverage::anchors: could not find anchor item=Line (location: (source ID: 82, lines: 145..146, bytes: 5980..6018), hits: 0) err=Could not find anchor: No matching instruction in range source ID: 82, lines: 145..146, bytes: 5980..6018
2026-09-08T15:16:42.461748Z  WARN foundry_evm_coverage::anchors: could not find anchor item=Branch (branch: 11, path: 1) (location: (source ID: 80, lines: 77..78, bytes: 3554..3640), hits: 0) err=Could not detect branches in source: source ID: 80, lines: 77..78, bytes: 3554..3640
2026-09-08T15:16:42.461783Z  WARN foundry_evm_coverage::anchors: could not find anchor item=Line (location: (source ID: 80, lines: 78..81, bytes: 3650..3786), hits: 0) err=Could not find anchor: No matching instruction in range source ID: 80, lines: 78..81, bytes: 3650..3786
2026-09-08T15:16:42.461790Z  WARN foundry_evm_coverage::anchors: could not find anchor item=Statement (location: (source ID: 80, lines: 78..81, bytes: 3650..3786), hits: 0) err=Could not find anchor: No matching instruction in range source ID: 80, lines: 78..81, bytes: 3650..3786
2026-09-08T15:16:42.461776Z  WARN foundry_evm_coverage::anchors: could not find anchor item=Statement (location: (source ID: 82, lines: 145..146, bytes: 5980..6018), hits: 0) err=Could not find anchor: No matching instruction in range source ID: 82, lines: 145..146, bytes: 5980..6018
2026-09-08T15:16:42.461757Z  WARN foundry_evm_coverage::anchors: could not find anchor item=Branch (branch: 11, path: 0) (location: (source ID: 83, lines: 112..113, bytes: 4556..4581), hits: 0) err=Could not find anchor: No matching instruction in range source ID: 83, lines: 112..113, bytes: 4556..4581
2026-09-08T15:16:42.461815Z  WARN foundry_evm_coverage::anchors: could not find anchor item=Line (location: (source ID: 83, lines: 113..114, bytes: 4591..4627), hits: 0) err=Could not find anchor: No matching instruction in range source ID: 83, lines: 113..114, bytes: 4591..4627
2026-09-08T15:16:42.461822Z  WARN foundry_evm_coverage::anchors: could not find anchor item=Statement (location: (source ID: 83, lines: 113..114, bytes: 4591..4627), hits: 0) err=Could not find anchor: No matching instruction in range source ID: 83, lines: 113..114, bytes: 4591..4627
2026-09-08T15:16:42.461807Z  WARN foundry_evm_coverage::anchors: could not find anchor item=Line (location: (source ID: 82, lines: 146..147, bytes: 6032..6054), hits: 0) err=Could not find anchor: No matching instruction in range source ID: 82, lines: 146..147, bytes: 6032..6054
2026-09-08T15:16:42.461767Z  WARN foundry_evm_coverage::anchors: could not find anchor item=Line (location: (source ID: 81, lines: 92..93, bytes: 4685..4710), hits: 0) err=Could not find anchor: No matching instruction in range source ID: 81, lines: 92..93, bytes: 4685..4710
2026-09-08T15:16:42.461798Z  WARN foundry_evm_coverage::anchors: could not find anchor item=Branch (branch: 12, path: 0) (location: (source ID: 80, lines: 78..81, bytes: 3650..3786), hits: 0) err=Could not detect branches in source: source ID: 80, lines: 78..81, bytes: 3650..3786
2026-09-08T15:16:42.461829Z  WARN foundry_evm_coverage::anchors: could not find anchor item=Line (location: (source ID: 83, lines: 114..115, bytes: 4641..4652), hits: 0) err=Could not find anchor: No matching instruction in range source ID: 83, lines: 114..115, bytes: 4641..4652
2026-09-08T15:16:42.461863Z  WARN foundry_evm_coverage::anchors: could not find anchor item=Statement (location: (source ID: 83, lines: 114..115, bytes: 4641..4652), hits: 0) err=Could not find anchor: No matching instruction in range source ID: 83, lines: 114..115, bytes: 4641..4652
2026-09-08T15:16:42.461870Z  WARN foundry_evm_coverage::anchors: could not find anchor item=Statement (location: (source ID: 83, lines: 114..115, bytes: 4654..4680), hits: 0) err=Could not find anchor: No matching instruction in range source ID: 83, lines: 114..115, bytes: 4654..4680
2026-09-08T15:16:42.461855Z  WARN foundry_evm_coverage::anchors: could not find anchor item=Branch (branch: 12, path: 1) (location: (source ID: 80, lines: 78..81, bytes: 3650..3786), hits: 0) err=Could not detect branches in source: source ID: 80, lines: 78..81, bytes: 3650..3786
2026-09-08T15:16:42.461886Z  WARN foundry_evm_coverage::anchors: could not find anchor item=Line (location: (source ID: 80, lines: 81..82, bytes: 3796..3838), hits: 0) err=Could not find anchor: No matching instruction in range source ID: 80, lines: 81..82, bytes: 3796..3838
2026-09-08T15:16:42.461893Z  WARN foundry_evm_coverage::anchors: could not find anchor item=Statement (location: (source ID: 80, lines: 81..82, bytes: 3796..3838), hits: 0) err=Could not find anchor: No matching instruction in range source ID: 80, lines: 81..82, bytes: 3796..3838
2026-09-08T15:16:42.461901Z  WARN foundry_evm_coverage::anchors: could not find anchor item=Line (location: (source ID: 80, lines: 82..83, bytes: 3848..3900), hits: 0) err=Could not find anchor: No matching instruction in range source ID: 80, lines: 82..83, bytes: 3848..3900
2026-09-08T15:16:42.461908Z  WARN foundry_evm_coverage::anchors: could not find anchor item=Statement (location: (source ID: 80, lines: 82..83, bytes: 3848..3900), hits: 0) err=Could not find anchor: No matching instruction in range source ID: 80, lines: 82..83, bytes: 3848..3900
2026-09-08T15:16:42.461915Z  WARN foundry_evm_coverage::anchors: could not find anchor item=Line (location: (source ID: 80, lines: 83..84, bytes: 3910..3988), hits: 0) err=Could not find anchor: No matching instruction in range source ID: 80, lines: 83..84, bytes: 3910..3988
2026-09-08T15:16:42.461922Z  WARN foundry_evm_coverage::anchors: could not find anchor item=Statement (location: (source ID: 80, lines: 83..84, bytes: 3910..3988), hits: 0) err=Could not find anchor: No matching instruction in range source ID: 80, lines: 83..84, bytes: 3910..3988
2026-09-08T15:16:42.461839Z  WARN foundry_evm_coverage::anchors: could not find anchor item=Statement (location: (source ID: 82, lines: 146..147, bytes: 6032..6054), hits: 0) err=Could not find anchor: No matching instruction in range source ID: 82, lines: 146..147, bytes: 6032..6054
2026-09-08T15:16:42.461847Z  WARN foundry_evm_coverage::anchors: could not find anchor item=Statement (location: (source ID: 81, lines: 92..93, bytes: 4685..4710), hits: 0) err=Could not find anchor: No matching instruction in range source ID: 81, lines: 92..93, bytes: 4685..4710
2026-09-08T15:16:42.461877Z  WARN foundry_evm_coverage::anchors: could not find anchor item=Branch (branch: 12, path: 0) (location: (source ID: 83, lines: 114..115, bytes: 4654..4680), hits: 0) err=Could not find anchor: No matching instruction in range source ID: 83, lines: 114..115, bytes: 4654..4680
2026-09-08T15:16:42.461956Z  WARN foundry_evm_coverage::anchors: could not find anchor item=Line (location: (source ID: 83, lines: 115..116, bytes: 4690..4713), hits: 0) err=Could not find anchor: No matching instruction in range source ID: 83, lines: 115..116, bytes: 4690..4713
2026-09-08T15:16:42.461964Z  WARN foundry_evm_coverage::anchors: could not find anchor item=Statement (location: (source ID: 83, lines: 115..116, bytes: 4690..4713), hits: 0) err=Could not find anchor: No matching instruction in range source ID: 83, lines: 115..116, bytes: 4690..4713
2026-09-08T15:16:42.461971Z  WARN foundry_evm_coverage::anchors: could not find anchor item=Line (location: (source ID: 83, lines: 116..117, bytes: 4723..4745), hits: 0) err=Could not find anchor: No matching instruction in range source ID: 83, lines: 116..117, bytes: 4723..4745
2026-09-08T15:16:42.461978Z  WARN foundry_evm_coverage::anchors: could not find anchor item=Statement (location: (source ID: 83, lines: 116..117, bytes: 4723..4745), hits: 0) err=Could not find anchor: No matching instruction in range source ID: 83, lines: 116..117, bytes: 4723..4745
2026-09-08T15:16:42.461986Z  WARN foundry_evm_coverage::anchors: could not find anchor item=Line (location: (source ID: 83, lines: 117..118, bytes: 4755..4808), hits: 0) err=Could not find anchor: No matching instruction in range source ID: 83, lines: 117..118, bytes: 4755..4808
2026-09-08T15:16:42.461993Z  WARN foundry_evm_coverage::anchors: could not find anchor item=Statement (location: (source ID: 83, lines: 117..118, bytes: 4755..4808), hits: 0) err=Could not find anchor: No matching instruction in range source ID: 83, lines: 117..118, bytes: 4755..4808
2026-09-08T15:16:42.462000Z  WARN foundry_evm_coverage::anchors: could not find anchor item=Statement (location: (source ID: 83, lines: 117..118, bytes: 4773..4808), hits: 0) err=Could not find anchor: No matching instruction in range source ID: 83, lines: 117..118, bytes: 4773..4808
2026-09-08T15:16:42.462007Z  WARN foundry_evm_coverage::anchors: could not find anchor item=Line (location: (source ID: 83, lines: 118..119, bytes: 4822..4830), hits: 0) err=Could not find anchor: No matching instruction in range source ID: 83, lines: 118..119, bytes: 4822..4830
2026-09-08T15:16:42.462014Z  WARN foundry_evm_coverage::anchors: could not find anchor item=Statement (location: (source ID: 83, lines: 118..119, bytes: 4822..4830), hits: 0) err=Could not find anchor: No matching instruction in range source ID: 83, lines: 118..119, bytes: 4822..4830
2026-09-08T15:16:42.461949Z  WARN foundry_evm_coverage::anchors: could not find anchor item=Line (location: (source ID: 81, lines: 95..98, bytes: 4723..4835), hits: 0) err=Could not find anchor: No matching instruction in range source ID: 81, lines: 95..98, bytes: 4723..4835
2026-09-08T15:16:42.461939Z  WARN foundry_evm_coverage::anchors: could not find anchor item=Statement (location: (source ID: 82, lines: 146..147, bytes: 6032..6080), hits: 0) err=Could not find anchor: No matching instruction in range source ID: 82, lines: 146..147, bytes: 6032..6080
2026-09-08T15:16:42.462022Z  WARN foundry_evm_coverage::anchors: could not find anchor item=Statement (location: (source ID: 83, lines: 118..119, bytes: 4832..4855), hits: 0) err=Could not find anchor: No matching instruction in range source ID: 83, lines: 118..119, bytes: 4832..4855
2026-09-08T15:16:42.462032Z  WARN foundry_evm_coverage::anchors: could not find anchor item=Function "_tokenRescueAdmin" (location: (source ID: 81, lines: 95..98, bytes: 4723..4835), hits: 0) err=Could not find anchor: No matching instruction in range source ID: 81, lines: 95..98, bytes: 4723..4835
2026-09-08T15:16:42.462040Z  WARN foundry_evm_coverage::anchors: could not find anchor item=Statement (location: (source ID: 82, lines: 146..147, bytes: 6058..6080), hits: 0) err=Could not find anchor: No matching instruction in range source ID: 82, lines: 146..147, bytes: 6058..6080
2026-09-08T15:16:42.462048Z  WARN foundry_evm_coverage::anchors: could not find anchor item=Branch (branch: 13, path: 0) (location: (source ID: 83, lines: 118..119, bytes: 4832..4855), hits: 0) err=Could not find anchor: No matching instruction in range source ID: 83, lines: 118..119, bytes: 4832..4855
2026-09-08T15:16:42.462074Z  WARN foundry_evm_coverage::anchors: could not find anchor item=Line (location: (source ID: 83, lines: 119..120, bytes: 4865..4910), hits: 0) err=Could not find anchor: No matching instruction in range source ID: 83, lines: 119..120, bytes: 4865..4910
2026-09-08T15:16:42.462067Z  WARN foundry_evm_coverage::anchors: could not find anchor item=Statement (location: (source ID: 82, lines: 146..147, bytes: 6082..6103), hits: 0) err=Could not find anchor: No matching instruction in range source ID: 82, lines: 146..147, bytes: 6082..6103
2026-09-08T15:16:42.462058Z  WARN foundry_evm_coverage::anchors: could not find anchor item=Line (location: (source ID: 81, lines: 96..97, bytes: 4803..4828), hits: 0) err=Could not find anchor: No matching instruction in range source ID: 81, lines: 96..97, bytes: 4803..4828
2026-09-08T15:16:42.462082Z  WARN foundry_evm_coverage::anchors: could not find anchor item=Statement (location: (source ID: 83, lines: 119..120, bytes: 4865..4910), hits: 0) err=Could not find anchor: No matching instruction in range source ID: 83, lines: 119..120, bytes: 4865..4910
2026-09-08T15:16:42.462108Z  WARN foundry_evm_coverage::anchors: could not find anchor item=Line (location: (source ID: 83, lines: 123..135, bytes: 5017..5651), hits: 0) err=Could not find anchor: No matching instruction in range source ID: 83, lines: 123..135, bytes: 5017..5651
2026-09-08T15:16:42.462100Z  WARN foundry_evm_coverage::anchors: could not find anchor item=Statement (location: (source ID: 81, lines: 96..97, bytes: 4803..4828), hits: 0) err=Could not find anchor: No matching instruction in range source ID: 81, lines: 96..97, bytes: 4803..4828
2026-09-08T15:16:42.462092Z  WARN foundry_evm_coverage::anchors: could not find anchor item=Branch (branch: 5, path: 0) (location: (source ID: 82, lines: 146..147, bytes: 6082..6103), hits: 0) err=Could not find anchor: No matching instruction in range source ID: 82, lines: 146..147, bytes: 6082..6103
2026-09-08T15:16:42.462119Z  WARN foundry_evm_coverage::anchors: could not find anchor item=Function "withdrawRoyalties" (location: (source ID: 83, lines: 123..135, bytes: 5017..5651), hits: 0) err=Could not find anchor: No matching instruction in range source ID: 83, lines: 123..135, bytes: 5017..5651
2026-09-08T15:16:42.462144Z  WARN foundry_evm_coverage::anchors: could not find anchor item=Line (location: (source ID: 83, lines: 124..125, bytes: 5103..5158), hits: 0) err=Could not find anchor: No matching instruction in range source ID: 83, lines: 124..125, bytes: 5103..5158
2026-09-08T15:16:42.462152Z  WARN foundry_evm_coverage::anchors: could not find anchor item=Statement (location: (source ID: 83, lines: 124..125, bytes: 5103..5158), hits: 0) err=Could not find anchor: No matching instruction in range source ID: 83, lines: 124..125, bytes: 5103..5158
2026-09-08T15:16:42.462159Z  WARN foundry_evm_coverage::anchors: could not find anchor item=Statement (location: (source ID: 83, lines: 124..125, bytes: 5123..5158), hits: 0) err=Could not find anchor: No matching instruction in range source ID: 83, lines: 124..125, bytes: 5123..5158
2026-09-08T15:16:42.462166Z  WARN foundry_evm_coverage::anchors: could not find anchor item=Line (location: (source ID: 83, lines: 125..126, bytes: 5172..5192), hits: 0) err=Could not find anchor: No matching instruction in range source ID: 83, lines: 125..126, bytes: 5172..5192
2026-09-08T15:16:42.462173Z  WARN foundry_evm_coverage::anchors: could not find anchor item=Statement (location: (source ID: 83, lines: 125..126, bytes: 5172..5192), hits: 0) err=Could not find anchor: No matching instruction in range source ID: 83, lines: 125..126, bytes: 5172..5192
2026-09-08T15:16:42.462181Z  WARN foundry_evm_coverage::anchors: could not find anchor item=Statement (location: (source ID: 83, lines: 125..126, bytes: 5194..5218), hits: 0) err=Could not find anchor: No matching instruction in range source ID: 83, lines: 125..126, bytes: 5194..5218
2026-09-08T15:16:42.462188Z  WARN foundry_evm_coverage::anchors: could not find anchor item=Branch (branch: 14, path: 0) (location: (source ID: 83, lines: 125..126, bytes: 5194..5218), hits: 0) err=Could not find anchor: No matching instruction in range source ID: 83, lines: 125..126, bytes: 5194..5218
2026-09-08T15:16:42.462195Z  WARN foundry_evm_coverage::anchors: could not find anchor item=Line (location: (source ID: 83, lines: 126..127, bytes: 5232..5255), hits: 0) err=Could not find anchor: No matching instruction in range source ID: 83, lines: 126..127, bytes: 5232..5255
2026-09-08T15:16:42.462202Z  WARN foundry_evm_coverage::anchors: could not find anchor item=Statement (location: (source ID: 83, lines: 126..127, bytes: 5232..5255), hits: 0) err=Could not find anchor: No matching instruction in range source ID: 83, lines: 126..127, bytes: 5232..5255
2026-09-08T15:16:42.462210Z  WARN foundry_evm_coverage::anchors: could not find anchor item=Statement (location: (source ID: 83, lines: 126..127, bytes: 5232..5285), hits: 0) err=Could not find anchor: No matching instruction in range source ID: 83, lines: 126..127, bytes: 5232..5285
2026-09-08T15:16:42.462217Z  WARN foundry_evm_coverage::anchors: could not find anchor item=Statement (location: (source ID: 83, lines: 126..127, bytes: 5259..5285), hits: 0) err=Could not find anchor: No matching instruction in range source ID: 83, lines: 126..127, bytes: 5259..5285
2026-09-08T15:16:42.462224Z  WARN foundry_evm_coverage::anchors: could not find anchor item=Statement (location: (source ID: 83, lines: 126..127, bytes: 5287..5312), hits: 0) err=Could not find anchor: No matching instruction in range source ID: 83, lines: 126..127, bytes: 5287..5312
2026-09-08T15:16:42.462231Z  WARN foundry_evm_coverage::anchors: could not find anchor item=Branch (branch: 15, path: 0) (location: (source ID: 83, lines: 126..127, bytes: 5287..5312), hits: 0) err=Could not find anchor: No matching instruction in range source ID: 83, lines: 126..127, bytes: 5287..5312
2026-09-08T15:16:42.462239Z  WARN foundry_evm_coverage::anchors: could not find anchor item=Line (location: (source ID: 83, lines: 127..128, bytes: 5322..5355), hits: 0) err=Could not find anchor: No matching instruction in range source ID: 83, lines: 127..128, bytes: 5322..5355
2026-09-08T15:16:42.462246Z  WARN foundry_evm_coverage::anchors: could not find anchor item=Statement (location: (source ID: 83, lines: 127..128, bytes: 5322..5355), hits: 0) err=Could not find anchor: No matching instruction in range source ID: 83, lines: 127..128, bytes: 5322..5355
2026-09-08T15:16:42.462253Z  WARN foundry_evm_coverage::anchors: could not find anchor item=Line (location: (source ID: 83, lines: 128..129, bytes: 5369..5380), hits: 0) err=Could not find anchor: No matching instruction in range source ID: 83, lines: 128..129, bytes: 5369..5380
2026-09-08T15:16:42.462260Z  WARN foundry_evm_coverage::anchors: could not find anchor item=Statement (location: (source ID: 83, lines: 128..129, bytes: 5369..5380), hits: 0) err=Could not find anchor: No matching instruction in range source ID: 83, lines: 128..129, bytes: 5369..5380
2026-09-08T15:16:42.462138Z  WARN foundry_evm_coverage::anchors: could not find anchor item=Line (location: (source ID: 82, lines: 147..148, bytes: 6113..6144), hits: 0) err=Could not find anchor: No matching instruction in range source ID: 82, lines: 147..148, bytes: 6113..6144
2026-09-08T15:16:42.462129Z  WARN foundry_evm_coverage::anchors: could not find anchor item=Statement (location: (source ID: 81, lines: 96..97, bytes: 4810..4828), hits: 0) err=Could not find anchor: No matching instruction in range source ID: 81, lines: 96..97, bytes: 4810..4828
2026-09-08T15:16:42.462267Z  WARN foundry_evm_coverage::anchors: could not find anchor item=Statement (location: (source ID: 83, lines: 128..129, bytes: 5382..5408), hits: 0) err=Could not find anchor: No matching instruction in range source ID: 83, lines: 128..129, bytes: 5382..5408
2026-09-08T15:16:42.462293Z  WARN foundry_evm_coverage::anchors: could not find anchor item=Branch (branch: 16, path: 0) (location: (source ID: 83, lines: 128..129, bytes: 5382..5408), hits: 0) err=Could not find anchor: No matching instruction in range source ID: 83, lines: 128..129, bytes: 5382..5408
2026-09-08T15:16:42.462285Z  WARN foundry_evm_coverage::anchors: could not find anchor item=Line (location: (source ID: 81, lines: 99..102, bytes: 4841..4946), hits: 0) err=Could not find anchor: No matching instruction in range source ID: 81, lines: 99..102, bytes: 4841..4946
2026-09-08T15:16:42.462277Z  WARN foundry_evm_coverage::anchors: could not find anchor item=Statement (location: (source ID: 82, lines: 147..148, bytes: 6113..6144), hits: 0) err=Could not find anchor: No matching instruction in range source ID: 82, lines: 147..148, bytes: 6113..6144
2026-09-08T15:16:42.462300Z  WARN foundry_evm_coverage::anchors: could not find anchor item=Line (location: (source ID: 83, lines: 129..130, bytes: 5418..5438), hits: 0) err=Could not find anchor: No matching instruction in range source ID: 83, lines: 129..130, bytes: 5418..5438
2026-09-08T15:16:42.462331Z  WARN foundry_evm_coverage::anchors: could not find anchor item=Statement (location: (source ID: 83, lines: 129..130, bytes: 5418..5438), hits: 0) err=Could not find anchor: No matching instruction in range source ID: 83, lines: 129..130, bytes: 5418..5438
2026-09-08T15:16:42.462339Z  WARN foundry_evm_coverage::anchors: could not find anchor item=Line (location: (source ID: 83, lines: 130..131, bytes: 5448..5470), hits: 0) err=Could not find anchor: No matching instruction in range source ID: 83, lines: 130..131, bytes: 5448..5470
2026-09-08T15:16:42.462346Z  WARN foundry_evm_coverage::anchors: could not find anchor item=Statement (location: (source ID: 83, lines: 130..131, bytes: 5448..5470), hits: 0) err=Could not find anchor: No matching instruction in range source ID: 83, lines: 130..131, bytes: 5448..5470
2026-09-08T15:16:42.462354Z  WARN foundry_evm_coverage::anchors: could not find anchor item=Line (location: (source ID: 83, lines: 131..132, bytes: 5480..5533), hits: 0) err=Could not find anchor: No matching instruction in range source ID: 83, lines: 131..132, bytes: 5480..5533
2026-09-08T15:16:42.462361Z  WARN foundry_evm_coverage::anchors: could not find anchor item=Statement (location: (source ID: 83, lines: 131..132, bytes: 5480..5533), hits: 0) err=Could not find anchor: No matching instruction in range source ID: 83, lines: 131..132, bytes: 5480..5533
2026-09-08T15:16:42.462368Z  WARN foundry_evm_coverage::anchors: could not find anchor item=Statement (location: (source ID: 83, lines: 131..132, bytes: 5498..5533), hits: 0) err=Could not find anchor: No matching instruction in range source ID: 83, lines: 131..132, bytes: 5498..5533
2026-09-08T15:16:42.462311Z  WARN foundry_evm_coverage::anchors: could not find anchor item=Function "_protectedToken" (location: (source ID: 81, lines: 99..102, bytes: 4841..4946), hits: 0) err=Could not find anchor: No matching instruction in range source ID: 81, lines: 99..102, bytes: 4841..4946
2026-09-08T15:16:42.462325Z  WARN foundry_evm_coverage::anchors: could not find anchor item=Line (location: (source ID: 82, lines: 148..149, bytes: 6154..6177), hits: 0) err=Could not find anchor: No matching instruction in range source ID: 82, lines: 148..149, bytes: 6154..6177
2026-09-08T15:16:42.462375Z  WARN foundry_evm_coverage::anchors: could not find anchor item=Line (location: (source ID: 83, lines: 132..133, bytes: 5547..5555), hits: 0) err=Could not find anchor: No matching instruction in range source ID: 83, lines: 132..133, bytes: 5547..5555
2026-09-08T15:16:42.462388Z  WARN foundry_evm_coverage::anchors: could not find anchor item=Line (location: (source ID: 81, lines: 100..101, bytes: 4919..4939), hits: 0) err=Could not find anchor: No matching instruction in range source ID: 81, lines: 100..101, bytes: 4919..4939
2026-09-08T15:16:42.462395Z  WARN foundry_evm_coverage::anchors: could not find anchor item=Statement (location: (source ID: 82, lines: 148..149, bytes: 6154..6177), hits: 0) err=Could not find anchor: No matching instruction in range source ID: 82, lines: 148..149, bytes: 6154..6177
2026-09-08T15:16:42.462403Z  WARN foundry_evm_coverage::anchors: could not find anchor item=Statement (location: (source ID: 83, lines: 132..133, bytes: 5547..5555), hits: 0) err=Could not find anchor: No matching instruction in range source ID: 83, lines: 132..133, bytes: 5547..5555
2026-09-08T15:16:42.462428Z  WARN foundry_evm_coverage::anchors: could not find anchor item=Statement (location: (source ID: 83, lines: 132..133, bytes: 5557..5580), hits: 0) err=Could not find anchor: No matching instruction in range source ID: 83, lines: 132..133, bytes: 5557..5580
2026-09-08T15:16:42.462422Z  WARN foundry_evm_coverage::anchors: could not find anchor item=Line (location: (source ID: 82, lines: 149..150, bytes: 6187..6219), hits: 0) err=Could not find anchor: No matching instruction in range source ID: 82, lines: 149..150, bytes: 6187..6219
2026-09-08T15:16:42.462413Z  WARN foundry_evm_coverage::anchors: could not find anchor item=Statement (location: (source ID: 81, lines: 100..101, bytes: 4919..4939), hits: 0) err=Could not find anchor: No matching instruction in range source ID: 81, lines: 100..101, bytes: 4919..4939
2026-09-08T15:16:42.462436Z  WARN foundry_evm_coverage::anchors: could not find anchor item=Branch (branch: 17, path: 0) (location: (source ID: 83, lines: 132..133, bytes: 5557..5580), hits: 0) err=Could not find anchor: No matching instruction in range source ID: 83, lines: 132..133, bytes: 5557..5580
2026-09-08T15:16:42.462446Z  WARN foundry_evm_coverage::anchors: could not find anchor item=Statement (location: (source ID: 82, lines: 149..150, bytes: 6187..6219), hits: 0) err=Could not find anchor: No matching instruction in range source ID: 82, lines: 149..150, bytes: 6187..6219
2026-09-08T15:16:42.462454Z  WARN foundry_evm_coverage::anchors: could not find anchor item=Line (location: (source ID: 81, lines: 103..107, bytes: 4952..5151), hits: 0) err=Could not find anchor: No matching instruction in range source ID: 81, lines: 103..107, bytes: 4952..5151
2026-09-08T15:16:42.462462Z  WARN foundry_evm_coverage::anchors: could not find anchor item=Line (location: (source ID: 83, lines: 133..134, bytes: 5590..5644), hits: 0) err=Could not find anchor: No matching instruction in range source ID: 83, lines: 133..134, bytes: 5590..5644
2026-09-08T15:16:42.462488Z  WARN foundry_evm_coverage::anchors: could not find anchor item=Statement (location: (source ID: 83, lines: 133..134, bytes: 5590..5644), hits: 0) err=Could not find anchor: No matching instruction in range source ID: 83, lines: 133..134, bytes: 5590..5644
2026-09-08T15:16:42.462481Z  WARN foundry_evm_coverage::anchors: could not find anchor item=Function "tokenURI" (location: (source ID: 81, lines: 103..107, bytes: 4952..5151), hits: 0) err=Could not find anchor: No matching instruction in range source ID: 81, lines: 103..107, bytes: 4952..5151
2026-09-08T15:16:42.462504Z  WARN foundry_evm_coverage::anchors: could not find anchor item=Line (location: (source ID: 83, lines: 54..57, bytes: 1752..1803), hits: 0) err=Could not find anchor: No matching instruction in range source ID: 83, lines: 54..57, bytes: 1752..1803
2026-09-08T15:16:42.462472Z  WARN foundry_evm_coverage::anchors: could not find anchor item=Line (location: (source ID: 82, lines: 150..151, bytes: 6229..6273), hits: 0) err=Could not find anchor: No matching instruction in range source ID: 82, lines: 150..151, bytes: 6229..6273
2026-09-08T15:16:42.462518Z  WARN foundry_evm_coverage::anchors: could not find anchor item=Function "constructor" (location: (source ID: 83, lines: 54..57, bytes: 1752..1803), hits: 0) err=Could not find anchor: No matching instruction in range source ID: 83, lines: 54..57, bytes: 1752..1803
2026-09-08T15:16:42.462506Z  WARN foundry_evm_coverage::anchors: could not find anchor item=Line (location: (source ID: 81, lines: 104..105, bytes: 5042..5065), hits: 0) err=Could not find anchor: No matching instruction in range source ID: 81, lines: 104..105, bytes: 5042..5065
2026-09-08T15:16:42.462533Z  WARN foundry_evm_coverage::anchors: could not find anchor item=Line (location: (source ID: 83, lines: 55..56, bytes: 1776..1796), hits: 0) err=Could not find anchor: No matching instruction in range source ID: 83, lines: 55..56, bytes: 1776..1796
2026-09-08T15:16:42.462537Z  WARN foundry_evm_coverage::anchors: could not find anchor item=Statement (location: (source ID: 81, lines: 104..105, bytes: 5042..5065), hits: 0) err=Could not find anchor: No matching instruction in range source ID: 81, lines: 104..105, bytes: 5042..5065
2026-09-08T15:16:42.462523Z  WARN foundry_evm_coverage::anchors: could not find anchor item=Statement (location: (source ID: 82, lines: 150..151, bytes: 6229..6273), hits: 0) err=Could not find anchor: No matching instruction in range source ID: 82, lines: 150..151, bytes: 6229..6273
2026-09-08T15:16:42.462547Z  WARN foundry_evm_coverage::anchors: could not find anchor item=Statement (location: (source ID: 83, lines: 55..56, bytes: 1776..1796), hits: 0) err=Could not find anchor: No matching instruction in range source ID: 83, lines: 55..56, bytes: 1776..1796
2026-09-08T15:16:42.462548Z  WARN foundry_evm_coverage::anchors: could not find anchor item=Line (location: (source ID: 81, lines: 105..106, bytes: 5075..5144), hits: 0) err=Could not find anchor: No matching instruction in range source ID: 81, lines: 105..106, bytes: 5075..5144
2026-09-08T15:16:42.462557Z  WARN foundry_evm_coverage::anchors: could not find anchor item=Line (location: (source ID: 82, lines: 153..159, bytes: 6286..6532), hits: 0) err=Could not find anchor: No matching instruction in range source ID: 82, lines: 153..159, bytes: 6286..6532
2026-09-08T15:16:42.462578Z  WARN foundry_evm_coverage::anchors: could not find anchor item=Statement (location: (source ID: 81, lines: 105..106, bytes: 5075..5144), hits: 0) err=Could not find anchor: No matching instruction in range source ID: 81, lines: 105..106, bytes: 5075..5144
2026-09-08T15:16:42.462587Z  WARN foundry_evm_coverage::anchors: could not find anchor item=Function "phase" (location: (source ID: 82, lines: 153..159, bytes: 6286..6532), hits: 0) err=Could not find anchor: No matching instruction in range source ID: 82, lines: 153..159, bytes: 6286..6532
2026-09-08T15:16:42.462596Z  WARN foundry_evm_coverage::anchors: could not find anchor item=Statement (location: (source ID: 81, lines: 105..106, bytes: 5082..5144), hits: 0) err=Could not find anchor: No matching instruction in range source ID: 81, lines: 105..106, bytes: 5082..5144
2026-09-08T15:16:42.462605Z  WARN foundry_evm_coverage::anchors: could not find anchor item=Line (location: (source ID: 82, lines: 154..155, bytes: 6354..6374), hits: 0) err=Could not find anchor: No matching instruction in range source ID: 82, lines: 154..155, bytes: 6354..6374
2026-09-08T15:16:42.462613Z  WARN foundry_evm_coverage::anchors: could not find anchor item=Line (location: (source ID: 81, lines: 108..111, bytes: 5157..5277), hits: 0) err=Could not find anchor: No matching instruction in range source ID: 81, lines: 108..111, bytes: 5157..5277
2026-09-08T15:16:42.462623Z  WARN foundry_evm_coverage::anchors: could not find anchor item=Statement (location: (source ID: 82, lines: 154..155, bytes: 6354..6374), hits: 0) err=Could not find anchor: No matching instruction in range source ID: 82, lines: 154..155, bytes: 6354..6374
2026-09-08T15:16:42.462631Z  WARN foundry_evm_coverage::anchors: could not find anchor item=Function "royaltyRecipient" (location: (source ID: 81, lines: 108..111, bytes: 5157..5277), hits: 0) err=Could not find anchor: No matching instruction in range source ID: 81, lines: 108..111, bytes: 5157..5277
2026-09-08T15:16:42.462640Z  WARN foundry_evm_coverage::anchors: could not find anchor item=Branch (branch: 6, path: 0) (location: (source ID: 82, lines: 154..155, bytes: 6354..6374), hits: 0) err=Could not find anchor: No matching instruction in range source ID: 82, lines: 154..155, bytes: 6354..6374
2026-09-08T15:16:42.462649Z  WARN foundry_evm_coverage::anchors: could not find anchor item=Line (location: (source ID: 81, lines: 109..110, bytes: 5225..5270), hits: 0) err=Could not find anchor: No matching instruction in range source ID: 81, lines: 109..110, bytes: 5225..5270
2026-09-08T15:16:42.462658Z  WARN foundry_evm_coverage::anchors: could not find anchor item=Line (location: (source ID: 82, lines: 155..156, bytes: 6388..6415), hits: 0) err=Could not find anchor: No matching instruction in range source ID: 82, lines: 155..156, bytes: 6388..6415
2026-09-08T15:16:42.462667Z  WARN foundry_evm_coverage::anchors: could not find anchor item=Statement (location: (source ID: 81, lines: 109..110, bytes: 5225..5270), hits: 0) err=Could not find anchor: No matching instruction in range source ID: 81, lines: 109..110, bytes: 5225..5270
2026-09-08T15:16:42.462676Z  WARN foundry_evm_coverage::anchors: could not find anchor item=Statement (location: (source ID: 82, lines: 155..156, bytes: 6388..6415), hits: 0) err=Could not find anchor: No matching instruction in range source ID: 82, lines: 155..156, bytes: 6388..6415
2026-09-08T15:16:42.462684Z  WARN foundry_evm_coverage::anchors: could not find anchor item=Statement (location: (source ID: 81, lines: 109..110, bytes: 5232..5270), hits: 0) err=Could not find anchor: No matching instruction in range source ID: 81, lines: 109..110, bytes: 5232..5270
2026-09-08T15:16:42.462693Z  WARN foundry_evm_coverage::anchors: could not find anchor item=Statement (location: (source ID: 82, lines: 155..156, bytes: 6417..6439), hits: 0) err=Could not find anchor: No matching instruction in range source ID: 82, lines: 155..156, bytes: 6417..6439
2026-09-08T15:16:42.462721Z  WARN foundry_evm_coverage::anchors: could not find anchor item=Line (location: (source ID: 81, lines: 113..119, bytes: 5375..5680), hits: 0) err=Could not find anchor: No matching instruction in range source ID: 81, lines: 113..119, bytes: 5375..5680
2026-09-08T15:16:42.462729Z  WARN foundry_evm_coverage::anchors: could not find anchor item=Branch (branch: 7, path: 0) (location: (source ID: 82, lines: 155..156, bytes: 6417..6439), hits: 0) err=Could not find anchor: No matching instruction in range source ID: 82, lines: 155..156, bytes: 6417..6439
2026-09-08T15:16:42.462738Z  WARN foundry_evm_coverage::anchors: could not find anchor item=Function "royaltyInfo" (location: (source ID: 81, lines: 113..119, bytes: 5375..5680), hits: 0) err=Could not find anchor: No matching instruction in range source ID: 81, lines: 113..119, bytes: 5375..5680
2026-09-08T15:16:42.462747Z  WARN foundry_evm_coverage::anchors: could not find anchor item=Line (location: (source ID: 82, lines: 156..157, bytes: 6453..6478), hits: 0) err=Could not find anchor: No matching instruction in range source ID: 82, lines: 156..157, bytes: 6453..6478
2026-09-08T15:16:42.462756Z  WARN foundry_evm_coverage::anchors: could not find anchor item=Line (location: (source ID: 81, lines: 114..115, bytes: 5497..5526), hits: 0) err=Could not find anchor: No matching instruction in range source ID: 81, lines: 114..115, bytes: 5497..5526
2026-09-08T15:16:42.462764Z  WARN foundry_evm_coverage::anchors: could not find anchor item=Statement (location: (source ID: 82, lines: 156..157, bytes: 6453..6478), hits: 0) err=Could not find anchor: No matching instruction in range source ID: 82, lines: 156..157, bytes: 6453..6478
2026-09-08T15:16:42.462773Z  WARN foundry_evm_coverage::anchors: could not find anchor item=Statement (location: (source ID: 81, lines: 114..115, bytes: 5497..5526), hits: 0) err=Could not find anchor: No matching instruction in range source ID: 81, lines: 114..115, bytes: 5497..5526
2026-09-08T15:16:42.462791Z  WARN foundry_evm_coverage::anchors: could not find anchor item=Line (location: (source ID: 81, lines: 115..116, bytes: 5540..5551), hits: 0) err=Could not find anchor: No matching instruction in range source ID: 81, lines: 115..116, bytes: 5540..5551
2026-09-08T15:16:42.462798Z  WARN foundry_evm_coverage::anchors: could not find anchor item=Statement (location: (source ID: 81, lines: 115..116, bytes: 5540..5551), hits: 0) err=Could not find anchor: No matching instruction in range source ID: 81, lines: 115..116, bytes: 5540..5551
2026-09-08T15:16:42.462804Z  WARN foundry_evm_coverage::anchors: could not find anchor item=Statement (location: (source ID: 81, lines: 115..116, bytes: 5540..5576), hits: 0) err=Could not find anchor: No matching instruction in range source ID: 81, lines: 115..116, bytes: 5540..5576
2026-09-08T15:16:42.462810Z  WARN foundry_evm_coverage::anchors: could not find anchor item=Statement (location: (source ID: 81, lines: 115..116, bytes: 5555..5576), hits: 0) err=Could not find anchor: No matching instruction in range source ID: 81, lines: 115..116, bytes: 5555..5576
2026-09-08T15:16:42.462817Z  WARN foundry_evm_coverage::anchors: could not find anchor item=Branch (branch: 7, path: 0) (location: (source ID: 81, lines: 115..118, bytes: 5578..5674), hits: 0) err=Could not find anchor: No matching instruction in range source ID: 81, lines: 115..118, bytes: 5578..5674
2026-09-08T15:16:42.462823Z  WARN foundry_evm_coverage::anchors: could not find anchor item=Line (location: (source ID: 81, lines: 116..117, bytes: 5592..5663), hits: 0) err=Could not find anchor: No matching instruction in range source ID: 81, lines: 116..117, bytes: 5592..5663
2026-09-08T15:16:42.462830Z  WARN foundry_evm_coverage::anchors: could not find anchor item=Statement (location: (source ID: 81, lines: 116..117, bytes: 5592..5663), hits: 0) err=Could not find anchor: No matching instruction in range source ID: 81, lines: 116..117, bytes: 5592..5663
2026-09-08T15:16:42.462836Z  WARN foundry_evm_coverage::anchors: could not find anchor item=Line (location: (source ID: 81, lines: 123..126, bytes: 6001..6162), hits: 0) err=Could not find anchor: No matching instruction in range source ID: 81, lines: 123..126, bytes: 6001..6162
2026-09-08T15:16:42.462842Z  WARN foundry_evm_coverage::anchors: could not find anchor item=Function "isApprovedForAll" (location: (source ID: 81, lines: 123..126, bytes: 6001..6162), hits: 0) err=Could not find anchor: No matching instruction in range source ID: 81, lines: 123..126, bytes: 6001..6162
2026-09-08T15:16:42.462849Z  WARN foundry_evm_coverage::anchors: could not find anchor item=Line (location: (source ID: 81, lines: 124..125, bytes: 6107..6155), hits: 0) err=Could not find anchor: No matching instruction in range source ID: 81, lines: 124..125, bytes: 6107..6155
2026-09-08T15:16:42.462855Z  WARN foundry_evm_coverage::anchors: could not find anchor item=Statement (location: (source ID: 81, lines: 124..125, bytes: 6107..6155), hits: 0) err=Could not find anchor: No matching instruction in range source ID: 81, lines: 124..125, bytes: 6107..6155
2026-09-08T15:16:42.462862Z  WARN foundry_evm_coverage::anchors: could not find anchor item=Statement (location: (source ID: 81, lines: 124..125, bytes: 6114..6155), hits: 0) err=Could not find anchor: No matching instruction in range source ID: 81, lines: 124..125, bytes: 6114..6155
2026-09-08T15:16:42.462869Z  WARN foundry_evm_coverage::anchors: could not find anchor item=Line (location: (source ID: 81, lines: 127..132, bytes: 6168..6431), hits: 0) err=Could not find anchor: No matching instruction in range source ID: 81, lines: 127..132, bytes: 6168..6431
2026-09-08T15:16:42.462878Z  WARN foundry_evm_coverage::anchors: could not find anchor item=Function "supportsInterface" (location: (source ID: 81, lines: 127..132, bytes: 6168..6431), hits: 0) err=Could not find anchor: No matching instruction in range source ID: 81, lines: 127..132, bytes: 6168..6431
2026-09-08T15:16:42.462885Z  WARN foundry_evm_coverage::anchors: could not find anchor item=Line (location: (source ID: 81, lines: 128..131, bytes: 6279..6424), hits: 0) err=Could not find anchor: No matching instruction in range source ID: 81, lines: 128..131, bytes: 6279..6424
2026-09-08T15:16:42.462893Z  WARN foundry_evm_coverage::anchors: could not find anchor item=Statement (location: (source ID: 81, lines: 128..131, bytes: 6279..6424), hits: 0) err=Could not find anchor: No matching instruction in range source ID: 81, lines: 128..131, bytes: 6279..6424
2026-09-08T15:16:42.462871Z  WARN foundry_evm_coverage::anchors: could not find anchor item=Statement (location: (source ID: 82, lines: 156..157, bytes: 6480..6497), hits: 0) err=Could not find anchor: No matching instruction in range source ID: 82, lines: 156..157, bytes: 6480..6497
2026-09-08T15:16:42.462913Z  WARN foundry_evm_coverage::anchors: could not find anchor item=Branch (branch: 8, path: 0) (location: (source ID: 82, lines: 156..157, bytes: 6480..6497), hits: 0) err=Could not find anchor: No matching instruction in range source ID: 82, lines: 156..157, bytes: 6480..6497
2026-09-08T15:16:42.462902Z  WARN foundry_evm_coverage::anchors: could not find anchor item=Line (location: (source ID: 81, lines: 129..130, bytes: 6298..6323), hits: 0) err=Could not find anchor: No matching instruction in range source ID: 81, lines: 129..130, bytes: 6298..6323
2026-09-08T15:16:42.462931Z  WARN foundry_evm_coverage::anchors: could not find anchor item=Statement (location: (source ID: 81, lines: 129..130, bytes: 6298..6323), hits: 0) err=Could not find anchor: No matching instruction in range source ID: 81, lines: 129..130, bytes: 6298..6323
2026-09-08T15:16:42.462921Z  WARN foundry_evm_coverage::anchors: could not find anchor item=Line (location: (source ID: 82, lines: 157..158, bytes: 6507..6525), hits: 0) err=Could not find anchor: No matching instruction in range source ID: 82, lines: 157..158, bytes: 6507..6525
2026-09-08T15:16:42.462940Z  WARN foundry_evm_coverage::anchors: could not find anchor item=Statement (location: (source ID: 81, lines: 129..130, bytes: 6327..6368), hits: 0) err=Could not find anchor: No matching instruction in range source ID: 81, lines: 129..130, bytes: 6327..6368
2026-09-08T15:16:42.462951Z  WARN foundry_evm_coverage::anchors: could not find anchor item=Statement (location: (source ID: 82, lines: 157..158, bytes: 6507..6525), hits: 0) err=Could not find anchor: No matching instruction in range source ID: 82, lines: 157..158, bytes: 6507..6525
2026-09-08T15:16:42.462971Z  WARN foundry_evm_coverage::anchors: could not find anchor item=Line (location: (source ID: 82, lines: 162..167, bytes: 6728..6945), hits: 0) err=Could not find anchor: No matching instruction in range source ID: 82, lines: 162..167, bytes: 6728..6945
2026-09-08T15:16:42.462980Z  WARN foundry_evm_coverage::anchors: could not find anchor item=Function "minimumBid" (location: (source ID: 82, lines: 162..167, bytes: 6728..6945), hits: 0) err=Could not find anchor: No matching instruction in range source ID: 82, lines: 162..167, bytes: 6728..6945
2026-09-08T15:16:42.462960Z  WARN foundry_evm_coverage::anchors: could not find anchor item=Statement (location: (source ID: 81, lines: 129..131, bytes: 6298..6424), hits: 0) err=Could not find anchor: No matching instruction in range source ID: 81, lines: 129..131, bytes: 6298..6424
2026-09-08T15:16:42.463001Z  WARN foundry_evm_coverage::anchors: could not find anchor item=Statement (location: (source ID: 81, lines: 129..131, bytes: 6327..6424), hits: 0) err=Could not find anchor: No matching instruction in range source ID: 81, lines: 129..131, bytes: 6327..6424
2026-09-08T15:16:42.462987Z  WARN foundry_evm_coverage::anchors: could not find anchor item=Line (location: (source ID: 82, lines: 163..164, bytes: 6794..6814), hits: 0) err=Could not find anchor: No matching instruction in range source ID: 82, lines: 163..164, bytes: 6794..6814
2026-09-08T15:16:42.463025Z  WARN foundry_evm_coverage::anchors: could not find anchor item=Statement (location: (source ID: 82, lines: 163..164, bytes: 6794..6814), hits: 0) err=Could not find anchor: No matching instruction in range source ID: 82, lines: 163..164, bytes: 6794..6814
2026-09-08T15:16:42.463036Z  WARN foundry_evm_coverage::anchors: could not find anchor item=Statement (location: (source ID: 82, lines: 163..164, bytes: 6816..6835), hits: 0) err=Could not find anchor: No matching instruction in range source ID: 82, lines: 163..164, bytes: 6816..6835
2026-09-08T15:16:42.463011Z  WARN foundry_evm_coverage::anchors: could not find anchor item=Line (location: (source ID: 81, lines: 130..131, bytes: 6388..6424), hits: 0) err=Could not find anchor: No matching instruction in range source ID: 81, lines: 130..131, bytes: 6388..6424
2026-09-08T15:16:42.463058Z  WARN foundry_evm_coverage::anchors: could not find anchor item=Statement (location: (source ID: 81, lines: 130..131, bytes: 6388..6424), hits: 0) err=Could not find anchor: No matching instruction in range source ID: 81, lines: 130..131, bytes: 6388..6424
2026-09-08T15:16:42.463046Z  WARN foundry_evm_coverage::anchors: could not find anchor item=Branch (branch: 9, path: 0) (location: (source ID: 82, lines: 163..164, bytes: 6816..6835), hits: 0) err=Could not find anchor: No matching instruction in range source ID: 82, lines: 163..164, bytes: 6816..6835
2026-09-08T15:16:42.463078Z  WARN foundry_evm_coverage::anchors: could not find anchor item=Line (location: (source ID: 82, lines: 164..165, bytes: 6845..6878), hits: 0) err=Could not find anchor: No matching instruction in range source ID: 82, lines: 164..165, bytes: 6845..6878
2026-09-08T15:16:42.463067Z  WARN foundry_evm_coverage::anchors: could not find anchor item=Line (location: (source ID: 81, lines: 135..138, bytes: 6633..6722), hits: 0) err=Could not find anchor: No matching instruction in range source ID: 81, lines: 135..138, bytes: 6633..6722
2026-09-08T15:16:42.463086Z  WARN foundry_evm_coverage::anchors: could not find anchor item=Statement (location: (source ID: 82, lines: 164..165, bytes: 6845..6878), hits: 0) err=Could not find anchor: No matching instruction in range source ID: 82, lines: 164..165, bytes: 6845..6878
2026-09-08T15:16:42.463110Z  WARN foundry_evm_coverage::anchors: could not find anchor item=Line (location: (source ID: 82, lines: 165..166, bytes: 6888..6938), hits: 0) err=Could not find anchor: No matching instruction in range source ID: 82, lines: 165..166, bytes: 6888..6938
2026-09-08T15:16:42.463119Z  WARN foundry_evm_coverage::anchors: could not find anchor item=Statement (location: (source ID: 82, lines: 165..166, bytes: 6888..6938), hits: 0) err=Could not find anchor: No matching instruction in range source ID: 82, lines: 165..166, bytes: 6888..6938
2026-09-08T15:16:42.463126Z  WARN foundry_evm_coverage::anchors: could not find anchor item=Statement (location: (source ID: 82, lines: 165..166, bytes: 6895..6938), hits: 0) err=Could not find anchor: No matching instruction in range source ID: 82, lines: 165..166, bytes: 6895..6938
2026-09-08T15:16:42.463135Z  WARN foundry_evm_coverage::anchors: could not find anchor item=Statement (location: (source ID: 82, lines: 165..166, bytes: 6903..6938), hits: 0) err=Could not find anchor: No matching instruction in range source ID: 82, lines: 165..166, bytes: 6903..6938
2026-09-08T15:16:42.463097Z  WARN foundry_evm_coverage::anchors: could not find anchor item=Function "owner" (location: (source ID: 81, lines: 135..138, bytes: 6633..6722), hits: 0) err=Could not find anchor: No matching instruction in range source ID: 81, lines: 135..138, bytes: 6633..6722
2026-09-08T15:16:42.463152Z  WARN foundry_evm_coverage::anchors: could not find anchor item=Line (location: (source ID: 81, lines: 136..137, bytes: 6690..6715), hits: 0) err=Could not find anchor: No matching instruction in range source ID: 81, lines: 136..137, bytes: 6690..6715
2026-09-08T15:16:42.463162Z  WARN foundry_evm_coverage::anchors: could not find anchor item=Statement (location: (source ID: 81, lines: 136..137, bytes: 6690..6715), hits: 0) err=Could not find anchor: No matching instruction in range source ID: 81, lines: 136..137, bytes: 6690..6715
2026-09-08T15:16:42.463168Z  WARN foundry_evm_coverage::anchors: could not find anchor item=Statement (location: (source ID: 81, lines: 136..137, bytes: 6697..6715), hits: 0) err=Could not find anchor: No matching instruction in range source ID: 81, lines: 136..137, bytes: 6697..6715
2026-09-08T15:16:42.463178Z  WARN foundry_evm_coverage::anchors: could not find anchor item=Line (location: (source ID: 81, lines: 140..143, bytes: 6826..6954), hits: 0) err=Could not find anchor: No matching instruction in range source ID: 81, lines: 140..143, bytes: 6826..6954
2026-09-08T15:16:42.463188Z  WARN foundry_evm_coverage::anchors: could not find anchor item=Function "contractURI" (location: (source ID: 81, lines: 140..143, bytes: 6826..6954), hits: 0) err=Could not find anchor: No matching instruction in range source ID: 81, lines: 140..143, bytes: 6826..6954
2026-09-08T15:16:42.463198Z  WARN foundry_evm_coverage::anchors: could not find anchor item=Line (location: (source ID: 81, lines: 141..142, bytes: 6897..6947), hits: 0) err=Could not find anchor: No matching instruction in range source ID: 81, lines: 141..142, bytes: 6897..6947
2026-09-08T15:16:42.463208Z  WARN foundry_evm_coverage::anchors: could not find anchor item=Statement (location: (source ID: 81, lines: 141..142, bytes: 6897..6947), hits: 0) err=Could not find anchor: No matching instruction in range source ID: 81, lines: 141..142, bytes: 6897..6947
2026-09-08T15:16:42.463217Z  WARN foundry_evm_coverage::anchors: could not find anchor item=Statement (location: (source ID: 81, lines: 141..142, bytes: 6904..6947), hits: 0) err=Could not find anchor: No matching instruction in range source ID: 81, lines: 141..142, bytes: 6904..6947
2026-09-08T15:16:42.463227Z  WARN foundry_evm_coverage::anchors: could not find anchor item=Line (location: (source ID: 81, lines: 144..147, bytes: 6960..7089), hits: 0) err=Could not find anchor: No matching instruction in range source ID: 81, lines: 144..147, bytes: 6960..7089
2026-09-08T15:16:42.463236Z  WARN foundry_evm_coverage::anchors: could not find anchor item=Function "_requireCallerIsContractOwner" (location: (source ID: 81, lines: 144..147, bytes: 6960..7089), hits: 0) err=Could not find anchor: No matching instruction in range source ID: 81, lines: 144..147, bytes: 6960..7089
2026-09-08T15:16:42.463245Z  WARN foundry_evm_coverage::anchors: could not find anchor item=Line (location: (source ID: 81, lines: 145..146, bytes: 7038..7059), hits: 0) err=Could not find anchor: No matching instruction in range source ID: 81, lines: 145..146, bytes: 7038..7059
2026-09-08T15:16:42.463254Z  WARN foundry_evm_coverage::anchors: could not find anchor item=Statement (location: (source ID: 81, lines: 145..146, bytes: 7038..7059), hits: 0) err=Could not find anchor: No matching instruction in range source ID: 81, lines: 145..146, bytes: 7038..7059
2026-09-08T15:16:42.463264Z  WARN foundry_evm_coverage::anchors: could not find anchor item=Statement (location: (source ID: 81, lines: 145..146, bytes: 7052..7059), hits: 0) err=Could not find anchor: No matching instruction in range source ID: 81, lines: 145..146, bytes: 7052..7059
2026-09-08T15:16:42.463273Z  WARN foundry_evm_coverage::anchors: could not find anchor item=Statement (location: (source ID: 81, lines: 145..146, bytes: 7061..7082), hits: 0) err=Could not find anchor: No matching instruction in range source ID: 81, lines: 145..146, bytes: 7061..7082
2026-09-08T15:16:42.463282Z  WARN foundry_evm_coverage::anchors: could not find anchor item=Branch (branch: 8, path: 0) (location: (source ID: 81, lines: 145..146, bytes: 7061..7082), hits: 0) err=Could not find anchor: No matching instruction in range source ID: 81, lines: 145..146, bytes: 7061..7082
2026-09-08T15:16:42.463292Z  WARN foundry_evm_coverage::anchors: could not find anchor item=Line (location: (source ID: 81, lines: 153..167, bytes: 7623..8461), hits: 0) err=Could not find anchor: No matching instruction in range source ID: 81, lines: 153..167, bytes: 7623..8461
2026-09-08T15:16:42.463301Z  WARN foundry_evm_coverage::anchors: could not find anchor item=Function "configureEnforcedTrading" (location: (source ID: 81, lines: 153..167, bytes: 7623..8461), hits: 0) err=Could not find anchor: No matching instruction in range source ID: 81, lines: 153..167, bytes: 7623..8461
2026-09-08T15:16:42.463310Z  WARN foundry_evm_coverage::anchors: could not find anchor item=Line (location: (source ID: 81, lines: 154..155, bytes: 7691..7722), hits: 0) err=Could not find anchor: No matching instruction in range source ID: 81, lines: 154..155, bytes: 7691..7722
2026-09-08T15:16:42.463319Z  WARN foundry_evm_coverage::anchors: could not find anchor item=Statement (location: (source ID: 81, lines: 154..155, bytes: 7691..7722), hits: 0) err=Could not find anchor: No matching instruction in range source ID: 81, lines: 154..155, bytes: 7691..7722
2026-09-08T15:16:42.463329Z  WARN foundry_evm_coverage::anchors: could not find anchor item=Line (location: (source ID: 81, lines: 155..156, bytes: 7732..7816), hits: 0) err=Could not find anchor: No matching instruction in range source ID: 81, lines: 155..156, bytes: 7732..7816
2026-09-08T15:16:42.463338Z  WARN foundry_evm_coverage::anchors: could not find anchor item=Statement (location: (source ID: 81, lines: 155..156, bytes: 7732..7816), hits: 0) err=Could not find anchor: No matching instruction in range source ID: 81, lines: 155..156, bytes: 7732..7816
2026-09-08T15:16:42.463347Z  WARN foundry_evm_coverage::anchors: could not find anchor item=Statement (location: (source ID: 81, lines: 155..156, bytes: 7766..7816), hits: 0) err=Could not find anchor: No matching instruction in range source ID: 81, lines: 155..156, bytes: 7766..7816
2026-09-08T15:16:42.463357Z  WARN foundry_evm_coverage::anchors: could not find anchor item=Line (location: (source ID: 81, lines: 156..157, bytes: 7830..7873), hits: 0) err=Could not find anchor: No matching instruction in range source ID: 81, lines: 156..157, bytes: 7830..7873
2026-09-08T15:16:42.463366Z  WARN foundry_evm_coverage::anchors: could not find anchor item=Statement (location: (source ID: 81, lines: 156..157, bytes: 7830..7873), hits: 0) err=Could not find anchor: No matching instruction in range source ID: 81, lines: 156..157, bytes: 7830..7873
2026-09-08T15:16:42.463375Z  WARN foundry_evm_coverage::anchors: could not find anchor item=Statement (location: (source ID: 81, lines: 156..157, bytes: 7875..7904), hits: 0) err=Could not find anchor: No matching instruction in range source ID: 81, lines: 156..157, bytes: 7875..7904
2026-09-08T15:16:42.463385Z  WARN foundry_evm_coverage::anchors: could not find anchor item=Branch (branch: 9, path: 0) (location: (source ID: 81, lines: 156..157, bytes: 7875..7904), hits: 0) err=Could not find anchor: No matching instruction in range source ID: 81, lines: 156..157, bytes: 7875..7904
2026-09-08T15:16:42.463394Z  WARN foundry_evm_coverage::anchors: could not find anchor item=Line (location: (source ID: 81, lines: 157..158, bytes: 7914..7985), hits: 0) err=Could not find anchor: No matching instruction in range source ID: 81, lines: 157..158, bytes: 7914..7985
2026-09-08T15:16:42.463403Z  WARN foundry_evm_coverage::anchors: could not find anchor item=Statement (location: (source ID: 81, lines: 157..158, bytes: 7914..7985), hits: 0) err=Could not find anchor: No matching instruction in range source ID: 81, lines: 157..158, bytes: 7914..7985
2026-09-08T15:16:42.463413Z  WARN foundry_evm_coverage::anchors: could not find anchor item=Statement (location: (source ID: 81, lines: 157..158, bytes: 7931..7985), hits: 0) err=Could not find anchor: No matching instruction in range source ID: 81, lines: 157..158, bytes: 7931..7985
2026-09-08T15:16:42.463422Z  WARN foundry_evm_coverage::anchors: could not find anchor item=Line (location: (source ID: 81, lines: 158..159, bytes: 7995..8056), hits: 0) err=Could not find anchor: No matching instruction in range source ID: 81, lines: 158..159, bytes: 7995..8056
2026-09-08T15:16:42.463431Z  WARN foundry_evm_coverage::anchors: could not find anchor item=Statement (location: (source ID: 81, lines: 158..159, bytes: 7995..8056), hits: 0) err=Could not find anchor: No matching instruction in range source ID: 81, lines: 158..159, bytes: 7995..8056
2026-09-08T15:16:42.463441Z  WARN foundry_evm_coverage::anchors: could not find anchor item=Line (location: (source ID: 81, lines: 159..160, bytes: 8066..8126), hits: 0) err=Could not find anchor: No matching instruction in range source ID: 81, lines: 159..160, bytes: 8066..8126
2026-09-08T15:16:42.463450Z  WARN foundry_evm_coverage::anchors: could not find anchor item=Statement (location: (source ID: 81, lines: 159..160, bytes: 8066..8126), hits: 0) err=Could not find anchor: No matching instruction in range source ID: 81, lines: 159..160, bytes: 8066..8126
2026-09-08T15:16:42.463459Z  WARN foundry_evm_coverage::anchors: could not find anchor item=Line (location: (source ID: 81, lines: 160..161, bytes: 8136..8189), hits: 0) err=Could not find anchor: No matching instruction in range source ID: 81, lines: 160..161, bytes: 8136..8189
2026-09-08T15:16:42.463469Z  WARN foundry_evm_coverage::anchors: could not find anchor item=Statement (location: (source ID: 81, lines: 160..161, bytes: 8136..8189), hits: 0) err=Could not find anchor: No matching instruction in range source ID: 81, lines: 160..161, bytes: 8136..8189
2026-09-08T15:16:42.463478Z  WARN foundry_evm_coverage::anchors: could not find anchor item=Line (location: (source ID: 81, lines: 161..162, bytes: 8199..8262), hits: 0) err=Could not find anchor: No matching instruction in range source ID: 81, lines: 161..162, bytes: 8199..8262
2026-09-08T15:16:42.463487Z  WARN foundry_evm_coverage::anchors: could not find anchor item=Statement (location: (source ID: 81, lines: 161..162, bytes: 8199..8262), hits: 0) err=Could not find anchor: No matching instruction in range source ID: 81, lines: 161..162, bytes: 8199..8262
2026-09-08T15:16:42.463497Z  WARN foundry_evm_coverage::anchors: could not find anchor item=Line (location: (source ID: 81, lines: 162..163, bytes: 8272..8320), hits: 0) err=Could not find anchor: No matching instruction in range source ID: 81, lines: 162..163, bytes: 8272..8320
2026-09-08T15:16:42.463506Z  WARN foundry_evm_coverage::anchors: could not find anchor item=Statement (location: (source ID: 81, lines: 162..163, bytes: 8272..8320), hits: 0) err=Could not find anchor: No matching instruction in range source ID: 81, lines: 162..163, bytes: 8272..8320
2026-09-08T15:16:42.463515Z  WARN foundry_evm_coverage::anchors: could not find anchor item=Line (location: (source ID: 81, lines: 163..164, bytes: 8330..8352), hits: 0) err=Could not find anchor: No matching instruction in range source ID: 81, lines: 163..164, bytes: 8330..8352
2026-09-08T15:16:42.463524Z  WARN foundry_evm_coverage::anchors: could not find anchor item=Statement (location: (source ID: 81, lines: 163..164, bytes: 8330..8352), hits: 0) err=Could not find anchor: No matching instruction in range source ID: 81, lines: 163..164, bytes: 8330..8352
2026-09-08T15:16:42.463534Z  WARN foundry_evm_coverage::anchors: could not find anchor item=Line (location: (source ID: 81, lines: 164..165, bytes: 8362..8386), hits: 0) err=Could not find anchor: No matching instruction in range source ID: 81, lines: 164..165, bytes: 8362..8386
2026-09-08T15:16:42.463542Z  WARN foundry_evm_coverage::anchors: could not find anchor item=Statement (location: (source ID: 81, lines: 164..165, bytes: 8362..8386), hits: 0) err=Could not find anchor: No matching instruction in range source ID: 81, lines: 164..165, bytes: 8362..8386
2026-09-08T15:16:42.463552Z  WARN foundry_evm_coverage::anchors: could not find anchor item=Line (location: (source ID: 81, lines: 165..166, bytes: 8396..8454), hits: 0) err=Could not find anchor: No matching instruction in range source ID: 81, lines: 165..166, bytes: 8396..8454
2026-09-08T15:16:42.463561Z  WARN foundry_evm_coverage::anchors: could not find anchor item=Statement (location: (source ID: 81, lines: 165..166, bytes: 8396..8454), hits: 0) err=Could not find anchor: No matching instruction in range source ID: 81, lines: 165..166, bytes: 8396..8454
2026-09-08T15:16:42.463571Z  WARN foundry_evm_coverage::anchors: could not find anchor item=Line (location: (source ID: 81, lines: 168..176, bytes: 8467..8895), hits: 0) err=Could not find anchor: No matching instruction in range source ID: 81, lines: 168..176, bytes: 8467..8895
2026-09-08T15:16:42.463580Z  WARN foundry_evm_coverage::anchors: could not find anchor item=Function "_preValidateTransfer" (location: (source ID: 81, lines: 168..176, bytes: 8467..8895), hits: 0) err=Could not find anchor: No matching instruction in range source ID: 81, lines: 168..176, bytes: 8467..8895
2026-09-08T15:16:42.463589Z  WARN foundry_evm_coverage::anchors: could not find anchor item=Line (location: (source ID: 81, lines: 173..174, bytes: 8723..8741), hits: 0) err=Could not find anchor: No matching instruction in range source ID: 81, lines: 173..174, bytes: 8723..8741
2026-09-08T15:16:42.463599Z  WARN foundry_evm_coverage::anchors: could not find anchor item=Statement (location: (source ID: 81, lines: 173..174, bytes: 8723..8741), hits: 0) err=Could not find anchor: No matching instruction in range source ID: 81, lines: 173..174, bytes: 8723..8741
2026-09-08T15:16:42.463608Z  WARN foundry_evm_coverage::anchors: could not find anchor item=Statement (location: (source ID: 81, lines: 173..174, bytes: 8723..8784), hits: 0) err=Could not find anchor: No matching instruction in range source ID: 81, lines: 173..174, bytes: 8723..8784
2026-09-08T15:16:42.463617Z  WARN foundry_evm_coverage::anchors: could not find anchor item=Statement (location: (source ID: 81, lines: 173..174, bytes: 8745..8784), hits: 0) err=Could not find anchor: No matching instruction in range source ID: 81, lines: 173..174, bytes: 8745..8784
2026-09-08T15:16:42.463628Z  WARN foundry_evm_coverage::anchors: could not find anchor item=Statement (location: (source ID: 81, lines: 173..174, bytes: 8786..8818), hits: 0) err=Could not find anchor: No matching instruction in range source ID: 81, lines: 173..174, bytes: 8786..8818
2026-09-08T15:16:42.463638Z  WARN foundry_evm_coverage::anchors: could not find anchor item=Branch (branch: 10, path: 0) (location: (source ID: 81, lines: 173..174, bytes: 8786..8818), hits: 0) err=Could not find anchor: No matching instruction in range source ID: 81, lines: 173..174, bytes: 8786..8818
2026-09-08T15:16:42.463650Z  WARN foundry_evm_coverage::anchors: could not find anchor item=Line (location: (source ID: 81, lines: 174..175, bytes: 8828..8888), hits: 0) err=Could not find anchor: No matching instruction in range source ID: 81, lines: 174..175, bytes: 8828..8888
2026-09-08T15:16:42.463141Z  WARN foundry_evm_coverage::anchors: could not find anchor item=Line (location: (source ID: 82, lines: 168..172, bytes: 6951..7142), hits: 0) err=Could not find anchor: No matching instruction in range source ID: 82, lines: 168..172, bytes: 6951..7142
2026-09-08T15:16:42.463656Z  WARN foundry_evm_coverage::anchors: could not find anchor item=Statement (location: (source ID: 81, lines: 174..175, bytes: 8828..8888), hits: 0) err=Could not find anchor: No matching instruction in range source ID: 81, lines: 174..175, bytes: 8828..8888
2026-09-08T15:16:42.463679Z  WARN foundry_evm_coverage::anchors: could not find anchor item=Function "minimumIncrease" (location: (source ID: 82, lines: 168..172, bytes: 6951..7142), hits: 0) err=Could not find anchor: No matching instruction in range source ID: 82, lines: 168..172, bytes: 6951..7142
2026-09-08T15:16:42.463691Z  WARN foundry_evm_coverage::anchors: could not find anchor item=Line (location: (source ID: 81, lines: 177..184, bytes: 8901..9156), hits: 0) err=Could not find anchor: No matching instruction in range source ID: 81, lines: 177..184, bytes: 8901..9156
2026-09-08T15:16:42.463700Z  WARN foundry_evm_coverage::anchors: could not find anchor item=Line (location: (source ID: 82, lines: 169..170, bytes: 7034..7050), hits: 0) err=Could not find anchor: No matching instruction in range source ID: 82, lines: 169..170, bytes: 7034..7050
2026-09-08T15:16:42.463712Z  WARN foundry_evm_coverage::anchors: could not find anchor item=Function "_postValidateTransfer" (location: (source ID: 81, lines: 177..184, bytes: 8901..9156), hits: 0) err=Could not find anchor: No matching instruction in range source ID: 81, lines: 177..184, bytes: 8901..9156
2026-09-08T15:16:42.463720Z  WARN foundry_evm_coverage::anchors: could not find anchor item=Statement (location: (source ID: 82, lines: 169..170, bytes: 7034..7050), hits: 0) err=Could not find anchor: No matching instruction in range source ID: 82, lines: 169..170, bytes: 7034..7050
2026-09-08T15:16:42.463730Z  WARN foundry_evm_coverage::anchors: could not find anchor item=Line (location: (source ID: 81, lines: 181..182, bytes: 9054..9115), hits: 0) err=Could not find anchor: No matching instruction in range source ID: 81, lines: 181..182, bytes: 9054..9115
2026-09-08T15:16:42.463738Z  WARN foundry_evm_coverage::anchors: could not find anchor item=Statement (location: (source ID: 82, lines: 169..170, bytes: 7052..7071), hits: 0) err=Could not find anchor: No matching instruction in range source ID: 82, lines: 169..170, bytes: 7052..7071
2026-09-08T15:16:42.463748Z  WARN foundry_evm_coverage::anchors: could not find anchor item=Statement (location: (source ID: 81, lines: 181..182, bytes: 9054..9115), hits: 0) err=Could not find anchor: No matching instruction in range source ID: 81, lines: 181..182, bytes: 9054..9115
2026-09-08T15:16:42.463757Z  WARN foundry_evm_coverage::anchors: could not find anchor item=Branch (branch: 10, path: 0) (location: (source ID: 82, lines: 169..170, bytes: 7052..7071), hits: 0) err=Could not find anchor: No matching instruction in range source ID: 82, lines: 169..170, bytes: 7052..7071
2026-09-08T15:16:42.463765Z  WARN foundry_evm_coverage::anchors: could not find anchor item=Line (location: (source ID: 81, lines: 182..183, bytes: 9125..9149), hits: 0) err=Could not find anchor: No matching instruction in range source ID: 81, lines: 182..183, bytes: 9125..9149
2026-09-08T15:16:42.463774Z  WARN foundry_evm_coverage::anchors: could not find anchor item=Line (location: (source ID: 82, lines: 170..171, bytes: 7081..7135), hits: 0) err=Could not find anchor: No matching instruction in range source ID: 82, lines: 170..171, bytes: 7081..7135
2026-09-08T15:16:42.463783Z  WARN foundry_evm_coverage::anchors: could not find anchor item=Statement (location: (source ID: 81, lines: 182..183, bytes: 9125..9149), hits: 0) err=Could not find anchor: No matching instruction in range source ID: 81, lines: 182..183, bytes: 9125..9149
2026-09-08T15:16:42.463791Z  WARN foundry_evm_coverage::anchors: could not find anchor item=Statement (location: (source ID: 82, lines: 170..171, bytes: 7081..7135), hits: 0) err=Could not find anchor: No matching instruction in range source ID: 82, lines: 170..171, bytes: 7081..7135
2026-09-08T15:16:42.463806Z  WARN foundry_evm_coverage::anchors: could not find anchor item=Statement (location: (source ID: 82, lines: 170..171, bytes: 7088..7135), hits: 0) err=Could not find anchor: No matching instruction in range source ID: 82, lines: 170..171, bytes: 7088..7135
2026-09-08T15:16:42.463813Z  WARN foundry_evm_coverage::anchors: could not find anchor item=Line (location: (source ID: 82, lines: 174..178, bytes: 7204..7357), hits: 0) err=Could not find anchor: No matching instruction in range source ID: 82, lines: 174..178, bytes: 7204..7357
2026-09-08T15:16:42.463819Z  WARN foundry_evm_coverage::anchors: could not find anchor item=Line (location: (source ID: 81, lines: 54..69, bytes: 2750..3375), hits: 0) err=Could not find anchor: No matching instruction in range source ID: 81, lines: 54..69, bytes: 2750..3375
2026-09-08T15:16:42.463819Z  WARN foundry_evm_coverage::anchors: could not find anchor item=Function "createBid" (location: (source ID: 82, lines: 174..178, bytes: 7204..7357), hits: 0) err=Could not find anchor: No matching instruction in range source ID: 82, lines: 174..178, bytes: 7204..7357
2026-09-08T15:16:42.463835Z  WARN foundry_evm_coverage::anchors: could not find anchor item=Line (location: (source ID: 82, lines: 175..176, bytes: 7286..7300), hits: 0) err=Could not find anchor: No matching instruction in range source ID: 82, lines: 175..176, bytes: 7286..7300
2026-09-08T15:16:42.463838Z  WARN foundry_evm_coverage::anchors: could not find anchor item=Function "constructor" (location: (source ID: 81, lines: 54..69, bytes: 2750..3375), hits: 0) err=Could not find anchor: No matching instruction in range source ID: 81, lines: 54..69, bytes: 2750..3375
2026-09-08T15:16:42.463843Z  WARN foundry_evm_coverage::anchors: could not find anchor item=Statement (location: (source ID: 82, lines: 175..176, bytes: 7286..7300), hits: 0) err=Could not find anchor: No matching instruction in range source ID: 82, lines: 175..176, bytes: 7286..7300
2026-09-08T15:16:42.463859Z  WARN foundry_evm_coverage::anchors: could not find anchor item=Line (location: (source ID: 82, lines: 176..177, bytes: 7310..7350), hits: 0) err=Could not find anchor: No matching instruction in range source ID: 82, lines: 176..177, bytes: 7310..7350
2026-09-08T15:16:42.463862Z  WARN foundry_evm_coverage::anchors: could not find anchor item=Line (location: (source ID: 81, lines: 58..59, bytes: 2920..2944), hits: 0) err=Could not find anchor: No matching instruction in range source ID: 81, lines: 58..59, bytes: 2920..2944
2026-09-08T15:16:42.463867Z  WARN foundry_evm_coverage::anchors: could not find anchor item=Statement (location: (source ID: 82, lines: 176..177, bytes: 7310..7350), hits: 0) err=Could not find anchor: No matching instruction in range source ID: 82, lines: 176..177, bytes: 7310..7350
2026-09-08T15:16:42.463880Z  WARN foundry_evm_coverage::anchors: could not find anchor item=Statement (location: (source ID: 82, lines: 176..177, bytes: 7317..7350), hits: 0) err=Could not find anchor: No matching instruction in range source ID: 82, lines: 176..177, bytes: 7317..7350
2026-09-08T15:16:42.463883Z  WARN foundry_evm_coverage::anchors: could not find anchor item=Statement (location: (source ID: 81, lines: 58..59, bytes: 2920..2944), hits: 0) err=Could not find anchor: No matching instruction in range source ID: 81, lines: 58..59, bytes: 2920..2944
2026-09-08T15:16:42.463888Z  WARN foundry_evm_coverage::anchors: could not find anchor item=Line (location: (source ID: 82, lines: 182..196, bytes: 7626..8183), hits: 0) err=Could not find anchor: No matching instruction in range source ID: 82, lines: 182..196, bytes: 7626..8183
2026-09-08T15:16:42.463904Z  WARN foundry_evm_coverage::anchors: could not find anchor item=Function "createBids" (location: (source ID: 82, lines: 182..196, bytes: 7626..8183), hits: 0) err=Could not find anchor: No matching instruction in range source ID: 82, lines: 182..196, bytes: 7626..8183
2026-09-08T15:16:42.463907Z  WARN foundry_evm_coverage::anchors: could not find anchor item=Statement (location: (source ID: 81, lines: 58..59, bytes: 2948..2974), hits: 0) err=Could not find anchor: No matching instruction in range source ID: 81, lines: 58..59, bytes: 2948..2974
2026-09-08T15:16:42.463911Z  WARN foundry_evm_coverage::anchors: could not find anchor item=Line (location: (source ID: 82, lines: 183..184, bytes: 7745..7759), hits: 0) err=Could not find anchor: No matching instruction in range source ID: 82, lines: 183..184, bytes: 7745..7759
2026-09-08T15:16:42.463924Z  WARN foundry_evm_coverage::anchors: could not find anchor item=Statement (location: (source ID: 82, lines: 183..184, bytes: 7745..7759), hits: 0) err=Could not find anchor: No matching instruction in range source ID: 82, lines: 183..184, bytes: 7745..7759
2026-09-08T15:16:42.463926Z  WARN foundry_evm_coverage::anchors: could not find anchor item=Statement (location: (source ID: 81, lines: 58..59, bytes: 2978..3009), hits: 0) err=Could not find anchor: No matching instruction in range source ID: 81, lines: 58..59, bytes: 2978..3009
2026-09-08T15:16:42.463932Z  WARN foundry_evm_coverage::anchors: could not find anchor item=Line (location: (source ID: 82, lines: 184..185, bytes: 7769..7799), hits: 0) err=Could not find anchor: No matching instruction in range source ID: 82, lines: 184..185, bytes: 7769..7799
2026-09-08T15:16:42.463948Z  WARN foundry_evm_coverage::anchors: could not find anchor item=Statement (location: (source ID: 82, lines: 184..185, bytes: 7769..7799), hits: 0) err=Could not find anchor: No matching instruction in range source ID: 82, lines: 184..185, bytes: 7769..7799
2026-09-08T15:16:42.463950Z  WARN foundry_evm_coverage::anchors: could not find anchor item=Statement (location: (source ID: 81, lines: 58..59, bytes: 3013..3021), hits: 0) err=Could not find anchor: No matching instruction in range source ID: 81, lines: 58..59, bytes: 3013..3021
2026-09-08T15:16:42.463956Z  WARN foundry_evm_coverage::anchors: could not find anchor item=Line (location: (source ID: 82, lines: 185..186, bytes: 7813..7823), hits: 0) err=Could not find anchor: No matching instruction in range source ID: 82, lines: 185..186, bytes: 7813..7823
2026-09-08T15:16:42.463972Z  WARN foundry_evm_coverage::anchors: could not find anchor item=Statement (location: (source ID: 82, lines: 185..186, bytes: 7813..7823), hits: 0) err=Could not find anchor: No matching instruction in range source ID: 82, lines: 185..186, bytes: 7813..7823
2026-09-08T15:16:42.463974Z  WARN foundry_evm_coverage::anchors: could not find anchor item=Statement (location: (source ID: 81, lines: 58..60, bytes: 2920..3053), hits: 0) err=Could not find anchor: No matching instruction in range source ID: 81, lines: 58..60, bytes: 2920..3053
2026-09-08T15:16:42.463982Z  WARN foundry_evm_coverage::anchors: could not find anchor item=Statement (location: (source ID: 82, lines: 185..186, bytes: 7813..7841), hits: 0) err=Could not find anchor: No matching instruction in range source ID: 82, lines: 185..186, bytes: 7813..7841
2026-09-08T15:16:42.463995Z  WARN foundry_evm_coverage::anchors: could not find anchor item=Statement (location: (source ID: 82, lines: 185..186, bytes: 7827..7841), hits: 0) err=Could not find anchor: No matching instruction in range source ID: 82, lines: 185..186, bytes: 7827..7841
2026-09-08T15:16:42.463998Z  WARN foundry_evm_coverage::anchors: could not find anchor item=Statement (location: (source ID: 81, lines: 58..60, bytes: 2948..3053), hits: 0) err=Could not find anchor: No matching instruction in range source ID: 81, lines: 58..60, bytes: 2948..3053
2026-09-08T15:16:42.464004Z  WARN foundry_evm_coverage::anchors: could not find anchor item=Statement (location: (source ID: 82, lines: 185..186, bytes: 7843..7864), hits: 0) err=Could not find anchor: No matching instruction in range source ID: 82, lines: 185..186, bytes: 7843..7864
2026-09-08T15:16:42.464019Z  WARN foundry_evm_coverage::anchors: could not find anchor item=Branch (branch: 11, path: 0) (location: (source ID: 82, lines: 185..186, bytes: 7843..7864), hits: 0) err=Could not find anchor: No matching instruction in range source ID: 82, lines: 185..186, bytes: 7843..7864
2026-09-08T15:16:42.464022Z  WARN foundry_evm_coverage::anchors: could not find anchor item=Statement (location: (source ID: 81, lines: 58..60, bytes: 2978..3053), hits: 0) err=Could not find anchor: No matching instruction in range source ID: 81, lines: 58..60, bytes: 2978..3053
2026-09-08T15:16:42.464027Z  WARN foundry_evm_coverage::anchors: could not find anchor item=Line (location: (source ID: 82, lines: 186..187, bytes: 7874..7887), hits: 0) err=Could not find anchor: No matching instruction in range source ID: 82, lines: 186..187, bytes: 7874..7887
2026-09-08T15:16:42.464042Z  WARN foundry_evm_coverage::anchors: could not find anchor item=Statement (location: (source ID: 82, lines: 186..187, bytes: 7874..7887), hits: 0) err=Could not find anchor: No matching instruction in range source ID: 82, lines: 186..187, bytes: 7874..7887
2026-09-08T15:16:42.464045Z  WARN foundry_evm_coverage::anchors: could not find anchor item=Statement (location: (source ID: 81, lines: 58..60, bytes: 3013..3053), hits: 0) err=Could not find anchor: No matching instruction in range source ID: 81, lines: 58..60, bytes: 3013..3053
2026-09-08T15:16:42.464051Z  WARN foundry_evm_coverage::anchors: could not find anchor item=Line (location: (source ID: 82, lines: 187..188, bytes: 7902..7911), hits: 0) err=Could not find anchor: No matching instruction in range source ID: 82, lines: 187..188, bytes: 7902..7911
2026-09-08T15:16:42.464066Z  WARN foundry_evm_coverage::anchors: could not find anchor item=Statement (location: (source ID: 82, lines: 187..188, bytes: 7902..7911), hits: 0) err=Could not find anchor: No matching instruction in range source ID: 82, lines: 187..188, bytes: 7902..7911
2026-09-08T15:16:42.464069Z  WARN foundry_evm_coverage::anchors: could not find anchor item=Line (location: (source ID: 81, lines: 59..60, bytes: 3041..3053), hits: 0) err=Could not find anchor: No matching instruction in range source ID: 81, lines: 59..60, bytes: 3041..3053
2026-09-08T15:16:42.464074Z  WARN foundry_evm_coverage::anchors: could not find anchor item=Statement (location: (source ID: 82, lines: 187..188, bytes: 7913..7922), hits: 0) err=Could not find anchor: No matching instruction in range source ID: 82, lines: 187..188, bytes: 7913..7922
2026-09-08T15:16:42.464090Z  WARN foundry_evm_coverage::anchors: could not find anchor item=Statement (location: (source ID: 82, lines: 187..188, bytes: 7924..7927), hits: 0) err=Could not find anchor: No matching instruction in range source ID: 82, lines: 187..188, bytes: 7924..7927
2026-09-08T15:16:42.464093Z  WARN foundry_evm_coverage::anchors: could not find anchor item=Statement (location: (source ID: 81, lines: 59..60, bytes: 3041..3053), hits: 0) err=Could not find anchor: No matching instruction in range source ID: 81, lines: 59..60, bytes: 3041..3053
2026-09-08T15:16:42.464098Z  WARN foundry_evm_coverage::anchors: could not find anchor item=Line (location: (source ID: 82, lines: 188..189, bytes: 7943..7962), hits: 0) err=Could not find anchor: No matching instruction in range source ID: 82, lines: 188..189, bytes: 7943..7962
2026-09-08T15:16:42.464116Z  WARN foundry_evm_coverage::anchors: could not find anchor item=Line (location: (source ID: 81, lines: 60..63, bytes: 3064..3118), hits: 0) err=Could not find anchor: No matching instruction in range source ID: 81, lines: 60..63, bytes: 3064..3118
2026-09-08T15:16:42.464117Z  WARN foundry_evm_coverage::anchors: could not find anchor item=Statement (location: (source ID: 82, lines: 188..189, bytes: 7943..7962), hits: 0) err=Could not find anchor: No matching instruction in range source ID: 82, lines: 188..189, bytes: 7943..7962
2026-09-08T15:16:42.464132Z  WARN foundry_evm_coverage::anchors: could not find anchor item=Line (location: (source ID: 82, lines: 190..191, bytes: 7986..8004), hits: 0) err=Could not find anchor: No matching instruction in range source ID: 82, lines: 190..191, bytes: 7986..8004
2026-09-08T15:16:42.464135Z  WARN foundry_evm_coverage::anchors: could not find anchor item=Branch (branch: 0, path: 0) (location: (source ID: 81, lines: 60..63, bytes: 3064..3118), hits: 0) err=Could not find anchor: No matching instruction in range source ID: 81, lines: 60..63, bytes: 3064..3118
2026-09-08T15:16:42.464140Z  WARN foundry_evm_coverage::anchors: could not find anchor item=Statement (location: (source ID: 82, lines: 190..191, bytes: 7986..8004), hits: 0) err=Could not find anchor: No matching instruction in range source ID: 82, lines: 190..191, bytes: 7986..8004
2026-09-08T15:16:42.464156Z  WARN foundry_evm_coverage::anchors: could not find anchor item=Statement (location: (source ID: 82, lines: 190..191, bytes: 8006..8031), hits: 0) err=Could not find anchor: No matching instruction in range source ID: 82, lines: 190..191, bytes: 8006..8031
2026-09-08T15:16:42.464159Z  WARN foundry_evm_coverage::anchors: could not find anchor item=Line (location: (source ID: 81, lines: 61..62, bytes: 3078..3107), hits: 0) err=Could not find anchor: No matching instruction in range source ID: 81, lines: 61..62, bytes: 3078..3107
2026-09-08T15:16:42.464164Z  WARN foundry_evm_coverage::anchors: could not find anchor item=Branch (branch: 12, path: 0) (location: (source ID: 82, lines: 190..191, bytes: 8006..8031), hits: 0) err=Could not find anchor: No matching instruction in range source ID: 82, lines: 190..191, bytes: 8006..8031
2026-09-08T15:16:42.464180Z  WARN foundry_evm_coverage::anchors: could not find anchor item=Line (location: (source ID: 82, lines: 191..192, bytes: 8041..8067), hits: 0) err=Could not find anchor: No matching instruction in range source ID: 82, lines: 191..192, bytes: 8041..8067
2026-09-08T15:16:42.464183Z  WARN foundry_evm_coverage::anchors: could not find anchor item=Statement (location: (source ID: 81, lines: 61..62, bytes: 3078..3107), hits: 0) err=Could not find anchor: No matching instruction in range source ID: 81, lines: 61..62, bytes: 3078..3107
2026-09-08T15:16:42.464188Z  WARN foundry_evm_coverage::anchors: could not find anchor item=Statement (location: (source ID: 82, lines: 191..192, bytes: 8041..8067), hits: 0) err=Could not find anchor: No matching instruction in range source ID: 82, lines: 191..192, bytes: 8041..8067
2026-09-08T15:16:42.464204Z  WARN foundry_evm_coverage::anchors: could not find anchor item=Line (location: (source ID: 82, lines: 192..193, bytes: 8082..8091), hits: 0) err=Could not find anchor: No matching instruction in range source ID: 82, lines: 192..193, bytes: 8082..8091
2026-09-08T15:16:42.464207Z  WARN foundry_evm_coverage::anchors: could not find anchor item=Line (location: (source ID: 81, lines: 63..64, bytes: 3131..3197), hits: 0) err=Could not find anchor: No matching instruction in range source ID: 81, lines: 63..64, bytes: 3131..3197
2026-09-08T15:16:42.464213Z  WARN foundry_evm_coverage::anchors: could not find anchor item=Statement (location: (source ID: 82, lines: 192..193, bytes: 8082..8091), hits: 0) err=Could not find anchor: No matching instruction in range source ID: 82, lines: 192..193, bytes: 8082..8091
2026-09-08T15:16:42.464229Z  WARN foundry_evm_coverage::anchors: could not find anchor item=Statement (location: (source ID: 82, lines: 192..193, bytes: 8093..8102), hits: 0) err=Could not find anchor: No matching instruction in range source ID: 82, lines: 192..193, bytes: 8093..8102
2026-09-08T15:16:42.464232Z  WARN foundry_evm_coverage::anchors: could not find anchor item=Statement (location: (source ID: 81, lines: 63..64, bytes: 3131..3197), hits: 0) err=Could not find anchor: No matching instruction in range source ID: 81, lines: 63..64, bytes: 3131..3197
2026-09-08T15:16:42.464237Z  WARN foundry_evm_coverage::anchors: could not find anchor item=Statement (location: (source ID: 82, lines: 192..193, bytes: 8104..8107), hits: 0) err=Could not find anchor: No matching instruction in range source ID: 82, lines: 192..193, bytes: 8104..8107
2026-09-08T15:16:42.464253Z  WARN foundry_evm_coverage::anchors: could not find anchor item=Line (location: (source ID: 82, lines: 193..194, bytes: 8123..8166), hits: 0) err=Could not find anchor: No matching instruction in range source ID: 82, lines: 193..194, bytes: 8123..8166
2026-09-08T15:16:42.464256Z  WARN foundry_evm_coverage::anchors: could not find anchor item=Statement (location: (source ID: 81, lines: 63..64, bytes: 3199..3228), hits: 0) err=Could not find anchor: No matching instruction in range source ID: 81, lines: 63..64, bytes: 3199..3228
2026-09-08T15:16:42.464266Z  WARN foundry_evm_coverage::anchors: could not find anchor item=Statement (location: (source ID: 82, lines: 193..194, bytes: 8123..8166), hits: 0) err=Could not find anchor: No matching instruction in range source ID: 82, lines: 193..194, bytes: 8123..8166
2026-09-08T15:16:42.464274Z  WARN foundry_evm_coverage::anchors: could not find anchor item=Line (location: (source ID: 82, lines: 198..213, bytes: 8282..8911), hits: 0) err=Could not find anchor: No matching instruction in range source ID: 82, lines: 198..213, bytes: 8282..8911
2026-09-08T15:16:42.464278Z  WARN foundry_evm_coverage::anchors: could not find anchor item=Branch (branch: 1, path: 0) (location: (source ID: 81, lines: 63..64, bytes: 3199..3228), hits: 0) err=Could not find anchor: No matching instruction in range source ID: 81, lines: 63..64, bytes: 3199..3228
2026-09-08T15:16:42.464280Z  WARN foundry_evm_coverage::anchors: could not find anchor item=Function "increaseBid" (location: (source ID: 82, lines: 198..213, bytes: 8282..8911), hits: 0) err=Could not find anchor: No matching instruction in range source ID: 82, lines: 198..213, bytes: 8282..8911
2026-09-08T15:16:42.464294Z  WARN foundry_evm_coverage::anchors: could not find anchor item=Line (location: (source ID: 82, lines: 199..200, bytes: 8355..8369), hits: 0) err=Could not find anchor: No matching instruction in range source ID: 82, lines: 199..200, bytes: 8355..8369
2026-09-08T15:16:42.464297Z  WARN foundry_evm_coverage::anchors: could not find anchor item=Line (location: (source ID: 81, lines: 64..65, bytes: 3238..3258), hits: 0) err=Could not find anchor: No matching instruction in range source ID: 81, lines: 64..65, bytes: 3238..3258
2026-09-08T15:16:42.464303Z  WARN foundry_evm_coverage::anchors: could not find anchor item=Statement (location: (source ID: 82, lines: 199..200, bytes: 8355..8369), hits: 0) err=Could not find anchor: No matching instruction in range source ID: 82, lines: 199..200, bytes: 8355..8369
2026-09-08T15:16:42.464319Z  WARN foundry_evm_coverage::anchors: could not find anchor item=Line (location: (source ID: 82, lines: 200..201, bytes: 8379..8405), hits: 0) err=Could not find anchor: No matching instruction in range source ID: 82, lines: 200..201, bytes: 8379..8405
2026-09-08T15:16:42.464321Z  WARN foundry_evm_coverage::anchors: could not find anchor item=Statement (location: (source ID: 81, lines: 64..65, bytes: 3238..3258), hits: 0) err=Could not find anchor: No matching instruction in range source ID: 81, lines: 64..65, bytes: 3238..3258
2026-09-08T15:16:42.464327Z  WARN foundry_evm_coverage::anchors: could not find anchor item=Statement (location: (source ID: 82, lines: 200..201, bytes: 8379..8405), hits: 0) err=Could not find anchor: No matching instruction in range source ID: 82, lines: 200..201, bytes: 8379..8405
2026-09-08T15:16:42.464342Z  WARN foundry_evm_coverage::anchors: could not find anchor item=Line (location: (source ID: 82, lines: 201..202, bytes: 8419..8430), hits: 0) err=Could not find anchor: No matching instruction in range source ID: 82, lines: 201..202, bytes: 8419..8430
2026-09-08T15:16:42.464345Z  WARN foundry_evm_coverage::anchors: could not find anchor item=Line (location: (source ID: 81, lines: 65..66, bytes: 3268..3294), hits: 0) err=Could not find anchor: No matching instruction in range source ID: 81, lines: 65..66, bytes: 3268..3294
2026-09-08T15:16:42.464351Z  WARN foundry_evm_coverage::anchors: could not find anchor item=Statement (location: (source ID: 82, lines: 201..202, bytes: 8419..8430), hits: 0) err=Could not find anchor: No matching instruction in range source ID: 82, lines: 201..202, bytes: 8419..8430
2026-09-08T15:16:42.464366Z  WARN foundry_evm_coverage::anchors: could not find anchor item=Statement (location: (source ID: 82, lines: 201..202, bytes: 8432..8451), hits: 0) err=Could not find anchor: No matching instruction in range source ID: 82, lines: 201..202, bytes: 8432..8451
2026-09-08T15:16:42.464369Z  WARN foundry_evm_coverage::anchors: could not find anchor item=Statement (location: (source ID: 81, lines: 65..66, bytes: 3268..3294), hits: 0) err=Could not find anchor: No matching instruction in range source ID: 81, lines: 65..66, bytes: 3268..3294
2026-09-08T15:16:42.464373Z  WARN foundry_evm_coverage::anchors: could not find anchor item=Branch (branch: 13, path: 0) (location: (source ID: 82, lines: 201..202, bytes: 8432..8451), hits: 0) err=Could not find anchor: No matching instruction in range source ID: 82, lines: 201..202, bytes: 8432..8451
2026-09-08T15:16:42.464386Z  WARN foundry_evm_coverage::anchors: could not find anchor item=Line (location: (source ID: 82, lines: 202..203, bytes: 8465..8489), hits: 0) err=Could not find anchor: No matching instruction in range source ID: 82, lines: 202..203, bytes: 8465..8489
2026-09-08T15:16:42.464395Z  WARN foundry_evm_coverage::anchors: could not find anchor item=Statement (location: (source ID: 82, lines: 202..203, bytes: 8465..8489), hits: 0) err=Could not find anchor: No matching instruction in range source ID: 82, lines: 202..203, bytes: 8465..8489
2026-09-08T15:16:42.464390Z  WARN foundry_evm_coverage::anchors: could not find anchor item=Line (location: (source ID: 81, lines: 66..67, bytes: 3304..3320), hits: 0) err=Could not find anchor: No matching instruction in range source ID: 81, lines: 66..67, bytes: 3304..3320
2026-09-08T15:16:42.464404Z  WARN foundry_evm_coverage::anchors: could not find anchor item=Statement (location: (source ID: 82, lines: 202..203, bytes: 8491..8512), hits: 0) err=Could not find anchor: No matching instruction in range source ID: 82, lines: 202..203, bytes: 8491..8512
2026-09-08T15:16:42.464419Z  WARN foundry_evm_coverage::anchors: could not find anchor item=Branch (branch: 14, path: 0) (location: (source ID: 82, lines: 202..203, bytes: 8491..8512), hits: 0) err=Could not find anchor: No matching instruction in range source ID: 82, lines: 202..203, bytes: 8491..8512
2026-09-08T15:16:42.464421Z  WARN foundry_evm_coverage::anchors: could not find anchor item=Statement (location: (source ID: 81, lines: 66..67, bytes: 3304..3320), hits: 0) err=Could not find anchor: No matching instruction in range source ID: 81, lines: 66..67, bytes: 3304..3320
2026-09-08T15:16:42.464427Z  WARN foundry_evm_coverage::anchors: could not find anchor item=Line (location: (source ID: 82, lines: 203..204, bytes: 8526..8558), hits: 0) err=Could not find anchor: No matching instruction in range source ID: 82, lines: 203..204, bytes: 8526..8558
2026-09-08T15:16:42.464442Z  WARN foundry_evm_coverage::anchors: could not find anchor item=Statement (location: (source ID: 82, lines: 203..204, bytes: 8526..8558), hits: 0) err=Could not find anchor: No matching instruction in range source ID: 82, lines: 203..204, bytes: 8526..8558
2026-09-08T15:16:42.464445Z  WARN foundry_evm_coverage::anchors: could not find anchor item=Line (location: (source ID: 81, lines: 67..68, bytes: 3330..3368), hits: 0) err=Could not find anchor: No matching instruction in range source ID: 81, lines: 67..68, bytes: 3330..3368
2026-09-08T15:16:42.464451Z  WARN foundry_evm_coverage::anchors: could not find anchor item=Statement (location: (source ID: 82, lines: 203..204, bytes: 8538..8558), hits: 0) err=Could not find anchor: No matching instruction in range source ID: 82, lines: 203..204, bytes: 8538..8558
2026-09-08T15:16:42.464466Z  WARN foundry_evm_coverage::anchors: could not find anchor item=Statement (location: (source ID: 82, lines: 203..204, bytes: 8560..8580), hits: 0) err=Could not find anchor: No matching instruction in range source ID: 82, lines: 203..204, bytes: 8560..8580
2026-09-08T15:16:42.464469Z  WARN foundry_evm_coverage::anchors: could not find anchor item=Statement (location: (source ID: 81, lines: 67..68, bytes: 3330..3368), hits: 0) err=Could not find anchor: No matching instruction in range source ID: 81, lines: 67..68, bytes: 3330..3368
2026-09-08T15:16:42.464474Z  WARN foundry_evm_coverage::anchors: could not find anchor item=Branch (branch: 15, path: 0) (location: (source ID: 82, lines: 203..204, bytes: 8560..8580), hits: 0) err=Could not find anchor: No matching instruction in range source ID: 82, lines: 203..204, bytes: 8560..8580
2026-09-08T15:16:42.464490Z  WARN foundry_evm_coverage::anchors: could not find anchor item=Line (location: (source ID: 82, lines: 204..205, bytes: 8594..8648), hits: 0) err=Could not find anchor: No matching instruction in range source ID: 82, lines: 204..205, bytes: 8594..8648
2026-09-08T15:16:42.464497Z  WARN foundry_evm_coverage::anchors: could not find anchor item=Statement (location: (source ID: 82, lines: 204..205, bytes: 8594..8648), hits: 0) err=Could not find anchor: No matching instruction in range source ID: 82, lines: 204..205, bytes: 8594..8648
2026-09-08T15:16:42.464503Z  WARN foundry_evm_coverage::anchors: could not find anchor item=Statement (location: (source ID: 82, lines: 204..205, bytes: 8606..8648), hits: 0) err=Could not find anchor: No matching instruction in range source ID: 82, lines: 204..205, bytes: 8606..8648
2026-09-08T15:16:42.464509Z  WARN foundry_evm_coverage::anchors: could not find anchor item=Statement (location: (source ID: 82, lines: 204..205, bytes: 8650..8668), hits: 0) err=Could not find anchor: No matching instruction in range source ID: 82, lines: 204..205, bytes: 8650..8668
2026-09-08T15:16:42.464515Z  WARN foundry_evm_coverage::anchors: could not find anchor item=Branch (branch: 16, path: 0) (location: (source ID: 82, lines: 204..205, bytes: 8650..8668), hits: 0) err=Could not find anchor: No matching instruction in range source ID: 82, lines: 204..205, bytes: 8650..8668
2026-09-08T15:16:42.464521Z  WARN foundry_evm_coverage::anchors: could not find anchor item=Line (location: (source ID: 82, lines: 205..206, bytes: 8678..8704), hits: 0) err=Could not find anchor: No matching instruction in range source ID: 82, lines: 205..206, bytes: 8678..8704
2026-09-08T15:16:42.464528Z  WARN foundry_evm_coverage::anchors: could not find anchor item=Statement (location: (source ID: 82, lines: 205..206, bytes: 8678..8704), hits: 0) err=Could not find anchor: No matching instruction in range source ID: 82, lines: 205..206, bytes: 8678..8704
2026-09-08T15:16:42.464534Z  WARN foundry_evm_coverage::anchors: could not find anchor item=Line (location: (source ID: 82, lines: 206..207, bytes: 8714..8725), hits: 0) err=Could not find anchor: No matching instruction in range source ID: 82, lines: 206..207, bytes: 8714..8725
2026-09-08T15:16:42.464540Z  WARN foundry_evm_coverage::anchors: could not find anchor item=Statement (location: (source ID: 82, lines: 206..207, bytes: 8714..8725), hits: 0) err=Could not find anchor: No matching instruction in range source ID: 82, lines: 206..207, bytes: 8714..8725
2026-09-08T15:16:42.464546Z  WARN foundry_evm_coverage::anchors: could not find anchor item=Line (location: (source ID: 82, lines: 207..208, bytes: 8735..8767), hits: 0) err=Could not find anchor: No matching instruction in range source ID: 82, lines: 207..208, bytes: 8735..8767
2026-09-08T15:16:42.464554Z  WARN foundry_evm_coverage::anchors: could not find anchor item=Statement (location: (source ID: 82, lines: 207..208, bytes: 8735..8767), hits: 0) err=Could not find anchor: No matching instruction in range source ID: 82, lines: 207..208, bytes: 8735..8767
2026-09-08T15:16:42.464560Z  WARN foundry_evm_coverage::anchors: could not find anchor item=Line (location: (source ID: 82, lines: 208..209, bytes: 8777..8796), hits: 0) err=Could not find anchor: No matching instruction in range source ID: 82, lines: 208..209, bytes: 8777..8796
2026-09-08T15:16:42.464566Z  WARN foundry_evm_coverage::anchors: could not find anchor item=Statement (location: (source ID: 82, lines: 208..209, bytes: 8777..8796), hits: 0) err=Could not find anchor: No matching instruction in range source ID: 82, lines: 208..209, bytes: 8777..8796
2026-09-08T15:16:42.464573Z  WARN foundry_evm_coverage::anchors: could not find anchor item=Line (location: (source ID: 82, lines: 209..210, bytes: 8806..8817), hits: 0) err=Could not find anchor: No matching instruction in range source ID: 82, lines: 209..210, bytes: 8806..8817
2026-09-08T15:16:42.464579Z  WARN foundry_evm_coverage::anchors: could not find anchor item=Statement (location: (source ID: 82, lines: 209..210, bytes: 8806..8817), hits: 0) err=Could not find anchor: No matching instruction in range source ID: 82, lines: 209..210, bytes: 8806..8817
2026-09-08T15:16:42.464585Z  WARN foundry_evm_coverage::anchors: could not find anchor item=Line (location: (source ID: 82, lines: 210..211, bytes: 8831..8850), hits: 0) err=Could not find anchor: No matching instruction in range source ID: 82, lines: 210..211, bytes: 8831..8850
2026-09-08T15:16:42.464591Z  WARN foundry_evm_coverage::anchors: could not find anchor item=Statement (location: (source ID: 82, lines: 210..211, bytes: 8831..8850), hits: 0) err=Could not find anchor: No matching instruction in range source ID: 82, lines: 210..211, bytes: 8831..8850
2026-09-08T15:16:42.464597Z  WARN foundry_evm_coverage::anchors: could not find anchor item=Statement (location: (source ID: 82, lines: 210..211, bytes: 8852..8861), hits: 0) err=Could not find anchor: No matching instruction in range source ID: 82, lines: 210..211, bytes: 8852..8861
2026-09-08T15:16:42.464603Z  WARN foundry_evm_coverage::anchors: could not find anchor item=Branch (branch: 17, path: 0) (location: (source ID: 82, lines: 210..211, bytes: 8852..8861), hits: 0) err=Could not find anchor: No matching instruction in range source ID: 82, lines: 210..211, bytes: 8852..8861
2026-09-08T15:16:42.464610Z  WARN foundry_evm_coverage::anchors: could not find anchor item=Line (location: (source ID: 82, lines: 211..212, bytes: 8871..8904), hits: 0) err=Could not find anchor: No matching instruction in range source ID: 82, lines: 211..212, bytes: 8871..8904
2026-09-08T15:16:42.464616Z  WARN foundry_evm_coverage::anchors: could not find anchor item=Statement (location: (source ID: 82, lines: 211..212, bytes: 8871..8904), hits: 0) err=Could not find anchor: No matching instruction in range source ID: 82, lines: 211..212, bytes: 8871..8904
2026-09-08T15:16:42.464622Z  WARN foundry_evm_coverage::anchors: could not find anchor item=Line (location: (source ID: 82, lines: 215..232, bytes: 9032..9777), hits: 0) err=Could not find anchor: No matching instruction in range source ID: 82, lines: 215..232, bytes: 9032..9777
2026-09-08T15:16:42.464628Z  WARN foundry_evm_coverage::anchors: could not find anchor item=Function "settle" (location: (source ID: 82, lines: 215..232, bytes: 9032..9777), hits: 0) err=Could not find anchor: No matching instruction in range source ID: 82, lines: 215..232, bytes: 9032..9777
2026-09-08T15:16:42.464635Z  WARN foundry_evm_coverage::anchors: could not find anchor item=Line (location: (source ID: 82, lines: 216..217, bytes: 9095..9118), hits: 0) err=Could not find anchor: No matching instruction in range source ID: 82, lines: 216..217, bytes: 9095..9118
2026-09-08T15:16:42.464655Z  WARN foundry_evm_coverage::anchors: could not find anchor item=Statement (location: (source ID: 82, lines: 216..217, bytes: 9095..9118), hits: 0) err=Could not find anchor: No matching instruction in range source ID: 82, lines: 216..217, bytes: 9095..9118
2026-09-08T15:16:42.464662Z  WARN foundry_evm_coverage::anchors: could not find anchor item=Branch (branch: 18, path: 0) (location: (source ID: 82, lines: 216..217, bytes: 9095..9118), hits: 0) err=Could not find anchor: No matching instruction in range source ID: 82, lines: 216..217, bytes: 9095..9118
2026-09-08T15:16:42.464668Z  WARN foundry_evm_coverage::anchors: could not find anchor item=Line (location: (source ID: 82, lines: 217..218, bytes: 9132..9157), hits: 0) err=Could not find anchor: No matching instruction in range source ID: 82, lines: 217..218, bytes: 9132..9157
2026-09-08T15:16:42.464674Z  WARN foundry_evm_coverage::anchors: could not find anchor item=Statement (location: (source ID: 82, lines: 217..218, bytes: 9132..9157), hits: 0) err=Could not find anchor: No matching instruction in range source ID: 82, lines: 217..218, bytes: 9132..9157
2026-09-08T15:16:42.464680Z  WARN foundry_evm_coverage::anchors: could not find anchor item=Statement (location: (source ID: 82, lines: 217..218, bytes: 9159..9183), hits: 0) err=Could not find anchor: No matching instruction in range source ID: 82, lines: 217..218, bytes: 9159..9183
2026-09-08T15:16:42.464687Z  WARN foundry_evm_coverage::anchors: could not find anchor item=Branch (branch: 19, path: 0) (location: (source ID: 82, lines: 217..218, bytes: 9159..9183), hits: 0) err=Could not find anchor: No matching instruction in range source ID: 82, lines: 217..218, bytes: 9159..9183
2026-09-08T15:16:42.464693Z  WARN foundry_evm_coverage::anchors: could not find anchor item=Line (location: (source ID: 82, lines: 218..219, bytes: 9193..9207), hits: 0) err=Could not find anchor: No matching instruction in range source ID: 82, lines: 218..219, bytes: 9193..9207
2026-09-08T15:16:42.464699Z  WARN foundry_evm_coverage::anchors: could not find anchor item=Statement (location: (source ID: 82, lines: 218..219, bytes: 9193..9207), hits: 0) err=Could not find anchor: No matching instruction in range source ID: 82, lines: 218..219, bytes: 9193..9207
2026-09-08T15:16:42.464705Z  WARN foundry_evm_coverage::anchors: could not find anchor item=Line (location: (source ID: 82, lines: 219..220, bytes: 9217..9244), hits: 0) err=Could not find anchor: No matching instruction in range source ID: 82, lines: 219..220, bytes: 9217..9244
2026-09-08T15:16:42.464712Z  WARN foundry_evm_coverage::anchors: could not find anchor item=Statement (location: (source ID: 82, lines: 219..220, bytes: 9217..9244), hits: 0) err=Could not find anchor: No matching instruction in range source ID: 82, lines: 219..220, bytes: 9217..9244
2026-09-08T15:16:42.464718Z  WARN foundry_evm_coverage::anchors: could not find anchor item=Line (location: (source ID: 82, lines: 220..221, bytes: 9254..9325), hits: 0) err=Could not find anchor: No matching instruction in range source ID: 82, lines: 220..221, bytes: 9254..9325
2026-09-08T15:16:42.464724Z  WARN foundry_evm_coverage::anchors: could not find anchor item=Statement (location: (source ID: 82, lines: 220..221, bytes: 9254..9325), hits: 0) err=Could not find anchor: No matching instruction in range source ID: 82, lines: 220..221, bytes: 9254..9325
2026-09-08T15:16:42.464731Z  WARN foundry_evm_coverage::anchors: could not find anchor item=Line (location: (source ID: 82, lines: 221..222, bytes: 9335..9436), hits: 0) err=Could not find anchor: No matching instruction in range source ID: 82, lines: 221..222, bytes: 9335..9436
2026-09-08T15:16:42.464737Z  WARN foundry_evm_coverage::anchors: could not find anchor item=Statement (location: (source ID: 82, lines: 221..222, bytes: 9335..9436), hits: 0) err=Could not find anchor: No matching instruction in range source ID: 82, lines: 221..222, bytes: 9335..9436
2026-09-08T15:16:42.464743Z  WARN foundry_evm_coverage::anchors: could not find anchor item=Statement (location: (source ID: 82, lines: 221..222, bytes: 9351..9436), hits: 0) err=Could not find anchor: No matching instruction in range source ID: 82, lines: 221..222, bytes: 9351..9436
2026-09-08T15:16:42.464749Z  WARN foundry_evm_coverage::anchors: could not find anchor item=Line (location: (source ID: 82, lines: 222..223, bytes: 9446..9469), hits: 0) err=Could not find anchor: No matching instruction in range source ID: 82, lines: 222..223, bytes: 9446..9469
2026-09-08T15:16:42.464755Z  WARN foundry_evm_coverage::anchors: could not find anchor item=Statement (location: (source ID: 82, lines: 222..223, bytes: 9446..9469), hits: 0) err=Could not find anchor: No matching instruction in range source ID: 82, lines: 222..223, bytes: 9446..9469
2026-09-08T15:16:42.464762Z  WARN foundry_evm_coverage::anchors: could not find anchor item=Line (location: (source ID: 82, lines: 223..224, bytes: 9479..9494), hits: 0) err=Could not find anchor: No matching instruction in range source ID: 82, lines: 223..224, bytes: 9479..9494
2026-09-08T15:16:42.464768Z  WARN foundry_evm_coverage::anchors: could not find anchor item=Statement (location: (source ID: 82, lines: 223..224, bytes: 9479..9494), hits: 0) err=Could not find anchor: No matching instruction in range source ID: 82, lines: 223..224, bytes: 9479..9494
2026-09-08T15:16:42.464774Z  WARN foundry_evm_coverage::anchors: could not find anchor item=Line (location: (source ID: 82, lines: 224..225, bytes: 9504..9542), hits: 0) err=Could not find anchor: No matching instruction in range source ID: 82, lines: 224..225, bytes: 9504..9542
2026-09-08T15:16:42.464780Z  WARN foundry_evm_coverage::anchors: could not find anchor item=Statement (location: (source ID: 82, lines: 224..225, bytes: 9504..9542), hits: 0) err=Could not find anchor: No matching instruction in range source ID: 82, lines: 224..225, bytes: 9504..9542
2026-09-08T15:16:42.464786Z  WARN foundry_evm_coverage::anchors: could not find anchor item=Line (location: (source ID: 82, lines: 225..226, bytes: 9552..9569), hits: 0) err=Could not find anchor: No matching instruction in range source ID: 82, lines: 225..226, bytes: 9552..9569
2026-09-08T15:16:42.464792Z  WARN foundry_evm_coverage::anchors: could not find anchor item=Statement (location: (source ID: 82, lines: 225..226, bytes: 9552..9569), hits: 0) err=Could not find anchor: No matching instruction in range source ID: 82, lines: 225..226, bytes: 9552..9569
2026-09-08T15:16:42.464798Z  WARN foundry_evm_coverage::anchors: could not find anchor item=Line (location: (source ID: 82, lines: 226..227, bytes: 9584..9600), hits: 0) err=Could not find anchor: No matching instruction in range source ID: 82, lines: 226..227, bytes: 9584..9600
2026-09-08T15:16:42.464804Z  WARN foundry_evm_coverage::anchors: could not find anchor item=Statement (location: (source ID: 82, lines: 226..227, bytes: 9584..9600), hits: 0) err=Could not find anchor: No matching instruction in range source ID: 82, lines: 226..227, bytes: 9584..9600
2026-09-08T15:16:42.464810Z  WARN foundry_evm_coverage::anchors: could not find anchor item=Statement (location: (source ID: 82, lines: 226..227, bytes: 9602..9609), hits: 0) err=Could not find anchor: No matching instruction in range source ID: 82, lines: 226..227, bytes: 9602..9609
2026-09-08T15:16:42.464816Z  WARN foundry_evm_coverage::anchors: could not find anchor item=Statement (location: (source ID: 82, lines: 226..227, bytes: 9611..9617), hits: 0) err=Could not find anchor: No matching instruction in range source ID: 82, lines: 226..227, bytes: 9611..9617
2026-09-08T15:16:42.464822Z  WARN foundry_evm_coverage::anchors: could not find anchor item=Line (location: (source ID: 82, lines: 227..228, bytes: 9633..9664), hits: 0) err=Could not find anchor: No matching instruction in range source ID: 82, lines: 227..228, bytes: 9633..9664
2026-09-08T15:16:42.464829Z  WARN foundry_evm_coverage::anchors: could not find anchor item=Statement (location: (source ID: 82, lines: 227..228, bytes: 9633..9664), hits: 0) err=Could not find anchor: No matching instruction in range source ID: 82, lines: 227..228, bytes: 9633..9664
2026-09-08T15:16:42.464835Z  WARN foundry_evm_coverage::anchors: could not find anchor item=Line (location: (source ID: 82, lines: 228..229, bytes: 9678..9696), hits: 0) err=Could not find anchor: No matching instruction in range source ID: 82, lines: 228..229, bytes: 9678..9696
2026-09-08T15:16:42.464841Z  WARN foundry_evm_coverage::anchors: could not find anchor item=Statement (location: (source ID: 82, lines: 228..229, bytes: 9678..9696), hits: 0) err=Could not find anchor: No matching instruction in range source ID: 82, lines: 228..229, bytes: 9678..9696
2026-09-08T15:16:42.464847Z  WARN foundry_evm_coverage::anchors: could not find anchor item=Line (location: (source ID: 82, lines: 230..231, bytes: 9716..9770), hits: 0) err=Could not find anchor: No matching instruction in range source ID: 82, lines: 230..231, bytes: 9716..9770
2026-09-08T15:16:42.464853Z  WARN foundry_evm_coverage::anchors: could not find anchor item=Statement (location: (source ID: 82, lines: 230..231, bytes: 9716..9770), hits: 0) err=Could not find anchor: No matching instruction in range source ID: 82, lines: 230..231, bytes: 9716..9770
2026-09-08T15:16:42.464859Z  WARN foundry_evm_coverage::anchors: could not find anchor item=Line (location: (source ID: 82, lines: 234..239, bytes: 9898..10126), hits: 0) err=Could not find anchor: No matching instruction in range source ID: 82, lines: 234..239, bytes: 9898..10126
2026-09-08T15:16:42.464865Z  WARN foundry_evm_coverage::anchors: could not find anchor item=Function "winningBidCost" (location: (source ID: 82, lines: 234..239, bytes: 9898..10126), hits: 0) err=Could not find anchor: No matching instruction in range source ID: 82, lines: 234..239, bytes: 9898..10126
2026-09-08T15:16:42.464871Z  WARN foundry_evm_coverage::anchors: could not find anchor item=Line (location: (source ID: 82, lines: 235..236, bytes: 9978..9986), hits: 0) err=Could not find anchor: No matching instruction in range source ID: 82, lines: 235..236, bytes: 9978..9986
2026-09-08T15:16:42.464877Z  WARN foundry_evm_coverage::anchors: could not find anchor item=Statement (location: (source ID: 82, lines: 235..236, bytes: 9978..9986), hits: 0) err=Could not find anchor: No matching instruction in range source ID: 82, lines: 235..236, bytes: 9978..9986
2026-09-08T15:16:42.464884Z  WARN foundry_evm_coverage::anchors: could not find anchor item=Statement (location: (source ID: 82, lines: 235..236, bytes: 9988..10007), hits: 0) err=Could not find anchor: No matching instruction in range source ID: 82, lines: 235..236, bytes: 9988..10007
2026-09-08T15:16:42.464890Z  WARN foundry_evm_coverage::anchors: could not find anchor item=Branch (branch: 20, path: 0) (location: (source ID: 82, lines: 235..236, bytes: 9988..10007), hits: 0) err=Could not find anchor: No matching instruction in range source ID: 82, lines: 235..236, bytes: 9988..10007
2026-09-08T15:16:42.464896Z  WARN foundry_evm_coverage::anchors: could not find anchor item=Line (location: (source ID: 82, lines: 236..237, bytes: 10021..10037), hits: 0) err=Could not find anchor: No matching instruction in range source ID: 82, lines: 236..237, bytes: 10021..10037
2026-09-08T15:16:42.464903Z  WARN foundry_evm_coverage::anchors: could not find anchor item=Statement (location: (source ID: 82, lines: 236..237, bytes: 10021..10037), hits: 0) err=Could not find anchor: No matching instruction in range source ID: 82, lines: 236..237, bytes: 10021..10037
2026-09-08T15:16:42.464911Z  WARN foundry_evm_coverage::anchors: could not find anchor item=Statement (location: (source ID: 82, lines: 236..237, bytes: 10039..10058), hits: 0) err=Could not find anchor: No matching instruction in range source ID: 82, lines: 236..237, bytes: 10039..10058
2026-09-08T15:16:42.464917Z  WARN foundry_evm_coverage::anchors: could not find anchor item=Branch (branch: 21, path: 0) (location: (source ID: 82, lines: 236..237, bytes: 10039..10058), hits: 0) err=Could not find anchor: No matching instruction in range source ID: 82, lines: 236..237, bytes: 10039..10058
2026-09-08T15:16:42.464924Z  WARN foundry_evm_coverage::anchors: could not find anchor item=Line (location: (source ID: 82, lines: 237..238, bytes: 10068..10119), hits: 0) err=Could not find anchor: No matching instruction in range source ID: 82, lines: 237..238, bytes: 10068..10119
2026-09-08T15:16:42.464928Z  WARN foundry_evm_coverage::anchors: could not find anchor item=Statement (location: (source ID: 81, lines: 155..156, bytes: 7766..7816), hits: 0) err=Could not find anchor: No matching instruction in range source ID: 81, lines: 155..156, bytes: 7766..7816
2026-09-08T15:16:42.464931Z  WARN foundry_evm_coverage::anchors: could not find anchor item=Statement (location: (source ID: 82, lines: 237..238, bytes: 10068..10119), hits: 0) err=Could not find anchor: No matching instruction in range source ID: 82, lines: 237..238, bytes: 10068..10119
2026-09-08T15:16:42.464944Z  WARN foundry_evm_coverage::anchors: could not find anchor item=Statement (location: (source ID: 82, lines: 237..238, bytes: 10075..10119), hits: 0) err=Could not find anchor: No matching instruction in range source ID: 82, lines: 237..238, bytes: 10075..10119
2026-09-08T15:16:42.464951Z  WARN foundry_evm_coverage::anchors: could not find anchor item=Line (location: (source ID: 82, lines: 242..260, bytes: 10349..11055), hits: 0) err=Could not find anchor: No matching instruction in range source ID: 82, lines: 242..260, bytes: 10349..11055
2026-09-08T15:16:42.464958Z  WARN foundry_evm_coverage::anchors: could not find anchor item=Function "creditRefunds" (location: (source ID: 82, lines: 242..260, bytes: 10349..11055), hits: 0) err=Could not find anchor: No matching instruction in range source ID: 82, lines: 242..260, bytes: 10349..11055
2026-09-08T15:16:42.464964Z  WARN foundry_evm_coverage::anchors: could not find anchor item=Line (location: (source ID: 82, lines: 243..244, bytes: 10428..10460), hits: 0) err=Could not find anchor: No matching instruction in range source ID: 82, lines: 243..244, bytes: 10428..10460
2026-09-08T15:16:42.464971Z  WARN foundry_evm_coverage::anchors: could not find anchor item=Statement (location: (source ID: 82, lines: 243..244, bytes: 10428..10460), hits: 0) err=Could not find anchor: No matching instruction in range source ID: 82, lines: 243..244, bytes: 10428..10460
2026-09-08T15:16:42.464977Z  WARN foundry_evm_coverage::anchors: could not find anchor item=Line (location: (source ID: 82, lines: 244..245, bytes: 10470..10491), hits: 0) err=Could not find anchor: No matching instruction in range source ID: 82, lines: 244..245, bytes: 10470..10491
2026-09-08T15:16:42.464983Z  WARN foundry_evm_coverage::anchors: could not find anchor item=Statement (location: (source ID: 82, lines: 244..245, bytes: 10470..10491), hits: 0) err=Could not find anchor: No matching instruction in range source ID: 82, lines: 244..245, bytes: 10470..10491
2026-09-08T15:16:42.464989Z  WARN foundry_evm_coverage::anchors: could not find anchor item=Line (location: (source ID: 82, lines: 245..246, bytes: 10501..10517), hits: 0) err=Could not find anchor: No matching instruction in range source ID: 82, lines: 245..246, bytes: 10501..10517
2026-09-08T15:16:42.464995Z  WARN foundry_evm_coverage::anchors: could not find anchor item=Statement (location: (source ID: 82, lines: 245..246, bytes: 10501..10517), hits: 0) err=Could not find anchor: No matching instruction in range source ID: 82, lines: 245..246, bytes: 10501..10517
2026-09-08T15:16:42.465001Z  WARN foundry_evm_coverage::anchors: could not find anchor item=Line (location: (source ID: 82, lines: 246..247, bytes: 10532..10541), hits: 0) err=Could not find anchor: No matching instruction in range source ID: 82, lines: 246..247, bytes: 10532..10541
2026-09-08T15:16:42.465008Z  WARN foundry_evm_coverage::anchors: could not find anchor item=Statement (location: (source ID: 82, lines: 246..247, bytes: 10532..10541), hits: 0) err=Could not find anchor: No matching instruction in range source ID: 82, lines: 246..247, bytes: 10532..10541
2026-09-08T15:16:42.465014Z  WARN foundry_evm_coverage::anchors: could not find anchor item=Statement (location: (source ID: 82, lines: 246..247, bytes: 10543..10557), hits: 0) err=Could not find anchor: No matching instruction in range source ID: 82, lines: 246..247, bytes: 10543..10557
2026-09-08T15:16:42.465020Z  WARN foundry_evm_coverage::anchors: could not find anchor item=Statement (location: (source ID: 82, lines: 246..247, bytes: 10559..10562), hits: 0) err=Could not find anchor: No matching instruction in range source ID: 82, lines: 246..247, bytes: 10559..10562
2026-09-08T15:16:42.465026Z  WARN foundry_evm_coverage::anchors: could not find anchor item=Line (location: (source ID: 82, lines: 247..248, bytes: 10578..10597), hits: 0) err=Could not find anchor: No matching instruction in range source ID: 82, lines: 247..248, bytes: 10578..10597
2026-09-08T15:16:42.465033Z  WARN foundry_evm_coverage::anchors: could not find anchor item=Statement (location: (source ID: 82, lines: 247..248, bytes: 10578..10597), hits: 0) err=Could not find anchor: No matching instruction in range source ID: 82, lines: 247..248, bytes: 10578..10597
2026-09-08T15:16:42.465039Z  WARN foundry_evm_coverage::anchors: could not find anchor item=Line (location: (source ID: 82, lines: 248..249, bytes: 10611..10637), hits: 0) err=Could not find anchor: No matching instruction in range source ID: 82, lines: 248..249, bytes: 10611..10637
2026-09-08T15:16:42.465045Z  WARN foundry_evm_coverage::anchors: could not find anchor item=Statement (location: (source ID: 82, lines: 248..249, bytes: 10611..10637), hits: 0) err=Could not find anchor: No matching instruction in range source ID: 82, lines: 248..249, bytes: 10611..10637
2026-09-08T15:16:42.465051Z  WARN foundry_evm_coverage::anchors: could not find anchor item=Line (location: (source ID: 82, lines: 249..250, bytes: 10655..10666), hits: 0) err=Could not find anchor: No matching instruction in range source ID: 82, lines: 249..250, bytes: 10655..10666
2026-09-08T15:16:42.465058Z  WARN foundry_evm_coverage::anchors: could not find anchor item=Statement (location: (source ID: 82, lines: 249..250, bytes: 10655..10666), hits: 0) err=Could not find anchor: No matching instruction in range source ID: 82, lines: 249..250, bytes: 10655..10666
2026-09-08T15:16:42.465064Z  WARN foundry_evm_coverage::anchors: could not find anchor item=Statement (location: (source ID: 82, lines: 249..250, bytes: 10668..10687), hits: 0) err=Could not find anchor: No matching instruction in range source ID: 82, lines: 249..250, bytes: 10668..10687
2026-09-08T15:16:42.465070Z  WARN foundry_evm_coverage::anchors: could not find anchor item=Branch (branch: 22, path: 0) (location: (source ID: 82, lines: 249..250, bytes: 10668..10687), hits: 0) err=Could not find anchor: No matching instruction in range source ID: 82, lines: 249..250, bytes: 10668..10687
2026-09-08T15:16:42.465076Z  WARN foundry_evm_coverage::anchors: could not find anchor item=Line (location: (source ID: 82, lines: 250..251, bytes: 10725..10733), hits: 0) err=Could not find anchor: No matching instruction in range source ID: 82, lines: 250..251, bytes: 10725..10733
2026-09-08T15:16:42.465083Z  WARN foundry_evm_coverage::anchors: could not find anchor item=Statement (location: (source ID: 82, lines: 250..251, bytes: 10725..10733), hits: 0) err=Could not find anchor: No matching instruction in range source ID: 82, lines: 250..251, bytes: 10725..10733
2026-09-08T15:16:42.465089Z  WARN foundry_evm_coverage::anchors: could not find anchor item=Branch (branch: 23, path: 0) (location: (source ID: 82, lines: 250..251, bytes: 10725..10733), hits: 0) err=Could not find anchor: No matching instruction in range source ID: 82, lines: 250..251, bytes: 10725..10733
2026-09-08T15:16:42.465095Z  WARN foundry_evm_coverage::anchors: could not find anchor item=Line (location: (source ID: 82, lines: 251..252, bytes: 10747..10772), hits: 0) err=Could not find anchor: No matching instruction in range source ID: 82, lines: 251..252, bytes: 10747..10772
2026-09-08T15:16:42.465101Z  WARN foundry_evm_coverage::anchors: could not find anchor item=Statement (location: (source ID: 82, lines: 251..252, bytes: 10747..10772), hits: 0) err=Could not find anchor: No matching instruction in range source ID: 82, lines: 251..252, bytes: 10747..10772
2026-09-08T15:16:42.465108Z  WARN foundry_evm_coverage::anchors: could not find anchor item=Line (location: (source ID: 82, lines: 252..253, bytes: 10786..10843), hits: 0) err=Could not find anchor: No matching instruction in range source ID: 82, lines: 252..253, bytes: 10786..10843
2026-09-08T15:16:42.465114Z  WARN foundry_evm_coverage::anchors: could not find anchor item=Statement (location: (source ID: 82, lines: 252..253, bytes: 10786..10843), hits: 0) err=Could not find anchor: No matching instruction in range source ID: 82, lines: 252..253, bytes: 10786..10843
2026-09-08T15:16:42.465120Z  WARN foundry_evm_coverage::anchors: could not find anchor item=Statement (location: (source ID: 82, lines: 252..253, bytes: 10803..10843), hits: 0) err=Could not find anchor: No matching instruction in range source ID: 82, lines: 252..253, bytes: 10803..10843
2026-09-08T15:16:42.465126Z  WARN foundry_evm_coverage::anchors: could not find anchor item=Statement (location: (source ID: 82, lines: 252..253, bytes: 10825..10843), hits: 0) err=Could not find anchor: No matching instruction in range source ID: 82, lines: 252..253, bytes: 10825..10843
2026-09-08T15:16:42.465132Z  WARN foundry_evm_coverage::anchors: could not find anchor item=Line (location: (source ID: 82, lines: 253..254, bytes: 10857..10875), hits: 0) err=Could not find anchor: No matching instruction in range source ID: 82, lines: 253..254, bytes: 10857..10875
2026-09-08T15:16:42.465138Z  WARN foundry_evm_coverage::anchors: could not find anchor item=Statement (location: (source ID: 82, lines: 253..254, bytes: 10857..10875), hits: 0) err=Could not find anchor: No matching instruction in range source ID: 82, lines: 253..254, bytes: 10857..10875
2026-09-08T15:16:42.465145Z  WARN foundry_evm_coverage::anchors: could not find anchor item=Line (location: (source ID: 82, lines: 254..255, bytes: 10889..10919), hits: 0) err=Could not find anchor: No matching instruction in range source ID: 82, lines: 254..255, bytes: 10889..10919
2026-09-08T15:16:42.465151Z  WARN foundry_evm_coverage::anchors: could not find anchor item=Statement (location: (source ID: 82, lines: 254..255, bytes: 10889..10919), hits: 0) err=Could not find anchor: No matching instruction in range source ID: 82, lines: 254..255, bytes: 10889..10919
2026-09-08T15:16:42.465157Z  WARN foundry_evm_coverage::anchors: could not find anchor item=Line (location: (source ID: 82, lines: 255..256, bytes: 10933..10976), hits: 0) err=Could not find anchor: No matching instruction in range source ID: 82, lines: 255..256, bytes: 10933..10976
2026-09-08T15:16:42.465163Z  WARN foundry_evm_coverage::anchors: could not find anchor item=Statement (location: (source ID: 82, lines: 255..256, bytes: 10933..10976), hits: 0) err=Could not find anchor: No matching instruction in range source ID: 82, lines: 255..256, bytes: 10933..10976
2026-09-08T15:16:42.465170Z  WARN foundry_evm_coverage::anchors: could not find anchor item=Line (location: (source ID: 82, lines: 257..258, bytes: 10996..11014), hits: 0) err=Could not find anchor: No matching instruction in range source ID: 82, lines: 257..258, bytes: 10996..11014
2026-09-08T15:16:42.465176Z  WARN foundry_evm_coverage::anchors: could not find anchor item=Statement (location: (source ID: 82, lines: 257..258, bytes: 10996..11014), hits: 0) err=Could not find anchor: No matching instruction in range source ID: 82, lines: 257..258, bytes: 10996..11014
2026-09-08T15:16:42.465182Z  WARN foundry_evm_coverage::anchors: could not find anchor item=Line (location: (source ID: 82, lines: 258..259, bytes: 11024..11048), hits: 0) err=Could not find anchor: No matching instruction in range source ID: 82, lines: 258..259, bytes: 11024..11048
2026-09-08T15:16:42.465188Z  WARN foundry_evm_coverage::anchors: could not find anchor item=Statement (location: (source ID: 82, lines: 258..259, bytes: 11024..11048), hits: 0) err=Could not find anchor: No matching instruction in range source ID: 82, lines: 258..259, bytes: 11024..11048
2026-09-08T15:16:42.465194Z  WARN foundry_evm_coverage::anchors: could not find anchor item=Line (location: (source ID: 82, lines: 263..279, bytes: 11268..12037), hits: 0) err=Could not find anchor: No matching instruction in range source ID: 82, lines: 263..279, bytes: 11268..12037
2026-09-08T15:16:42.465200Z  WARN foundry_evm_coverage::anchors: could not find anchor item=Function "claimTokens" (location: (source ID: 82, lines: 263..279, bytes: 11268..12037), hits: 0) err=Could not find anchor: No matching instruction in range source ID: 82, lines: 263..279, bytes: 11268..12037
2026-09-08T15:16:42.465207Z  WARN foundry_evm_coverage::anchors: could not find anchor item=Line (location: (source ID: 82, lines: 264..265, bytes: 11364..11396), hits: 0) err=Could not find anchor: No matching instruction in range source ID: 82, lines: 264..265, bytes: 11364..11396
2026-09-08T15:16:42.465213Z  WARN foundry_evm_coverage::anchors: could not find anchor item=Statement (location: (source ID: 82, lines: 264..265, bytes: 11364..11396), hits: 0) err=Could not find anchor: No matching instruction in range source ID: 82, lines: 264..265, bytes: 11364..11396
2026-09-08T15:16:42.465219Z  WARN foundry_evm_coverage::anchors: could not find anchor item=Line (location: (source ID: 82, lines: 265..266, bytes: 11410..11433), hits: 0) err=Could not find anchor: No matching instruction in range source ID: 82, lines: 265..266, bytes: 11410..11433
2026-09-08T15:16:42.465225Z  WARN foundry_evm_coverage::anchors: could not find anchor item=Statement (location: (source ID: 82, lines: 265..266, bytes: 11410..11433), hits: 0) err=Could not find anchor: No matching instruction in range source ID: 82, lines: 265..266, bytes: 11410..11433
2026-09-08T15:16:42.465232Z  WARN foundry_evm_coverage::anchors: could not find anchor item=Statement (location: (source ID: 82, lines: 265..266, bytes: 11435..11460), hits: 0) err=Could not find anchor: No matching instruction in range source ID: 82, lines: 265..266, bytes: 11435..11460
2026-09-08T15:16:42.465238Z  WARN foundry_evm_coverage::anchors: could not find anchor item=Branch (branch: 24, path: 0) (location: (source ID: 82, lines: 265..266, bytes: 11435..11460), hits: 0) err=Could not find anchor: No matching instruction in range source ID: 82, lines: 265..266, bytes: 11435..11460
2026-09-08T15:16:42.465244Z  WARN foundry_evm_coverage::anchors: could not find anchor item=Line (location: (source ID: 82, lines: 266..267, bytes: 11470..11523), hits: 0) err=Could not find anchor: No matching instruction in range source ID: 82, lines: 266..267, bytes: 11470..11523
2026-09-08T15:16:42.465250Z  WARN foundry_evm_coverage::anchors: could not find anchor item=Statement (location: (source ID: 82, lines: 266..267, bytes: 11470..11523), hits: 0) err=Could not find anchor: No matching instruction in range source ID: 82, lines: 266..267, bytes: 11470..11523
2026-09-08T15:16:42.465256Z  WARN foundry_evm_coverage::anchors: could not find anchor item=Statement (location: (source ID: 82, lines: 266..267, bytes: 11498..11523), hits: 0) err=Could not find anchor: No matching instruction in range source ID: 82, lines: 266..267, bytes: 11498..11523
2026-09-08T15:16:42.465262Z  WARN foundry_evm_coverage::anchors: could not find anchor item=Line (location: (source ID: 82, lines: 267..268, bytes: 11538..11547), hits: 0) err=Could not find anchor: No matching instruction in range source ID: 82, lines: 267..268, bytes: 11538..11547
2026-09-08T15:16:42.465269Z  WARN foundry_evm_coverage::anchors: could not find anchor item=Statement (location: (source ID: 82, lines: 267..268, bytes: 11538..11547), hits: 0) err=Could not find anchor: No matching instruction in range source ID: 82, lines: 267..268, bytes: 11538..11547
2026-09-08T15:16:42.465275Z  WARN foundry_evm_coverage::anchors: could not find anchor item=Statement (location: (source ID: 82, lines: 267..268, bytes: 11549..11563), hits: 0) err=Could not find anchor: No matching instruction in range source ID: 82, lines: 267..268, bytes: 11549..11563
2026-09-08T15:16:42.465283Z  WARN foundry_evm_coverage::anchors: could not find anchor item=Statement (location: (source ID: 82, lines: 267..268, bytes: 11565..11568), hits: 0) err=Could not find anchor: No matching instruction in range source ID: 82, lines: 267..268, bytes: 11565..11568
2026-09-08T15:16:42.465303Z  WARN foundry_evm_coverage::anchors: could not find anchor item=Line (location: (source ID: 82, lines: 268..269, bytes: 11584..11614), hits: 0) err=Could not find anchor: No matching instruction in range source ID: 82, lines: 268..269, bytes: 11584..11614
2026-09-08T15:16:42.465309Z  WARN foundry_evm_coverage::anchors: could not find anchor item=Statement (location: (source ID: 82, lines: 268..269, bytes: 11584..11614), hits: 0) err=Could not find anchor: No matching instruction in range source ID: 82, lines: 268..269, bytes: 11584..11614
2026-09-08T15:16:42.465316Z  WARN foundry_evm_coverage::anchors: could not find anchor item=Line (location: (source ID: 82, lines: 269..270, bytes: 11632..11643), hits: 0) err=Could not find anchor: No matching instruction in range source ID: 82, lines: 269..270, bytes: 11632..11643
2026-09-08T15:16:42.465322Z  WARN foundry_evm_coverage::anchors: could not find anchor item=Statement (location: (source ID: 82, lines: 269..270, bytes: 11632..11643), hits: 0) err=Could not find anchor: No matching instruction in range source ID: 82, lines: 269..270, bytes: 11632..11643
2026-09-08T15:16:42.465328Z  WARN foundry_evm_coverage::anchors: could not find anchor item=Statement (location: (source ID: 82, lines: 269..270, bytes: 11645..11664), hits: 0) err=Could not find anchor: No matching instruction in range source ID: 82, lines: 269..270, bytes: 11645..11664
2026-09-08T15:16:42.465335Z  WARN foundry_evm_coverage::anchors: could not find anchor item=Branch (branch: 25, path: 0) (location: (source ID: 82, lines: 269..270, bytes: 11645..11664), hits: 0) err=Could not find anchor: No matching instruction in range source ID: 82, lines: 269..270, bytes: 11645..11664
2026-09-08T15:16:42.465341Z  WARN foundry_evm_coverage::anchors: could not find anchor item=Line (location: (source ID: 82, lines: 270..271, bytes: 11700..11723), hits: 0) err=Could not find anchor: No matching instruction in range source ID: 82, lines: 270..271, bytes: 11700..11723
2026-09-08T15:16:42.465347Z  WARN foundry_evm_coverage::anchors: could not find anchor item=Statement (location: (source ID: 82, lines: 270..271, bytes: 11700..11723), hits: 0) err=Could not find anchor: No matching instruction in range source ID: 82, lines: 270..271, bytes: 11700..11723
2026-09-08T15:16:42.465354Z  WARN foundry_evm_coverage::anchors: could not find anchor item=Branch (branch: 26, path: 0) (location: (source ID: 82, lines: 270..271, bytes: 11700..11723), hits: 0) err=Could not find anchor: No matching instruction in range source ID: 82, lines: 270..271, bytes: 11700..11723
2026-09-08T15:16:42.465360Z  WARN foundry_evm_coverage::anchors: could not find anchor item=Line (location: (source ID: 82, lines: 271..272, bytes: 11741..11765), hits: 0) err=Could not find anchor: No matching instruction in range source ID: 82, lines: 271..272, bytes: 11741..11765
2026-09-08T15:16:42.465366Z  WARN foundry_evm_coverage::anchors: could not find anchor item=Statement (location: (source ID: 82, lines: 271..272, bytes: 11741..11765), hits: 0) err=Could not find anchor: No matching instruction in range source ID: 82, lines: 271..272, bytes: 11741..11765
2026-09-08T15:16:42.465372Z  WARN foundry_evm_coverage::anchors: could not find anchor item=Statement (location: (source ID: 82, lines: 271..272, bytes: 11767..11788), hits: 0) err=Could not find anchor: No matching instruction in range source ID: 82, lines: 271..272, bytes: 11767..11788
2026-09-08T15:16:42.465378Z  WARN foundry_evm_coverage::anchors: could not find anchor item=Branch (branch: 27, path: 0) (location: (source ID: 82, lines: 271..272, bytes: 11767..11788), hits: 0) err=Could not find anchor: No matching instruction in range source ID: 82, lines: 271..272, bytes: 11767..11788
2026-09-08T15:16:42.465384Z  WARN foundry_evm_coverage::anchors: could not find anchor item=Line (location: (source ID: 82, lines: 272..273, bytes: 11802..11825), hits: 0) err=Could not find anchor: No matching instruction in range source ID: 82, lines: 272..273, bytes: 11802..11825
2026-09-08T15:16:42.465390Z  WARN foundry_evm_coverage::anchors: could not find anchor item=Statement (location: (source ID: 82, lines: 272..273, bytes: 11802..11825), hits: 0) err=Could not find anchor: No matching instruction in range source ID: 82, lines: 272..273, bytes: 11802..11825
2026-09-08T15:16:42.465396Z  WARN foundry_evm_coverage::anchors: could not find anchor item=Line (location: (source ID: 82, lines: 273..274, bytes: 11839..11864), hits: 0) err=Could not find anchor: No matching instruction in range source ID: 82, lines: 273..274, bytes: 11839..11864
2026-09-08T15:16:42.465402Z  WARN foundry_evm_coverage::anchors: could not find anchor item=Statement (location: (source ID: 82, lines: 273..274, bytes: 11839..11864), hits: 0) err=Could not find anchor: No matching instruction in range source ID: 82, lines: 273..274, bytes: 11839..11864
2026-09-08T15:16:42.465409Z  WARN foundry_evm_coverage::anchors: could not find anchor item=Line (location: (source ID: 82, lines: 274..275, bytes: 11878..11940), hits: 0) err=Could not find anchor: No matching instruction in range source ID: 82, lines: 274..275, bytes: 11878..11940
2026-09-08T15:16:42.465415Z  WARN foundry_evm_coverage::anchors: could not find anchor item=Statement (location: (source ID: 82, lines: 274..275, bytes: 11878..11940), hits: 0) err=Could not find anchor: No matching instruction in range source ID: 82, lines: 274..275, bytes: 11878..11940
2026-09-08T15:16:42.465421Z  WARN foundry_evm_coverage::anchors: could not find anchor item=Line (location: (source ID: 82, lines: 276..277, bytes: 11960..11987), hits: 0) err=Could not find anchor: No matching instruction in range source ID: 82, lines: 276..277, bytes: 11960..11987
2026-09-08T15:16:42.465427Z  WARN foundry_evm_coverage::anchors: could not find anchor item=Statement (location: (source ID: 82, lines: 276..277, bytes: 11960..11987), hits: 0) err=Could not find anchor: No matching instruction in range source ID: 82, lines: 276..277, bytes: 11960..11987
2026-09-08T15:16:42.465433Z  WARN foundry_evm_coverage::anchors: could not find anchor item=Line (location: (source ID: 82, lines: 277..278, bytes: 11997..12030), hits: 0) err=Could not find anchor: No matching instruction in range source ID: 82, lines: 277..278, bytes: 11997..12030
2026-09-08T15:16:42.465439Z  WARN foundry_evm_coverage::anchors: could not find anchor item=Statement (location: (source ID: 82, lines: 277..278, bytes: 11997..12030), hits: 0) err=Could not find anchor: No matching instruction in range source ID: 82, lines: 277..278, bytes: 11997..12030
2026-09-08T15:16:42.465445Z  WARN foundry_evm_coverage::anchors: could not find anchor item=Line (location: (source ID: 82, lines: 280..294, bytes: 12043..12744), hits: 0) err=Could not find anchor: No matching instruction in range source ID: 82, lines: 280..294, bytes: 12043..12744
2026-09-08T15:16:42.465451Z  WARN foundry_evm_coverage::anchors: could not find anchor item=Function "claimUnsold" (location: (source ID: 82, lines: 280..294, bytes: 12043..12744), hits: 0) err=Could not find anchor: No matching instruction in range source ID: 82, lines: 280..294, bytes: 12043..12744
2026-09-08T15:16:42.465457Z  WARN foundry_evm_coverage::anchors: could not find anchor item=Line (location: (source ID: 82, lines: 281..282, bytes: 12137..12145), hits: 0) err=Could not find anchor: No matching instruction in range source ID: 82, lines: 281..282, bytes: 12137..12145
2026-09-08T15:16:42.465463Z  WARN foundry_evm_coverage::anchors: could not find anchor item=Statement (location: (source ID: 82, lines: 281..282, bytes: 12137..12145), hits: 0) err=Could not find anchor: No matching instruction in range source ID: 82, lines: 281..282, bytes: 12137..12145
2026-09-08T15:16:42.465469Z  WARN foundry_evm_coverage::anchors: could not find anchor item=Statement (location: (source ID: 82, lines: 281..282, bytes: 12147..12166), hits: 0) err=Could not find anchor: No matching instruction in range source ID: 82, lines: 281..282, bytes: 12147..12166
2026-09-08T15:16:42.465475Z  WARN foundry_evm_coverage::anchors: could not find anchor item=Branch (branch: 28, path: 0) (location: (source ID: 82, lines: 281..282, bytes: 12147..12166), hits: 0) err=Could not find anchor: No matching instruction in range source ID: 82, lines: 281..282, bytes: 12147..12166
2026-09-08T15:16:42.465481Z  WARN foundry_evm_coverage::anchors: could not find anchor item=Line (location: (source ID: 82, lines: 282..283, bytes: 12180..12206), hits: 0) err=Could not find anchor: No matching instruction in range source ID: 82, lines: 282..283, bytes: 12180..12206
2026-09-08T15:16:42.465487Z  WARN foundry_evm_coverage::anchors: could not find anchor item=Statement (location: (source ID: 82, lines: 282..283, bytes: 12180..12206), hits: 0) err=Could not find anchor: No matching instruction in range source ID: 82, lines: 282..283, bytes: 12180..12206
2026-09-08T15:16:42.465493Z  WARN foundry_evm_coverage::anchors: could not find anchor item=Statement (location: (source ID: 82, lines: 282..283, bytes: 12208..12229), hits: 0) err=Could not find anchor: No matching instruction in range source ID: 82, lines: 282..283, bytes: 12208..12229
2026-09-08T15:16:42.465499Z  WARN foundry_evm_coverage::anchors: could not find anchor item=Branch (branch: 29, path: 0) (location: (source ID: 82, lines: 282..283, bytes: 12208..12229), hits: 0) err=Could not find anchor: No matching instruction in range source ID: 82, lines: 282..283, bytes: 12208..12229
2026-09-08T15:16:42.465505Z  WARN foundry_evm_coverage::anchors: could not find anchor item=Line (location: (source ID: 82, lines: 283..284, bytes: 12243..12266), hits: 0) err=Could not find anchor: No matching instruction in range source ID: 82, lines: 283..284, bytes: 12243..12266
2026-09-08T15:16:42.465511Z  WARN foundry_evm_coverage::anchors: could not find anchor item=Statement (location: (source ID: 82, lines: 283..284, bytes: 12243..12266), hits: 0) err=Could not find anchor: No matching instruction in range source ID: 82, lines: 283..284, bytes: 12243..12266
2026-09-08T15:16:42.465517Z  WARN foundry_evm_coverage::anchors: could not find anchor item=Statement (location: (source ID: 82, lines: 283..284, bytes: 12268..12293), hits: 0) err=Could not find anchor: No matching instruction in range source ID: 82, lines: 283..284, bytes: 12268..12293
2026-09-08T15:16:42.465523Z  WARN foundry_evm_coverage::anchors: could not find anchor item=Branch (branch: 30, path: 0) (location: (source ID: 82, lines: 283..284, bytes: 12268..12293), hits: 0) err=Could not find anchor: No matching instruction in range source ID: 82, lines: 283..284, bytes: 12268..12293
2026-09-08T15:16:42.465529Z  WARN foundry_evm_coverage::anchors: could not find anchor item=Line (location: (source ID: 82, lines: 284..285, bytes: 12307..12320), hits: 0) err=Could not find anchor: No matching instruction in range source ID: 82, lines: 284..285, bytes: 12307..12320
2026-09-08T15:16:42.465535Z  WARN foundry_evm_coverage::anchors: could not find anchor item=Statement (location: (source ID: 82, lines: 284..285, bytes: 12307..12320), hits: 0) err=Could not find anchor: No matching instruction in range source ID: 82, lines: 284..285, bytes: 12307..12320
2026-09-08T15:16:42.465541Z  WARN foundry_evm_coverage::anchors: could not find anchor item=Statement (location: (source ID: 82, lines: 284..285, bytes: 12307..12350), hits: 0) err=Could not find anchor: No matching instruction in range source ID: 82, lines: 284..285, bytes: 12307..12350
2026-09-08T15:16:42.465547Z  WARN foundry_evm_coverage::anchors: could not find anchor item=Statement (location: (source ID: 82, lines: 284..285, bytes: 12324..12350), hits: 0) err=Could not find anchor: No matching instruction in range source ID: 82, lines: 284..285, bytes: 12324..12350
2026-09-08T15:16:42.465553Z  WARN foundry_evm_coverage::anchors: could not find anchor item=Statement (location: (source ID: 82, lines: 284..285, bytes: 12352..12373), hits: 0) err=Could not find anchor: No matching instruction in range source ID: 82, lines: 284..285, bytes: 12352..12373
2026-09-08T15:16:42.465559Z  WARN foundry_evm_coverage::anchors: could not find anchor item=Branch (branch: 31, path: 0) (location: (source ID: 82, lines: 284..285, bytes: 12352..12373), hits: 0) err=Could not find anchor: No matching instruction in range source ID: 82, lines: 284..285, bytes: 12352..12373
2026-09-08T15:16:42.465565Z  WARN foundry_evm_coverage::anchors: could not find anchor item=Line (location: (source ID: 82, lines: 285..286, bytes: 12383..12434), hits: 0) err=Could not find anchor: No matching instruction in range source ID: 82, lines: 285..286, bytes: 12383..12434
2026-09-08T15:16:42.465571Z  WARN foundry_evm_coverage::anchors: could not find anchor item=Statement (location: (source ID: 82, lines: 285..286, bytes: 12383..12434), hits: 0) err=Could not find anchor: No matching instruction in range source ID: 82, lines: 285..286, bytes: 12383..12434
2026-09-08T15:16:42.465577Z  WARN foundry_evm_coverage::anchors: could not find anchor item=Statement (location: (source ID: 82, lines: 285..286, bytes: 12406..12434), hits: 0) err=Could not find anchor: No matching instruction in range source ID: 82, lines: 285..286, bytes: 12406..12434
2026-09-08T15:16:42.465583Z  WARN foundry_evm_coverage::anchors: could not find anchor item=Statement (location: (source ID: 82, lines: 285..286, bytes: 12415..12434), hits: 0) err=Could not find anchor: No matching instruction in range source ID: 82, lines: 285..286, bytes: 12415..12434
2026-09-08T15:16:42.465589Z  WARN foundry_evm_coverage::anchors: could not find anchor item=Line (location: (source ID: 82, lines: 286..287, bytes: 12444..12495), hits: 0) err=Could not find anchor: No matching instruction in range source ID: 82, lines: 286..287, bytes: 12444..12495
2026-09-08T15:16:42.465595Z  WARN foundry_evm_coverage::anchors: could not find anchor item=Statement (location: (source ID: 82, lines: 286..287, bytes: 12444..12495), hits: 0) err=Could not find anchor: No matching instruction in range source ID: 82, lines: 286..287, bytes: 12444..12495
2026-09-08T15:16:42.465603Z  WARN foundry_evm_coverage::anchors: could not find anchor item=Statement (location: (source ID: 82, lines: 286..287, bytes: 12472..12495), hits: 0) err=Could not find anchor: No matching instruction in range source ID: 82, lines: 286..287, bytes: 12472..12495
2026-09-08T15:16:42.465609Z  WARN foundry_evm_coverage::anchors: could not find anchor item=Line (location: (source ID: 82, lines: 287..288, bytes: 12510..12519), hits: 0) err=Could not find anchor: No matching instruction in range source ID: 82, lines: 287..288, bytes: 12510..12519
2026-09-08T15:16:42.465615Z  WARN foundry_evm_coverage::anchors: could not find anchor item=Statement (location: (source ID: 82, lines: 287..288, bytes: 12510..12519), hits: 0) err=Could not find anchor: No matching instruction in range source ID: 82, lines: 287..288, bytes: 12510..12519
2026-09-08T15:16:42.465621Z  WARN foundry_evm_coverage::anchors: could not find anchor item=Statement (location: (source ID: 82, lines: 287..288, bytes: 12521..12533), hits: 0) err=Could not find anchor: No matching instruction in range source ID: 82, lines: 287..288, bytes: 12521..12533
2026-09-08T15:16:42.465627Z  WARN foundry_evm_coverage::anchors: could not find anchor item=Statement (location: (source ID: 82, lines: 287..288, bytes: 12535..12538), hits: 0) err=Could not find anchor: No matching instruction in range source ID: 82, lines: 287..288, bytes: 12535..12538
2026-09-08T15:16:42.465635Z  WARN foundry_evm_coverage::anchors: could not find anchor item=Line (location: (source ID: 82, lines: 288..289, bytes: 12554..12584), hits: 0) err=Could not find anchor: No matching instruction in range source ID: 82, lines: 288..289, bytes: 12554..12584
2026-09-08T15:16:42.465644Z  WARN foundry_evm_coverage::anchors: could not find anchor item=Statement (location: (source ID: 82, lines: 288..289, bytes: 12554..12584), hits: 0) err=Could not find anchor: No matching instruction in range source ID: 82, lines: 288..289, bytes: 12554..12584
2026-09-08T15:16:42.465652Z  WARN foundry_evm_coverage::anchors: could not find anchor item=Line (location: (source ID: 82, lines: 290..291, bytes: 12604..12631), hits: 0) err=Could not find anchor: No matching instruction in range source ID: 82, lines: 290..291, bytes: 12604..12631
2026-09-08T15:16:42.465658Z  WARN foundry_evm_coverage::anchors: could not find anchor item=Statement (location: (source ID: 82, lines: 290..291, bytes: 12604..12631), hits: 0) err=Could not find anchor: No matching instruction in range source ID: 82, lines: 290..291, bytes: 12604..12631
2026-09-08T15:16:42.465664Z  WARN foundry_evm_coverage::anchors: could not find anchor item=Line (location: (source ID: 82, lines: 291..292, bytes: 12641..12674), hits: 0) err=Could not find anchor: No matching instruction in range source ID: 82, lines: 291..292, bytes: 12641..12674
2026-09-08T15:16:42.465670Z  WARN foundry_evm_coverage::anchors: could not find anchor item=Statement (location: (source ID: 82, lines: 291..292, bytes: 12641..12674), hits: 0) err=Could not find anchor: No matching instruction in range source ID: 82, lines: 291..292, bytes: 12641..12674
2026-09-08T15:16:42.465676Z  WARN foundry_evm_coverage::anchors: could not find anchor item=Line (location: (source ID: 82, lines: 292..293, bytes: 12684..12737), hits: 0) err=Could not find anchor: No matching instruction in range source ID: 82, lines: 292..293, bytes: 12684..12737
2026-09-08T15:16:42.465682Z  WARN foundry_evm_coverage::anchors: could not find anchor item=Statement (location: (source ID: 82, lines: 292..293, bytes: 12684..12737), hits: 0) err=Could not find anchor: No matching instruction in range source ID: 82, lines: 292..293, bytes: 12684..12737
2026-09-08T15:16:42.465688Z  WARN foundry_evm_coverage::anchors: could not find anchor item=Line (location: (source ID: 82, lines: 296..309, bytes: 12856..13542), hits: 0) err=Could not find anchor: No matching instruction in range source ID: 82, lines: 296..309, bytes: 12856..13542
2026-09-08T15:16:42.465694Z  WARN foundry_evm_coverage::anchors: could not find anchor item=Function "claimReserved" (location: (source ID: 82, lines: 296..309, bytes: 12856..13542), hits: 0) err=Could not find anchor: No matching instruction in range source ID: 82, lines: 296..309, bytes: 12856..13542
2026-09-08T15:16:42.465700Z  WARN foundry_evm_coverage::anchors: could not find anchor item=Line (location: (source ID: 82, lines: 297..298, bytes: 12952..12978), hits: 0) err=Could not find anchor: No matching instruction in range source ID: 82, lines: 297..298, bytes: 12952..12978
2026-09-08T15:16:42.465706Z  WARN foundry_evm_coverage::anchors: could not find anchor item=Statement (location: (source ID: 82, lines: 297..298, bytes: 12952..12978), hits: 0) err=Could not find anchor: No matching instruction in range source ID: 82, lines: 297..298, bytes: 12952..12978
2026-09-08T15:16:42.465712Z  WARN foundry_evm_coverage::anchors: could not find anchor item=Statement (location: (source ID: 82, lines: 297..298, bytes: 12980..13001), hits: 0) err=Could not find anchor: No matching instruction in range source ID: 82, lines: 297..298, bytes: 12980..13001
2026-09-08T15:16:42.465719Z  WARN foundry_evm_coverage::anchors: could not find anchor item=Branch (branch: 32, path: 0) (location: (source ID: 82, lines: 297..298, bytes: 12980..13001), hits: 0) err=Could not find anchor: No matching instruction in range source ID: 82, lines: 297..298, bytes: 12980..13001
2026-09-08T15:16:42.465724Z  WARN foundry_evm_coverage::anchors: could not find anchor item=Line (location: (source ID: 82, lines: 298..299, bytes: 13015..13038), hits: 0) err=Could not find anchor: No matching instruction in range source ID: 82, lines: 298..299, bytes: 13015..13038
2026-09-08T15:16:42.465731Z  WARN foundry_evm_coverage::anchors: could not find anchor item=Statement (location: (source ID: 82, lines: 298..299, bytes: 13015..13038), hits: 0) err=Could not find anchor: No matching instruction in range source ID: 82, lines: 298..299, bytes: 13015..13038
2026-09-08T15:16:42.465737Z  WARN foundry_evm_coverage::anchors: could not find anchor item=Statement (location: (source ID: 82, lines: 298..299, bytes: 13040..13065), hits: 0) err=Could not find anchor: No matching instruction in range source ID: 82, lines: 298..299, bytes: 13040..13065
2026-09-08T15:16:42.465743Z  WARN foundry_evm_coverage::anchors: could not find anchor item=Branch (branch: 33, path: 0) (location: (source ID: 82, lines: 298..299, bytes: 13040..13065), hits: 0) err=Could not find anchor: No matching instruction in range source ID: 82, lines: 298..299, bytes: 13040..13065
2026-09-08T15:16:42.465749Z  WARN foundry_evm_coverage::anchors: could not find anchor item=Line (location: (source ID: 82, lines: 299..300, bytes: 13079..13092), hits: 0) err=Could not find anchor: No matching instruction in range source ID: 82, lines: 299..300, bytes: 13079..13092
2026-09-08T15:16:42.465755Z  WARN foundry_evm_coverage::anchors: could not find anchor item=Statement (location: (source ID: 82, lines: 299..300, bytes: 13079..13092), hits: 0) err=Could not find anchor: No matching instruction in range source ID: 82, lines: 299..300, bytes: 13079..13092
2026-09-08T15:16:42.465761Z  WARN foundry_evm_coverage::anchors: could not find anchor item=Statement (location: (source ID: 82, lines: 299..300, bytes: 13079..13124), hits: 0) err=Could not find anchor: No matching instruction in range source ID: 82, lines: 299..300, bytes: 13079..13124
2026-09-08T15:16:42.465767Z  WARN foundry_evm_coverage::anchors: could not find anchor item=Statement (location: (source ID: 82, lines: 299..300, bytes: 13096..13124), hits: 0) err=Could not find anchor: No matching instruction in range source ID: 82, lines: 299..300, bytes: 13096..13124
2026-09-08T15:16:42.465774Z  WARN foundry_evm_coverage::anchors: could not find anchor item=Statement (location: (source ID: 82, lines: 299..300, bytes: 13126..13147), hits: 0) err=Could not find anchor: No matching instruction in range source ID: 82, lines: 299..300, bytes: 13126..13147
2026-09-08T15:16:42.465780Z  WARN foundry_evm_coverage::anchors: could not find anchor item=Branch (branch: 34, path: 0) (location: (source ID: 82, lines: 299..300, bytes: 13126..13147), hits: 0) err=Could not find anchor: No matching instruction in range source ID: 82, lines: 299..300, bytes: 13126..13147
2026-09-08T15:16:42.465786Z  WARN foundry_evm_coverage::anchors: could not find anchor item=Line (location: (source ID: 82, lines: 300..301, bytes: 13157..13228), hits: 0) err=Could not find anchor: No matching instruction in range source ID: 82, lines: 300..301, bytes: 13157..13228
2026-09-08T15:16:42.465792Z  WARN foundry_evm_coverage::anchors: could not find anchor item=Statement (location: (source ID: 82, lines: 300..301, bytes: 13157..13228), hits: 0) err=Could not find anchor: No matching instruction in range source ID: 82, lines: 300..301, bytes: 13157..13228
2026-09-08T15:16:42.465798Z  WARN foundry_evm_coverage::anchors: could not find anchor item=Statement (location: (source ID: 82, lines: 300..301, bytes: 13180..13228), hits: 0) err=Could not find anchor: No matching instruction in range source ID: 82, lines: 300..301, bytes: 13180..13228
2026-09-08T15:16:42.465804Z  WARN foundry_evm_coverage::anchors: could not find anchor item=Statement (location: (source ID: 82, lines: 300..301, bytes: 13189..13228), hits: 0) err=Could not find anchor: No matching instruction in range source ID: 82, lines: 300..301, bytes: 13189..13228
2026-09-08T15:16:42.465810Z  WARN foundry_evm_coverage::anchors: could not find anchor item=Statement (location: (source ID: 82, lines: 300..301, bytes: 13207..13228), hits: 0) err=Could not find anchor: No matching instruction in range source ID: 82, lines: 300..301, bytes: 13207..13228
2026-09-08T15:16:42.465816Z  WARN foundry_evm_coverage::anchors: could not find anchor item=Line (location: (source ID: 82, lines: 301..302, bytes: 13238..13289), hits: 0) err=Could not find anchor: No matching instruction in range source ID: 82, lines: 301..302, bytes: 13238..13289
2026-09-08T15:16:42.465822Z  WARN foundry_evm_coverage::anchors: could not find anchor item=Statement (location: (source ID: 82, lines: 301..302, bytes: 13238..13289), hits: 0) err=Could not find anchor: No matching instruction in range source ID: 82, lines: 301..302, bytes: 13238..13289
2026-09-08T15:16:42.465828Z  WARN foundry_evm_coverage::anchors: could not find anchor item=Statement (location: (source ID: 82, lines: 301..302, bytes: 13266..13289), hits: 0) err=Could not find anchor: No matching instruction in range source ID: 82, lines: 301..302, bytes: 13266..13289
2026-09-08T15:16:42.465834Z  WARN foundry_evm_coverage::anchors: could not find anchor item=Line (location: (source ID: 82, lines: 302..303, bytes: 13304..13313), hits: 0) err=Could not find anchor: No matching instruction in range source ID: 82, lines: 302..303, bytes: 13304..13313
2026-09-08T15:16:42.465840Z  WARN foundry_evm_coverage::anchors: could not find anchor item=Statement (location: (source ID: 82, lines: 302..303, bytes: 13304..13313), hits: 0) err=Could not find anchor: No matching instruction in range source ID: 82, lines: 302..303, bytes: 13304..13313
2026-09-08T15:16:42.465846Z  WARN foundry_evm_coverage::anchors: could not find anchor item=Statement (location: (source ID: 82, lines: 302..303, bytes: 13315..13327), hits: 0) err=Could not find anchor: No matching instruction in range source ID: 82, lines: 302..303, bytes: 13315..13327
2026-09-08T15:16:42.465852Z  WARN foundry_evm_coverage::anchors: could not find anchor item=Statement (location: (source ID: 82, lines: 302..303, bytes: 13329..13332), hits: 0) err=Could not find anchor: No matching instruction in range source ID: 82, lines: 302..303, bytes: 13329..13332
2026-09-08T15:16:42.465858Z  WARN foundry_evm_coverage::anchors: could not find anchor item=Line (location: (source ID: 82, lines: 303..304, bytes: 13348..13378), hits: 0) err=Could not find anchor: No matching instruction in range source ID: 82, lines: 303..304, bytes: 13348..13378
2026-09-08T15:16:42.465864Z  WARN foundry_evm_coverage::anchors: could not find anchor item=Statement (location: (source ID: 82, lines: 303..304, bytes: 13348..13378), hits: 0) err=Could not find anchor: No matching instruction in range source ID: 82, lines: 303..304, bytes: 13348..13378
2026-09-08T15:16:42.465870Z  WARN foundry_evm_coverage::anchors: could not find anchor item=Line (location: (source ID: 82, lines: 305..306, bytes: 13398..13427), hits: 0) err=Could not find anchor: No matching instruction in range source ID: 82, lines: 305..306, bytes: 13398..13427
2026-09-08T15:16:42.465876Z  WARN foundry_evm_coverage::anchors: could not find anchor item=Statement (location: (source ID: 82, lines: 305..306, bytes: 13398..13427), hits: 0) err=Could not find anchor: No matching instruction in range source ID: 82, lines: 305..306, bytes: 13398..13427
2026-09-08T15:16:42.465882Z  WARN foundry_evm_coverage::anchors: could not find anchor item=Line (location: (source ID: 82, lines: 306..307, bytes: 13437..13470), hits: 0) err=Could not find anchor: No matching instruction in range source ID: 82, lines: 306..307, bytes: 13437..13470
2026-09-08T15:16:42.465888Z  WARN foundry_evm_coverage::anchors: could not find anchor item=Statement (location: (source ID: 82, lines: 306..307, bytes: 13437..13470), hits: 0) err=Could not find anchor: No matching instruction in range source ID: 82, lines: 306..307, bytes: 13437..13470
2026-09-08T15:16:42.465895Z  WARN foundry_evm_coverage::anchors: could not find anchor item=Line (location: (source ID: 82, lines: 307..308, bytes: 13480..13535), hits: 0) err=Could not find anchor: No matching instruction in range source ID: 82, lines: 307..308, bytes: 13480..13535
2026-09-08T15:16:42.465901Z  WARN foundry_evm_coverage::anchors: could not find anchor item=Statement (location: (source ID: 82, lines: 307..308, bytes: 13480..13535), hits: 0) err=Could not find anchor: No matching instruction in range source ID: 82, lines: 307..308, bytes: 13480..13535
2026-09-08T15:16:42.465906Z  WARN foundry_evm_coverage::anchors: could not find anchor item=Line (location: (source ID: 82, lines: 312..315, bytes: 13754..13887), hits: 0) err=Could not find anchor: No matching instruction in range source ID: 82, lines: 312..315, bytes: 13754..13887
2026-09-08T15:16:42.465912Z  WARN foundry_evm_coverage::anchors: could not find anchor item=Function "recoveryAvailableAt" (location: (source ID: 82, lines: 312..315, bytes: 13754..13887), hits: 0) err=Could not find anchor: No matching instruction in range source ID: 82, lines: 312..315, bytes: 13754..13887
2026-09-08T15:16:42.465919Z  WARN foundry_evm_coverage::anchors: could not find anchor item=Line (location: (source ID: 82, lines: 313..314, bytes: 13825..13880), hits: 0) err=Could not find anchor: No matching instruction in range source ID: 82, lines: 313..314, bytes: 13825..13880
2026-09-08T15:16:42.465925Z  WARN foundry_evm_coverage::anchors: could not find anchor item=Statement (location: (source ID: 82, lines: 313..314, bytes: 13825..13880), hits: 0) err=Could not find anchor: No matching instruction in range source ID: 82, lines: 313..314, bytes: 13825..13880
2026-09-08T15:16:42.465930Z  WARN foundry_evm_coverage::anchors: could not find anchor item=Statement (location: (source ID: 82, lines: 313..314, bytes: 13832..13880), hits: 0) err=Could not find anchor: No matching instruction in range source ID: 82, lines: 313..314, bytes: 13832..13880
2026-09-08T15:16:42.465936Z  WARN foundry_evm_coverage::anchors: could not find anchor item=Line (location: (source ID: 82, lines: 317..320, bytes: 13997..14122), hits: 0) err=Could not find anchor: No matching instruction in range source ID: 82, lines: 317..320, bytes: 13997..14122
2026-09-08T15:16:42.465943Z  WARN foundry_evm_coverage::anchors: could not find anchor item=Function "refunds" (location: (source ID: 82, lines: 317..320, bytes: 13997..14122), hits: 0) err=Could not find anchor: No matching instruction in range source ID: 82, lines: 317..320, bytes: 13997..14122
2026-09-08T15:16:42.465949Z  WARN foundry_evm_coverage::anchors: could not find anchor item=Line (location: (source ID: 82, lines: 318..319, bytes: 14072..14115), hits: 0) err=Could not find anchor: No matching instruction in range source ID: 82, lines: 318..319, bytes: 14072..14115
2026-09-08T15:16:42.465955Z  WARN foundry_evm_coverage::anchors: could not find anchor item=Statement (location: (source ID: 82, lines: 318..319, bytes: 14072..14115), hits: 0) err=Could not find anchor: No matching instruction in range source ID: 82, lines: 318..319, bytes: 14072..14115
2026-09-08T15:16:42.465961Z  WARN foundry_evm_coverage::anchors: could not find anchor item=Statement (location: (source ID: 82, lines: 318..319, bytes: 14079..14115), hits: 0) err=Could not find anchor: No matching instruction in range source ID: 82, lines: 318..319, bytes: 14079..14115
2026-09-08T15:16:42.465967Z  WARN foundry_evm_coverage::anchors: could not find anchor item=Line (location: (source ID: 82, lines: 321..329, bytes: 14128..14447), hits: 0) err=Could not find anchor: No matching instruction in range source ID: 82, lines: 321..329, bytes: 14128..14447
2026-09-08T15:16:42.465973Z  WARN foundry_evm_coverage::anchors: could not find anchor item=Function "withdrawRefund" (location: (source ID: 82, lines: 321..329, bytes: 14128..14447), hits: 0) err=Could not find anchor: No matching instruction in range source ID: 82, lines: 321..329, bytes: 14128..14447
2026-09-08T15:16:42.465979Z  WARN foundry_evm_coverage::anchors: could not find anchor item=Line (location: (source ID: 82, lines: 322..323, bytes: 14211..14232), hits: 0) err=Could not find anchor: No matching instruction in range source ID: 82, lines: 322..323, bytes: 14211..14232
2026-09-08T15:16:42.465985Z  WARN foundry_evm_coverage::anchors: could not find anchor item=Statement (location: (source ID: 82, lines: 322..323, bytes: 14211..14232), hits: 0) err=Could not find anchor: No matching instruction in range source ID: 82, lines: 322..323, bytes: 14211..14232
2026-09-08T15:16:42.465993Z  WARN foundry_evm_coverage::anchors: could not find anchor item=Line (location: (source ID: 82, lines: 323..324, bytes: 14242..14279), hits: 0) err=Could not find anchor: No matching instruction in range source ID: 82, lines: 323..324, bytes: 14242..14279
2026-09-08T15:16:42.466000Z  WARN foundry_evm_coverage::anchors: could not find anchor item=Statement (location: (source ID: 82, lines: 323..324, bytes: 14242..14279), hits: 0) err=Could not find anchor: No matching instruction in range source ID: 82, lines: 323..324, bytes: 14242..14279
2026-09-08T15:16:42.466005Z  WARN foundry_evm_coverage::anchors: could not find anchor item=Line (location: (source ID: 82, lines: 324..325, bytes: 14289..14313), hits: 0) err=Could not find anchor: No matching instruction in range source ID: 82, lines: 324..325, bytes: 14289..14313
2026-09-08T15:16:42.466012Z  WARN foundry_evm_coverage::anchors: could not find anchor item=Statement (location: (source ID: 82, lines: 324..325, bytes: 14289..14313), hits: 0) err=Could not find anchor: No matching instruction in range source ID: 82, lines: 324..325, bytes: 14289..14313
2026-09-08T15:16:42.466018Z  WARN foundry_evm_coverage::anchors: could not find anchor item=Line (location: (source ID: 82, lines: 325..326, bytes: 14323..14345), hits: 0) err=Could not find anchor: No matching instruction in range source ID: 82, lines: 325..326, bytes: 14323..14345
2026-09-08T15:16:42.466024Z  WARN foundry_evm_coverage::anchors: could not find anchor item=Statement (location: (source ID: 82, lines: 325..326, bytes: 14323..14345), hits: 0) err=Could not find anchor: No matching instruction in range source ID: 82, lines: 325..326, bytes: 14323..14345
2026-09-08T15:16:42.466030Z  WARN foundry_evm_coverage::anchors: could not find anchor item=Line (location: (source ID: 82, lines: 326..327, bytes: 14355..14379), hits: 0) err=Could not find anchor: No matching instruction in range source ID: 82, lines: 326..327, bytes: 14355..14379
2026-09-08T15:16:42.466036Z  WARN foundry_evm_coverage::anchors: could not find anchor item=Statement (location: (source ID: 82, lines: 326..327, bytes: 14355..14379), hits: 0) err=Could not find anchor: No matching instruction in range source ID: 82, lines: 326..327, bytes: 14355..14379
2026-09-08T15:16:42.466042Z  WARN foundry_evm_coverage::anchors: could not find anchor item=Line (location: (source ID: 82, lines: 327..328, bytes: 14389..14440), hits: 0) err=Could not find anchor: No matching instruction in range source ID: 82, lines: 327..328, bytes: 14389..14440
2026-09-08T15:16:42.466048Z  WARN foundry_evm_coverage::anchors: could not find anchor item=Statement (location: (source ID: 82, lines: 327..328, bytes: 14389..14440), hits: 0) err=Could not find anchor: No matching instruction in range source ID: 82, lines: 327..328, bytes: 14389..14440
2026-09-08T15:16:42.466054Z  WARN foundry_evm_coverage::anchors: could not find anchor item=Line (location: (source ID: 82, lines: 330..337, bytes: 14453..14754), hits: 0) err=Could not find anchor: No matching instruction in range source ID: 82, lines: 330..337, bytes: 14453..14754
2026-09-08T15:16:42.466084Z  WARN foundry_evm_coverage::anchors: could not find anchor item=Function "withdrawProceeds" (location: (source ID: 82, lines: 330..337, bytes: 14453..14754), hits: 0) err=Could not find anchor: No matching instruction in range source ID: 82, lines: 330..337, bytes: 14453..14754
2026-09-08T15:16:42.466092Z  WARN foundry_evm_coverage::anchors: could not find anchor item=Line (location: (source ID: 82, lines: 331..332, bytes: 14542..14568), hits: 0) err=Could not find anchor: No matching instruction in range source ID: 82, lines: 331..332, bytes: 14542..14568
2026-09-08T15:16:42.466099Z  WARN foundry_evm_coverage::anchors: could not find anchor item=Statement (location: (source ID: 82, lines: 331..332, bytes: 14542..14568), hits: 0) err=Could not find anchor: No matching instruction in range source ID: 82, lines: 331..332, bytes: 14542..14568
2026-09-08T15:16:42.466119Z  WARN foundry_evm_coverage::anchors: could not find anchor item=Statement (location: (source ID: 82, lines: 331..332, bytes: 14570..14591), hits: 0) err=Could not find anchor: No matching instruction in range source ID: 82, lines: 331..332, bytes: 14570..14591
2026-09-08T15:16:42.466126Z  WARN foundry_evm_coverage::anchors: could not find anchor item=Branch (branch: 35, path: 0) (location: (source ID: 82, lines: 331..332, bytes: 14570..14591), hits: 0) err=Could not find anchor: No matching instruction in range source ID: 82, lines: 331..332, bytes: 14570..14591
2026-09-08T15:16:42.466132Z  WARN foundry_evm_coverage::anchors: could not find anchor item=Line (location: (source ID: 82, lines: 332..333, bytes: 14601..14633), hits: 0) err=Could not find anchor: No matching instruction in range source ID: 82, lines: 332..333, bytes: 14601..14633
2026-09-08T15:16:42.466139Z  WARN foundry_evm_coverage::anchors: could not find anchor item=Statement (location: (source ID: 82, lines: 332..333, bytes: 14601..14633), hits: 0) err=Could not find anchor: No matching instruction in range source ID: 82, lines: 332..333, bytes: 14601..14633
2026-09-08T15:16:42.466146Z  WARN foundry_evm_coverage::anchors: could not find anchor item=Line (location: (source ID: 82, lines: 333..334, bytes: 14643..14662), hits: 0) err=Could not find anchor: No matching instruction in range source ID: 82, lines: 333..334, bytes: 14643..14662
2026-09-08T15:16:42.466152Z  WARN foundry_evm_coverage::anchors: could not find anchor item=Statement (location: (source ID: 82, lines: 333..334, bytes: 14643..14662), hits: 0) err=Could not find anchor: No matching instruction in range source ID: 82, lines: 333..334, bytes: 14643..14662
2026-09-08T15:16:42.466159Z  WARN foundry_evm_coverage::anchors: could not find anchor item=Line (location: (source ID: 82, lines: 334..335, bytes: 14672..14696), hits: 0) err=Could not find anchor: No matching instruction in range source ID: 82, lines: 334..335, bytes: 14672..14696
2026-09-08T15:16:42.466166Z  WARN foundry_evm_coverage::anchors: could not find anchor item=Statement (location: (source ID: 82, lines: 334..335, bytes: 14672..14696), hits: 0) err=Could not find anchor: No matching instruction in range source ID: 82, lines: 334..335, bytes: 14672..14696
2026-09-08T15:16:42.466172Z  WARN foundry_evm_coverage::anchors: could not find anchor item=Line (location: (source ID: 82, lines: 335..336, bytes: 14706..14747), hits: 0) err=Could not find anchor: No matching instruction in range source ID: 82, lines: 335..336, bytes: 14706..14747
2026-09-08T15:16:42.466179Z  WARN foundry_evm_coverage::anchors: could not find anchor item=Statement (location: (source ID: 82, lines: 335..336, bytes: 14706..14747), hits: 0) err=Could not find anchor: No matching instruction in range source ID: 82, lines: 335..336, bytes: 14706..14747
2026-09-08T15:16:42.466202Z  WARN foundry_evm_coverage::anchors: could not find anchor item=Line (location: (source ID: 82, lines: 340..352, bytes: 14983..15501), hits: 0) err=Could not find anchor: No matching instruction in range source ID: 82, lines: 340..352, bytes: 14983..15501
2026-09-08T15:16:42.466214Z  WARN foundry_evm_coverage::anchors: could not find anchor item=Function "withdrawUnclaimedETH" (location: (source ID: 82, lines: 340..352, bytes: 14983..15501), hits: 0) err=Could not find anchor: No matching instruction in range source ID: 82, lines: 340..352, bytes: 14983..15501
2026-09-08T15:16:42.466221Z  WARN foundry_evm_coverage::anchors: could not find anchor item=Line (location: (source ID: 82, lines: 341..342, bytes: 15076..15102), hits: 0) err=Could not find anchor: No matching instruction in range source ID: 82, lines: 341..342, bytes: 15076..15102
2026-09-08T15:16:42.466226Z  WARN foundry_evm_coverage::anchors: could not find anchor item=Statement (location: (source ID: 82, lines: 341..342, bytes: 15076..15102), hits: 0) err=Could not find anchor: No matching instruction in range source ID: 82, lines: 341..342, bytes: 15076..15102
2026-09-08T15:16:42.466232Z  WARN foundry_evm_coverage::anchors: could not find anchor item=Statement (location: (source ID: 82, lines: 341..342, bytes: 15104..15125), hits: 0) err=Could not find anchor: No matching instruction in range source ID: 82, lines: 341..342, bytes: 15104..15125
2026-09-08T15:16:42.466237Z  WARN foundry_evm_coverage::anchors: could not find anchor item=Branch (branch: 36, path: 0) (location: (source ID: 82, lines: 341..342, bytes: 15104..15125), hits: 0) err=Could not find anchor: No matching instruction in range source ID: 82, lines: 341..342, bytes: 15104..15125
2026-09-08T15:16:42.466243Z  WARN foundry_evm_coverage::anchors: could not find anchor item=Line (location: (source ID: 82, lines: 342..343, bytes: 15139..15147), hits: 0) err=Could not find anchor: No matching instruction in range source ID: 82, lines: 342..343, bytes: 15139..15147
2026-09-08T15:16:42.466248Z  WARN foundry_evm_coverage::anchors: could not find anchor item=Statement (location: (source ID: 82, lines: 342..343, bytes: 15139..15147), hits: 0) err=Could not find anchor: No matching instruction in range source ID: 82, lines: 342..343, bytes: 15139..15147
2026-09-08T15:16:42.466253Z  WARN foundry_evm_coverage::anchors: could not find anchor item=Statement (location: (source ID: 82, lines: 342..343, bytes: 15149..15168), hits: 0) err=Could not find anchor: No matching instruction in range source ID: 82, lines: 342..343, bytes: 15149..15168
2026-09-08T15:16:42.466258Z  WARN foundry_evm_coverage::anchors: could not find anchor item=Branch (branch: 37, path: 0) (location: (source ID: 82, lines: 342..343, bytes: 15149..15168), hits: 0) err=Could not find anchor: No matching instruction in range source ID: 82, lines: 342..343, bytes: 15149..15168
2026-09-08T15:16:42.466265Z  WARN foundry_evm_coverage::anchors: could not find anchor item=Line (location: (source ID: 82, lines: 343..344, bytes: 15182..15221), hits: 0) err=Could not find anchor: No matching instruction in range source ID: 82, lines: 343..344, bytes: 15182..15221
2026-09-08T15:16:42.466270Z  WARN foundry_evm_coverage::anchors: could not find anchor item=Statement (location: (source ID: 82, lines: 343..344, bytes: 15182..15221), hits: 0) err=Could not find anchor: No matching instruction in range source ID: 82, lines: 343..344, bytes: 15182..15221
2026-09-08T15:16:42.466276Z  WARN foundry_evm_coverage::anchors: could not find anchor item=Statement (location: (source ID: 82, lines: 343..344, bytes: 15200..15221), hits: 0) err=Could not find anchor: No matching instruction in range source ID: 82, lines: 343..344, bytes: 15200..15221
2026-09-08T15:16:42.466281Z  WARN foundry_evm_coverage::anchors: could not find anchor item=Statement (location: (source ID: 82, lines: 343..344, bytes: 15223..15252), hits: 0) err=Could not find anchor: No matching instruction in range source ID: 82, lines: 343..344, bytes: 15223..15252
2026-09-08T15:16:42.466286Z  WARN foundry_evm_coverage::anchors: could not find anchor item=Branch (branch: 38, path: 0) (location: (source ID: 82, lines: 343..344, bytes: 15223..15252), hits: 0) err=Could not find anchor: No matching instruction in range source ID: 82, lines: 343..344, bytes: 15223..15252
2026-09-08T15:16:42.466292Z  WARN foundry_evm_coverage::anchors: could not find anchor item=Line (location: (source ID: 82, lines: 344..345, bytes: 15262..15300), hits: 0) err=Could not find anchor: No matching instruction in range source ID: 82, lines: 344..345, bytes: 15262..15300
2026-09-08T15:16:42.466297Z  WARN foundry_evm_coverage::anchors: could not find anchor item=Statement (location: (source ID: 82, lines: 344..345, bytes: 15262..15300), hits: 0) err=Could not find anchor: No matching instruction in range source ID: 82, lines: 344..345, bytes: 15262..15300
2026-09-08T15:16:42.466302Z  WARN foundry_evm_coverage::anchors: could not find anchor item=Line (location: (source ID: 82, lines: 345..346, bytes: 15310..15330), hits: 0) err=Could not find anchor: No matching instruction in range source ID: 82, lines: 345..346, bytes: 15310..15330
2026-09-08T15:16:42.466308Z  WARN foundry_evm_coverage::anchors: could not find anchor item=Statement (location: (source ID: 82, lines: 345..346, bytes: 15310..15330), hits: 0) err=Could not find anchor: No matching instruction in range source ID: 82, lines: 345..346, bytes: 15310..15330
2026-09-08T15:16:42.466313Z  WARN foundry_evm_coverage::anchors: could not find anchor item=Line (location: (source ID: 82, lines: 346..347, bytes: 15340..15350), hits: 0) err=Could not find anchor: No matching instruction in range source ID: 82, lines: 346..347, bytes: 15340..15350
2026-09-08T15:16:42.466318Z  WARN foundry_evm_coverage::anchors: could not find anchor item=Statement (location: (source ID: 82, lines: 346..347, bytes: 15340..15350), hits: 0) err=Could not find anchor: No matching instruction in range source ID: 82, lines: 346..347, bytes: 15340..15350
2026-09-08T15:16:42.466324Z  WARN foundry_evm_coverage::anchors: could not find anchor item=Line (location: (source ID: 82, lines: 347..348, bytes: 15360..15376), hits: 0) err=Could not find anchor: No matching instruction in range source ID: 82, lines: 347..348, bytes: 15360..15376
2026-09-08T15:16:42.466330Z  WARN foundry_evm_coverage::anchors: could not find anchor item=Statement (location: (source ID: 82, lines: 347..348, bytes: 15360..15376), hits: 0) err=Could not find anchor: No matching instruction in range source ID: 82, lines: 347..348, bytes: 15360..15376
2026-09-08T15:16:42.466335Z  WARN foundry_evm_coverage::anchors: could not find anchor item=Line (location: (source ID: 82, lines: 348..349, bytes: 15386..15405), hits: 0) err=Could not find anchor: No matching instruction in range source ID: 82, lines: 348..349, bytes: 15386..15405
2026-09-08T15:16:42.466340Z  WARN foundry_evm_coverage::anchors: could not find anchor item=Statement (location: (source ID: 82, lines: 348..349, bytes: 15386..15405), hits: 0) err=Could not find anchor: No matching instruction in range source ID: 82, lines: 348..349, bytes: 15386..15405
2026-09-08T15:16:42.466345Z  WARN foundry_evm_coverage::anchors: could not find anchor item=Line (location: (source ID: 82, lines: 349..350, bytes: 15415..15439), hits: 0) err=Could not find anchor: No matching instruction in range source ID: 82, lines: 349..350, bytes: 15415..15439
2026-09-08T15:16:42.466351Z  WARN foundry_evm_coverage::anchors: could not find anchor item=Statement (location: (source ID: 82, lines: 349..350, bytes: 15415..15439), hits: 0) err=Could not find anchor: No matching instruction in range source ID: 82, lines: 349..350, bytes: 15415..15439
2026-09-08T15:16:42.466357Z  WARN foundry_evm_coverage::anchors: could not find anchor item=Line (location: (source ID: 82, lines: 350..351, bytes: 15449..15494), hits: 0) err=Could not find anchor: No matching instruction in range source ID: 82, lines: 350..351, bytes: 15449..15494
2026-09-08T15:16:42.466362Z  WARN foundry_evm_coverage::anchors: could not find anchor item=Statement (location: (source ID: 82, lines: 350..351, bytes: 15449..15494), hits: 0) err=Could not find anchor: No matching instruction in range source ID: 82, lines: 350..351, bytes: 15449..15494
2026-09-08T15:16:42.466367Z  WARN foundry_evm_coverage::anchors: could not find anchor item=Line (location: (source ID: 82, lines: 355..358, bytes: 15714..15830), hits: 0) err=Could not find anchor: No matching instruction in range source ID: 82, lines: 355..358, bytes: 15714..15830
2026-09-08T15:16:42.466372Z  WARN foundry_evm_coverage::anchors: could not find anchor item=Function "liabilities" (location: (source ID: 82, lines: 355..358, bytes: 15714..15830), hits: 0) err=Could not find anchor: No matching instruction in range source ID: 82, lines: 355..358, bytes: 15714..15830
2026-09-08T15:16:42.466377Z  WARN foundry_evm_coverage::anchors: could not find anchor item=Line (location: (source ID: 82, lines: 356..357, bytes: 15777..15823), hits: 0) err=Could not find anchor: No matching instruction in range source ID: 82, lines: 356..357, bytes: 15777..15823
2026-09-08T15:16:42.466382Z  WARN foundry_evm_coverage::anchors: could not find anchor item=Statement (location: (source ID: 82, lines: 356..357, bytes: 15777..15823), hits: 0) err=Could not find anchor: No matching instruction in range source ID: 82, lines: 356..357, bytes: 15777..15823
2026-09-08T15:16:42.466390Z  WARN foundry_evm_coverage::anchors: could not find anchor item=Statement (location: (source ID: 82, lines: 356..357, bytes: 15784..15823), hits: 0) err=Could not find anchor: No matching instruction in range source ID: 82, lines: 356..357, bytes: 15784..15823
2026-09-08T15:16:42.466395Z  WARN foundry_evm_coverage::anchors: could not find anchor item=Statement (location: (source ID: 82, lines: 356..357, bytes: 15793..15823), hits: 0) err=Could not find anchor: No matching instruction in range source ID: 82, lines: 356..357, bytes: 15793..15823
2026-09-08T15:16:42.466400Z  WARN foundry_evm_coverage::anchors: could not find anchor item=Line (location: (source ID: 82, lines: 360..376, bytes: 15924..16540), hits: 0) err=Could not find anchor: No matching instruction in range source ID: 82, lines: 360..376, bytes: 15924..16540
2026-09-08T15:16:42.466405Z  WARN foundry_evm_coverage::anchors: could not find anchor item=Function "rankedBids" (location: (source ID: 82, lines: 360..376, bytes: 15924..16540), hits: 0) err=Could not find anchor: No matching instruction in range source ID: 82, lines: 360..376, bytes: 15924..16540
2026-09-08T15:16:42.466410Z  WARN foundry_evm_coverage::anchors: could not find anchor item=Line (location: (source ID: 82, lines: 361..362, bytes: 16047..16057), hits: 0) err=Could not find anchor: No matching instruction in range source ID: 82, lines: 361..362, bytes: 16047..16057
2026-09-08T15:16:42.466416Z  WARN foundry_evm_coverage::anchors: could not find anchor item=Statement (location: (source ID: 82, lines: 361..362, bytes: 16047..16057), hits: 0) err=Could not find anchor: No matching instruction in range source ID: 82, lines: 361..362, bytes: 16047..16057
2026-09-08T15:16:42.466421Z  WARN foundry_evm_coverage::anchors: could not find anchor item=Statement (location: (source ID: 82, lines: 361..362, bytes: 16047..16075), hits: 0) err=Could not find anchor: No matching instruction in range source ID: 82, lines: 361..362, bytes: 16047..16075
2026-09-08T15:16:42.466426Z  WARN foundry_evm_coverage::anchors: could not find anchor item=Statement (location: (source ID: 82, lines: 361..362, bytes: 16061..16075), hits: 0) err=Could not find anchor: No matching instruction in range source ID: 82, lines: 361..362, bytes: 16061..16075
2026-09-08T15:16:42.466431Z  WARN foundry_evm_coverage::anchors: could not find anchor item=Statement (location: (source ID: 82, lines: 361..362, bytes: 16077..16098), hits: 0) err=Could not find anchor: No matching instruction in range source ID: 82, lines: 361..362, bytes: 16077..16098
2026-09-08T15:16:42.466436Z  WARN foundry_evm_coverage::anchors: could not find anchor item=Branch (branch: 39, path: 0) (location: (source ID: 82, lines: 361..362, bytes: 16077..16098), hits: 0) err=Could not find anchor: No matching instruction in range source ID: 82, lines: 361..362, bytes: 16077..16098
2026-09-08T15:16:42.466441Z  WARN foundry_evm_coverage::anchors: could not find anchor item=Line (location: (source ID: 82, lines: 362..363, bytes: 16108..16140), hits: 0) err=Could not find anchor: No matching instruction in range source ID: 82, lines: 362..363, bytes: 16108..16140
2026-09-08T15:16:42.466446Z  WARN foundry_evm_coverage::anchors: could not find anchor item=Statement (location: (source ID: 82, lines: 362..363, bytes: 16108..16140), hits: 0) err=Could not find anchor: No matching instruction in range source ID: 82, lines: 362..363, bytes: 16108..16140
2026-09-08T15:16:42.466451Z  WARN foundry_evm_coverage::anchors: could not find anchor item=Line (location: (source ID: 82, lines: 363..364, bytes: 16154..16163), hits: 0) err=Could not find anchor: No matching instruction in range source ID: 82, lines: 363..364, bytes: 16154..16163
2026-09-08T15:16:42.466456Z  WARN foundry_evm_coverage::anchors: could not find anchor item=Statement (location: (source ID: 82, lines: 363..364, bytes: 16154..16163), hits: 0) err=Could not find anchor: No matching instruction in range source ID: 82, lines: 363..364, bytes: 16154..16163
2026-09-08T15:16:42.466461Z  WARN foundry_evm_coverage::anchors: could not find anchor item=Statement (location: (source ID: 82, lines: 363..364, bytes: 16154..16185), hits: 0) err=Could not find anchor: No matching instruction in range source ID: 82, lines: 363..364, bytes: 16154..16185
2026-09-08T15:16:42.466466Z  WARN foundry_evm_coverage::anchors: could not find anchor item=Statement (location: (source ID: 82, lines: 363..364, bytes: 16167..16185), hits: 0) err=Could not find anchor: No matching instruction in range source ID: 82, lines: 363..364, bytes: 16167..16185
2026-09-08T15:16:42.466471Z  WARN foundry_evm_coverage::anchors: could not find anchor item=Statement (location: (source ID: 82, lines: 363..364, bytes: 16187..16206), hits: 0) err=Could not find anchor: No matching instruction in range source ID: 82, lines: 363..364, bytes: 16187..16206
2026-09-08T15:16:42.466476Z  WARN foundry_evm_coverage::anchors: could not find anchor item=Branch (branch: 40, path: 0) (location: (source ID: 82, lines: 363..364, bytes: 16187..16206), hits: 0) err=Could not find anchor: No matching instruction in range source ID: 82, lines: 363..364, bytes: 16187..16206
2026-09-08T15:16:42.466482Z  WARN foundry_evm_coverage::anchors: could not find anchor item=Line (location: (source ID: 82, lines: 364..365, bytes: 16216..16233), hits: 0) err=Could not find anchor: No matching instruction in range source ID: 82, lines: 364..365, bytes: 16216..16233
2026-09-08T15:16:42.466487Z  WARN foundry_evm_coverage::anchors: could not find anchor item=Statement (location: (source ID: 82, lines: 364..365, bytes: 16216..16233), hits: 0) err=Could not find anchor: No matching instruction in range source ID: 82, lines: 364..365, bytes: 16216..16233
2026-09-08T15:16:42.466492Z  WARN foundry_evm_coverage::anchors: could not find anchor item=Line (location: (source ID: 82, lines: 365..366, bytes: 16243..16264), hits: 0) err=Could not find anchor: No matching instruction in range source ID: 82, lines: 365..366, bytes: 16243..16264
2026-09-08T15:16:42.466497Z  WARN foundry_evm_coverage::anchors: could not find anchor item=Statement (location: (source ID: 82, lines: 365..366, bytes: 16243..16264), hits: 0) err=Could not find anchor: No matching instruction in range source ID: 82, lines: 365..366, bytes: 16243..16264
2026-09-08T15:16:42.466502Z  WARN foundry_evm_coverage::anchors: could not find anchor item=Line (location: (source ID: 82, lines: 366..367, bytes: 16281..16292), hits: 0) err=Could not find anchor: No matching instruction in range source ID: 82, lines: 366..367, bytes: 16281..16292
2026-09-08T15:16:42.466507Z  WARN foundry_evm_coverage::anchors: could not find anchor item=Statement (location: (source ID: 82, lines: 366..367, bytes: 16281..16292), hits: 0) err=Could not find anchor: No matching instruction in range source ID: 82, lines: 366..367, bytes: 16281..16292
2026-09-08T15:16:42.466512Z  WARN foundry_evm_coverage::anchors: could not find anchor item=Statement (location: (source ID: 82, lines: 366..367, bytes: 16281..16309), hits: 0) err=Could not find anchor: No matching instruction in range source ID: 82, lines: 366..367, bytes: 16281..16309
2026-09-08T15:16:42.466517Z  WARN foundry_evm_coverage::anchors: could not find anchor item=Statement (location: (source ID: 82, lines: 366..367, bytes: 16296..16309), hits: 0) err=Could not find anchor: No matching instruction in range source ID: 82, lines: 366..367, bytes: 16296..16309
2026-09-08T15:16:42.466522Z  WARN foundry_evm_coverage::anchors: could not find anchor item=Line (location: (source ID: 82, lines: 367..368, bytes: 16325..16332), hits: 0) err=Could not find anchor: No matching instruction in range source ID: 82, lines: 367..368, bytes: 16325..16332
2026-09-08T15:16:42.466527Z  WARN foundry_evm_coverage::anchors: could not find anchor item=Statement (location: (source ID: 82, lines: 367..368, bytes: 16325..16332), hits: 0) err=Could not find anchor: No matching instruction in range source ID: 82, lines: 367..368, bytes: 16325..16332
2026-09-08T15:16:42.466533Z  WARN foundry_evm_coverage::anchors: could not find anchor item=Line (location: (source ID: 82, lines: 368..369, bytes: 16346..16372), hits: 0) err=Could not find anchor: No matching instruction in range source ID: 82, lines: 368..369, bytes: 16346..16372
2026-09-08T15:16:42.466538Z  WARN foundry_evm_coverage::anchors: could not find anchor item=Statement (location: (source ID: 82, lines: 368..369, bytes: 16346..16372), hits: 0) err=Could not find anchor: No matching instruction in range source ID: 82, lines: 368..369, bytes: 16346..16372
2026-09-08T15:16:42.466543Z  WARN foundry_evm_coverage::anchors: could not find anchor item=Line (location: (source ID: 82, lines: 370..371, bytes: 16392..16418), hits: 0) err=Could not find anchor: No matching instruction in range source ID: 82, lines: 370..371, bytes: 16392..16418
2026-09-08T15:16:42.466548Z  WARN foundry_evm_coverage::anchors: could not find anchor item=Statement (location: (source ID: 82, lines: 370..371, bytes: 16392..16418), hits: 0) err=Could not find anchor: No matching instruction in range source ID: 82, lines: 370..371, bytes: 16392..16418
2026-09-08T15:16:42.466553Z  WARN foundry_evm_coverage::anchors: could not find anchor item=Line (location: (source ID: 82, lines: 371..372, bytes: 16433..16442), hits: 0) err=Could not find anchor: No matching instruction in range source ID: 82, lines: 371..372, bytes: 16433..16442
2026-09-08T15:16:42.466558Z  WARN foundry_evm_coverage::anchors: could not find anchor item=Statement (location: (source ID: 82, lines: 371..372, bytes: 16433..16442), hits: 0) err=Could not find anchor: No matching instruction in range source ID: 82, lines: 371..372, bytes: 16433..16442
2026-09-08T15:16:42.466563Z  WARN foundry_evm_coverage::anchors: could not find anchor item=Statement (location: (source ID: 82, lines: 371..372, bytes: 16444..16453), hits: 0) err=Could not find anchor: No matching instruction in range source ID: 82, lines: 371..372, bytes: 16444..16453
2026-09-08T15:16:42.466570Z  WARN foundry_evm_coverage::anchors: could not find anchor item=Statement (location: (source ID: 82, lines: 371..372, bytes: 16455..16458), hits: 0) err=Could not find anchor: No matching instruction in range source ID: 82, lines: 371..372, bytes: 16455..16458
2026-09-08T15:16:42.466575Z  WARN foundry_evm_coverage::anchors: could not find anchor item=Line (location: (source ID: 82, lines: 372..373, bytes: 16474..16487), hits: 0) err=Could not find anchor: No matching instruction in range source ID: 82, lines: 372..373, bytes: 16474..16487
2026-09-08T15:16:42.466580Z  WARN foundry_evm_coverage::anchors: could not find anchor item=Statement (location: (source ID: 82, lines: 372..373, bytes: 16474..16487), hits: 0) err=Could not find anchor: No matching instruction in range source ID: 82, lines: 372..373, bytes: 16474..16487
2026-09-08T15:16:42.466585Z  WARN foundry_evm_coverage::anchors: could not find anchor item=Line (location: (source ID: 82, lines: 373..374, bytes: 16501..16523), hits: 0) err=Could not find anchor: No matching instruction in range source ID: 82, lines: 373..374, bytes: 16501..16523
2026-09-08T15:16:42.466591Z  WARN foundry_evm_coverage::anchors: could not find anchor item=Statement (location: (source ID: 82, lines: 373..374, bytes: 16501..16523), hits: 0) err=Could not find anchor: No matching instruction in range source ID: 82, lines: 373..374, bytes: 16501..16523
2026-09-08T15:16:42.466597Z  WARN foundry_evm_coverage::anchors: could not find anchor item=Line (location: (source ID: 82, lines: 377..380, bytes: 16546..16652), hits: 0) err=Could not find anchor: No matching instruction in range source ID: 82, lines: 377..380, bytes: 16546..16652
2026-09-08T15:16:42.466602Z  WARN foundry_evm_coverage::anchors: could not find anchor item=Function "_tokenRescueAdmin" (location: (source ID: 82, lines: 377..380, bytes: 16546..16652), hits: 0) err=Could not find anchor: No matching instruction in range source ID: 82, lines: 377..380, bytes: 16546..16652
2026-09-08T15:16:42.466607Z  WARN foundry_evm_coverage::anchors: could not find anchor item=Line (location: (source ID: 82, lines: 378..379, bytes: 16626..16645), hits: 0) err=Could not find anchor: No matching instruction in range source ID: 82, lines: 378..379, bytes: 16626..16645
2026-09-08T15:16:42.466612Z  WARN foundry_evm_coverage::anchors: could not find anchor item=Statement (location: (source ID: 82, lines: 378..379, bytes: 16626..16645), hits: 0) err=Could not find anchor: No matching instruction in range source ID: 82, lines: 378..379, bytes: 16626..16645
2026-09-08T15:16:42.466617Z  WARN foundry_evm_coverage::anchors: could not find anchor item=Line (location: (source ID: 82, lines: 381..384, bytes: 16658..16766), hits: 0) err=Could not find anchor: No matching instruction in range source ID: 82, lines: 381..384, bytes: 16658..16766
2026-09-08T15:16:42.466622Z  WARN foundry_evm_coverage::anchors: could not find anchor item=Function "_protectedToken" (location: (source ID: 82, lines: 381..384, bytes: 16658..16766), hits: 0) err=Could not find anchor: No matching instruction in range source ID: 82, lines: 381..384, bytes: 16658..16766
2026-09-08T15:16:42.466628Z  WARN foundry_evm_coverage::anchors: could not find anchor item=Line (location: (source ID: 82, lines: 382..383, bytes: 16736..16759), hits: 0) err=Could not find anchor: No matching instruction in range source ID: 82, lines: 382..383, bytes: 16736..16759
2026-09-08T15:16:42.466633Z  WARN foundry_evm_coverage::anchors: could not find anchor item=Statement (location: (source ID: 82, lines: 382..383, bytes: 16736..16759), hits: 0) err=Could not find anchor: No matching instruction in range source ID: 82, lines: 382..383, bytes: 16736..16759
2026-09-08T15:16:42.466638Z  WARN foundry_evm_coverage::anchors: could not find anchor item=Line (location: (source ID: 82, lines: 385..407, bytes: 16772..17691), hits: 0) err=Could not find anchor: No matching instruction in range source ID: 82, lines: 385..407, bytes: 16772..17691
2026-09-08T15:16:42.466643Z  WARN foundry_evm_coverage::anchors: could not find anchor item=Function "_createBid" (location: (source ID: 82, lines: 385..407, bytes: 16772..17691), hits: 0) err=Could not find anchor: No matching instruction in range source ID: 82, lines: 385..407, bytes: 16772..17691
2026-09-08T15:16:42.466648Z  WARN foundry_evm_coverage::anchors: could not find anchor item=Line (location: (source ID: 82, lines: 386..387, bytes: 16870..16889), hits: 0) err=Could not find anchor: No matching instruction in range source ID: 82, lines: 386..387, bytes: 16870..16889
2026-09-08T15:16:42.466654Z  WARN foundry_evm_coverage::anchors: could not find anchor item=Statement (location: (source ID: 82, lines: 386..387, bytes: 16870..16889), hits: 0) err=Could not find anchor: No matching instruction in range source ID: 82, lines: 386..387, bytes: 16870..16889
2026-09-08T15:16:42.466660Z  WARN foundry_evm_coverage::anchors: could not find anchor item=Statement (location: (source ID: 82, lines: 386..387, bytes: 16891..16911), hits: 0) err=Could not find anchor: No matching instruction in range source ID: 82, lines: 386..387, bytes: 16891..16911
2026-09-08T15:16:42.466665Z  WARN foundry_evm_coverage::anchors: could not find anchor item=Branch (branch: 41, path: 0) (location: (source ID: 82, lines: 386..387, bytes: 16891..16911), hits: 0) err=Could not find anchor: No matching instruction in range source ID: 82, lines: 386..387, bytes: 16891..16911
2026-09-08T15:16:42.466670Z  WARN foundry_evm_coverage::anchors: could not find anchor item=Line (location: (source ID: 82, lines: 387..388, bytes: 16925..16949), hits: 0) err=Could not find anchor: No matching instruction in range source ID: 82, lines: 387..388, bytes: 16925..16949
2026-09-08T15:16:42.466675Z  WARN foundry_evm_coverage::anchors: could not find anchor item=Statement (location: (source ID: 82, lines: 387..388, bytes: 16925..16949), hits: 0) err=Could not find anchor: No matching instruction in range source ID: 82, lines: 387..388, bytes: 16925..16949
2026-09-08T15:16:42.466682Z  WARN foundry_evm_coverage::anchors: could not find anchor item=Statement (location: (source ID: 82, lines: 387..388, bytes: 16937..16949), hits: 0) err=Could not find anchor: No matching instruction in range source ID: 82, lines: 387..388, bytes: 16937..16949
2026-09-08T15:16:42.466687Z  WARN foundry_evm_coverage::anchors: could not find anchor item=Statement (location: (source ID: 82, lines: 387..388, bytes: 16951..16969), hits: 0) err=Could not find anchor: No matching instruction in range source ID: 82, lines: 387..388, bytes: 16951..16969
2026-09-08T15:16:42.466692Z  WARN foundry_evm_coverage::anchors: could not find anchor item=Branch (branch: 42, path: 0) (location: (source ID: 82, lines: 387..388, bytes: 16951..16969), hits: 0) err=Could not find anchor: No matching instruction in range source ID: 82, lines: 387..388, bytes: 16951..16969
2026-09-08T15:16:42.466698Z  WARN foundry_evm_coverage::anchors: could not find anchor item=Line (location: (source ID: 82, lines: 388..389, bytes: 16979..16995), hits: 0) err=Could not find anchor: No matching instruction in range source ID: 82, lines: 388..389, bytes: 16979..16995
2026-09-08T15:16:42.466703Z  WARN foundry_evm_coverage::anchors: could not find anchor item=Statement (location: (source ID: 82, lines: 388..389, bytes: 16979..16995), hits: 0) err=Could not find anchor: No matching instruction in range source ID: 82, lines: 388..389, bytes: 16979..16995
2026-09-08T15:16:42.466708Z  WARN foundry_evm_coverage::anchors: could not find anchor item=Line (location: (source ID: 82, lines: 389..390, bytes: 17005..17076), hits: 0) err=Could not find anchor: No matching instruction in range source ID: 82, lines: 389..390, bytes: 17005..17076
2026-09-08T15:16:42.466713Z  WARN foundry_evm_coverage::anchors: could not find anchor item=Statement (location: (source ID: 82, lines: 389..390, bytes: 17005..17076), hits: 0) err=Could not find anchor: No matching instruction in range source ID: 82, lines: 389..390, bytes: 17005..17076
2026-09-08T15:16:42.466718Z  WARN foundry_evm_coverage::anchors: could not find anchor item=Line (location: (source ID: 82, lines: 390..391, bytes: 17086..17105), hits: 0) err=Could not find anchor: No matching instruction in range source ID: 82, lines: 390..391, bytes: 17086..17105
2026-09-08T15:16:42.466724Z  WARN foundry_evm_coverage::anchors: could not find anchor item=Statement (location: (source ID: 82, lines: 390..391, bytes: 17086..17105), hits: 0) err=Could not find anchor: No matching instruction in range source ID: 82, lines: 390..391, bytes: 17086..17105
2026-09-08T15:16:42.466729Z  WARN foundry_evm_coverage::anchors: could not find anchor item=Line (location: (source ID: 82, lines: 391..392, bytes: 17115..17126), hits: 0) err=Could not find anchor: No matching instruction in range source ID: 82, lines: 391..392, bytes: 17115..17126
2026-09-08T15:16:42.466734Z  WARN foundry_evm_coverage::anchors: could not find anchor item=Statement (location: (source ID: 82, lines: 391..392, bytes: 17115..17126), hits: 0) err=Could not find anchor: No matching instruction in range source ID: 82, lines: 391..392, bytes: 17115..17126
2026-09-08T15:16:42.466739Z  WARN foundry_evm_coverage::anchors: could not find anchor item=Line (location: (source ID: 82, lines: 392..393, bytes: 17140..17160), hits: 0) err=Could not find anchor: No matching instruction in range source ID: 82, lines: 392..393, bytes: 17140..17160
2026-09-08T15:16:42.466744Z  WARN foundry_evm_coverage::anchors: could not find anchor item=Statement (location: (source ID: 82, lines: 392..393, bytes: 17140..17160), hits: 0) err=Could not find anchor: No matching instruction in range source ID: 82, lines: 392..393, bytes: 17140..17160
2026-09-08T15:16:42.466750Z  WARN foundry_evm_coverage::anchors: could not find anchor item=Branch (branch: 43, path: 0) (location: (source ID: 82, lines: 392..404, bytes: 17162..17618), hits: 0) err=Could not find anchor: No matching instruction in range source ID: 82, lines: 392..404, bytes: 17162..17618
2026-09-08T15:16:42.466755Z  WARN foundry_evm_coverage::anchors: could not find anchor item=Line (location: (source ID: 82, lines: 393..394, bytes: 17176..17202), hits: 0) err=Could not find anchor: No matching instruction in range source ID: 82, lines: 393..394, bytes: 17176..17202
2026-09-08T15:16:42.466760Z  WARN foundry_evm_coverage::anchors: could not find anchor item=Statement (location: (source ID: 82, lines: 393..394, bytes: 17176..17202), hits: 0) err=Could not find anchor: No matching instruction in range source ID: 82, lines: 393..394, bytes: 17176..17202
2026-09-08T15:16:42.466765Z  WARN foundry_evm_coverage::anchors: could not find anchor item=Line (location: (source ID: 82, lines: 394..395, bytes: 17216..17257), hits: 0) err=Could not find anchor: No matching instruction in range source ID: 82, lines: 394..395, bytes: 17216..17257
2026-09-08T15:16:42.466770Z  WARN foundry_evm_coverage::anchors: could not find anchor item=Statement (location: (source ID: 82, lines: 394..395, bytes: 17216..17257), hits: 0) err=Could not find anchor: No matching instruction in range source ID: 82, lines: 394..395, bytes: 17216..17257
2026-09-08T15:16:42.466775Z  WARN foundry_evm_coverage::anchors: could not find anchor item=Line (location: (source ID: 82, lines: 395..396, bytes: 17271..17291), hits: 0) err=Could not find anchor: No matching instruction in range source ID: 82, lines: 395..396, bytes: 17271..17291
2026-09-08T15:16:42.466780Z  WARN foundry_evm_coverage::anchors: could not find anchor item=Statement (location: (source ID: 82, lines: 395..396, bytes: 17271..17291), hits: 0) err=Could not find anchor: No matching instruction in range source ID: 82, lines: 395..396, bytes: 17271..17291
2026-09-08T15:16:42.466785Z  WARN foundry_evm_coverage::anchors: could not find anchor item=Line (location: (source ID: 82, lines: 396..397, bytes: 17305..17329), hits: 0) err=Could not find anchor: No matching instruction in range source ID: 82, lines: 396..397, bytes: 17305..17329
2026-09-08T15:16:42.466790Z  WARN foundry_evm_coverage::anchors: could not find anchor item=Statement (location: (source ID: 82, lines: 396..397, bytes: 17305..17329), hits: 0) err=Could not find anchor: No matching instruction in range source ID: 82, lines: 396..397, bytes: 17305..17329
2026-09-08T15:16:42.466795Z  WARN foundry_evm_coverage::anchors: could not find anchor item=Line (location: (source ID: 82, lines: 397..398, bytes: 17343..17374), hits: 0) err=Could not find anchor: No matching instruction in range source ID: 82, lines: 397..398, bytes: 17343..17374
2026-09-08T15:16:42.466800Z  WARN foundry_evm_coverage::anchors: could not find anchor item=Statement (location: (source ID: 82, lines: 397..398, bytes: 17343..17374), hits: 0) err=Could not find anchor: No matching instruction in range source ID: 82, lines: 397..398, bytes: 17343..17374
2026-09-08T15:16:42.466805Z  WARN foundry_evm_coverage::anchors: could not find anchor item=Line (location: (source ID: 82, lines: 398..399, bytes: 17388..17421), hits: 0) err=Could not find anchor: No matching instruction in range source ID: 82, lines: 398..399, bytes: 17388..17421
2026-09-08T15:16:42.466810Z  WARN foundry_evm_coverage::anchors: could not find anchor item=Statement (location: (source ID: 82, lines: 398..399, bytes: 17388..17421), hits: 0) err=Could not find anchor: No matching instruction in range source ID: 82, lines: 398..399, bytes: 17388..17421
2026-09-08T15:16:42.466815Z  WARN foundry_evm_coverage::anchors: could not find anchor item=Line (location: (source ID: 82, lines: 399..400, bytes: 17435..17451), hits: 0) err=Could not find anchor: No matching instruction in range source ID: 82, lines: 399..400, bytes: 17435..17451
2026-09-08T15:16:42.466821Z  WARN foundry_evm_coverage::anchors: could not find anchor item=Statement (location: (source ID: 82, lines: 399..400, bytes: 17435..17451), hits: 0) err=Could not find anchor: No matching instruction in range source ID: 82, lines: 399..400, bytes: 17435..17451
2026-09-08T15:16:42.466826Z  WARN foundry_evm_coverage::anchors: could not find anchor item=Line (location: (source ID: 82, lines: 400..401, bytes: 17465..17501), hits: 0) err=Could not find anchor: No matching instruction in range source ID: 82, lines: 400..401, bytes: 17465..17501
2026-09-08T15:16:42.466831Z  WARN foundry_evm_coverage::anchors: could not find anchor item=Statement (location: (source ID: 82, lines: 400..401, bytes: 17465..17501), hits: 0) err=Could not find anchor: No matching instruction in range source ID: 82, lines: 400..401, bytes: 17465..17501
2026-09-08T15:16:42.466836Z  WARN foundry_evm_coverage::anchors: could not find anchor item=Line (location: (source ID: 82, lines: 401..402, bytes: 17515..17537), hits: 0) err=Could not find anchor: No matching instruction in range source ID: 82, lines: 401..402, bytes: 17515..17537
2026-09-08T15:16:42.466841Z  WARN foundry_evm_coverage::anchors: could not find anchor item=Statement (location: (source ID: 82, lines: 401..402, bytes: 17515..17537), hits: 0) err=Could not find anchor: No matching instruction in range source ID: 82, lines: 401..402, bytes: 17515..17537
2026-09-08T15:16:42.466846Z  WARN foundry_evm_coverage::anchors: could not find anchor item=Line (location: (source ID: 82, lines: 402..403, bytes: 17551..17607), hits: 0) err=Could not find anchor: No matching instruction in range source ID: 82, lines: 402..403, bytes: 17551..17607
2026-09-08T15:16:42.466851Z  WARN foundry_evm_coverage::anchors: could not find anchor item=Statement (location: (source ID: 82, lines: 402..403, bytes: 17551..17607), hits: 0) err=Could not find anchor: No matching instruction in range source ID: 82, lines: 402..403, bytes: 17551..17607
2026-09-08T15:16:42.466856Z  WARN foundry_evm_coverage::anchors: could not find anchor item=Line (location: (source ID: 82, lines: 404..405, bytes: 17627..17636), hits: 0) err=Could not find anchor: No matching instruction in range source ID: 82, lines: 404..405, bytes: 17627..17636
2026-09-08T15:16:42.466861Z  WARN foundry_evm_coverage::anchors: could not find anchor item=Statement (location: (source ID: 82, lines: 404..405, bytes: 17627..17636), hits: 0) err=Could not find anchor: No matching instruction in range source ID: 82, lines: 404..405, bytes: 17627..17636
2026-09-08T15:16:42.466866Z  WARN foundry_evm_coverage::anchors: could not find anchor item=Line (location: (source ID: 82, lines: 405..406, bytes: 17646..17684), hits: 0) err=Could not find anchor: No matching instruction in range source ID: 82, lines: 405..406, bytes: 17646..17684
2026-09-08T15:16:42.466872Z  WARN foundry_evm_coverage::anchors: could not find anchor item=Statement (location: (source ID: 82, lines: 405..406, bytes: 17646..17684), hits: 0) err=Could not find anchor: No matching instruction in range source ID: 82, lines: 405..406, bytes: 17646..17684
2026-09-08T15:16:42.466877Z  WARN foundry_evm_coverage::anchors: could not find anchor item=Line (location: (source ID: 82, lines: 408..411, bytes: 17697..17800), hits: 0) err=Could not find anchor: No matching instruction in range source ID: 82, lines: 408..411, bytes: 17697..17800
2026-09-08T15:16:42.466882Z  WARN foundry_evm_coverage::anchors: could not find anchor item=Function "_requireLive" (location: (source ID: 82, lines: 408..411, bytes: 17697..17800), hits: 0) err=Could not find anchor: No matching instruction in range source ID: 82, lines: 408..411, bytes: 17697..17800
2026-09-08T15:16:42.466889Z  WARN foundry_evm_coverage::anchors: could not find anchor item=Line (location: (source ID: 82, lines: 409..410, bytes: 17748..17755), hits: 0) err=Could not find anchor: No matching instruction in range source ID: 82, lines: 409..410, bytes: 17748..17755
2026-09-08T15:16:42.466894Z  WARN foundry_evm_coverage::anchors: could not find anchor item=Statement (location: (source ID: 82, lines: 409..410, bytes: 17748..17755), hits: 0) err=Could not find anchor: No matching instruction in range source ID: 82, lines: 409..410, bytes: 17748..17755
2026-09-08T15:16:42.466899Z  WARN foundry_evm_coverage::anchors: could not find anchor item=Statement (location: (source ID: 82, lines: 409..410, bytes: 17748..17769), hits: 0) err=Could not find anchor: No matching instruction in range source ID: 82, lines: 409..410, bytes: 17748..17769
2026-09-08T15:16:42.466904Z  WARN foundry_evm_coverage::anchors: could not find anchor item=Statement (location: (source ID: 82, lines: 409..410, bytes: 17771..17793), hits: 0) err=Could not find anchor: No matching instruction in range source ID: 82, lines: 409..410, bytes: 17771..17793
2026-09-08T15:16:42.466909Z  WARN foundry_evm_coverage::anchors: could not find anchor item=Branch (branch: 44, path: 0) (location: (source ID: 82, lines: 409..410, bytes: 17771..17793), hits: 0) err=Could not find anchor: No matching instruction in range source ID: 82, lines: 409..410, bytes: 17771..17793
2026-09-08T15:16:42.466915Z  WARN foundry_evm_coverage::anchors: could not find anchor item=Line (location: (source ID: 82, lines: 412..415, bytes: 17806..17908), hits: 0) err=Could not find anchor: No matching instruction in range source ID: 82, lines: 412..415, bytes: 17806..17908
2026-09-08T15:16:42.466921Z  WARN foundry_evm_coverage::anchors: could not find anchor item=Function "_requireRefundsOpen" (location: (source ID: 82, lines: 412..415, bytes: 17806..17908), hits: 0) err=Could not find anchor: No matching instruction in range source ID: 82, lines: 412..415, bytes: 17806..17908
2026-09-08T15:16:42.466926Z  WARN foundry_evm_coverage::anchors: could not find anchor item=Line (location: (source ID: 82, lines: 413..414, bytes: 17879..17901), hits: 0) err=Could not find anchor: No matching instruction in range source ID: 82, lines: 413..414, bytes: 17879..17901
2026-09-08T15:16:42.466931Z  WARN foundry_evm_coverage::anchors: could not find anchor item=Statement (location: (source ID: 82, lines: 413..414, bytes: 17879..17901), hits: 0) err=Could not find anchor: No matching instruction in range source ID: 82, lines: 413..414, bytes: 17879..17901
2026-09-08T15:16:42.466936Z  WARN foundry_evm_coverage::anchors: could not find anchor item=Branch (branch: 45, path: 0) (location: (source ID: 82, lines: 413..414, bytes: 17879..17901), hits: 0) err=Could not find anchor: No matching instruction in range source ID: 82, lines: 413..414, bytes: 17879..17901
2026-09-08T15:16:42.466941Z  WARN foundry_evm_coverage::anchors: could not find anchor item=Line (location: (source ID: 82, lines: 416..420, bytes: 17914..18090), hits: 0) err=Could not find anchor: No matching instruction in range source ID: 82, lines: 416..420, bytes: 17914..18090
2026-09-08T15:16:42.466946Z  WARN foundry_evm_coverage::anchors: could not find anchor item=Function "_requireSettledBatch" (location: (source ID: 82, lines: 416..420, bytes: 17914..18090), hits: 0) err=Could not find anchor: No matching instruction in range source ID: 82, lines: 416..420, bytes: 17914..18090
2026-09-08T15:16:42.466951Z  WARN foundry_evm_coverage::anchors: could not find anchor item=Line (location: (source ID: 82, lines: 417..418, bytes: 17987..17995), hits: 0) err=Could not find anchor: No matching instruction in range source ID: 82, lines: 417..418, bytes: 17987..17995
2026-09-08T15:16:42.466957Z  WARN foundry_evm_coverage::anchors: could not find anchor item=Statement (location: (source ID: 82, lines: 417..418, bytes: 17987..17995), hits: 0) err=Could not find anchor: No matching instruction in range source ID: 82, lines: 417..418, bytes: 17987..17995
2026-09-08T15:16:42.466962Z  WARN foundry_evm_coverage::anchors: could not find anchor item=Statement (location: (source ID: 82, lines: 417..418, bytes: 17997..18016), hits: 0) err=Could not find anchor: No matching instruction in range source ID: 82, lines: 417..418, bytes: 17997..18016
2026-09-08T15:16:42.466967Z  WARN foundry_evm_coverage::anchors: could not find anchor item=Branch (branch: 46, path: 0) (location: (source ID: 82, lines: 417..418, bytes: 17997..18016), hits: 0) err=Could not find anchor: No matching instruction in range source ID: 82, lines: 417..418, bytes: 17997..18016
2026-09-08T15:16:42.466973Z  WARN foundry_evm_coverage::anchors: could not find anchor item=Line (location: (source ID: 82, lines: 418..419, bytes: 18030..18041), hits: 0) err=Could not find anchor: No matching instruction in range source ID: 82, lines: 418..419, bytes: 18030..18041
2026-09-08T15:16:42.466980Z  WARN foundry_evm_coverage::anchors: could not find anchor item=Statement (location: (source ID: 82, lines: 418..419, bytes: 18030..18041), hits: 0) err=Could not find anchor: No matching instruction in range source ID: 82, lines: 418..419, bytes: 18030..18041
2026-09-08T15:16:42.466985Z  WARN foundry_evm_coverage::anchors: could not find anchor item=Statement (location: (source ID: 82, lines: 418..419, bytes: 18030..18060), hits: 0) err=Could not find anchor: No matching instruction in range source ID: 82, lines: 418..419, bytes: 18030..18060
2026-09-08T15:16:42.466990Z  WARN foundry_evm_coverage::anchors: could not find anchor item=Statement (location: (source ID: 82, lines: 418..419, bytes: 18045..18060), hits: 0) err=Could not find anchor: No matching instruction in range source ID: 82, lines: 418..419, bytes: 18045..18060
2026-09-08T15:16:42.466996Z  WARN foundry_evm_coverage::anchors: could not find anchor item=Statement (location: (source ID: 82, lines: 418..419, bytes: 18062..18083), hits: 0) err=Could not find anchor: No matching instruction in range source ID: 82, lines: 418..419, bytes: 18062..18083
2026-09-08T15:16:42.467001Z  WARN foundry_evm_coverage::anchors: could not find anchor item=Branch (branch: 47, path: 0) (location: (source ID: 82, lines: 418..419, bytes: 18062..18083), hits: 0) err=Could not find anchor: No matching instruction in range source ID: 82, lines: 418..419, bytes: 18062..18083
2026-09-08T15:16:42.467007Z  WARN foundry_evm_coverage::anchors: could not find anchor item=Line (location: (source ID: 82, lines: 421..424, bytes: 18096..18236), hits: 0) err=Could not find anchor: No matching instruction in range source ID: 82, lines: 421..424, bytes: 18096..18236
2026-09-08T15:16:42.467012Z  WARN foundry_evm_coverage::anchors: could not find anchor item=Function "minimumIncrement" (location: (source ID: 82, lines: 421..424, bytes: 18096..18236), hits: 0) err=Could not find anchor: No matching instruction in range source ID: 82, lines: 421..424, bytes: 18096..18236
2026-09-08T15:16:42.467017Z  WARN foundry_evm_coverage::anchors: could not find anchor item=Line (location: (source ID: 82, lines: 422..423, bytes: 18192..18229), hits: 0) err=Could not find anchor: No matching instruction in range source ID: 82, lines: 422..423, bytes: 18192..18229
2026-09-08T15:16:42.467022Z  WARN foundry_evm_coverage::anchors: could not find anchor item=Statement (location: (source ID: 82, lines: 422..423, bytes: 18192..18229), hits: 0) err=Could not find anchor: No matching instruction in range source ID: 82, lines: 422..423, bytes: 18192..18229
2026-09-08T15:16:42.467027Z  WARN foundry_evm_coverage::anchors: could not find anchor item=Statement (location: (source ID: 82, lines: 422..423, bytes: 18199..18229), hits: 0) err=Could not find anchor: No matching instruction in range source ID: 82, lines: 422..423, bytes: 18199..18229
2026-09-08T15:16:42.467032Z  WARN foundry_evm_coverage::anchors: could not find anchor item=Line (location: (source ID: 82, lines: 426..444, bytes: 18349..18971), hits: 0) err=Could not find anchor: No matching instruction in range source ID: 82, lines: 426..444, bytes: 18349..18971
2026-09-08T15:16:42.467038Z  WARN foundry_evm_coverage::anchors: could not find anchor item=Function "_insert" (location: (source ID: 82, lines: 426..444, bytes: 18349..18971), hits: 0) err=Could not find anchor: No matching instruction in range source ID: 82, lines: 426..444, bytes: 18349..18971
2026-09-08T15:16:42.467043Z  WARN foundry_evm_coverage::anchors: could not find anchor item=Line (location: (source ID: 82, lines: 427..428, bytes: 18396..18422), hits: 0) err=Could not find anchor: No matching instruction in range source ID: 82, lines: 427..428, bytes: 18396..18422
2026-09-08T15:16:42.467048Z  WARN foundry_evm_coverage::anchors: could not find anchor item=Statement (location: (source ID: 82, lines: 427..428, bytes: 18396..18422), hits: 0) err=Could not find anchor: No matching instruction in range source ID: 82, lines: 427..428, bytes: 18396..18422
2026-09-08T15:16:42.467053Z  WARN foundry_evm_coverage::anchors: could not find anchor item=Line (location: (source ID: 82, lines: 428..429, bytes: 18432..18454), hits: 0) err=Could not find anchor: No matching instruction in range source ID: 82, lines: 428..429, bytes: 18432..18454
2026-09-08T15:16:42.467058Z  WARN foundry_evm_coverage::anchors: could not find anchor item=Statement (location: (source ID: 82, lines: 428..429, bytes: 18432..18454), hits: 0) err=Could not find anchor: No matching instruction in range source ID: 82, lines: 428..429, bytes: 18432..18454
2026-09-08T15:16:42.467063Z  WARN foundry_evm_coverage::anchors: could not find anchor item=Line (location: (source ID: 82, lines: 429..430, bytes: 18464..18480), hits: 0) err=Could not find anchor: No matching instruction in range source ID: 82, lines: 429..430, bytes: 18464..18480
2026-09-08T15:16:42.467068Z  WARN foundry_evm_coverage::anchors: could not find anchor item=Statement (location: (source ID: 82, lines: 429..430, bytes: 18464..18480), hits: 0) err=Could not find anchor: No matching instruction in range source ID: 82, lines: 429..430, bytes: 18464..18480
2026-09-08T15:16:42.467073Z  WARN foundry_evm_coverage::anchors: could not find anchor item=Line (location: (source ID: 82, lines: 430..431, bytes: 18497..18509), hits: 0) err=Could not find anchor: No matching instruction in range source ID: 82, lines: 430..431, bytes: 18497..18509
2026-09-08T15:16:42.467078Z  WARN foundry_evm_coverage::anchors: could not find anchor item=Statement (location: (source ID: 82, lines: 430..431, bytes: 18497..18509), hits: 0) err=Could not find anchor: No matching instruction in range source ID: 82, lines: 430..431, bytes: 18497..18509
2026-09-08T15:16:42.467083Z  WARN foundry_evm_coverage::anchors: could not find anchor item=Line (location: (source ID: 82, lines: 431..432, bytes: 18525..18558), hits: 0) err=Could not find anchor: No matching instruction in range source ID: 82, lines: 431..432, bytes: 18525..18558
2026-09-08T15:16:42.467089Z  WARN foundry_evm_coverage::anchors: could not find anchor item=Statement (location: (source ID: 82, lines: 431..432, bytes: 18525..18558), hits: 0) err=Could not find anchor: No matching instruction in range source ID: 82, lines: 431..432, bytes: 18525..18558
2026-09-08T15:16:42.467094Z  WARN foundry_evm_coverage::anchors: could not find anchor item=Line (location: (source ID: 82, lines: 432..433, bytes: 18576..18601), hits: 0) err=Could not find anchor: No matching instruction in range source ID: 82, lines: 432..433, bytes: 18576..18601
2026-09-08T15:16:42.467099Z  WARN foundry_evm_coverage::anchors: could not find anchor item=Statement (location: (source ID: 82, lines: 432..433, bytes: 18576..18601), hits: 0) err=Could not find anchor: No matching instruction in range source ID: 82, lines: 432..433, bytes: 18576..18601
2026-09-08T15:16:42.467104Z  WARN foundry_evm_coverage::anchors: could not find anchor item=Statement (location: (source ID: 82, lines: 432..433, bytes: 18576..18649), hits: 0) err=Could not find anchor: No matching instruction in range source ID: 82, lines: 432..433, bytes: 18576..18649
2026-09-08T15:16:42.467109Z  WARN foundry_evm_coverage::anchors: could not find anchor item=Statement (location: (source ID: 82, lines: 432..433, bytes: 18651..18656), hits: 0) err=Could not find anchor: No matching instruction in range source ID: 82, lines: 432..433, bytes: 18651..18656
2026-09-08T15:16:42.467114Z  WARN foundry_evm_coverage::anchors: could not find anchor item=Branch (branch: 48, path: 0) (location: (source ID: 82, lines: 432..433, bytes: 18651..18656), hits: 0) err=Could not find anchor: No matching instruction in range source ID: 82, lines: 432..433, bytes: 18651..18656
2026-09-08T15:16:42.467120Z  WARN foundry_evm_coverage::anchors: could not find anchor item=Line (location: (source ID: 82, lines: 433..434, bytes: 18670..18688), hits: 0) err=Could not find anchor: No matching instruction in range source ID: 82, lines: 433..434, bytes: 18670..18688
2026-09-08T15:16:42.467125Z  WARN foundry_evm_coverage::anchors: could not find anchor item=Statement (location: (source ID: 82, lines: 433..434, bytes: 18670..18688), hits: 0) err=Could not find anchor: No matching instruction in range source ID: 82, lines: 433..434, bytes: 18670..18688
2026-09-08T15:16:42.467130Z  WARN foundry_evm_coverage::anchors: could not find anchor item=Line (location: (source ID: 82, lines: 434..435, bytes: 18702..18722), hits: 0) err=Could not find anchor: No matching instruction in range source ID: 82, lines: 434..435, bytes: 18702..18722
2026-09-08T15:16:42.467135Z  WARN foundry_evm_coverage::anchors: could not find anchor item=Statement (location: (source ID: 82, lines: 434..435, bytes: 18702..18722), hits: 0) err=Could not find anchor: No matching instruction in range source ID: 82, lines: 434..435, bytes: 18702..18722
2026-09-08T15:16:42.467140Z  WARN foundry_evm_coverage::anchors: could not find anchor item=Line (location: (source ID: 82, lines: 436..437, bytes: 18742..18761), hits: 0) err=Could not find anchor: No matching instruction in range source ID: 82, lines: 436..437, bytes: 18742..18761
2026-09-08T15:16:42.467145Z  WARN foundry_evm_coverage::anchors: could not find anchor item=Statement (location: (source ID: 82, lines: 436..437, bytes: 18742..18761), hits: 0) err=Could not find anchor: No matching instruction in range source ID: 82, lines: 436..437, bytes: 18742..18761
2026-09-08T15:16:42.467150Z  WARN foundry_evm_coverage::anchors: could not find anchor item=Line (location: (source ID: 82, lines: 437..438, bytes: 18771..18789), hits: 0) err=Could not find anchor: No matching instruction in range source ID: 82, lines: 437..438, bytes: 18771..18789
2026-09-08T15:16:42.467155Z  WARN foundry_evm_coverage::anchors: could not find anchor item=Statement (location: (source ID: 82, lines: 437..438, bytes: 18771..18789), hits: 0) err=Could not find anchor: No matching instruction in range source ID: 82, lines: 437..438, bytes: 18771..18789
2026-09-08T15:16:42.467160Z  WARN foundry_evm_coverage::anchors: could not find anchor item=Line (location: (source ID: 82, lines: 438..439, bytes: 18803..18816), hits: 0) err=Could not find anchor: No matching instruction in range source ID: 82, lines: 438..439, bytes: 18803..18816
2026-09-08T15:16:42.467165Z  WARN foundry_evm_coverage::anchors: could not find anchor item=Statement (location: (source ID: 82, lines: 438..439, bytes: 18803..18816), hits: 0) err=Could not find anchor: No matching instruction in range source ID: 82, lines: 438..439, bytes: 18803..18816
2026-09-08T15:16:42.467170Z  WARN foundry_evm_coverage::anchors: could not find anchor item=Statement (location: (source ID: 82, lines: 438..439, bytes: 18818..18827), hits: 0) err=Could not find anchor: No matching instruction in range source ID: 82, lines: 438..439, bytes: 18818..18827
2026-09-08T15:16:42.467175Z  WARN foundry_evm_coverage::anchors: could not find anchor item=Branch (branch: 49, path: 0) (location: (source ID: 82, lines: 438..439, bytes: 18818..18827), hits: 0) err=Could not find anchor: No matching instruction in range source ID: 82, lines: 438..439, bytes: 18818..18827
2026-09-08T15:16:42.467193Z  WARN foundry_evm_coverage::anchors: could not find anchor item=Branch (branch: 49, path: 1) (location: (source ID: 82, lines: 438..440, bytes: 18799..18866), hits: 0) err=Could not detect branches in source: source ID: 82, lines: 438..440, bytes: 18799..18866
2026-09-08T15:16:42.467198Z  WARN foundry_evm_coverage::anchors: could not find anchor item=Line (location: (source ID: 82, lines: 439..440, bytes: 18842..18866), hits: 0) err=Could not find anchor: No matching instruction in range source ID: 82, lines: 439..440, bytes: 18842..18866
2026-09-08T15:16:42.467204Z  WARN foundry_evm_coverage::anchors: could not find anchor item=Statement (location: (source ID: 82, lines: 439..440, bytes: 18842..18866), hits: 0) err=Could not find anchor: No matching instruction in range source ID: 82, lines: 439..440, bytes: 18842..18866
2026-09-08T15:16:42.467209Z  WARN foundry_evm_coverage::anchors: could not find anchor item=Line (location: (source ID: 82, lines: 440..441, bytes: 18880..18892), hits: 0) err=Could not find anchor: No matching instruction in range source ID: 82, lines: 440..441, bytes: 18880..18892
2026-09-08T15:16:42.467214Z  WARN foundry_evm_coverage::anchors: could not find anchor item=Statement (location: (source ID: 82, lines: 440..441, bytes: 18880..18892), hits: 0) err=Could not find anchor: No matching instruction in range source ID: 82, lines: 440..441, bytes: 18880..18892
2026-09-08T15:16:42.467219Z  WARN foundry_evm_coverage::anchors: could not find anchor item=Statement (location: (source ID: 82, lines: 440..441, bytes: 18894..18903), hits: 0) err=Could not find anchor: No matching instruction in range source ID: 82, lines: 440..441, bytes: 18894..18903
2026-09-08T15:16:42.467224Z  WARN foundry_evm_coverage::anchors: could not find anchor item=Branch (branch: 50, path: 0) (location: (source ID: 82, lines: 440..441, bytes: 18894..18903), hits: 0) err=Could not find anchor: No matching instruction in range source ID: 82, lines: 440..441, bytes: 18894..18903
2026-09-08T15:16:42.467239Z  WARN foundry_evm_coverage::anchors: could not find anchor item=Branch (branch: 50, path: 1) (location: (source ID: 82, lines: 440..442, bytes: 18876..18941), hits: 0) err=Could not detect branches in source: source ID: 82, lines: 440..442, bytes: 18876..18941
2026-09-08T15:16:42.467244Z  WARN foundry_evm_coverage::anchors: could not find anchor item=Line (location: (source ID: 82, lines: 441..442, bytes: 18918..18941), hits: 0) err=Could not find anchor: No matching instruction in range source ID: 82, lines: 441..442, bytes: 18918..18941
2026-09-08T15:16:42.467249Z  WARN foundry_evm_coverage::anchors: could not find anchor item=Statement (location: (source ID: 82, lines: 441..442, bytes: 18918..18941), hits: 0) err=Could not find anchor: No matching instruction in range source ID: 82, lines: 441..442, bytes: 18918..18941
2026-09-08T15:16:42.467254Z  WARN foundry_evm_coverage::anchors: could not find anchor item=Line (location: (source ID: 82, lines: 442..443, bytes: 18951..18964), hits: 0) err=Could not find anchor: No matching instruction in range source ID: 82, lines: 442..443, bytes: 18951..18964
2026-09-08T15:16:42.467260Z  WARN foundry_evm_coverage::anchors: could not find anchor item=Statement (location: (source ID: 82, lines: 442..443, bytes: 18951..18964), hits: 0) err=Could not find anchor: No matching instruction in range source ID: 82, lines: 442..443, bytes: 18951..18964
2026-09-08T15:16:42.467265Z  WARN foundry_evm_coverage::anchors: could not find anchor item=Line (location: (source ID: 82, lines: 445..455, bytes: 18977..19302), hits: 0) err=Could not find anchor: No matching instruction in range source ID: 82, lines: 445..455, bytes: 18977..19302
2026-09-08T15:16:42.467270Z  WARN foundry_evm_coverage::anchors: could not find anchor item=Function "_unlink" (location: (source ID: 82, lines: 445..455, bytes: 18977..19302), hits: 0) err=Could not find anchor: No matching instruction in range source ID: 82, lines: 445..455, bytes: 18977..19302
2026-09-08T15:16:42.467275Z  WARN foundry_evm_coverage::anchors: could not find anchor item=Line (location: (source ID: 82, lines: 446..447, bytes: 19024..19050), hits: 0) err=Could not find anchor: No matching instruction in range source ID: 82, lines: 446..447, bytes: 19024..19050
2026-09-08T15:16:42.467280Z  WARN foundry_evm_coverage::anchors: could not find anchor item=Statement (location: (source ID: 82, lines: 446..447, bytes: 19024..19050), hits: 0) err=Could not find anchor: No matching instruction in range source ID: 82, lines: 446..447, bytes: 19024..19050
2026-09-08T15:16:42.467285Z  WARN foundry_evm_coverage::anchors: could not find anchor item=Line (location: (source ID: 82, lines: 447..448, bytes: 19064..19077), hits: 0) err=Could not find anchor: No matching instruction in range source ID: 82, lines: 447..448, bytes: 19064..19077
2026-09-08T15:16:42.467290Z  WARN foundry_evm_coverage::anchors: could not find anchor item=Statement (location: (source ID: 82, lines: 447..448, bytes: 19064..19077), hits: 0) err=Could not find anchor: No matching instruction in range source ID: 82, lines: 447..448, bytes: 19064..19077
2026-09-08T15:16:42.467297Z  WARN foundry_evm_coverage::anchors: could not find anchor item=Statement (location: (source ID: 82, lines: 447..448, bytes: 19079..19094), hits: 0) err=Could not find anchor: No matching instruction in range source ID: 82, lines: 447..448, bytes: 19079..19094
2026-09-08T15:16:42.467302Z  WARN foundry_evm_coverage::anchors: could not find anchor item=Branch (branch: 51, path: 0) (location: (source ID: 82, lines: 447..448, bytes: 19079..19094), hits: 0) err=Could not find anchor: No matching instruction in range source ID: 82, lines: 447..448, bytes: 19079..19094
2026-09-08T15:16:42.467317Z  WARN foundry_evm_coverage::anchors: could not find anchor item=Branch (branch: 51, path: 1) (location: (source ID: 82, lines: 447..449, bytes: 19060..19139), hits: 0) err=Could not detect branches in source: source ID: 82, lines: 447..449, bytes: 19060..19139
2026-09-08T15:16:42.467323Z  WARN foundry_evm_coverage::anchors: could not find anchor item=Line (location: (source ID: 82, lines: 448..449, bytes: 19109..19139), hits: 0) err=Could not find anchor: No matching instruction in range source ID: 82, lines: 448..449, bytes: 19109..19139
2026-09-08T15:16:42.467328Z  WARN foundry_evm_coverage::anchors: could not find anchor item=Statement (location: (source ID: 82, lines: 448..449, bytes: 19109..19139), hits: 0) err=Could not find anchor: No matching instruction in range source ID: 82, lines: 448..449, bytes: 19109..19139
2026-09-08T15:16:42.467333Z  WARN foundry_evm_coverage::anchors: could not find anchor item=Line (location: (source ID: 82, lines: 449..450, bytes: 19153..19166), hits: 0) err=Could not find anchor: No matching instruction in range source ID: 82, lines: 449..450, bytes: 19153..19166
2026-09-08T15:16:42.467338Z  WARN foundry_evm_coverage::anchors: could not find anchor item=Statement (location: (source ID: 82, lines: 449..450, bytes: 19153..19166), hits: 0) err=Could not find anchor: No matching instruction in range source ID: 82, lines: 449..450, bytes: 19153..19166
2026-09-08T15:16:42.467343Z  WARN foundry_evm_coverage::anchors: could not find anchor item=Statement (location: (source ID: 82, lines: 449..450, bytes: 19168..19183), hits: 0) err=Could not find anchor: No matching instruction in range source ID: 82, lines: 449..450, bytes: 19168..19183
2026-09-08T15:16:42.467348Z  WARN foundry_evm_coverage::anchors: could not find anchor item=Branch (branch: 52, path: 0) (location: (source ID: 82, lines: 449..450, bytes: 19168..19183), hits: 0) err=Could not find anchor: No matching instruction in range source ID: 82, lines: 449..450, bytes: 19168..19183
2026-09-08T15:16:42.467363Z  WARN foundry_evm_coverage::anchors: could not find anchor item=Branch (branch: 52, path: 1) (location: (source ID: 82, lines: 449..451, bytes: 19149..19228), hits: 0) err=Could not detect branches in source: source ID: 82, lines: 449..451, bytes: 19149..19228
2026-09-08T15:16:42.467368Z  WARN foundry_evm_coverage::anchors: could not find anchor item=Line (location: (source ID: 82, lines: 450..451, bytes: 19198..19228), hits: 0) err=Could not find anchor: No matching instruction in range source ID: 82, lines: 450..451, bytes: 19198..19228
2026-09-08T15:16:42.467373Z  WARN foundry_evm_coverage::anchors: could not find anchor item=Statement (location: (source ID: 82, lines: 450..451, bytes: 19198..19228), hits: 0) err=Could not find anchor: No matching instruction in range source ID: 82, lines: 450..451, bytes: 19198..19228
2026-09-08T15:16:42.467378Z  WARN foundry_evm_coverage::anchors: could not find anchor item=Line (location: (source ID: 82, lines: 451..452, bytes: 19238..19250), hits: 0) err=Could not find anchor: No matching instruction in range source ID: 82, lines: 451..452, bytes: 19238..19250
2026-09-08T15:16:42.467383Z  WARN foundry_evm_coverage::anchors: could not find anchor item=Statement (location: (source ID: 82, lines: 451..452, bytes: 19238..19250), hits: 0) err=Could not find anchor: No matching instruction in range source ID: 82, lines: 451..452, bytes: 19238..19250
2026-09-08T15:16:42.467407Z  WARN foundry_evm_coverage::anchors: could not find anchor item=Line (location: (source ID: 82, lines: 452..453, bytes: 19260..19272), hits: 0) err=Could not find anchor: No matching instruction in range source ID: 82, lines: 452..453, bytes: 19260..19272
2026-09-08T15:16:42.467412Z  WARN foundry_evm_coverage::anchors: could not find anchor item=Statement (location: (source ID: 82, lines: 452..453, bytes: 19260..19272), hits: 0) err=Could not find anchor: No matching instruction in range source ID: 82, lines: 452..453, bytes: 19260..19272
2026-09-08T15:16:42.467417Z  WARN foundry_evm_coverage::anchors: could not find anchor item=Line (location: (source ID: 82, lines: 453..454, bytes: 19282..19295), hits: 0) err=Could not find anchor: No matching instruction in range source ID: 82, lines: 453..454, bytes: 19282..19295
2026-09-08T15:16:42.467423Z  WARN foundry_evm_coverage::anchors: could not find anchor item=Statement (location: (source ID: 82, lines: 453..454, bytes: 19282..19295), hits: 0) err=Could not find anchor: No matching instruction in range source ID: 82, lines: 453..454, bytes: 19282..19295
2026-09-08T15:16:42.467428Z  WARN foundry_evm_coverage::anchors: could not find anchor item=Line (location: (source ID: 82, lines: 456..461, bytes: 19308..19502), hits: 0) err=Could not find anchor: No matching instruction in range source ID: 82, lines: 456..461, bytes: 19308..19502
2026-09-08T15:16:42.467433Z  WARN foundry_evm_coverage::anchors: could not find anchor item=Function "_extend" (location: (source ID: 82, lines: 456..461, bytes: 19308..19502), hits: 0) err=Could not find anchor: No matching instruction in range source ID: 82, lines: 456..461, bytes: 19308..19502
2026-09-08T15:16:42.467438Z  WARN foundry_evm_coverage::anchors: could not find anchor item=Line (location: (source ID: 82, lines: 457..458, bytes: 19349..19374), hits: 0) err=Could not find anchor: No matching instruction in range source ID: 82, lines: 457..458, bytes: 19349..19374
2026-09-08T15:16:42.467443Z  WARN foundry_evm_coverage::anchors: could not find anchor item=Statement (location: (source ID: 82, lines: 457..458, bytes: 19349..19374), hits: 0) err=Could not find anchor: No matching instruction in range source ID: 82, lines: 457..458, bytes: 19349..19374
2026-09-08T15:16:42.467449Z  WARN foundry_evm_coverage::anchors: could not find anchor item=Statement (location: (source ID: 82, lines: 457..458, bytes: 19349..19394), hits: 0) err=Could not find anchor: No matching instruction in range source ID: 82, lines: 457..458, bytes: 19349..19394
2026-09-08T15:16:42.467454Z  WARN foundry_evm_coverage::anchors: could not find anchor item=Statement (location: (source ID: 82, lines: 457..458, bytes: 19396..19402), hits: 0) err=Could not find anchor: No matching instruction in range source ID: 82, lines: 457..458, bytes: 19396..19402
2026-09-08T15:16:42.467459Z  WARN foundry_evm_coverage::anchors: could not find anchor item=Branch (branch: 53, path: 0) (location: (source ID: 82, lines: 457..458, bytes: 19396..19402), hits: 0) err=Could not find anchor: No matching instruction in range source ID: 82, lines: 457..458, bytes: 19396..19402
2026-09-08T15:16:42.467464Z  WARN foundry_evm_coverage::anchors: could not find anchor item=Line (location: (source ID: 82, lines: 458..459, bytes: 19412..19456), hits: 0) err=Could not find anchor: No matching instruction in range source ID: 82, lines: 458..459, bytes: 19412..19456
2026-09-08T15:16:42.467469Z  WARN foundry_evm_coverage::anchors: could not find anchor item=Statement (location: (source ID: 82, lines: 458..459, bytes: 19412..19456), hits: 0) err=Could not find anchor: No matching instruction in range source ID: 82, lines: 458..459, bytes: 19412..19456
2026-09-08T15:16:42.467475Z  WARN foundry_evm_coverage::anchors: could not find anchor item=Line (location: (source ID: 82, lines: 459..460, bytes: 19466..19495), hits: 0) err=Could not find anchor: No matching instruction in range source ID: 82, lines: 459..460, bytes: 19466..19495
2026-09-08T15:16:42.467480Z  WARN foundry_evm_coverage::anchors: could not find anchor item=Statement (location: (source ID: 82, lines: 459..460, bytes: 19466..19495), hits: 0) err=Could not find anchor: No matching instruction in range source ID: 82, lines: 459..460, bytes: 19466..19495
2026-09-08T15:16:42.467494Z  WARN foundry_evm_coverage::anchors: could not find anchor item=Line (location: (source ID: 82, lines: 469..475, bytes: 19784..20114), hits: 0) err=Could not find anchor: No matching instruction in range source ID: 82, lines: 469..475, bytes: 19784..20114
2026-09-08T15:16:42.467499Z  WARN foundry_evm_coverage::anchors: could not find anchor item=Function "_send" (location: (source ID: 82, lines: 469..475, bytes: 19784..20114), hits: 0) err=Could not find anchor: No matching instruction in range source ID: 82, lines: 469..475, bytes: 19784..20114
2026-09-08T15:16:42.467504Z  WARN foundry_evm_coverage::anchors: could not find anchor item=Line (location: (source ID: 82, lines: 470..471, bytes: 19864..19887), hits: 0) err=Could not find anchor: No matching instruction in range source ID: 82, lines: 470..471, bytes: 19864..19887
2026-09-08T15:16:42.467511Z  WARN foundry_evm_coverage::anchors: could not find anchor item=Statement (location: (source ID: 82, lines: 470..471, bytes: 19864..19887), hits: 0) err=Could not find anchor: No matching instruction in range source ID: 82, lines: 470..471, bytes: 19864..19887
2026-09-08T15:16:42.467516Z  WARN foundry_evm_coverage::anchors: could not find anchor item=Statement (location: (source ID: 82, lines: 470..471, bytes: 19864..19917), hits: 0) err=Could not find anchor: No matching instruction in range source ID: 82, lines: 470..471, bytes: 19864..19917
2026-09-08T15:16:42.467521Z  WARN foundry_evm_coverage::anchors: could not find anchor item=Statement (location: (source ID: 82, lines: 470..471, bytes: 19891..19917), hits: 0) err=Could not find anchor: No matching instruction in range source ID: 82, lines: 470..471, bytes: 19891..19917
2026-09-08T15:16:42.467526Z  WARN foundry_evm_coverage::anchors: could not find anchor item=Statement (location: (source ID: 82, lines: 470..471, bytes: 19919..19944), hits: 0) err=Could not find anchor: No matching instruction in range source ID: 82, lines: 470..471, bytes: 19919..19944
2026-09-08T15:16:42.467531Z  WARN foundry_evm_coverage::anchors: could not find anchor item=Branch (branch: 55, path: 0) (location: (source ID: 82, lines: 470..471, bytes: 19919..19944), hits: 0) err=Could not find anchor: No matching instruction in range source ID: 82, lines: 470..471, bytes: 19919..19944
2026-09-08T15:16:42.467537Z  WARN foundry_evm_coverage::anchors: could not find anchor item=Line (location: (source ID: 82, lines: 471..472, bytes: 19958..19969), hits: 0) err=Could not find anchor: No matching instruction in range source ID: 82, lines: 471..472, bytes: 19958..19969
2026-09-08T15:16:42.467542Z  WARN foundry_evm_coverage::anchors: could not find anchor item=Statement (location: (source ID: 82, lines: 471..472, bytes: 19958..19969), hits: 0) err=Could not find anchor: No matching instruction in range source ID: 82, lines: 471..472, bytes: 19958..19969
2026-09-08T15:16:42.467547Z  WARN foundry_evm_coverage::anchors: could not find anchor item=Statement (location: (source ID: 82, lines: 471..472, bytes: 19971..19997), hits: 0) err=Could not find anchor: No matching instruction in range source ID: 82, lines: 471..472, bytes: 19971..19997
2026-09-08T15:16:42.467552Z  WARN foundry_evm_coverage::anchors: could not find anchor item=Branch (branch: 56, path: 0) (location: (source ID: 82, lines: 471..472, bytes: 19971..19997), hits: 0) err=Could not find anchor: No matching instruction in range source ID: 82, lines: 471..472, bytes: 19971..19997
2026-09-08T15:16:42.467557Z  WARN foundry_evm_coverage::anchors: could not find anchor item=Line (location: (source ID: 82, lines: 472..473, bytes: 20007..20060), hits: 0) err=Could not find anchor: No matching instruction in range source ID: 82, lines: 472..473, bytes: 20007..20060
2026-09-08T15:16:42.467562Z  WARN foundry_evm_coverage::anchors: could not find anchor item=Statement (location: (source ID: 82, lines: 472..473, bytes: 20007..20060), hits: 0) err=Could not find anchor: No matching instruction in range source ID: 82, lines: 472..473, bytes: 20007..20060
2026-09-08T15:16:42.467567Z  WARN foundry_evm_coverage::anchors: could not find anchor item=Statement (location: (source ID: 82, lines: 472..473, bytes: 20025..20060), hits: 0) err=Could not find anchor: No matching instruction in range source ID: 82, lines: 472..473, bytes: 20025..20060
2026-09-08T15:16:42.467573Z  WARN foundry_evm_coverage::anchors: could not find anchor item=Line (location: (source ID: 82, lines: 473..474, bytes: 20074..20082), hits: 0) err=Could not find anchor: No matching instruction in range source ID: 82, lines: 473..474, bytes: 20074..20082
2026-09-08T15:16:42.467578Z  WARN foundry_evm_coverage::anchors: could not find anchor item=Statement (location: (source ID: 82, lines: 473..474, bytes: 20074..20082), hits: 0) err=Could not find anchor: No matching instruction in range source ID: 82, lines: 473..474, bytes: 20074..20082
2026-09-08T15:16:42.467582Z  WARN foundry_evm_coverage::anchors: could not find anchor item=Statement (location: (source ID: 82, lines: 473..474, bytes: 20084..20107), hits: 0) err=Could not find anchor: No matching instruction in range source ID: 82, lines: 473..474, bytes: 20084..20107
2026-09-08T15:16:42.467587Z  WARN foundry_evm_coverage::anchors: could not find anchor item=Branch (branch: 57, path: 0) (location: (source ID: 82, lines: 473..474, bytes: 20084..20107), hits: 0) err=Could not find anchor: No matching instruction in range source ID: 82, lines: 473..474, bytes: 20084..20107
2026-09-08T15:16:42.467613Z  WARN foundry_evm_coverage::anchors: could not find anchor item=Line (location: (source ID: 82, lines: 112..123, bytes: 4250..4819), hits: 0) err=Could not find anchor: No matching instruction in range source ID: 82, lines: 112..123, bytes: 4250..4819
2026-09-08T15:16:42.467634Z  WARN foundry_evm_coverage::anchors: could not find anchor item=Function "constructor" (location: (source ID: 82, lines: 112..123, bytes: 4250..4819), hits: 0) err=Could not find anchor: No matching instruction in range source ID: 82, lines: 112..123, bytes: 4250..4819
2026-09-08T15:16:42.467654Z  WARN foundry_evm_coverage::anchors: could not find anchor item=Line (location: (source ID: 82, lines: 113..114, bytes: 4298..4322), hits: 0) err=Could not find anchor: No matching instruction in range source ID: 82, lines: 113..114, bytes: 4298..4322
2026-09-08T15:16:42.467674Z  WARN foundry_evm_coverage::anchors: could not find anchor item=Statement (location: (source ID: 82, lines: 113..114, bytes: 4298..4322), hits: 0) err=Could not find anchor: No matching instruction in range source ID: 82, lines: 113..114, bytes: 4298..4322
2026-09-08T15:16:42.467693Z  WARN foundry_evm_coverage::anchors: could not find anchor item=Statement (location: (source ID: 82, lines: 113..114, bytes: 4298..4361), hits: 0) err=Could not find anchor: No matching instruction in range source ID: 82, lines: 113..114, bytes: 4298..4361
2026-09-08T15:16:42.467713Z  WARN foundry_evm_coverage::anchors: could not find anchor item=Statement (location: (source ID: 82, lines: 113..114, bytes: 4326..4361), hits: 0) err=Could not find anchor: No matching instruction in range source ID: 82, lines: 113..114, bytes: 4326..4361
2026-09-08T15:16:42.467733Z  WARN foundry_evm_coverage::anchors: could not find anchor item=Statement (location: (source ID: 82, lines: 113..114, bytes: 4363..4392), hits: 0) err=Could not find anchor: No matching instruction in range source ID: 82, lines: 113..114, bytes: 4363..4392
2026-09-08T15:16:42.467753Z  WARN foundry_evm_coverage::anchors: could not find anchor item=Branch (branch: 0, path: 0) (location: (source ID: 82, lines: 113..114, bytes: 4363..4392), hits: 0) err=Could not find anchor: No matching instruction in range source ID: 82, lines: 113..114, bytes: 4363..4392
2026-09-08T15:16:42.467774Z  WARN foundry_evm_coverage::anchors: could not find anchor item=Line (location: (source ID: 82, lines: 114..115, bytes: 4402..4436), hits: 0) err=Could not find anchor: No matching instruction in range source ID: 82, lines: 114..115, bytes: 4402..4436
2026-09-08T15:16:42.467807Z  WARN foundry_evm_coverage::anchors: could not find anchor item=Statement (location: (source ID: 82, lines: 114..115, bytes: 4402..4436), hits: 0) err=Could not find anchor: No matching instruction in range source ID: 82, lines: 114..115, bytes: 4402..4436
2026-09-08T15:16:42.467855Z  WARN foundry_evm_coverage::anchors: could not find anchor item=Line (location: (source ID: 82, lines: 115..116, bytes: 4446..4480), hits: 0) err=Could not find anchor: No matching instruction in range source ID: 82, lines: 115..116, bytes: 4446..4480
2026-09-08T15:16:42.467880Z  WARN foundry_evm_coverage::anchors: could not find anchor item=Statement (location: (source ID: 82, lines: 115..116, bytes: 4446..4480), hits: 0) err=Could not find anchor: No matching instruction in range source ID: 82, lines: 115..116, bytes: 4446..4480
2026-09-08T15:16:42.467900Z  WARN foundry_evm_coverage::anchors: could not find anchor item=Line (location: (source ID: 82, lines: 116..117, bytes: 4490..4518), hits: 0) err=Could not find anchor: No matching instruction in range source ID: 82, lines: 116..117, bytes: 4490..4518
2026-09-08T15:16:42.467919Z  WARN foundry_evm_coverage::anchors: could not find anchor item=Statement (location: (source ID: 82, lines: 116..117, bytes: 4490..4518), hits: 0) err=Could not find anchor: No matching instruction in range source ID: 82, lines: 116..117, bytes: 4490..4518
2026-09-08T15:16:42.467938Z  WARN foundry_evm_coverage::anchors: could not find anchor item=Line (location: (source ID: 82, lines: 117..118, bytes: 4528..4589), hits: 0) err=Could not find anchor: No matching instruction in range source ID: 82, lines: 117..118, bytes: 4528..4589
2026-09-08T15:16:42.467968Z  WARN foundry_evm_coverage::anchors: could not find anchor item=Statement (location: (source ID: 82, lines: 117..118, bytes: 4528..4589), hits: 0) err=Could not find anchor: No matching instruction in range source ID: 82, lines: 117..118, bytes: 4528..4589
2026-09-08T15:16:42.467988Z  WARN foundry_evm_coverage::anchors: could not find anchor item=Line (location: (source ID: 82, lines: 118..119, bytes: 4599..4623), hits: 0) err=Could not find anchor: No matching instruction in range source ID: 82, lines: 118..119, bytes: 4599..4623
2026-09-08T15:16:42.468008Z  WARN foundry_evm_coverage::anchors: could not find anchor item=Statement (location: (source ID: 82, lines: 118..119, bytes: 4599..4623), hits: 0) err=Could not find anchor: No matching instruction in range source ID: 82, lines: 118..119, bytes: 4599..4623
2026-09-08T15:16:42.468028Z  WARN foundry_evm_coverage::anchors: could not find anchor item=Line (location: (source ID: 82, lines: 119..121, bytes: 4633..4760), hits: 0) err=Could not find anchor: No matching instruction in range source ID: 82, lines: 119..121, bytes: 4633..4760
2026-09-08T15:16:42.468047Z  WARN foundry_evm_coverage::anchors: could not find anchor item=Statement (location: (source ID: 82, lines: 119..121, bytes: 4633..4760), hits: 0) err=Could not find anchor: No matching instruction in range source ID: 82, lines: 119..121, bytes: 4633..4760
2026-09-08T15:16:42.468065Z  WARN foundry_evm_coverage::anchors: could not find anchor item=Line (location: (source ID: 82, lines: 121..122, bytes: 4770..4812), hits: 0) err=Could not find anchor: No matching instruction in range source ID: 82, lines: 121..122, bytes: 4770..4812
2026-09-08T15:16:42.468084Z  WARN foundry_evm_coverage::anchors: could not find anchor item=Statement (location: (source ID: 82, lines: 121..122, bytes: 4770..4812), hits: 0) err=Could not find anchor: No matching instruction in range source ID: 82, lines: 121..122, bytes: 4770..4812
Running tests...

Ran 1 test for test/FullAuditReview.t.sol:DeploymentRoyaltyAuditTest
[PASS] testDeploymentRejectsRateThatTradingSetupCannotAccept() (gas: 13515218)
Suite result: ok. 1 passed; 0 failed; 0 skipped; finished in 7.62ms (905.67µs CPU time)

Ran 6 tests for test/Deployment.t.sol:DeploymentTest
[PASS] testChainMismatchAndUnsupportedNetwork() (gas: 54575)
[PASS] testDeploymentRunLoadsEnvironmentAndBindsAllContracts() (gas: 10668278)
[PASS] testLeadTimeAndFixed48HourDuration() (gas: 10643950)
[PASS] testNoSilentNumericTruncation() (gas: 86310)
[PASS] testRejectsZeroPayoutAndEmptyMetadata() (gas: 91016)
[PASS] testValidatesDeploymentConfiguration() (gas: 34883)
Suite result: ok. 6 passed; 0 failed; 0 skipped; finished in 29.46ms (12.25ms CPU time)

Ran 3 tests for test/Metadata.t.sol:MetadataTest
[PASS] testBaseEndpointMustEndWithSlash() (gas: 10877065)
[PASS] testDistinctOffchainEndpointsForAuctionAndReservedNfts() (gas: 3031882)
[PASS] testNoOnchainRevealAuthority() (gas: 3023623)
Suite result: ok. 3 passed; 0 failed; 0 skipped; finished in 37.97ms (20.13ms CPU time)

Ran 11 tests for test/AdminFeatures.t.sol:AdminFeaturesTest
[PASS] testMetadataAuthorizationValidationAndWalletRotation() (gas: 114582)
[PASS] testMetadataUpdateChangesAllMintedAndFutureEndpointsAndEmitsRefresh() (gas: 3079069)
[PASS] testOwnCollectionCannotBeRescuedOrBypassRoyalties() (gas: 3108002)
[PASS] testRejectInvalidTokenRecipientAndAmount() (gas: 1068862)
[PASS] testRejectedRescuePreservesForeignBalancesAndCannotTakeThirdPartyNFT() (gas: 4562309)
[PASS] testRescueAllThreeTokenTypesFromAllThreeContracts() (gas: 4625503)
[PASS] testRescueAuthorityFollowsAcceptedWalletForEveryContractAndTokenType() (gas: 4720897)
[PASS] testRescueCannotReenterAnyContractEvenWhenRecipientIsAdmin() (gas: 3036970)
[PASS] testRescueFunctionsRejectEthPayments() (gas: 101257)
[PASS] testRescueLeavesEthAndAuctionRefundAccountingUntouched() (gas: 1426561)
[PASS] testSafeERC20SupportsNoReturnAndRejectsFalseReturn() (gas: 399464)
Suite result: ok. 11 passed; 0 failed; 0 skipped; finished in 78.85ms (65.37ms CPU time)

Ran 15 tests for test/MutationBehavior.t.sol:MutationBehaviorTest
[PASS] testBiddingRemainsOpenAtHour47() (gas: 409150)
[PASS] testFormerSellerCannotCancelCurrentOwnersResale() (gas: 501067)
[PASS] testFreePurchaseCannotSpendExistingSellerProceeds() (gas: 3416253)
[PASS] testInsufficientTopUpCannotChangeRankOrDelayClosing() (gas: 15297981)
[PASS] testInvalidNomineeCannotEraseUsablePayoutReplacement() (gas: 332283)
[PASS] testMintReceiverCannotMintAnUnallocatedAuctionToken() (gas: 1596662)
[PASS] testNewBidRoundsFivePercentUpBeforeDisplacingWeiPricedTail() (gas: 25976259)
[PASS] testPurchasedNftApprovalDoesNotBypassRegistryAndClearsAfterResale() (gas: 516914)
[PASS] testPurchasedNftRequiresAnotherRoyaltyPayingSaleToTransferAgain() (gas: 509966)
[PASS] testRankIncreaseAcrossUint64BoundaryPreservesBiddingAndSettlement() (gas: 11066890)
[PASS] testRankIncreasesKeepAuctionLiveBeyond24HourExtension() (gas: 8147606)
[PASS] testRefundCreditDoesNotAuthorizeForcedBatchMint() (gas: 741802)
[PASS] testSellerCannotWithdrawTwiceUsingAnotherSellersBalance() (gas: 508850)
[PASS] testSettlementCannotReleaseFundsAtHour24() (gas: 306443)
[PASS] testStandaloneEditionRequiresSeparatorForMintedTokenEndpoints() (gas: 6608788)
Suite result: ok. 15 passed; 0 failed; 0 skipped; finished in 202.02ms (196.41ms CPU time)

Ran 18 tests for test/OpenSeaIntegration.t.sol:OpenSeaIntegrationTest
[PASS] testActualOpenSeaConduitPaysTenPercent() (gas: 360948)
[PASS] testActualSeaportAndSignedZonePayTenPercentAndClearAuthorization() (gas: 348659)
[PASS] testActualSeaportERC20OfferAcceptancePaysTenPercent() (gas: 1125238)
[PASS] testConduitApprovalAloneCannotBypassRoyalties() (gas: 216464)
[PASS] testConfigurationRejectsMissingRegistryAndUnauthorizedCaller() (gas: 50358)
[PASS] testCreatorTokenInterfacesAndStrictRegistryConfiguration() (gas: 69514)
[PASS] testFilledSeaportOrderCannotReplay() (gas: 315449)
[PASS] testMissingFakeExpiredAndWrongFulfillerSignaturesFail() (gas: 266567)
[PASS] testOpenSeaConduitWorksWithInertAutoApprovalFlagEnabled() (gas: 371749)
[PASS] testOpenSeaERC20OfferWorksWithInertAutoApprovalFlagEnabled() (gas: 1142926)
[PASS] testOpenSeaTransferInvalidatesExistingLocalListing() (gas: 573224)
[PASS] testOrdinarySeaportOrderCannotBypassRoyalties() (gas: 128758)
[PASS] testOtherCompatibleMarketplaceTradesWithoutCustomMarket() (gas: 836488)
[PASS] testRemovingRoyaltyCannotReuseZoneAuthorization() (gas: 138211)
[PASS] testRotationMovesCreatorTokenAdministrationAndNewSaleRoyalties() (gas: 306868)
[PASS] testUnconfiguredEditionCanMintButCannotTransfer() (gas: 6486601)
[PASS] testUnsetValidatorCannotDisableEnforcement() (gas: 560751)
[PASS] testZoneAuthorizationCannotMoveAnotherToken() (gas: 145866)
Suite result: ok. 18 passed; 0 failed; 0 skipped; finished in 234.12ms (178.62ms CPU time)

Ran 14 tests for test/PayoutWallet.t.sol:PayoutWalletTest
[PASS] testAccruedAndFutureBusinessRevenueMovesWhileBidderAndSellerFundsStayOwned() (gas: 3508259)
[PASS] testConstructorRejectsSystemAddressesAsPayoutWallet() (gas: 19608369)
[PASS] testFormerWalletKeepsItsOwnSellerCreditsAndBidderRefunds() (gas: 839599)
[PASS] testNominationCanBeReplacedOrCancelledAndStaleAcceptanceFails() (gas: 74011)
[PASS] testNominationRequiresAcceptanceAndEmitsBothEvents() (gas: 65132)
[PASS] testOutsidersCannotProposeAcceptOrCancel() (gas: 86936)
[PASS] testPrimaryAuctionHasNoRoyaltiesEvenAt100PercentTradingRate() (gas: 11101719)
[PASS] testProceedsCallbackCannotRotateOrDoubleWithdraw() (gas: 1358056)
[PASS] testRejectingContractWalletCanAcceptAndRedirectPayments() (gas: 522739)
[PASS] testRepeatedRotationsRevokeFormerWallets() (gas: 121154)
[PASS] testRotatingDuringLiveAuctionDoesNotAlterBidsOrAuctionTerms() (gas: 328182)
[PASS] testRoyaltiesWithdrawalValidationAndDoubleWithdrawal() (gas: 3305406)
[PASS] testRoyaltyWithdrawalCannotReenterSellerWithdrawal() (gas: 4304170)
[PASS] testUnsafePayoutWalletsAreRejected() (gas: 75781)
Suite result: ok. 14 passed; 0 failed; 0 skipped; finished in 54.20ms (50.48ms CPU time)

Ran 6 tests for test/AdminAudit.t.sol:AdminAuditTest
[PASS] testERC1155AdminReceiverCannotReenterRescueOnAnyContract() (gas: 3010446)
[PASS] testERC20CallbackCannotReenterAuctionMetadataOrRoyaltyWithdrawal() (gas: 1573951)
[PASS] testFalseReturningERC20RollsBackTransferAndCallbackState() (gas: 1486181)
[PASS] testFuzzRescueConservesForeignTokenBalances(uint96,uint96,uint8) (runs: 1024, μ: 2660238, ~: 2661786)
[PASS] testMetadataAndRescuePreserveAccruedSellerAndRoyaltyCredits() (gas: 4148530)
[PASS] testRescueDoesNotBypassRecoveryDelayOrCloseRefundsAfterEligibility() (gas: 1340100)
Suite result: ok. 6 passed; 0 failed; 0 skipped; finished in 2.21s (2.19s CPU time)

Ran 2 tests for test/FullAuditReview.t.sol:RankedLinksAuditTest
[PASS] testFullBookDisplacementAndTailIncreaseMaintainBothLinks() (gas: 460452069)
[PASS] testHeadMiddleTailAndStableTieInsertionMaintainBothLinks() (gas: 1675443)
Suite result: ok. 2 passed; 0 failed; 0 skipped; finished in 3.27s (3.27s CPU time)

Ran 43 tests for test/RankedAuction.t.sol:RankedAuctionTest
[PASS] testClaimsRequireSettlementAndValidBatches() (gas: 226074)
[PASS] testConfigurationAndBindings() (gas: 40716)
[PASS] testDisplacedBidCannotBeIncreasedOrClaimed() (gas: 15424456)
[PASS] testDisplacementNeverCallsRejectingBidder() (gas: 15562922)
[PASS] testDuplicateTokenClaimRevertsWholeBatch() (gas: 337799)
[PASS] testEmptyAuctionAndUnsoldClaim() (gas: 2740562)
[PASS] testEmptyPagination() (gas: 10298)
[PASS] testExactTimeBoundaries() (gas: 341717)
[PASS] testExistingBidRequiresTwoPointFivePercentRoundedUpAndCompounds() (gas: 338752)
[PASS] testExtensionDoesNotTruncateAtUint64Boundary() (gas: 11011208)
[PASS] testFinalRankFixesTokenIdsRegardlessOfClaimOrder() (gas: 836035)
[PASS] testForcedEtherCannotAlterPricingOrBeStolen() (gas: 337630)
[PASS] testFullyAllocatedOutbidAndFullLoserRefund() (gas: 15294119)
[PASS] testFuzzTieredSettlement(uint128,uint128,uint8) (runs: 1024, μ: 4252687, ~: 2192842)
[PASS] testIncreaseMaintainsSizeAndOriginalTiePriority() (gas: 508972)
[PASS] testInvalidAndUnauthorizedIncrease() (gas: 245462)
[PASS] testLargeBidCannotTruncate() (gas: 39481)
[PASS] testMaximumFloorDoesNotOverflowAndCanSettle() (gas: 15261268)
[PASS] testMixedOwnerBatchCannotBeStolen() (gas: 445104)
[PASS] testOneWalletCanWinAll90() (gas: 18765847)
[PASS] testOneWeiReserveHasStrictPositiveIncrements() (gas: 25977772)
[PASS] testOnlyRankChangingIncreaseExtends() (gas: 371054)
[PASS] testOverflowIncreaseRejected() (gas: 209706)
[PASS] testPagination() (gas: 484642)
[PASS] testRankHeadMiddleTailAndStableTies() (gas: 603799)
[PASS] testRefundCallbackCannotDoubleWithdraw() (gas: 1504385)
[PASS] testRefundRecipientAndFailedProceedsValidation() (gas: 512938)
[PASS] testRejectBadAuctionConfiguration() (gas: 6751960)
[PASS] testRejectBadEditionConfiguration() (gas: 1393193)
[PASS] testRejectedLaterNftRollsBackEntireBatchAndCanBeRedirected() (gas: 1919045)
[PASS] testRejectingBidderCannotBlockBiddingSettlementOrRefunds() (gas: 901288)
[PASS] testSettlementTimingAndSingleUse() (gas: 144595)
[PASS] testSingleBidIncrease() (gas: 231749)
[PASS] testSoldOutClearingIsLowestWinnerNotHighestLoser() (gas: 15409142)
[PASS] testTenMinuteExtensionsContinueBeyond24Hours() (gas: 23468661)
[PASS] testThirdPartyCannotForceDeliveryBeforeWinnerRedirects() (gas: 428095)
[PASS] testTokenCallbackCannotReenterClaims() (gas: 1519479)
[PASS] testTreasuryCannotConsumeRefunds() (gas: 589596)
[PASS] testUnauthorisedClaimRedirectionAndPayouts() (gas: 429421)
[PASS] testUnderReserveAndZeroBidsRejected() (gas: 47090)
[PASS] testUnderSubscribedTieredReserveAndIndependentRefunds() (gas: 515978)
[PASS] testUnsoldIdsCannotConsumeUnclaimedWinningNfts() (gas: 3326284)
[PASS] testUnsolicitedEtherRejected() (gas: 15406)
Suite result: ok. 43 passed; 0 failed; 0 skipped; finished in 17.00s (17.44s CPU time)

Ran 10 tests for test/TieredAllocation.t.sol:TieredAllocationTest
[PASS] testFixedSupplyAnd48HourDuration() (gas: 23889)
[PASS] testRejectedReservedBatchRollsBackAndCanBeRedirected() (gas: 1464704)
[PASS] testReservedAllocationIndependentOfAuctionAndClaimOrder() (gas: 18676263)
[PASS] testReservedReceiverCannotReenterClaimsOrRotateWallet() (gas: 1506554)
[PASS] testReservedValidationAndLifetimeLimit() (gas: 410363)
[PASS] testRotationTransfersOnlyUnclaimedReservedEntitlements() (gas: 419966)
[PASS] testSingleWinnerPaysFullAndEmptyAuctionHasNoProceeds() (gas: 11005203)
[PASS] testTiedTopBidsUseOriginalBidPriorityAndDifferentCosts() (gas: 503906)
[PASS] testTopPaysFullAndOthersPay90thWithIndependentRefunds() (gas: 15666480)
[PASS] testWinningCostOnlyExistsForSettledWinners() (gas: 15417793)
Suite result: ok. 10 passed; 0 failed; 0 skipped; finished in 287.52ms (283.82ms CPU time)

Ran 28 tests for test/RoyaltyMarketplace.t.sol:RoyaltyMarketplaceTest
[PASS] testAllERC721TransferEntrypointsRequireRegistryAuthorization() (gas: 3067937)
[PASS] testApprovedUntrustedOperatorStillCannotTransfer() (gas: 3032060)
[PASS] testBuyRejectsInvalidPaymentAndRecipient() (gas: 3189148)
[PASS] testBuyerMayChooseDifferentReceiver() (gas: 3247600)
[PASS] testCancellingAnotherListingPreservesCompletedSale() (gas: 3309365)
[PASS] testERC165AndERC2981AndMetadata() (gas: 3071450)
[PASS] testERC721CallbackCannotReenterBuyOrCancel() (gas: 4435609)
[PASS] testExpiryExclusive() (gas: 3322315)
[PASS] testForcedEtherDoesNotCreateCredits() (gas: 3051246)
[PASS] testFullRoyaltyAndSameSellerReceiverDoNotLoseFunds() (gas: 14067332)
[PASS] testFuzzRoyaltyMathNoOverflow(uint256,uint96) (runs: 1024, μ: 6380907, ~: 6381318)
[PASS] testFuzzTokenSaleConservesValue(uint128,uint16) (runs: 1024, μ: 3255832, ~: 3256646)
[PASS] testIndividualSalesPayRoyaltyAndSellerExactly() (gas: 3401491)
[PASS] testListingRequirements() (gas: 3072935)
[PASS] testMintAuthorityUniqueIdsAndLifetimeCap() (gas: 9595262)
[PASS] testOneWeiSaleCannotRoundRoyaltyToZero() (gas: 3220409)
[PASS] testOnlySellerCanCancelAndListingIdNeverReused() (gas: 3173895)
[PASS] testOverlappingListingsCannotSellAnNftTwiceOrReviveOnReturn() (gas: 3630618)
[PASS] testRejectedMintRollsBackSupply() (gas: 9628332)
[PASS] testRejectingNFTReceiverCannotConsumeBuyerFunds() (gas: 3435385)
[PASS] testRejectingSellerAndRoyaltyReceiversCannotBlockSale() (gas: 14046702)
[PASS] testRevokedApprovalRollsBackFillAndCredit() (gas: 3273973)
[PASS] testSelfPurchasePaysRoyaltyAndInvalidatesOtherListings() (gas: 3295998)
[PASS] testTokenApprovalAllowsMarketAndClearsOnTransfer() (gas: 3291582)
[PASS] testTransfersCannotMintUnissuedIds() (gas: 33561)
[PASS] testUnsolicitedMarketEtherRejected() (gas: 15312)
[PASS] testWithdrawAccessValidationAndRevertsPreserveFunds() (gas: 3434821)
[PASS] testWithdrawalCallbackCannotReenter() (gas: 15152294)
Suite result: ok. 28 passed; 0 failed; 0 skipped; finished in 17.60s (17.59s CPU time)

Ran 7 tests for test/HolderApproval.t.sol:HolderApprovalTest
[PASS] testEnablingAutoApprovalBeforeMintingCannotSeizeFutureNFTs() (gas: 410501)
[PASS] testEnablingAutoApprovalBeforeValidatorReplacementCannotSeize() (gas: 3314374)
[PASS] testExplicitTokenApprovalStillWorksAndClearsOnTransfer() (gas: 3392926)
[PASS] testFuzzValidatorNeedsHolderConsent(uint8,bool,bool) (runs: 1024, μ: 3318404, ~: 3318448)
[PASS] testPayoutRotationCannotGrantHolderApprovals() (gas: 3332713)
[PASS] testPayoutWalletCannotSeizeAnyOfThe100MintedNFTs() (gas: 4991926)
[PASS] testRevokingExplicitOperatorApprovalCannotBeUndoneByTheCreator() (gas: 3406581)
Suite result: ok. 7 passed; 0 failed; 0 skipped; finished in 26.24s (26.30s CPU time)

Ran 30 tests for test/BatchBidding.t.sol:BatchBiddingTest
[PASS] testBatchAtExactExtensionWindowDoesNotMoveEnd() (gas: 588074)
[PASS] testBatchBeforeStartRejectedThenAcceptedAtStart() (gas: 355571)
[PASS] testBatchOver90RejectedBeforeFundingOrBidding() (gas: 120226)
[PASS] testBatchRefundsStayOpenUntilRecoveryAfterSettlementDelay() (gas: 638250)
[PASS] testBatchRejectedAtEndAndAfterSettlement() (gas: 159028)
[PASS] testBatchWinnerTopUpsClaimsAndTieredRefundsRemainIndependent() (gas: 684823)
[PASS] testContractWalletOwnsBatchWithoutReceiverCallbacks() (gas: 789921)
[PASS] testDistinctBidAmountsOwnersIdsAndEvents() (gas: 541124)
[PASS] testEmptyBatchRejected() (gas: 51069)
[PASS] testExistingEscrowCannotFundAnotherWalletsBatch() (gas: 216738)
[PASS] testFillingLastSlotChangesMinimumWithinBatch() (gas: 15495782)
[PASS] testForcedSurplusCannotSubstituteForBatchPayment() (gas: 91501)
[PASS] testFuzzBatchMatchesSequentialBidding(uint96,uint8,uint8) (runs: 1024, μ: 14720577, ~: 14746952)
[PASS] testFuzzInvalidLaterBidRollsBackEveryWei(uint96,uint8) (runs: 1024, μ: 597794, ~: 484742)
[PASS] testInvalidLastBidRollsBackIdsEscrowAndExtension() (gas: 543986)
[PASS] testLateBatchExtendsOnceToTenMinutesFromTransaction() (gas: 707342)
[PASS] testLaterBidCanDisplaceEarlierBatchBidAndRefundOriginalWallet() (gas: 15524206)
[PASS] testMaximumBatchRetainsNinetyIndependentWinsAndTenReserves() (gas: 17927529)
[PASS] testMintCallbackCannotReenterBatchBiddingWhileLive() (gas: 1160915)
[PASS] testMultipleMaximumBatchesHaveNoWalletBidCap() (gas: 25927709)
[PASS] testNewFloorRejectsLaterBidAndRestoresDisplacedBid() (gas: 15361128)
[PASS] testOneElementBatchRetainsSingleBidBehavior() (gas: 428951)
[PASS] testOverflowingInputSumRevertsBeforeAnyBid() (gas: 50251)
[PASS] testOverpaymentRevertsWholeBatch() (gas: 59535)
[PASS] testOversizedIndividualBidCannotTruncateInBatch() (gas: 230211)
[PASS] testRefundCallbackCannotReenterBatchBidding() (gas: 16334076)
[PASS] testSingleAndBatchShareIdsAndStableTiePriority() (gas: 591438)
[PASS] testTotalCanExceedUint128WhileEveryBidFits() (gas: 491489)
[PASS] testUnderpaymentRevertsWholeBatch() (gas: 59098)
[PASS] testWeiFloorRoundsUpSeparatelyForEveryBatchBid() (gas: 26313358)
Suite result: ok. 30 passed; 0 failed; 0 skipped; finished in 29.24s (30.86s CPU time)

Ran 5 tests for test/CrossContractAudit.t.sol:CrossContractAuditTest
[PASS] testFuzzClaimsCreditsAndWithdrawalsInDifferentOrders(uint256,uint8) (runs: 1024, μ: 7799742, ~: 6256471)
[PASS] testLaterMintRejectionRollsBackEarlierCallbackSaleAndPayment() (gas: 1552999)
[PASS] testMintCallbackSalePreservesSeparateAuctionAndMarketAccounting() (gas: 1340233)
[PASS] testPayoutAcceptanceDuringSaleKeepsRoyaltiesAndBlocksNestedWithdrawal() (gas: 3749159)
[PASS] testRejectedSaleRollsBackPayoutAcceptanceAndEveryCredit() (gas: 3769331)
Suite result: ok. 5 passed; 0 failed; 0 skipped; finished in 29.24s (29.25s CPU time)

Ran 30 tests for test/RefundRecovery.t.sol:RefundRecoveryTest
[PASS] testAtomicLateSettlementAndRecoveryCannotCloseRefunds() (gas: 16078113)
[PASS] testCreditedRefundsCannotBeWithdrawnAfterRecovery() (gas: 15651998)
[PASS] testCreditingRemainsAvailableAtRecoveryEligibility() (gas: 15670989)
[PASS] testEmptyAuctionRecoveryCollectsOnlyForcedETH() (gas: 211041)
[PASS] testExtendedRefundCanBeCreditedAtOriginalEligibilityTime() (gas: 15744244)
[PASS] testFuzzRecoveryConservesClaimedRefundsAndRemainingETH(uint96,uint8,uint32,uint32) (runs: 1024, μ: 15679063, ~: 15683432)
[PASS] testLateSettlementPastUint64PreservesRecoveryDelay() (gas: 15637124)
[PASS] testLateSettlementStartsFullRecoveryDelay() (gas: 15658093)
[PASS] testNormalProceedsWithdrawalDoesNotCloseRefunds() (gas: 15673944)
[PASS] testOnlyCurrentPayoutWalletCanRecoverNotOriginalDeployer() (gas: 15654980)
[PASS] testRecoveryAfterProceedsAndPartialRefundsIncludesForcedSurplus() (gas: 15748856)
[PASS] testRecoveryAuthorityFollowsAcceptedWalletRotation() (gas: 15645870)
[PASS] testRecoveryCannotNominateAnotherWalletDuringCallback() (gas: 16678828)
[PASS] testRecoveryCannotReenterRecovery() (gas: 16677970)
[PASS] testRecoveryClosesRefundsBeforeRecipientCallback() (gas: 15901289)
[PASS] testRecoveryEligibilityFollowsTheExtendedEnd() (gas: 15636113)
[PASS] testRecoveryLeavesWinningNFTsAndTradingCreditsAvailable() (gas: 16064591)
[PASS] testRecoveryPreservesUnsoldAndReservedMintEntitlements() (gas: 3416181)
[PASS] testRecoveryPreviewTracksExtensionsUntilSettlement() (gas: 15714551)
[PASS] testRecoveryRejectsEarlyCallsWithoutFreezingRefunds() (gas: 15659850)
[PASS] testRecoveryRejectsInvalidRecipientsAndEmptyRepeat() (gas: 15550114)
[PASS] testRecoveryTransfersCreditedUncreditedRefundsAndProceeds() (gas: 15619181)
[PASS] testRefundsCanBeCreditedAndWithdrawnBeforeRecoveryEligibility() (gas: 15660025)
[PASS] testRejectedRecoveryPreservesAllAccountingForRetry() (gas: 15803281)
[PASS] testRepeatedSettlementCannotResetRecoveryDate() (gas: 15655014)
[PASS] testSettlementOnDay27GivesFull28Days() (gas: 15638522)
[PASS] testUncreditedRefundsCannotRecreateLiabilitiesAfterRecovery() (gas: 15651581)
[PASS] testUnsettledRecoveryCannotEraseWinnerAllocation() (gas: 463195)
[PASS] testWithdrawingRemainsAvailableAtRecoveryEligibility() (gas: 15645135)
[PASS] testYearsOfInactionDoNotCloseRefunds() (gas: 15649878)
Suite result: ok. 30 passed; 0 failed; 0 skipped; finished in 28.71s (30.19s CPU time)

Ran 16 test suites in 29.27s (154.44s CPU time): 229 tests passed, 0 failed, 0 skipped (229 total tests)

╭-------------------------------+-------------------+-------------------+------------------+-----------------╮
| File                          | % Lines           | % Statements      | % Branches       | % Funcs         |
+============================================================================================================+
| script/ConfigureTrading.s.sol | 0.00% (0/18)      | 0.00% (0/18)      | 0.00% (0/14)     | 0.00% (0/1)     |
|-------------------------------+-------------------+-------------------+------------------+-----------------|
| script/Deploy.s.sol           | 97.67% (42/43)    | 100.00% (42/42)   | 88.46% (23/26)   | 66.67% (2/3)    |
|-------------------------------+-------------------+-------------------+------------------+-----------------|
| src/AuctionEdition.sol        | 100.00% (71/71)   | 98.99% (98/99)    | 100.00% (11/11)  | 100.00% (16/16) |
|-------------------------------+-------------------+-------------------+------------------+-----------------|
| src/RankedAuction.sol         | 100.00% (254/254) | 100.00% (340/340) | 100.00% (62/62)  | 100.00% (35/35) |
|-------------------------------+-------------------+-------------------+------------------+-----------------|
| src/RoyaltyMarketplace.sol    | 100.00% (58/58)   | 100.00% (90/90)   | 100.00% (18/18)  | 100.00% (9/9)   |
|-------------------------------+-------------------+-------------------+------------------+-----------------|
| src/TokenRescue.sol           | 100.00% (18/18)   | 100.00% (25/25)   | 100.00% (5/5)    | 100.00% (4/4)   |
|-------------------------------+-------------------+-------------------+------------------+-----------------|
| Total                         | 95.89% (443/462)  | 96.91% (595/614)  | 87.50% (119/136) | 97.06% (66/68)  |
╰-------------------------------+-------------------+-------------------+------------------+-----------------╯
Wrote LCOV report.
