Warning: optimizer settings and `viaIR` have been disabled for accurate coverage reports.
If you encounter "stack too deep" errors, consider using `--ir-minimum` which enables `viaIR` with minimum optimization resolving most of the errors.
See more: https://book.getfoundry.sh/guides/best-practices/stack-too-deep
Compiling 126 files with Solc 0.8.28
Solc 0.8.28 finished in 2.58s
Compiler run successful with warnings:
Warning (5159): "selfdestruct" has been deprecated. Note that, starting from the Cancun hard fork, the underlying opcode no longer deletes the code and data associated with an account and only transfers its Ether to the beneficiary, unless executed in the same transaction in which the contract was created (see EIP-6780). Any use in newly deployed contracts is strongly discouraged even if the new behavior is taken into account. Future changes to the EVM might further reduce the functionality of the opcode.
   --> test/TestBase.sol:147:9:
    |
147 |         selfdestruct(to);
    |         ^^^^^^^^^^^^

Warning (2018): Function state mutability can be restricted to pure
   --> test/vendor/opensea-zone/src/main/zones/signed-zone/signed-zone-sub-1/SignedZone.sol:430:5:
    |
430 |     function supportsInterface(
    |     ^ (Relevant source part starts here and spans across multiple lines).

Analysing contracts...
2026-09-08T15:33:41.429517Z  WARN foundry_evm_coverage::anchors: could not find anchor item=Line (location: (source ID: 83, lines: 58..68, bytes: 1809..2447), hits: 0) err=Could not find anchor: No matching instruction in range source ID: 83, lines: 58..68, bytes: 1809..2447
2026-09-08T15:33:41.429494Z  WARN foundry_evm_coverage::anchors: could not find anchor item=Line (location: (source ID: 79, lines: 11..32, bytes: 469..1849), hits: 0) err=Could not find anchor: No matching instruction in range source ID: 79, lines: 11..32, bytes: 469..1849
2026-09-08T15:33:41.429496Z  WARN foundry_evm_coverage::anchors: could not find anchor item=Line (location: (source ID: 81, lines: 71..81, bytes: 3484..3983), hits: 0) err=Could not find anchor: No matching instruction in range source ID: 81, lines: 71..81, bytes: 3484..3983
2026-09-08T15:33:41.429499Z  WARN foundry_evm_coverage::anchors: could not find anchor item=Line (location: (source ID: 82, lines: 125..132, bytes: 4926..5273), hits: 0) err=Could not find anchor: No matching instruction in range source ID: 82, lines: 125..132, bytes: 4926..5273
2026-09-08T15:33:41.429495Z  WARN foundry_evm_coverage::anchors: could not find anchor item=Line (location: (source ID: 80, lines: 22..34, bytes: 683..1276), hits: 0) err=Could not find anchor: No matching instruction in range source ID: 80, lines: 22..34, bytes: 683..1276
2026-09-08T15:33:41.430191Z  WARN foundry_evm_coverage::anchors: could not find anchor item=Function "proposePayoutWallet" (location: (source ID: 82, lines: 125..132, bytes: 4926..5273), hits: 0) err=Could not find anchor: No matching instruction in range source ID: 82, lines: 125..132, bytes: 4926..5273
2026-09-08T15:33:41.430165Z  WARN foundry_evm_coverage::anchors: could not find anchor item=Function "list" (location: (source ID: 83, lines: 58..68, bytes: 1809..2447), hits: 0) err=Could not find anchor: No matching instruction in range source ID: 83, lines: 58..68, bytes: 1809..2447
2026-09-08T15:33:41.430172Z  WARN foundry_evm_coverage::anchors: could not find anchor item=Function "mint" (location: (source ID: 81, lines: 71..81, bytes: 3484..3983), hits: 0) err=Could not find anchor: No matching instruction in range source ID: 81, lines: 71..81, bytes: 3484..3983
2026-09-08T15:33:41.430175Z  WARN foundry_evm_coverage::anchors: could not find anchor item=Function "run" (location: (source ID: 79, lines: 11..32, bytes: 469..1849), hits: 0) err=Could not find anchor: No matching instruction in range source ID: 79, lines: 11..32, bytes: 469..1849
2026-09-08T15:33:41.430317Z  WARN foundry_evm_coverage::anchors: could not find anchor item=Line (location: (source ID: 79, lines: 12..13, bytes: 503..582), hits: 0) err=Could not find anchor: No matching instruction in range source ID: 79, lines: 12..13, bytes: 503..582
2026-09-08T15:33:41.430343Z  WARN foundry_evm_coverage::anchors: could not find anchor item=Statement (location: (source ID: 79, lines: 12..13, bytes: 503..582), hits: 0) err=Could not find anchor: No matching instruction in range source ID: 79, lines: 12..13, bytes: 503..582
2026-09-08T15:33:41.430306Z  WARN foundry_evm_coverage::anchors: could not find anchor item=Line (location: (source ID: 83, lines: 59..60, bytes: 1927..1939), hits: 0) err=Could not find anchor: No matching instruction in range source ID: 83, lines: 59..60, bytes: 1927..1939
2026-09-08T15:33:41.430165Z  WARN foundry_evm_coverage::anchors: could not find anchor item=Function "loadConfig" (location: (source ID: 80, lines: 22..34, bytes: 683..1276), hits: 0) err=Could not find anchor: No matching instruction in range source ID: 80, lines: 22..34, bytes: 683..1276
2026-09-08T15:33:41.430383Z  WARN foundry_evm_coverage::anchors: could not find anchor item=Line (location: (source ID: 80, lines: 23..24, bytes: 765..794), hits: 0) err=Could not find anchor: No matching instruction in range source ID: 80, lines: 23..24, bytes: 765..794
2026-09-08T15:33:41.430386Z  WARN foundry_evm_coverage::anchors: could not find anchor item=Statement (location: (source ID: 80, lines: 23..24, bytes: 765..794), hits: 0) err=Could not find anchor: No matching instruction in range source ID: 80, lines: 23..24, bytes: 765..794
2026-09-08T15:33:41.430389Z  WARN foundry_evm_coverage::anchors: could not find anchor item=Line (location: (source ID: 80, lines: 24..25, bytes: 804..842), hits: 0) err=Could not find anchor: No matching instruction in range source ID: 80, lines: 24..25, bytes: 804..842
2026-09-08T15:33:41.430377Z  WARN foundry_evm_coverage::anchors: could not find anchor item=Statement (location: (source ID: 83, lines: 59..60, bytes: 1927..1939), hits: 0) err=Could not find anchor: No matching instruction in range source ID: 83, lines: 59..60, bytes: 1927..1939
2026-09-08T15:33:41.430312Z  WARN foundry_evm_coverage::anchors: could not find anchor item=Line (location: (source ID: 81, lines: 72..73, bytes: 3569..3590), hits: 0) err=Could not find anchor: No matching instruction in range source ID: 81, lines: 72..73, bytes: 3569..3590
2026-09-08T15:33:41.430393Z  WARN foundry_evm_coverage::anchors: could not find anchor item=Statement (location: (source ID: 80, lines: 24..25, bytes: 804..842), hits: 0) err=Could not find anchor: No matching instruction in range source ID: 80, lines: 24..25, bytes: 804..842
2026-09-08T15:33:41.430457Z  WARN foundry_evm_coverage::anchors: could not find anchor item=Line (location: (source ID: 80, lines: 25..26, bytes: 852..890), hits: 0) err=Could not find anchor: No matching instruction in range source ID: 80, lines: 25..26, bytes: 852..890
2026-09-08T15:33:41.430465Z  WARN foundry_evm_coverage::anchors: could not find anchor item=Statement (location: (source ID: 80, lines: 25..26, bytes: 852..890), hits: 0) err=Could not find anchor: No matching instruction in range source ID: 80, lines: 25..26, bytes: 852..890
2026-09-08T15:33:41.430468Z  WARN foundry_evm_coverage::anchors: could not find anchor item=Line (location: (source ID: 80, lines: 26..27, bytes: 900..941), hits: 0) err=Could not find anchor: No matching instruction in range source ID: 80, lines: 26..27, bytes: 900..941
2026-09-08T15:33:41.430300Z  WARN foundry_evm_coverage::anchors: could not find anchor item=Line (location: (source ID: 82, lines: 126..127, bytes: 5009..5035), hits: 0) err=Could not find anchor: No matching instruction in range source ID: 82, lines: 126..127, bytes: 5009..5035
2026-09-08T15:33:41.430480Z  WARN foundry_evm_coverage::anchors: could not find anchor item=Statement (location: (source ID: 80, lines: 26..27, bytes: 900..941), hits: 0) err=Could not find anchor: No matching instruction in range source ID: 80, lines: 26..27, bytes: 900..941
2026-09-08T15:33:41.430505Z  WARN foundry_evm_coverage::anchors: could not find anchor item=Line (location: (source ID: 80, lines: 27..28, bytes: 951..988), hits: 0) err=Could not find anchor: No matching instruction in range source ID: 80, lines: 27..28, bytes: 951..988
2026-09-08T15:33:41.430517Z  WARN foundry_evm_coverage::anchors: could not find anchor item=Statement (location: (source ID: 80, lines: 27..28, bytes: 951..988), hits: 0) err=Could not find anchor: No matching instruction in range source ID: 80, lines: 27..28, bytes: 951..988
2026-09-08T15:33:41.430520Z  WARN foundry_evm_coverage::anchors: could not find anchor item=Line (location: (source ID: 80, lines: 28..29, bytes: 998..1049), hits: 0) err=Could not find anchor: No matching instruction in range source ID: 80, lines: 28..29, bytes: 998..1049
2026-09-08T15:33:41.430523Z  WARN foundry_evm_coverage::anchors: could not find anchor item=Statement (location: (source ID: 80, lines: 28..29, bytes: 998..1049), hits: 0) err=Could not find anchor: No matching instruction in range source ID: 80, lines: 28..29, bytes: 998..1049
2026-09-08T15:33:41.430526Z  WARN foundry_evm_coverage::anchors: could not find anchor item=Line (location: (source ID: 80, lines: 29..30, bytes: 1059..1099), hits: 0) err=Could not find anchor: No matching instruction in range source ID: 80, lines: 29..30, bytes: 1059..1099
2026-09-08T15:33:41.430445Z  WARN foundry_evm_coverage::anchors: could not find anchor item=Statement (location: (source ID: 81, lines: 72..73, bytes: 3569..3590), hits: 0) err=Could not find anchor: No matching instruction in range source ID: 81, lines: 72..73, bytes: 3569..3590
2026-09-08T15:33:41.430491Z  WARN foundry_evm_coverage::anchors: could not find anchor item=Statement (location: (source ID: 82, lines: 126..127, bytes: 5009..5035), hits: 0) err=Could not find anchor: No matching instruction in range source ID: 82, lines: 126..127, bytes: 5009..5035
2026-09-08T15:33:41.430349Z  WARN foundry_evm_coverage::anchors: could not find anchor item=Branch (branch: 0, path: 0) (location: (source ID: 79, lines: 12..13, bytes: 503..582), hits: 0) err=Could not detect branches in source: source ID: 79, lines: 12..13, bytes: 503..582
2026-09-08T15:33:41.430529Z  WARN foundry_evm_coverage::anchors: could not find anchor item=Statement (location: (source ID: 80, lines: 29..30, bytes: 1059..1099), hits: 0) err=Could not find anchor: No matching instruction in range source ID: 80, lines: 29..30, bytes: 1059..1099
2026-09-08T15:33:41.430547Z  WARN foundry_evm_coverage::anchors: could not find anchor item=Line (location: (source ID: 80, lines: 30..31, bytes: 1109..1163), hits: 0) err=Could not find anchor: No matching instruction in range source ID: 80, lines: 30..31, bytes: 1109..1163
2026-09-08T15:33:41.430550Z  WARN foundry_evm_coverage::anchors: could not find anchor item=Statement (location: (source ID: 80, lines: 30..31, bytes: 1109..1163), hits: 0) err=Could not find anchor: No matching instruction in range source ID: 80, lines: 30..31, bytes: 1109..1163
2026-09-08T15:33:41.430553Z  WARN foundry_evm_coverage::anchors: could not find anchor item=Line (location: (source ID: 80, lines: 31..32, bytes: 1173..1231), hits: 0) err=Could not find anchor: No matching instruction in range source ID: 80, lines: 31..32, bytes: 1173..1231
2026-09-08T15:33:41.430555Z  WARN foundry_evm_coverage::anchors: could not find anchor item=Statement (location: (source ID: 80, lines: 31..32, bytes: 1173..1231), hits: 0) err=Could not find anchor: No matching instruction in range source ID: 80, lines: 31..32, bytes: 1173..1231
2026-09-08T15:33:41.430558Z  WARN foundry_evm_coverage::anchors: could not find anchor item=Line (location: (source ID: 80, lines: 32..33, bytes: 1241..1269), hits: 0) err=Could not find anchor: No matching instruction in range source ID: 80, lines: 32..33, bytes: 1241..1269
2026-09-08T15:33:41.430560Z  WARN foundry_evm_coverage::anchors: could not find anchor item=Statement (location: (source ID: 80, lines: 32..33, bytes: 1241..1269), hits: 0) err=Could not find anchor: No matching instruction in range source ID: 80, lines: 32..33, bytes: 1241..1269
2026-09-08T15:33:41.430563Z  WARN foundry_evm_coverage::anchors: could not find anchor item=Statement (location: (source ID: 80, lines: 32..33, bytes: 1248..1269), hits: 0) err=Could not find anchor: No matching instruction in range source ID: 80, lines: 32..33, bytes: 1248..1269
2026-09-08T15:33:41.430570Z  WARN foundry_evm_coverage::anchors: could not find anchor item=Line (location: (source ID: 80, lines: 35..62, bytes: 1282..2765), hits: 0) err=Could not find anchor: No matching instruction in range source ID: 80, lines: 35..62, bytes: 1282..2765
2026-09-08T15:33:41.430573Z  WARN foundry_evm_coverage::anchors: could not find anchor item=Function "validateConfig" (location: (source ID: 80, lines: 35..62, bytes: 1282..2765), hits: 0) err=Could not find anchor: No matching instruction in range source ID: 80, lines: 35..62, bytes: 1282..2765
2026-09-08T15:33:41.430575Z  WARN foundry_evm_coverage::anchors: could not find anchor item=Line (location: (source ID: 80, lines: 36..37, bytes: 1399..1469), hits: 0) err=Could not find anchor: No matching instruction in range source ID: 80, lines: 36..37, bytes: 1399..1469
2026-09-08T15:33:41.430578Z  WARN foundry_evm_coverage::anchors: could not find anchor item=Statement (location: (source ID: 80, lines: 36..37, bytes: 1399..1469), hits: 0) err=Could not find anchor: No matching instruction in range source ID: 80, lines: 36..37, bytes: 1399..1469
2026-09-08T15:33:41.430543Z  WARN foundry_evm_coverage::anchors: could not find anchor item=Branch (branch: 0, path: 1) (location: (source ID: 79, lines: 12..13, bytes: 503..582), hits: 0) err=Could not detect branches in source: source ID: 79, lines: 12..13, bytes: 503..582
2026-09-08T15:33:41.430585Z  WARN foundry_evm_coverage::anchors: could not find anchor item=Line (location: (source ID: 79, lines: 13..14, bytes: 592..704), hits: 0) err=Could not find anchor: No matching instruction in range source ID: 79, lines: 13..14, bytes: 592..704
2026-09-08T15:33:41.430588Z  WARN foundry_evm_coverage::anchors: could not find anchor item=Statement (location: (source ID: 79, lines: 13..14, bytes: 592..704), hits: 0) err=Could not find anchor: No matching instruction in range source ID: 79, lines: 13..14, bytes: 592..704
2026-09-08T15:33:41.430540Z  WARN foundry_evm_coverage::anchors: could not find anchor item=Statement (location: (source ID: 82, lines: 126..127, bytes: 5037..5058), hits: 0) err=Could not find anchor: No matching instruction in range source ID: 82, lines: 126..127, bytes: 5037..5058
2026-09-08T15:33:41.430581Z  WARN foundry_evm_coverage::anchors: could not find anchor item=Branch (branch: 0, path: 0) (location: (source ID: 80, lines: 36..37, bytes: 1399..1469), hits: 0) err=Could not detect branches in source: source ID: 80, lines: 36..37, bytes: 1399..1469
2026-09-08T15:33:41.430599Z  WARN foundry_evm_coverage::anchors: could not find anchor item=Branch (branch: 0, path: 1) (location: (source ID: 80, lines: 36..37, bytes: 1399..1469), hits: 0) err=Could not detect branches in source: source ID: 80, lines: 36..37, bytes: 1399..1469
2026-09-08T15:33:41.430602Z  WARN foundry_evm_coverage::anchors: could not find anchor item=Line (location: (source ID: 80, lines: 37..38, bytes: 1479..1591), hits: 0) err=Could not find anchor: No matching instruction in range source ID: 80, lines: 37..38, bytes: 1479..1591
2026-09-08T15:33:41.430604Z  WARN foundry_evm_coverage::anchors: could not find anchor item=Statement (location: (source ID: 80, lines: 37..38, bytes: 1479..1591), hits: 0) err=Could not find anchor: No matching instruction in range source ID: 80, lines: 37..38, bytes: 1479..1591
2026-09-08T15:33:41.430607Z  WARN foundry_evm_coverage::anchors: could not find anchor item=Branch (branch: 1, path: 0) (location: (source ID: 80, lines: 37..38, bytes: 1479..1591), hits: 0) err=Could not detect branches in source: source ID: 80, lines: 37..38, bytes: 1479..1591
2026-09-08T15:33:41.430610Z  WARN foundry_evm_coverage::anchors: could not find anchor item=Branch (branch: 1, path: 1) (location: (source ID: 80, lines: 37..38, bytes: 1479..1591), hits: 0) err=Could not detect branches in source: source ID: 80, lines: 37..38, bytes: 1479..1591
2026-09-08T15:33:41.430618Z  WARN foundry_evm_coverage::anchors: could not find anchor item=Line (location: (source ID: 80, lines: 38..39, bytes: 1601..1697), hits: 0) err=Could not find anchor: No matching instruction in range source ID: 80, lines: 38..39, bytes: 1601..1697
2026-09-08T15:33:41.430621Z  WARN foundry_evm_coverage::anchors: could not find anchor item=Statement (location: (source ID: 80, lines: 38..39, bytes: 1601..1697), hits: 0) err=Could not find anchor: No matching instruction in range source ID: 80, lines: 38..39, bytes: 1601..1697
2026-09-08T15:33:41.430624Z  WARN foundry_evm_coverage::anchors: could not find anchor item=Branch (branch: 2, path: 0) (location: (source ID: 80, lines: 38..39, bytes: 1601..1697), hits: 0) err=Could not detect branches in source: source ID: 80, lines: 38..39, bytes: 1601..1697
2026-09-08T15:33:41.430627Z  WARN foundry_evm_coverage::anchors: could not find anchor item=Branch (branch: 2, path: 1) (location: (source ID: 80, lines: 38..39, bytes: 1601..1697), hits: 0) err=Could not detect branches in source: source ID: 80, lines: 38..39, bytes: 1601..1697
2026-09-08T15:33:41.430629Z  WARN foundry_evm_coverage::anchors: could not find anchor item=Line (location: (source ID: 80, lines: 39..40, bytes: 1707..1776), hits: 0) err=Could not find anchor: No matching instruction in range source ID: 80, lines: 39..40, bytes: 1707..1776
2026-09-08T15:33:41.430536Z  WARN foundry_evm_coverage::anchors: could not find anchor item=Statement (location: (source ID: 81, lines: 72..73, bytes: 3592..3613), hits: 0) err=Could not find anchor: No matching instruction in range source ID: 81, lines: 72..73, bytes: 3592..3613
2026-09-08T15:33:41.430636Z  WARN foundry_evm_coverage::anchors: could not find anchor item=Branch (branch: 2, path: 0) (location: (source ID: 81, lines: 72..73, bytes: 3592..3613), hits: 0) err=Could not find anchor: No matching instruction in range source ID: 81, lines: 72..73, bytes: 3592..3613
2026-09-08T15:33:41.430641Z  WARN foundry_evm_coverage::anchors: could not find anchor item=Line (location: (source ID: 81, lines: 73..74, bytes: 3627..3647), hits: 0) err=Could not find anchor: No matching instruction in range source ID: 81, lines: 73..74, bytes: 3627..3647
2026-09-08T15:33:41.430411Z  WARN foundry_evm_coverage::anchors: could not find anchor item=Statement (location: (source ID: 83, lines: 59..60, bytes: 1927..1956), hits: 0) err=Could not find anchor: No matching instruction in range source ID: 83, lines: 59..60, bytes: 1927..1956
2026-09-08T15:33:41.430666Z  WARN foundry_evm_coverage::anchors: could not find anchor item=Statement (location: (source ID: 83, lines: 59..60, bytes: 1943..1956), hits: 0) err=Could not find anchor: No matching instruction in range source ID: 83, lines: 59..60, bytes: 1943..1956
2026-09-08T15:33:41.430672Z  WARN foundry_evm_coverage::anchors: could not find anchor item=Statement (location: (source ID: 83, lines: 59..60, bytes: 1958..1979), hits: 0) err=Could not find anchor: No matching instruction in range source ID: 83, lines: 59..60, bytes: 1958..1979
2026-09-08T15:33:41.430676Z  WARN foundry_evm_coverage::anchors: could not find anchor item=Branch (branch: 0, path: 0) (location: (source ID: 83, lines: 59..60, bytes: 1958..1979), hits: 0) err=Could not find anchor: No matching instruction in range source ID: 83, lines: 59..60, bytes: 1958..1979
2026-09-08T15:33:41.430680Z  WARN foundry_evm_coverage::anchors: could not find anchor item=Line (location: (source ID: 83, lines: 60..61, bytes: 1993..2003), hits: 0) err=Could not find anchor: No matching instruction in range source ID: 83, lines: 60..61, bytes: 1993..2003
2026-09-08T15:33:41.430683Z  WARN foundry_evm_coverage::anchors: could not find anchor item=Statement (location: (source ID: 83, lines: 60..61, bytes: 1993..2003), hits: 0) err=Could not find anchor: No matching instruction in range source ID: 83, lines: 60..61, bytes: 1993..2003
2026-09-08T15:33:41.430596Z  WARN foundry_evm_coverage::anchors: could not find anchor item=Branch (branch: 1, path: 0) (location: (source ID: 82, lines: 126..127, bytes: 5037..5058), hits: 0) err=Could not find anchor: No matching instruction in range source ID: 82, lines: 126..127, bytes: 5037..5058
2026-09-08T15:33:41.430644Z  WARN foundry_evm_coverage::anchors: could not find anchor item=Statement (location: (source ID: 81, lines: 73..74, bytes: 3627..3647), hits: 0) err=Could not find anchor: No matching instruction in range source ID: 81, lines: 73..74, bytes: 3627..3647
2026-09-08T15:33:41.430687Z  WARN foundry_evm_coverage::anchors: could not find anchor item=Statement (location: (source ID: 83, lines: 60..61, bytes: 1993..2032), hits: 0) err=Could not find anchor: No matching instruction in range source ID: 83, lines: 60..61, bytes: 1993..2032
2026-09-08T15:33:41.430720Z  WARN foundry_evm_coverage::anchors: could not find anchor item=Statement (location: (source ID: 83, lines: 60..61, bytes: 2007..2032), hits: 0) err=Could not find anchor: No matching instruction in range source ID: 83, lines: 60..61, bytes: 2007..2032
2026-09-08T15:33:41.430723Z  WARN foundry_evm_coverage::anchors: could not find anchor item=Statement (location: (source ID: 83, lines: 60..61, bytes: 2034..2057), hits: 0) err=Could not find anchor: No matching instruction in range source ID: 83, lines: 60..61, bytes: 2034..2057
2026-09-08T15:33:41.430725Z  WARN foundry_evm_coverage::anchors: could not find anchor item=Branch (branch: 1, path: 0) (location: (source ID: 83, lines: 60..61, bytes: 2034..2057), hits: 0) err=Could not find anchor: No matching instruction in range source ID: 83, lines: 60..61, bytes: 2034..2057
2026-09-08T15:33:41.430728Z  WARN foundry_evm_coverage::anchors: could not find anchor item=Line (location: (source ID: 83, lines: 61..62, bytes: 2071..2104), hits: 0) err=Could not find anchor: No matching instruction in range source ID: 83, lines: 61..62, bytes: 2071..2104
2026-09-08T15:33:41.430731Z  WARN foundry_evm_coverage::anchors: could not find anchor item=Statement (location: (source ID: 83, lines: 61..62, bytes: 2071..2104), hits: 0) err=Could not find anchor: No matching instruction in range source ID: 83, lines: 61..62, bytes: 2071..2104
2026-09-08T15:33:41.430734Z  WARN foundry_evm_coverage::anchors: could not find anchor item=Statement (location: (source ID: 83, lines: 61..62, bytes: 2071..2118), hits: 0) err=Could not find anchor: No matching instruction in range source ID: 83, lines: 61..62, bytes: 2071..2118
2026-09-08T15:33:41.430737Z  WARN foundry_evm_coverage::anchors: could not find anchor item=Statement (location: (source ID: 83, lines: 61..62, bytes: 2120..2138), hits: 0) err=Could not find anchor: No matching instruction in range source ID: 83, lines: 61..62, bytes: 2120..2138
2026-09-08T15:33:41.430739Z  WARN foundry_evm_coverage::anchors: could not find anchor item=Branch (branch: 2, path: 0) (location: (source ID: 83, lines: 61..62, bytes: 2120..2138), hits: 0) err=Could not find anchor: No matching instruction in range source ID: 83, lines: 61..62, bytes: 2120..2138
2026-09-08T15:33:41.430742Z  WARN foundry_evm_coverage::anchors: could not find anchor item=Line (location: (source ID: 83, lines: 62..63, bytes: 2152..2185), hits: 0) err=Could not find anchor: No matching instruction in range source ID: 83, lines: 62..63, bytes: 2152..2185
2026-09-08T15:33:41.430745Z  WARN foundry_evm_coverage::anchors: could not find anchor item=Statement (location: (source ID: 83, lines: 62..63, bytes: 2152..2185), hits: 0) err=Could not find anchor: No matching instruction in range source ID: 83, lines: 62..63, bytes: 2152..2185
2026-09-08T15:33:41.430747Z  WARN foundry_evm_coverage::anchors: could not find anchor item=Statement (location: (source ID: 83, lines: 62..63, bytes: 2187..2207), hits: 0) err=Could not find anchor: No matching instruction in range source ID: 83, lines: 62..63, bytes: 2187..2207
2026-09-08T15:33:41.430750Z  WARN foundry_evm_coverage::anchors: could not find anchor item=Branch (branch: 3, path: 0) (location: (source ID: 83, lines: 62..63, bytes: 2187..2207), hits: 0) err=Could not find anchor: No matching instruction in range source ID: 83, lines: 62..63, bytes: 2187..2207
2026-09-08T15:33:41.430756Z  WARN foundry_evm_coverage::anchors: could not find anchor item=Line (location: (source ID: 83, lines: 63..64, bytes: 2217..2237), hits: 0) err=Could not find anchor: No matching instruction in range source ID: 83, lines: 63..64, bytes: 2217..2237
2026-09-08T15:33:41.430759Z  WARN foundry_evm_coverage::anchors: could not find anchor item=Statement (location: (source ID: 83, lines: 63..64, bytes: 2217..2237), hits: 0) err=Could not find anchor: No matching instruction in range source ID: 83, lines: 63..64, bytes: 2217..2237
2026-09-08T15:33:41.430761Z  WARN foundry_evm_coverage::anchors: could not find anchor item=Line (location: (source ID: 83, lines: 64..66, bytes: 2247..2379), hits: 0) err=Could not find anchor: No matching instruction in range source ID: 83, lines: 64..66, bytes: 2247..2379
2026-09-08T15:33:41.430764Z  WARN foundry_evm_coverage::anchors: could not find anchor item=Statement (location: (source ID: 83, lines: 64..66, bytes: 2247..2379), hits: 0) err=Could not find anchor: No matching instruction in range source ID: 83, lines: 64..66, bytes: 2247..2379
2026-09-08T15:33:41.430767Z  WARN foundry_evm_coverage::anchors: could not find anchor item=Line (location: (source ID: 83, lines: 66..67, bytes: 2389..2440), hits: 0) err=Could not find anchor: No matching instruction in range source ID: 83, lines: 66..67, bytes: 2389..2440
2026-09-08T15:33:41.430769Z  WARN foundry_evm_coverage::anchors: could not find anchor item=Statement (location: (source ID: 83, lines: 66..67, bytes: 2389..2440), hits: 0) err=Could not find anchor: No matching instruction in range source ID: 83, lines: 66..67, bytes: 2389..2440
2026-09-08T15:33:41.430772Z  WARN foundry_evm_coverage::anchors: could not find anchor item=Line (location: (source ID: 83, lines: 69..76, bytes: 2453..2722), hits: 0) err=Could not find anchor: No matching instruction in range source ID: 83, lines: 69..76, bytes: 2453..2722
2026-09-08T15:33:41.430774Z  WARN foundry_evm_coverage::anchors: could not find anchor item=Function "cancel" (location: (source ID: 83, lines: 69..76, bytes: 2453..2722), hits: 0) err=Could not find anchor: No matching instruction in range source ID: 83, lines: 69..76, bytes: 2453..2722
2026-09-08T15:33:41.430777Z  WARN foundry_evm_coverage::anchors: could not find anchor item=Line (location: (source ID: 83, lines: 70..71, bytes: 2513..2548), hits: 0) err=Could not find anchor: No matching instruction in range source ID: 83, lines: 70..71, bytes: 2513..2548
2026-09-08T15:33:41.430779Z  WARN foundry_evm_coverage::anchors: could not find anchor item=Statement (location: (source ID: 83, lines: 70..71, bytes: 2513..2548), hits: 0) err=Could not find anchor: No matching instruction in range source ID: 83, lines: 70..71, bytes: 2513..2548
2026-09-08T15:33:41.430782Z  WARN foundry_evm_coverage::anchors: could not find anchor item=Line (location: (source ID: 83, lines: 71..72, bytes: 2562..2587), hits: 0) err=Could not find anchor: No matching instruction in range source ID: 83, lines: 71..72, bytes: 2562..2587
2026-09-08T15:33:41.430784Z  WARN foundry_evm_coverage::anchors: could not find anchor item=Statement (location: (source ID: 83, lines: 71..72, bytes: 2562..2587), hits: 0) err=Could not find anchor: No matching instruction in range source ID: 83, lines: 71..72, bytes: 2562..2587
2026-09-08T15:33:41.430787Z  WARN foundry_evm_coverage::anchors: could not find anchor item=Statement (location: (source ID: 83, lines: 71..72, bytes: 2589..2607), hits: 0) err=Could not find anchor: No matching instruction in range source ID: 83, lines: 71..72, bytes: 2589..2607
2026-09-08T15:33:41.430789Z  WARN foundry_evm_coverage::anchors: could not find anchor item=Branch (branch: 4, path: 0) (location: (source ID: 83, lines: 71..72, bytes: 2589..2607), hits: 0) err=Could not find anchor: No matching instruction in range source ID: 83, lines: 71..72, bytes: 2589..2607
2026-09-08T15:33:41.430792Z  WARN foundry_evm_coverage::anchors: could not find anchor item=Line (location: (source ID: 83, lines: 72..73, bytes: 2621..2633), hits: 0) err=Could not find anchor: No matching instruction in range source ID: 83, lines: 72..73, bytes: 2621..2633
2026-09-08T15:33:41.430797Z  WARN foundry_evm_coverage::anchors: could not find anchor item=Statement (location: (source ID: 83, lines: 72..73, bytes: 2621..2633), hits: 0) err=Could not find anchor: No matching instruction in range source ID: 83, lines: 72..73, bytes: 2621..2633
2026-09-08T15:33:41.430799Z  WARN foundry_evm_coverage::anchors: could not find anchor item=Statement (location: (source ID: 83, lines: 72..73, bytes: 2635..2658), hits: 0) err=Could not find anchor: No matching instruction in range source ID: 83, lines: 72..73, bytes: 2635..2658
2026-09-08T15:33:41.430802Z  WARN foundry_evm_coverage::anchors: could not find anchor item=Branch (branch: 5, path: 0) (location: (source ID: 83, lines: 72..73, bytes: 2635..2658), hits: 0) err=Could not find anchor: No matching instruction in range source ID: 83, lines: 72..73, bytes: 2635..2658
2026-09-08T15:33:41.430804Z  WARN foundry_evm_coverage::anchors: could not find anchor item=Line (location: (source ID: 83, lines: 73..74, bytes: 2668..2687), hits: 0) err=Could not find anchor: No matching instruction in range source ID: 83, lines: 73..74, bytes: 2668..2687
2026-09-08T15:33:41.430807Z  WARN foundry_evm_coverage::anchors: could not find anchor item=Statement (location: (source ID: 83, lines: 73..74, bytes: 2668..2687), hits: 0) err=Could not find anchor: No matching instruction in range source ID: 83, lines: 73..74, bytes: 2668..2687
2026-09-08T15:33:41.430809Z  WARN foundry_evm_coverage::anchors: could not find anchor item=Line (location: (source ID: 83, lines: 74..75, bytes: 2697..2715), hits: 0) err=Could not find anchor: No matching instruction in range source ID: 83, lines: 74..75, bytes: 2697..2715
2026-09-08T15:33:41.430812Z  WARN foundry_evm_coverage::anchors: could not find anchor item=Statement (location: (source ID: 83, lines: 74..75, bytes: 2697..2715), hits: 0) err=Could not find anchor: No matching instruction in range source ID: 83, lines: 74..75, bytes: 2697..2715
2026-09-08T15:33:41.430814Z  WARN foundry_evm_coverage::anchors: could not find anchor item=Line (location: (source ID: 83, lines: 78..96, bytes: 2819..3822), hits: 0) err=Could not find anchor: No matching instruction in range source ID: 83, lines: 78..96, bytes: 2819..3822
2026-09-08T15:33:41.430817Z  WARN foundry_evm_coverage::anchors: could not find anchor item=Function "buy" (location: (source ID: 83, lines: 78..96, bytes: 2819..3822), hits: 0) err=Could not find anchor: No matching instruction in range source ID: 83, lines: 78..96, bytes: 2819..3822
2026-09-08T15:33:41.430819Z  WARN foundry_evm_coverage::anchors: could not find anchor item=Line (location: (source ID: 83, lines: 79..80, bytes: 2903..2938), hits: 0) err=Could not find anchor: No matching instruction in range source ID: 83, lines: 79..80, bytes: 2903..2938
2026-09-08T15:33:41.430822Z  WARN foundry_evm_coverage::anchors: could not find anchor item=Statement (location: (source ID: 83, lines: 79..80, bytes: 2903..2938), hits: 0) err=Could not find anchor: No matching instruction in range source ID: 83, lines: 79..80, bytes: 2903..2938
2026-09-08T15:33:41.430824Z  WARN foundry_evm_coverage::anchors: could not find anchor item=Line (location: (source ID: 83, lines: 80..81, bytes: 2952..2964), hits: 0) err=Could not find anchor: No matching instruction in range source ID: 83, lines: 80..81, bytes: 2952..2964
2026-09-08T15:33:41.430827Z  WARN foundry_evm_coverage::anchors: could not find anchor item=Statement (location: (source ID: 83, lines: 80..81, bytes: 2952..2964), hits: 0) err=Could not find anchor: No matching instruction in range source ID: 83, lines: 80..81, bytes: 2952..2964
2026-09-08T15:33:41.430829Z  WARN foundry_evm_coverage::anchors: could not find anchor item=Statement (location: (source ID: 83, lines: 80..81, bytes: 2952..2998), hits: 0) err=Could not find anchor: No matching instruction in range source ID: 83, lines: 80..81, bytes: 2952..2998
2026-09-08T15:33:41.430835Z  WARN foundry_evm_coverage::anchors: could not find anchor item=Statement (location: (source ID: 83, lines: 80..81, bytes: 2968..2998), hits: 0) err=Could not find anchor: No matching instruction in range source ID: 83, lines: 80..81, bytes: 2968..2998
2026-09-08T15:33:41.430838Z  WARN foundry_evm_coverage::anchors: could not find anchor item=Statement (location: (source ID: 83, lines: 80..81, bytes: 3000..3023), hits: 0) err=Could not find anchor: No matching instruction in range source ID: 83, lines: 80..81, bytes: 3000..3023
2026-09-08T15:33:41.430841Z  WARN foundry_evm_coverage::anchors: could not find anchor item=Branch (branch: 6, path: 0) (location: (source ID: 83, lines: 80..81, bytes: 3000..3023), hits: 0) err=Could not find anchor: No matching instruction in range source ID: 83, lines: 80..81, bytes: 3000..3023
2026-09-08T15:33:41.430843Z  WARN foundry_evm_coverage::anchors: could not find anchor item=Line (location: (source ID: 83, lines: 81..82, bytes: 3037..3088), hits: 0) err=Could not find anchor: No matching instruction in range source ID: 83, lines: 81..82, bytes: 3037..3088
2026-09-08T15:33:41.430846Z  WARN foundry_evm_coverage::anchors: could not find anchor item=Statement (location: (source ID: 83, lines: 81..82, bytes: 3037..3088), hits: 0) err=Could not find anchor: No matching instruction in range source ID: 83, lines: 81..82, bytes: 3037..3088
2026-09-08T15:33:41.430848Z  WARN foundry_evm_coverage::anchors: could not find anchor item=Statement (location: (source ID: 83, lines: 81..82, bytes: 3037..3110), hits: 0) err=Could not find anchor: No matching instruction in range source ID: 83, lines: 81..82, bytes: 3037..3110
2026-09-08T15:33:41.430851Z  WARN foundry_evm_coverage::anchors: could not find anchor item=Statement (location: (source ID: 83, lines: 81..82, bytes: 3112..3135), hits: 0) err=Could not find anchor: No matching instruction in range source ID: 83, lines: 81..82, bytes: 3112..3135
2026-09-08T15:33:41.430853Z  WARN foundry_evm_coverage::anchors: could not find anchor item=Branch (branch: 7, path: 0) (location: (source ID: 83, lines: 81..82, bytes: 3112..3135), hits: 0) err=Could not find anchor: No matching instruction in range source ID: 83, lines: 81..82, bytes: 3112..3135
2026-09-08T15:33:41.430856Z  WARN foundry_evm_coverage::anchors: could not find anchor item=Line (location: (source ID: 83, lines: 82..83, bytes: 3149..3188), hits: 0) err=Could not find anchor: No matching instruction in range source ID: 83, lines: 82..83, bytes: 3149..3188
2026-09-08T15:33:41.430858Z  WARN foundry_evm_coverage::anchors: could not find anchor item=Statement (location: (source ID: 83, lines: 82..83, bytes: 3149..3188), hits: 0) err=Could not find anchor: No matching instruction in range source ID: 83, lines: 82..83, bytes: 3149..3188
2026-09-08T15:33:41.430861Z  WARN foundry_evm_coverage::anchors: could not find anchor item=Statement (location: (source ID: 83, lines: 82..83, bytes: 3190..3210), hits: 0) err=Could not find anchor: No matching instruction in range source ID: 83, lines: 82..83, bytes: 3190..3210
2026-09-08T15:33:41.430863Z  WARN foundry_evm_coverage::anchors: could not find anchor item=Branch (branch: 8, path: 0) (location: (source ID: 83, lines: 82..83, bytes: 3190..3210), hits: 0) err=Could not find anchor: No matching instruction in range source ID: 83, lines: 82..83, bytes: 3190..3210
2026-09-08T15:33:41.430866Z  WARN foundry_evm_coverage::anchors: could not find anchor item=Line (location: (source ID: 83, lines: 83..84, bytes: 3224..3247), hits: 0) err=Could not find anchor: No matching instruction in range source ID: 83, lines: 83..84, bytes: 3224..3247
2026-09-08T15:33:41.430868Z  WARN foundry_evm_coverage::anchors: could not find anchor item=Statement (location: (source ID: 83, lines: 83..84, bytes: 3224..3247), hits: 0) err=Could not find anchor: No matching instruction in range source ID: 83, lines: 83..84, bytes: 3224..3247
2026-09-08T15:33:41.430871Z  WARN foundry_evm_coverage::anchors: could not find anchor item=Statement (location: (source ID: 83, lines: 83..84, bytes: 3224..3301), hits: 0) err=Could not find anchor: No matching instruction in range source ID: 83, lines: 83..84, bytes: 3224..3301
2026-09-08T15:33:41.430875Z  WARN foundry_evm_coverage::anchors: could not find anchor item=Statement (location: (source ID: 83, lines: 83..84, bytes: 3251..3277), hits: 0) err=Could not find anchor: No matching instruction in range source ID: 83, lines: 83..84, bytes: 3251..3277
2026-09-08T15:33:41.430878Z  WARN foundry_evm_coverage::anchors: could not find anchor item=Statement (location: (source ID: 83, lines: 83..84, bytes: 3251..3301), hits: 0) err=Could not find anchor: No matching instruction in range source ID: 83, lines: 83..84, bytes: 3251..3301
2026-09-08T15:33:41.430880Z  WARN foundry_evm_coverage::anchors: could not find anchor item=Statement (location: (source ID: 83, lines: 83..84, bytes: 3281..3301), hits: 0) err=Could not find anchor: No matching instruction in range source ID: 83, lines: 83..84, bytes: 3281..3301
2026-09-08T15:33:41.430883Z  WARN foundry_evm_coverage::anchors: could not find anchor item=Statement (location: (source ID: 83, lines: 83..84, bytes: 3303..3328), hits: 0) err=Could not find anchor: No matching instruction in range source ID: 83, lines: 83..84, bytes: 3303..3328
2026-09-08T15:33:41.430885Z  WARN foundry_evm_coverage::anchors: could not find anchor item=Branch (branch: 9, path: 0) (location: (source ID: 83, lines: 83..84, bytes: 3303..3328), hits: 0) err=Could not find anchor: No matching instruction in range source ID: 83, lines: 83..84, bytes: 3303..3328
2026-09-08T15:33:41.430888Z  WARN foundry_evm_coverage::anchors: could not find anchor item=Line (location: (source ID: 83, lines: 84..85, bytes: 3338..3364), hits: 0) err=Could not find anchor: No matching instruction in range source ID: 83, lines: 84..85, bytes: 3338..3364
2026-09-08T15:33:41.430890Z  WARN foundry_evm_coverage::anchors: could not find anchor item=Statement (location: (source ID: 83, lines: 84..85, bytes: 3338..3364), hits: 0) err=Could not find anchor: No matching instruction in range source ID: 83, lines: 84..85, bytes: 3338..3364
2026-09-08T15:33:41.430893Z  WARN foundry_evm_coverage::anchors: could not find anchor item=Line (location: (source ID: 83, lines: 85..86, bytes: 3378..3396), hits: 0) err=Could not find anchor: No matching instruction in range source ID: 83, lines: 85..86, bytes: 3378..3396
2026-09-08T15:33:41.430895Z  WARN foundry_evm_coverage::anchors: could not find anchor item=Statement (location: (source ID: 83, lines: 85..86, bytes: 3378..3396), hits: 0) err=Could not find anchor: No matching instruction in range source ID: 83, lines: 85..86, bytes: 3378..3396
2026-09-08T15:33:41.430898Z  WARN foundry_evm_coverage::anchors: could not find anchor item=Statement (location: (source ID: 83, lines: 85..86, bytes: 3398..3423), hits: 0) err=Could not find anchor: No matching instruction in range source ID: 83, lines: 85..86, bytes: 3398..3423
2026-09-08T15:33:41.430900Z  WARN foundry_evm_coverage::anchors: could not find anchor item=Branch (branch: 10, path: 0) (location: (source ID: 83, lines: 85..86, bytes: 3398..3423), hits: 0) err=Could not find anchor: No matching instruction in range source ID: 83, lines: 85..86, bytes: 3398..3423
2026-09-08T15:33:41.430903Z  WARN foundry_evm_coverage::anchors: could not find anchor item=Line (location: (source ID: 83, lines: 86..87, bytes: 3433..3505), hits: 0) err=Could not find anchor: No matching instruction in range source ID: 83, lines: 86..87, bytes: 3433..3505
2026-09-08T15:33:41.430905Z  WARN foundry_evm_coverage::anchors: could not find anchor item=Statement (location: (source ID: 83, lines: 86..87, bytes: 3433..3505), hits: 0) err=Could not find anchor: No matching instruction in range source ID: 83, lines: 86..87, bytes: 3433..3505
2026-09-08T15:33:41.430908Z  WARN foundry_evm_coverage::anchors: could not find anchor item=Statement (location: (source ID: 83, lines: 86..87, bytes: 3455..3505), hits: 0) err=Could not find anchor: No matching instruction in range source ID: 83, lines: 86..87, bytes: 3455..3505
2026-09-08T15:33:41.430913Z  WARN foundry_evm_coverage::anchors: could not find anchor item=Line (location: (source ID: 83, lines: 88..89, bytes: 3516..3535), hits: 0) err=Could not find anchor: No matching instruction in range source ID: 83, lines: 88..89, bytes: 3516..3535
2026-09-08T15:33:41.430915Z  WARN foundry_evm_coverage::anchors: could not find anchor item=Statement (location: (source ID: 83, lines: 88..89, bytes: 3516..3535), hits: 0) err=Could not find anchor: No matching instruction in range source ID: 83, lines: 88..89, bytes: 3516..3535
2026-09-08T15:33:41.430918Z  WARN foundry_evm_coverage::anchors: could not find anchor item=Line (location: (source ID: 83, lines: 89..90, bytes: 3545..3572), hits: 0) err=Could not find anchor: No matching instruction in range source ID: 83, lines: 89..90, bytes: 3545..3572
2026-09-08T15:33:41.430920Z  WARN foundry_evm_coverage::anchors: could not find anchor item=Statement (location: (source ID: 83, lines: 89..90, bytes: 3545..3572), hits: 0) err=Could not find anchor: No matching instruction in range source ID: 83, lines: 89..90, bytes: 3545..3572
2026-09-08T15:33:41.430923Z  WARN foundry_evm_coverage::anchors: could not find anchor item=Line (location: (source ID: 83, lines: 90..91, bytes: 3582..3621), hits: 0) err=Could not find anchor: No matching instruction in range source ID: 83, lines: 90..91, bytes: 3582..3621
2026-09-08T15:33:41.430925Z  WARN foundry_evm_coverage::anchors: could not find anchor item=Statement (location: (source ID: 83, lines: 90..91, bytes: 3582..3621), hits: 0) err=Could not find anchor: No matching instruction in range source ID: 83, lines: 90..91, bytes: 3582..3621
2026-09-08T15:33:41.430928Z  WARN foundry_evm_coverage::anchors: could not find anchor item=Line (location: (source ID: 83, lines: 91..92, bytes: 3631..3652), hits: 0) err=Could not find anchor: No matching instruction in range source ID: 83, lines: 91..92, bytes: 3631..3652
2026-09-08T15:33:41.430930Z  WARN foundry_evm_coverage::anchors: could not find anchor item=Statement (location: (source ID: 83, lines: 91..92, bytes: 3631..3652), hits: 0) err=Could not find anchor: No matching instruction in range source ID: 83, lines: 91..92, bytes: 3631..3652
2026-09-08T15:33:41.430933Z  WARN foundry_evm_coverage::anchors: could not find anchor item=Line (location: (source ID: 83, lines: 93..94, bytes: 3663..3734), hits: 0) err=Could not find anchor: No matching instruction in range source ID: 83, lines: 93..94, bytes: 3663..3734
2026-09-08T15:33:41.430935Z  WARN foundry_evm_coverage::anchors: could not find anchor item=Statement (location: (source ID: 83, lines: 93..94, bytes: 3663..3734), hits: 0) err=Could not find anchor: No matching instruction in range source ID: 83, lines: 93..94, bytes: 3663..3734
2026-09-08T15:33:41.430938Z  WARN foundry_evm_coverage::anchors: could not find anchor item=Line (location: (source ID: 83, lines: 94..95, bytes: 3744..3815), hits: 0) err=Could not find anchor: No matching instruction in range source ID: 83, lines: 94..95, bytes: 3744..3815
2026-09-08T15:33:41.430940Z  WARN foundry_evm_coverage::anchors: could not find anchor item=Statement (location: (source ID: 83, lines: 94..95, bytes: 3744..3815), hits: 0) err=Could not find anchor: No matching instruction in range source ID: 83, lines: 94..95, bytes: 3744..3815
2026-09-08T15:33:41.430943Z  WARN foundry_evm_coverage::anchors: could not find anchor item=Line (location: (source ID: 83, lines: 97..100, bytes: 3828..3969), hits: 0) err=Could not find anchor: No matching instruction in range source ID: 83, lines: 97..100, bytes: 3828..3969
2026-09-08T15:33:41.430945Z  WARN foundry_evm_coverage::anchors: could not find anchor item=Function "_tokenRescueAdmin" (location: (source ID: 83, lines: 97..100, bytes: 3828..3969), hits: 0) err=Could not find anchor: No matching instruction in range source ID: 83, lines: 97..100, bytes: 3828..3969
2026-09-08T15:33:41.430948Z  WARN foundry_evm_coverage::anchors: could not find anchor item=Line (location: (source ID: 83, lines: 98..99, bytes: 3915..3962), hits: 0) err=Could not find anchor: No matching instruction in range source ID: 83, lines: 98..99, bytes: 3915..3962
2026-09-08T15:33:41.430953Z  WARN foundry_evm_coverage::anchors: could not find anchor item=Statement (location: (source ID: 83, lines: 98..99, bytes: 3915..3962), hits: 0) err=Could not find anchor: No matching instruction in range source ID: 83, lines: 98..99, bytes: 3915..3962
2026-09-08T15:33:41.430955Z  WARN foundry_evm_coverage::anchors: could not find anchor item=Line (location: (source ID: 83, lines: 101..104, bytes: 3975..4074), hits: 0) err=Could not find anchor: No matching instruction in range source ID: 83, lines: 101..104, bytes: 3975..4074
2026-09-08T15:33:41.430958Z  WARN foundry_evm_coverage::anchors: could not find anchor item=Function "_protectedToken" (location: (source ID: 83, lines: 101..104, bytes: 3975..4074), hits: 0) err=Could not find anchor: No matching instruction in range source ID: 83, lines: 101..104, bytes: 3975..4074
2026-09-08T15:33:41.430960Z  WARN foundry_evm_coverage::anchors: could not find anchor item=Line (location: (source ID: 83, lines: 102..103, bytes: 4053..4067), hits: 0) err=Could not find anchor: No matching instruction in range source ID: 83, lines: 102..103, bytes: 4053..4067
2026-09-08T15:33:41.430963Z  WARN foundry_evm_coverage::anchors: could not find anchor item=Statement (location: (source ID: 83, lines: 102..103, bytes: 4053..4067), hits: 0) err=Could not find anchor: No matching instruction in range source ID: 83, lines: 102..103, bytes: 4053..4067
2026-09-08T15:33:41.430965Z  WARN foundry_evm_coverage::anchors: could not find anchor item=Line (location: (source ID: 83, lines: 105..109, bytes: 4080..4312), hits: 0) err=Could not find anchor: No matching instruction in range source ID: 83, lines: 105..109, bytes: 4080..4312
2026-09-08T15:33:41.430968Z  WARN foundry_evm_coverage::anchors: could not find anchor item=Function "_isApproved" (location: (source ID: 83, lines: 105..109, bytes: 4080..4312), hits: 0) err=Could not find anchor: No matching instruction in range source ID: 83, lines: 105..109, bytes: 4080..4312
2026-09-08T15:33:41.430970Z  WARN foundry_evm_coverage::anchors: could not find anchor item=Line (location: (source ID: 83, lines: 106..107, bytes: 4179..4235), hits: 0) err=Could not find anchor: No matching instruction in range source ID: 83, lines: 106..107, bytes: 4179..4235
2026-09-08T15:33:41.430973Z  WARN foundry_evm_coverage::anchors: could not find anchor item=Statement (location: (source ID: 83, lines: 106..107, bytes: 4179..4235), hits: 0) err=Could not find anchor: No matching instruction in range source ID: 83, lines: 106..107, bytes: 4179..4235
2026-09-08T15:33:41.430975Z  WARN foundry_evm_coverage::anchors: could not find anchor item=Statement (location: (source ID: 83, lines: 106..108, bytes: 4172..4305), hits: 0) err=Could not find anchor: No matching instruction in range source ID: 83, lines: 106..108, bytes: 4172..4305
2026-09-08T15:33:41.430978Z  WARN foundry_evm_coverage::anchors: could not find anchor item=Statement (location: (source ID: 83, lines: 106..108, bytes: 4179..4305), hits: 0) err=Could not find anchor: No matching instruction in range source ID: 83, lines: 106..108, bytes: 4179..4305
2026-09-08T15:33:41.430980Z  WARN foundry_evm_coverage::anchors: could not find anchor item=Line (location: (source ID: 83, lines: 107..108, bytes: 4251..4288), hits: 0) err=Could not find anchor: No matching instruction in range source ID: 83, lines: 107..108, bytes: 4251..4288
2026-09-08T15:33:41.430983Z  WARN foundry_evm_coverage::anchors: could not find anchor item=Statement (location: (source ID: 83, lines: 107..108, bytes: 4251..4288), hits: 0) err=Could not find anchor: No matching instruction in range source ID: 83, lines: 107..108, bytes: 4251..4288
2026-09-08T15:33:41.430985Z  WARN foundry_evm_coverage::anchors: could not find anchor item=Statement (location: (source ID: 83, lines: 107..108, bytes: 4251..4305), hits: 0) err=Could not find anchor: No matching instruction in range source ID: 83, lines: 107..108, bytes: 4251..4305
2026-09-08T15:33:41.430991Z  WARN foundry_evm_coverage::anchors: could not find anchor item=Line (location: (source ID: 83, lines: 111..121, bytes: 4420..4917), hits: 0) err=Could not find anchor: No matching instruction in range source ID: 83, lines: 111..121, bytes: 4420..4917
2026-09-08T15:33:41.430994Z  WARN foundry_evm_coverage::anchors: could not find anchor item=Function "withdraw" (location: (source ID: 83, lines: 111..121, bytes: 4420..4917), hits: 0) err=Could not find anchor: No matching instruction in range source ID: 83, lines: 111..121, bytes: 4420..4917
2026-09-08T15:33:41.430996Z  WARN foundry_evm_coverage::anchors: could not find anchor item=Line (location: (source ID: 83, lines: 112..113, bytes: 4501..4524), hits: 0) err=Could not find anchor: No matching instruction in range source ID: 83, lines: 112..113, bytes: 4501..4524
2026-09-08T15:33:41.430999Z  WARN foundry_evm_coverage::anchors: could not find anchor item=Statement (location: (source ID: 83, lines: 112..113, bytes: 4501..4524), hits: 0) err=Could not find anchor: No matching instruction in range source ID: 83, lines: 112..113, bytes: 4501..4524
2026-09-08T15:33:41.431001Z  WARN foundry_evm_coverage::anchors: could not find anchor item=Statement (location: (source ID: 83, lines: 112..113, bytes: 4501..4554), hits: 0) err=Could not find anchor: No matching instruction in range source ID: 83, lines: 112..113, bytes: 4501..4554
2026-09-08T15:33:41.431004Z  WARN foundry_evm_coverage::anchors: could not find anchor item=Statement (location: (source ID: 83, lines: 112..113, bytes: 4528..4554), hits: 0) err=Could not find anchor: No matching instruction in range source ID: 83, lines: 112..113, bytes: 4528..4554
2026-09-08T15:33:41.431006Z  WARN foundry_evm_coverage::anchors: could not find anchor item=Statement (location: (source ID: 83, lines: 112..113, bytes: 4556..4581), hits: 0) err=Could not find anchor: No matching instruction in range source ID: 83, lines: 112..113, bytes: 4556..4581
2026-09-08T15:33:41.431009Z  WARN foundry_evm_coverage::anchors: could not find anchor item=Branch (branch: 11, path: 0) (location: (source ID: 83, lines: 112..113, bytes: 4556..4581), hits: 0) err=Could not find anchor: No matching instruction in range source ID: 83, lines: 112..113, bytes: 4556..4581
2026-09-08T15:33:41.431011Z  WARN foundry_evm_coverage::anchors: could not find anchor item=Line (location: (source ID: 83, lines: 113..114, bytes: 4591..4627), hits: 0) err=Could not find anchor: No matching instruction in range source ID: 83, lines: 113..114, bytes: 4591..4627
2026-09-08T15:33:41.431014Z  WARN foundry_evm_coverage::anchors: could not find anchor item=Statement (location: (source ID: 83, lines: 113..114, bytes: 4591..4627), hits: 0) err=Could not find anchor: No matching instruction in range source ID: 83, lines: 113..114, bytes: 4591..4627
2026-09-08T15:33:41.431016Z  WARN foundry_evm_coverage::anchors: could not find anchor item=Line (location: (source ID: 83, lines: 114..115, bytes: 4641..4652), hits: 0) err=Could not find anchor: No matching instruction in range source ID: 83, lines: 114..115, bytes: 4641..4652
2026-09-08T15:33:41.431019Z  WARN foundry_evm_coverage::anchors: could not find anchor item=Statement (location: (source ID: 83, lines: 114..115, bytes: 4641..4652), hits: 0) err=Could not find anchor: No matching instruction in range source ID: 83, lines: 114..115, bytes: 4641..4652
2026-09-08T15:33:41.431021Z  WARN foundry_evm_coverage::anchors: could not find anchor item=Statement (location: (source ID: 83, lines: 114..115, bytes: 4654..4680), hits: 0) err=Could not find anchor: No matching instruction in range source ID: 83, lines: 114..115, bytes: 4654..4680
2026-09-08T15:33:41.431023Z  WARN foundry_evm_coverage::anchors: could not find anchor item=Branch (branch: 12, path: 0) (location: (source ID: 83, lines: 114..115, bytes: 4654..4680), hits: 0) err=Could not find anchor: No matching instruction in range source ID: 83, lines: 114..115, bytes: 4654..4680
2026-09-08T15:33:41.431026Z  WARN foundry_evm_coverage::anchors: could not find anchor item=Line (location: (source ID: 83, lines: 115..116, bytes: 4690..4713), hits: 0) err=Could not find anchor: No matching instruction in range source ID: 83, lines: 115..116, bytes: 4690..4713
2026-09-08T15:33:41.431031Z  WARN foundry_evm_coverage::anchors: could not find anchor item=Statement (location: (source ID: 83, lines: 115..116, bytes: 4690..4713), hits: 0) err=Could not find anchor: No matching instruction in range source ID: 83, lines: 115..116, bytes: 4690..4713
2026-09-08T15:33:41.431033Z  WARN foundry_evm_coverage::anchors: could not find anchor item=Line (location: (source ID: 83, lines: 116..117, bytes: 4723..4745), hits: 0) err=Could not find anchor: No matching instruction in range source ID: 83, lines: 116..117, bytes: 4723..4745
2026-09-08T15:33:41.431036Z  WARN foundry_evm_coverage::anchors: could not find anchor item=Statement (location: (source ID: 83, lines: 116..117, bytes: 4723..4745), hits: 0) err=Could not find anchor: No matching instruction in range source ID: 83, lines: 116..117, bytes: 4723..4745
2026-09-08T15:33:41.431038Z  WARN foundry_evm_coverage::anchors: could not find anchor item=Line (location: (source ID: 83, lines: 117..118, bytes: 4755..4808), hits: 0) err=Could not find anchor: No matching instruction in range source ID: 83, lines: 117..118, bytes: 4755..4808
2026-09-08T15:33:41.431041Z  WARN foundry_evm_coverage::anchors: could not find anchor item=Statement (location: (source ID: 83, lines: 117..118, bytes: 4755..4808), hits: 0) err=Could not find anchor: No matching instruction in range source ID: 83, lines: 117..118, bytes: 4755..4808
2026-09-08T15:33:41.431043Z  WARN foundry_evm_coverage::anchors: could not find anchor item=Statement (location: (source ID: 83, lines: 117..118, bytes: 4773..4808), hits: 0) err=Could not find anchor: No matching instruction in range source ID: 83, lines: 117..118, bytes: 4773..4808
2026-09-08T15:33:41.431046Z  WARN foundry_evm_coverage::anchors: could not find anchor item=Line (location: (source ID: 83, lines: 118..119, bytes: 4822..4830), hits: 0) err=Could not find anchor: No matching instruction in range source ID: 83, lines: 118..119, bytes: 4822..4830
2026-09-08T15:33:41.431048Z  WARN foundry_evm_coverage::anchors: could not find anchor item=Statement (location: (source ID: 83, lines: 118..119, bytes: 4822..4830), hits: 0) err=Could not find anchor: No matching instruction in range source ID: 83, lines: 118..119, bytes: 4822..4830
2026-09-08T15:33:41.431051Z  WARN foundry_evm_coverage::anchors: could not find anchor item=Statement (location: (source ID: 83, lines: 118..119, bytes: 4832..4855), hits: 0) err=Could not find anchor: No matching instruction in range source ID: 83, lines: 118..119, bytes: 4832..4855
2026-09-08T15:33:41.431053Z  WARN foundry_evm_coverage::anchors: could not find anchor item=Branch (branch: 13, path: 0) (location: (source ID: 83, lines: 118..119, bytes: 4832..4855), hits: 0) err=Could not find anchor: No matching instruction in range source ID: 83, lines: 118..119, bytes: 4832..4855
2026-09-08T15:33:41.431056Z  WARN foundry_evm_coverage::anchors: could not find anchor item=Line (location: (source ID: 83, lines: 119..120, bytes: 4865..4910), hits: 0) err=Could not find anchor: No matching instruction in range source ID: 83, lines: 119..120, bytes: 4865..4910
2026-09-08T15:33:41.431058Z  WARN foundry_evm_coverage::anchors: could not find anchor item=Statement (location: (source ID: 83, lines: 119..120, bytes: 4865..4910), hits: 0) err=Could not find anchor: No matching instruction in range source ID: 83, lines: 119..120, bytes: 4865..4910
2026-09-08T15:33:41.431061Z  WARN foundry_evm_coverage::anchors: could not find anchor item=Line (location: (source ID: 83, lines: 123..135, bytes: 5017..5651), hits: 0) err=Could not find anchor: No matching instruction in range source ID: 83, lines: 123..135, bytes: 5017..5651
2026-09-08T15:33:41.431063Z  WARN foundry_evm_coverage::anchors: could not find anchor item=Function "withdrawRoyalties" (location: (source ID: 83, lines: 123..135, bytes: 5017..5651), hits: 0) err=Could not find anchor: No matching instruction in range source ID: 83, lines: 123..135, bytes: 5017..5651
2026-09-08T15:33:41.431068Z  WARN foundry_evm_coverage::anchors: could not find anchor item=Line (location: (source ID: 83, lines: 124..125, bytes: 5103..5158), hits: 0) err=Could not find anchor: No matching instruction in range source ID: 83, lines: 124..125, bytes: 5103..5158
2026-09-08T15:33:41.431070Z  WARN foundry_evm_coverage::anchors: could not find anchor item=Statement (location: (source ID: 83, lines: 124..125, bytes: 5103..5158), hits: 0) err=Could not find anchor: No matching instruction in range source ID: 83, lines: 124..125, bytes: 5103..5158
2026-09-08T15:33:41.431073Z  WARN foundry_evm_coverage::anchors: could not find anchor item=Statement (location: (source ID: 83, lines: 124..125, bytes: 5123..5158), hits: 0) err=Could not find anchor: No matching instruction in range source ID: 83, lines: 124..125, bytes: 5123..5158
2026-09-08T15:33:41.431075Z  WARN foundry_evm_coverage::anchors: could not find anchor item=Line (location: (source ID: 83, lines: 125..126, bytes: 5172..5192), hits: 0) err=Could not find anchor: No matching instruction in range source ID: 83, lines: 125..126, bytes: 5172..5192
2026-09-08T15:33:41.431078Z  WARN foundry_evm_coverage::anchors: could not find anchor item=Statement (location: (source ID: 83, lines: 125..126, bytes: 5172..5192), hits: 0) err=Could not find anchor: No matching instruction in range source ID: 83, lines: 125..126, bytes: 5172..5192
2026-09-08T15:33:41.431080Z  WARN foundry_evm_coverage::anchors: could not find anchor item=Statement (location: (source ID: 83, lines: 125..126, bytes: 5194..5218), hits: 0) err=Could not find anchor: No matching instruction in range source ID: 83, lines: 125..126, bytes: 5194..5218
2026-09-08T15:33:41.431083Z  WARN foundry_evm_coverage::anchors: could not find anchor item=Branch (branch: 14, path: 0) (location: (source ID: 83, lines: 125..126, bytes: 5194..5218), hits: 0) err=Could not find anchor: No matching instruction in range source ID: 83, lines: 125..126, bytes: 5194..5218
2026-09-08T15:33:41.431086Z  WARN foundry_evm_coverage::anchors: could not find anchor item=Line (location: (source ID: 83, lines: 126..127, bytes: 5232..5255), hits: 0) err=Could not find anchor: No matching instruction in range source ID: 83, lines: 126..127, bytes: 5232..5255
2026-09-08T15:33:41.431088Z  WARN foundry_evm_coverage::anchors: could not find anchor item=Statement (location: (source ID: 83, lines: 126..127, bytes: 5232..5255), hits: 0) err=Could not find anchor: No matching instruction in range source ID: 83, lines: 126..127, bytes: 5232..5255
2026-09-08T15:33:41.431090Z  WARN foundry_evm_coverage::anchors: could not find anchor item=Statement (location: (source ID: 83, lines: 126..127, bytes: 5232..5285), hits: 0) err=Could not find anchor: No matching instruction in range source ID: 83, lines: 126..127, bytes: 5232..5285
2026-09-08T15:33:41.431093Z  WARN foundry_evm_coverage::anchors: could not find anchor item=Statement (location: (source ID: 83, lines: 126..127, bytes: 5259..5285), hits: 0) err=Could not find anchor: No matching instruction in range source ID: 83, lines: 126..127, bytes: 5259..5285
2026-09-08T15:33:41.431095Z  WARN foundry_evm_coverage::anchors: could not find anchor item=Statement (location: (source ID: 83, lines: 126..127, bytes: 5287..5312), hits: 0) err=Could not find anchor: No matching instruction in range source ID: 83, lines: 126..127, bytes: 5287..5312
2026-09-08T15:33:41.431098Z  WARN foundry_evm_coverage::anchors: could not find anchor item=Branch (branch: 15, path: 0) (location: (source ID: 83, lines: 126..127, bytes: 5287..5312), hits: 0) err=Could not find anchor: No matching instruction in range source ID: 83, lines: 126..127, bytes: 5287..5312
2026-09-08T15:33:41.431101Z  WARN foundry_evm_coverage::anchors: could not find anchor item=Line (location: (source ID: 83, lines: 127..128, bytes: 5322..5355), hits: 0) err=Could not find anchor: No matching instruction in range source ID: 83, lines: 127..128, bytes: 5322..5355
2026-09-08T15:33:41.431105Z  WARN foundry_evm_coverage::anchors: could not find anchor item=Statement (location: (source ID: 83, lines: 127..128, bytes: 5322..5355), hits: 0) err=Could not find anchor: No matching instruction in range source ID: 83, lines: 127..128, bytes: 5322..5355
2026-09-08T15:33:41.431108Z  WARN foundry_evm_coverage::anchors: could not find anchor item=Line (location: (source ID: 83, lines: 128..129, bytes: 5369..5380), hits: 0) err=Could not find anchor: No matching instruction in range source ID: 83, lines: 128..129, bytes: 5369..5380
2026-09-08T15:33:41.431110Z  WARN foundry_evm_coverage::anchors: could not find anchor item=Statement (location: (source ID: 83, lines: 128..129, bytes: 5369..5380), hits: 0) err=Could not find anchor: No matching instruction in range source ID: 83, lines: 128..129, bytes: 5369..5380
2026-09-08T15:33:41.431113Z  WARN foundry_evm_coverage::anchors: could not find anchor item=Statement (location: (source ID: 83, lines: 128..129, bytes: 5382..5408), hits: 0) err=Could not find anchor: No matching instruction in range source ID: 83, lines: 128..129, bytes: 5382..5408
2026-09-08T15:33:41.431115Z  WARN foundry_evm_coverage::anchors: could not find anchor item=Branch (branch: 16, path: 0) (location: (source ID: 83, lines: 128..129, bytes: 5382..5408), hits: 0) err=Could not find anchor: No matching instruction in range source ID: 83, lines: 128..129, bytes: 5382..5408
2026-09-08T15:33:41.431118Z  WARN foundry_evm_coverage::anchors: could not find anchor item=Line (location: (source ID: 83, lines: 129..130, bytes: 5418..5438), hits: 0) err=Could not find anchor: No matching instruction in range source ID: 83, lines: 129..130, bytes: 5418..5438
2026-09-08T15:33:41.431120Z  WARN foundry_evm_coverage::anchors: could not find anchor item=Statement (location: (source ID: 83, lines: 129..130, bytes: 5418..5438), hits: 0) err=Could not find anchor: No matching instruction in range source ID: 83, lines: 129..130, bytes: 5418..5438
2026-09-08T15:33:41.431123Z  WARN foundry_evm_coverage::anchors: could not find anchor item=Line (location: (source ID: 83, lines: 130..131, bytes: 5448..5470), hits: 0) err=Could not find anchor: No matching instruction in range source ID: 83, lines: 130..131, bytes: 5448..5470
2026-09-08T15:33:41.430591Z  WARN foundry_evm_coverage::anchors: could not find anchor item=Branch (branch: 1, path: 0) (location: (source ID: 79, lines: 13..14, bytes: 592..704), hits: 0) err=Could not detect branches in source: source ID: 79, lines: 13..14, bytes: 592..704
2026-09-08T15:33:41.430714Z  WARN foundry_evm_coverage::anchors: could not find anchor item=Statement (location: (source ID: 81, lines: 73..74, bytes: 3627..3693), hits: 0) err=Could not find anchor: No matching instruction in range source ID: 81, lines: 73..74, bytes: 3627..3693
2026-09-08T15:33:41.430632Z  WARN foundry_evm_coverage::anchors: could not find anchor item=Statement (location: (source ID: 80, lines: 39..40, bytes: 1707..1776), hits: 0) err=Could not find anchor: No matching instruction in range source ID: 80, lines: 39..40, bytes: 1707..1776
2026-09-08T15:33:41.431144Z  WARN foundry_evm_coverage::anchors: could not find anchor item=Statement (location: (source ID: 81, lines: 73..74, bytes: 3651..3693), hits: 0) err=Could not find anchor: No matching instruction in range source ID: 81, lines: 73..74, bytes: 3651..3693
2026-09-08T15:33:41.430695Z  WARN foundry_evm_coverage::anchors: could not find anchor item=Line (location: (source ID: 82, lines: 127..128, bytes: 5068..5099), hits: 0) err=Could not find anchor: No matching instruction in range source ID: 82, lines: 127..128, bytes: 5068..5099
2026-09-08T15:33:41.431152Z  WARN foundry_evm_coverage::anchors: could not find anchor item=Statement (location: (source ID: 82, lines: 127..128, bytes: 5068..5099), hits: 0) err=Could not find anchor: No matching instruction in range source ID: 82, lines: 127..128, bytes: 5068..5099
2026-09-08T15:33:41.431156Z  WARN foundry_evm_coverage::anchors: could not find anchor item=Line (location: (source ID: 82, lines: 128..129, bytes: 5113..5137), hits: 0) err=Could not find anchor: No matching instruction in range source ID: 82, lines: 128..129, bytes: 5113..5137
2026-09-08T15:33:41.431162Z  WARN foundry_evm_coverage::anchors: could not find anchor item=Statement (location: (source ID: 82, lines: 128..129, bytes: 5113..5137), hits: 0) err=Could not find anchor: No matching instruction in range source ID: 82, lines: 128..129, bytes: 5113..5137
2026-09-08T15:33:41.431165Z  WARN foundry_evm_coverage::anchors: could not find anchor item=Statement (location: (source ID: 82, lines: 128..129, bytes: 5139..5167), hits: 0) err=Could not find anchor: No matching instruction in range source ID: 82, lines: 128..129, bytes: 5139..5167
2026-09-08T15:33:41.431169Z  WARN foundry_evm_coverage::anchors: could not find anchor item=Branch (branch: 2, path: 0) (location: (source ID: 82, lines: 128..129, bytes: 5139..5167), hits: 0) err=Could not find anchor: No matching instruction in range source ID: 82, lines: 128..129, bytes: 5139..5167
2026-09-08T15:33:41.431172Z  WARN foundry_evm_coverage::anchors: could not find anchor item=Line (location: (source ID: 82, lines: 129..130, bytes: 5177..5207), hits: 0) err=Could not find anchor: No matching instruction in range source ID: 82, lines: 129..130, bytes: 5177..5207
2026-09-08T15:33:41.431175Z  WARN foundry_evm_coverage::anchors: could not find anchor item=Statement (location: (source ID: 82, lines: 129..130, bytes: 5177..5207), hits: 0) err=Could not find anchor: No matching instruction in range source ID: 82, lines: 129..130, bytes: 5177..5207
2026-09-08T15:33:41.431149Z  WARN foundry_evm_coverage::anchors: could not find anchor item=Statement (location: (source ID: 81, lines: 73..74, bytes: 3669..3693), hits: 0) err=Could not find anchor: No matching instruction in range source ID: 81, lines: 73..74, bytes: 3669..3693
2026-09-08T15:33:41.431136Z  WARN foundry_evm_coverage::anchors: could not find anchor item=Branch (branch: 1, path: 1) (location: (source ID: 79, lines: 13..14, bytes: 592..704), hits: 0) err=Could not detect branches in source: source ID: 79, lines: 13..14, bytes: 592..704
2026-09-08T15:33:41.431146Z  WARN foundry_evm_coverage::anchors: could not find anchor item=Branch (branch: 3, path: 0) (location: (source ID: 80, lines: 39..40, bytes: 1707..1776), hits: 0) err=Could not detect branches in source: source ID: 80, lines: 39..40, bytes: 1707..1776
2026-09-08T15:33:41.431178Z  WARN foundry_evm_coverage::anchors: could not find anchor item=Line (location: (source ID: 82, lines: 130..131, bytes: 5217..5266), hits: 0) err=Could not find anchor: No matching instruction in range source ID: 82, lines: 130..131, bytes: 5217..5266
2026-09-08T15:33:41.431193Z  WARN foundry_evm_coverage::anchors: could not find anchor item=Statement (location: (source ID: 82, lines: 130..131, bytes: 5217..5266), hits: 0) err=Could not find anchor: No matching instruction in range source ID: 82, lines: 130..131, bytes: 5217..5266
2026-09-08T15:33:41.431196Z  WARN foundry_evm_coverage::anchors: could not find anchor item=Line (location: (source ID: 82, lines: 134..141, bytes: 5381..5719), hits: 0) err=Could not find anchor: No matching instruction in range source ID: 82, lines: 134..141, bytes: 5381..5719
2026-09-08T15:33:41.431198Z  WARN foundry_evm_coverage::anchors: could not find anchor item=Function "cancelPayoutWalletChange" (location: (source ID: 82, lines: 134..141, bytes: 5381..5719), hits: 0) err=Could not find anchor: No matching instruction in range source ID: 82, lines: 134..141, bytes: 5381..5719
2026-09-08T15:33:41.431201Z  WARN foundry_evm_coverage::anchors: could not find anchor item=Line (location: (source ID: 82, lines: 135..136, bytes: 5453..5479), hits: 0) err=Could not find anchor: No matching instruction in range source ID: 82, lines: 135..136, bytes: 5453..5479
2026-09-08T15:33:41.431204Z  WARN foundry_evm_coverage::anchors: could not find anchor item=Statement (location: (source ID: 82, lines: 135..136, bytes: 5453..5479), hits: 0) err=Could not find anchor: No matching instruction in range source ID: 82, lines: 135..136, bytes: 5453..5479
2026-09-08T15:33:41.431181Z  WARN foundry_evm_coverage::anchors: could not find anchor item=Statement (location: (source ID: 81, lines: 73..74, bytes: 3695..3715), hits: 0) err=Could not find anchor: No matching instruction in range source ID: 81, lines: 73..74, bytes: 3695..3715
2026-09-08T15:33:41.431185Z  WARN foundry_evm_coverage::anchors: could not find anchor item=Line (location: (source ID: 79, lines: 14..15, bytes: 714..787), hits: 0) err=Could not find anchor: No matching instruction in range source ID: 79, lines: 14..15, bytes: 714..787
2026-09-08T15:33:41.431217Z  WARN foundry_evm_coverage::anchors: could not find anchor item=Statement (location: (source ID: 79, lines: 14..15, bytes: 714..787), hits: 0) err=Could not find anchor: No matching instruction in range source ID: 79, lines: 14..15, bytes: 714..787
2026-09-08T15:33:41.431221Z  WARN foundry_evm_coverage::anchors: could not find anchor item=Statement (location: (source ID: 79, lines: 14..15, bytes: 739..787), hits: 0) err=Could not find anchor: No matching instruction in range source ID: 79, lines: 14..15, bytes: 739..787
2026-09-08T15:33:41.431224Z  WARN foundry_evm_coverage::anchors: could not find anchor item=Line (location: (source ID: 79, lines: 15..16, bytes: 797..883), hits: 0) err=Could not find anchor: No matching instruction in range source ID: 79, lines: 15..16, bytes: 797..883
2026-09-08T15:33:41.431226Z  WARN foundry_evm_coverage::anchors: could not find anchor item=Statement (location: (source ID: 79, lines: 15..16, bytes: 797..883), hits: 0) err=Could not find anchor: No matching instruction in range source ID: 79, lines: 15..16, bytes: 797..883
2026-09-08T15:33:41.431189Z  WARN foundry_evm_coverage::anchors: could not find anchor item=Branch (branch: 3, path: 1) (location: (source ID: 80, lines: 39..40, bytes: 1707..1776), hits: 0) err=Could not detect branches in source: source ID: 80, lines: 39..40, bytes: 1707..1776
2026-09-08T15:33:41.431233Z  WARN foundry_evm_coverage::anchors: could not find anchor item=Line (location: (source ID: 80, lines: 40..41, bytes: 1786..1869), hits: 0) err=Could not find anchor: No matching instruction in range source ID: 80, lines: 40..41, bytes: 1786..1869
2026-09-08T15:33:41.431235Z  WARN foundry_evm_coverage::anchors: could not find anchor item=Statement (location: (source ID: 80, lines: 40..41, bytes: 1786..1869), hits: 0) err=Could not find anchor: No matching instruction in range source ID: 80, lines: 40..41, bytes: 1786..1869
2026-09-08T15:33:41.431214Z  WARN foundry_evm_coverage::anchors: could not find anchor item=Branch (branch: 3, path: 0) (location: (source ID: 81, lines: 73..74, bytes: 3695..3715), hits: 0) err=Could not find anchor: No matching instruction in range source ID: 81, lines: 73..74, bytes: 3695..3715
2026-09-08T15:33:41.431229Z  WARN foundry_evm_coverage::anchors: could not find anchor item=Branch (branch: 2, path: 0) (location: (source ID: 79, lines: 15..16, bytes: 797..883), hits: 0) err=Could not detect branches in source: source ID: 79, lines: 15..16, bytes: 797..883
2026-09-08T15:33:41.431246Z  WARN foundry_evm_coverage::anchors: could not find anchor item=Branch (branch: 2, path: 1) (location: (source ID: 79, lines: 15..16, bytes: 797..883), hits: 0) err=Could not detect branches in source: source ID: 79, lines: 15..16, bytes: 797..883
2026-09-08T15:33:41.431249Z  WARN foundry_evm_coverage::anchors: could not find anchor item=Line (location: (source ID: 79, lines: 16..17, bytes: 893..979), hits: 0) err=Could not find anchor: No matching instruction in range source ID: 79, lines: 16..17, bytes: 893..979
2026-09-08T15:33:41.431251Z  WARN foundry_evm_coverage::anchors: could not find anchor item=Statement (location: (source ID: 79, lines: 16..17, bytes: 893..979), hits: 0) err=Could not find anchor: No matching instruction in range source ID: 79, lines: 16..17, bytes: 893..979
2026-09-08T15:33:41.431254Z  WARN foundry_evm_coverage::anchors: could not find anchor item=Branch (branch: 3, path: 0) (location: (source ID: 79, lines: 16..17, bytes: 893..979), hits: 0) err=Could not detect branches in source: source ID: 79, lines: 16..17, bytes: 893..979
2026-09-08T15:33:41.431257Z  WARN foundry_evm_coverage::anchors: could not find anchor item=Branch (branch: 3, path: 1) (location: (source ID: 79, lines: 16..17, bytes: 893..979), hits: 0) err=Could not detect branches in source: source ID: 79, lines: 16..17, bytes: 893..979
2026-09-08T15:33:41.431259Z  WARN foundry_evm_coverage::anchors: could not find anchor item=Line (location: (source ID: 79, lines: 17..20, bytes: 989..1124), hits: 0) err=Could not find anchor: No matching instruction in range source ID: 79, lines: 17..20, bytes: 989..1124
2026-09-08T15:33:41.431262Z  WARN foundry_evm_coverage::anchors: could not find anchor item=Statement (location: (source ID: 79, lines: 17..20, bytes: 989..1124), hits: 0) err=Could not find anchor: No matching instruction in range source ID: 79, lines: 17..20, bytes: 989..1124
2026-09-08T15:33:41.431265Z  WARN foundry_evm_coverage::anchors: could not find anchor item=Branch (branch: 4, path: 0) (location: (source ID: 79, lines: 17..20, bytes: 989..1124), hits: 0) err=Could not detect branches in source: source ID: 79, lines: 17..20, bytes: 989..1124
2026-09-08T15:33:41.431268Z  WARN foundry_evm_coverage::anchors: could not find anchor item=Branch (branch: 4, path: 1) (location: (source ID: 79, lines: 17..20, bytes: 989..1124), hits: 0) err=Could not detect branches in source: source ID: 79, lines: 17..20, bytes: 989..1124
2026-09-08T15:33:41.431271Z  WARN foundry_evm_coverage::anchors: could not find anchor item=Line (location: (source ID: 79, lines: 20..21, bytes: 1134..1153), hits: 0) err=Could not find anchor: No matching instruction in range source ID: 79, lines: 20..21, bytes: 1134..1153
2026-09-08T15:33:41.431273Z  WARN foundry_evm_coverage::anchors: could not find anchor item=Statement (location: (source ID: 79, lines: 20..21, bytes: 1134..1153), hits: 0) err=Could not find anchor: No matching instruction in range source ID: 79, lines: 20..21, bytes: 1134..1153
2026-09-08T15:33:41.431276Z  WARN foundry_evm_coverage::anchors: could not find anchor item=Line (location: (source ID: 79, lines: 21..22, bytes: 1163..1197), hits: 0) err=Could not find anchor: No matching instruction in range source ID: 79, lines: 21..22, bytes: 1163..1197
2026-09-08T15:33:41.431279Z  WARN foundry_evm_coverage::anchors: could not find anchor item=Statement (location: (source ID: 79, lines: 21..22, bytes: 1163..1197), hits: 0) err=Could not find anchor: No matching instruction in range source ID: 79, lines: 21..22, bytes: 1163..1197
2026-09-08T15:33:41.431282Z  WARN foundry_evm_coverage::anchors: could not find anchor item=Line (location: (source ID: 79, lines: 22..23, bytes: 1207..1225), hits: 0) err=Could not find anchor: No matching instruction in range source ID: 79, lines: 22..23, bytes: 1207..1225
2026-09-08T15:33:41.431284Z  WARN foundry_evm_coverage::anchors: could not find anchor item=Statement (location: (source ID: 79, lines: 22..23, bytes: 1207..1225), hits: 0) err=Could not find anchor: No matching instruction in range source ID: 79, lines: 22..23, bytes: 1207..1225
2026-09-08T15:33:41.431287Z  WARN foundry_evm_coverage::anchors: could not find anchor item=Line (location: (source ID: 79, lines: 23..24, bytes: 1235..1303), hits: 0) err=Could not find anchor: No matching instruction in range source ID: 79, lines: 23..24, bytes: 1235..1303
2026-09-08T15:33:41.431289Z  WARN foundry_evm_coverage::anchors: could not find anchor item=Statement (location: (source ID: 79, lines: 23..24, bytes: 1235..1303), hits: 0) err=Could not find anchor: No matching instruction in range source ID: 79, lines: 23..24, bytes: 1235..1303
2026-09-08T15:33:41.431292Z  WARN foundry_evm_coverage::anchors: could not find anchor item=Branch (branch: 5, path: 0) (location: (source ID: 79, lines: 23..24, bytes: 1235..1303), hits: 0) err=Could not detect branches in source: source ID: 79, lines: 23..24, bytes: 1235..1303
2026-09-08T15:33:41.431295Z  WARN foundry_evm_coverage::anchors: could not find anchor item=Branch (branch: 5, path: 1) (location: (source ID: 79, lines: 23..24, bytes: 1235..1303), hits: 0) err=Could not detect branches in source: source ID: 79, lines: 23..24, bytes: 1235..1303
2026-09-08T15:33:41.431298Z  WARN foundry_evm_coverage::anchors: could not find anchor item=Line (location: (source ID: 79, lines: 24..25, bytes: 1313..1416), hits: 0) err=Could not find anchor: No matching instruction in range source ID: 79, lines: 24..25, bytes: 1313..1416
2026-09-08T15:33:41.431300Z  WARN foundry_evm_coverage::anchors: could not find anchor item=Statement (location: (source ID: 79, lines: 24..25, bytes: 1313..1416), hits: 0) err=Could not find anchor: No matching instruction in range source ID: 79, lines: 24..25, bytes: 1313..1416
2026-09-08T15:33:41.431303Z  WARN foundry_evm_coverage::anchors: could not find anchor item=Branch (branch: 6, path: 0) (location: (source ID: 79, lines: 24..25, bytes: 1313..1416), hits: 0) err=Could not detect branches in source: source ID: 79, lines: 24..25, bytes: 1313..1416
2026-09-08T15:33:41.431306Z  WARN foundry_evm_coverage::anchors: could not find anchor item=Branch (branch: 6, path: 1) (location: (source ID: 79, lines: 24..25, bytes: 1313..1416), hits: 0) err=Could not detect branches in source: source ID: 79, lines: 24..25, bytes: 1313..1416
2026-09-08T15:33:41.431308Z  WARN foundry_evm_coverage::anchors: could not find anchor item=Line (location: (source ID: 79, lines: 25..26, bytes: 1426..1467), hits: 0) err=Could not find anchor: No matching instruction in range source ID: 79, lines: 25..26, bytes: 1426..1467
2026-09-08T15:33:41.431311Z  WARN foundry_evm_coverage::anchors: could not find anchor item=Statement (location: (source ID: 79, lines: 25..26, bytes: 1426..1467), hits: 0) err=Could not find anchor: No matching instruction in range source ID: 79, lines: 25..26, bytes: 1426..1467
2026-09-08T15:33:41.431313Z  WARN foundry_evm_coverage::anchors: could not find anchor item=Line (location: (source ID: 79, lines: 26..27, bytes: 1477..1538), hits: 0) err=Could not find anchor: No matching instruction in range source ID: 79, lines: 26..27, bytes: 1477..1538
2026-09-08T15:33:41.431316Z  WARN foundry_evm_coverage::anchors: could not find anchor item=Statement (location: (source ID: 79, lines: 26..27, bytes: 1477..1538), hits: 0) err=Could not find anchor: No matching instruction in range source ID: 79, lines: 26..27, bytes: 1477..1538
2026-09-08T15:33:41.431318Z  WARN foundry_evm_coverage::anchors: could not find anchor item=Line (location: (source ID: 79, lines: 27..28, bytes: 1548..1597), hits: 0) err=Could not find anchor: No matching instruction in range source ID: 79, lines: 27..28, bytes: 1548..1597
2026-09-08T15:33:41.431321Z  WARN foundry_evm_coverage::anchors: could not find anchor item=Statement (location: (source ID: 79, lines: 27..28, bytes: 1548..1597), hits: 0) err=Could not find anchor: No matching instruction in range source ID: 79, lines: 27..28, bytes: 1548..1597
2026-09-08T15:33:41.431323Z  WARN foundry_evm_coverage::anchors: could not find anchor item=Line (location: (source ID: 79, lines: 28..29, bytes: 1607..1673), hits: 0) err=Could not find anchor: No matching instruction in range source ID: 79, lines: 28..29, bytes: 1607..1673
2026-09-08T15:33:41.431326Z  WARN foundry_evm_coverage::anchors: could not find anchor item=Statement (location: (source ID: 79, lines: 28..29, bytes: 1607..1673), hits: 0) err=Could not find anchor: No matching instruction in range source ID: 79, lines: 28..29, bytes: 1607..1673
2026-09-08T15:33:41.431328Z  WARN foundry_evm_coverage::anchors: could not find anchor item=Line (location: (source ID: 79, lines: 29..30, bytes: 1683..1736), hits: 0) err=Could not find anchor: No matching instruction in range source ID: 79, lines: 29..30, bytes: 1683..1736
2026-09-08T15:33:41.431331Z  WARN foundry_evm_coverage::anchors: could not find anchor item=Statement (location: (source ID: 79, lines: 29..30, bytes: 1683..1736), hits: 0) err=Could not find anchor: No matching instruction in range source ID: 79, lines: 29..30, bytes: 1683..1736
2026-09-08T15:33:41.431335Z  WARN foundry_evm_coverage::anchors: could not find anchor item=Line (location: (source ID: 79, lines: 30..31, bytes: 1746..1842), hits: 0) err=Could not find anchor: No matching instruction in range source ID: 79, lines: 30..31, bytes: 1746..1842
2026-09-08T15:33:41.431337Z  WARN foundry_evm_coverage::anchors: could not find anchor item=Statement (location: (source ID: 79, lines: 30..31, bytes: 1746..1842), hits: 0) err=Could not find anchor: No matching instruction in range source ID: 79, lines: 30..31, bytes: 1746..1842
2026-09-08T15:33:41.431242Z  WARN foundry_evm_coverage::anchors: could not find anchor item=Line (location: (source ID: 81, lines: 74..75, bytes: 3730..3739), hits: 0) err=Could not find anchor: No matching instruction in range source ID: 81, lines: 74..75, bytes: 3730..3739
2026-09-08T15:33:41.431345Z  WARN foundry_evm_coverage::anchors: could not find anchor item=Statement (location: (source ID: 81, lines: 74..75, bytes: 3730..3739), hits: 0) err=Could not find anchor: No matching instruction in range source ID: 81, lines: 74..75, bytes: 3730..3739
2026-09-08T15:33:41.431348Z  WARN foundry_evm_coverage::anchors: could not find anchor item=Statement (location: (source ID: 81, lines: 74..75, bytes: 3741..3760), hits: 0) err=Could not find anchor: No matching instruction in range source ID: 81, lines: 74..75, bytes: 3741..3760
2026-09-08T15:33:41.431351Z  WARN foundry_evm_coverage::anchors: could not find anchor item=Statement (location: (source ID: 81, lines: 74..75, bytes: 3762..3765), hits: 0) err=Could not find anchor: No matching instruction in range source ID: 81, lines: 74..75, bytes: 3762..3765
2026-09-08T15:33:41.431354Z  WARN foundry_evm_coverage::anchors: could not find anchor item=Line (location: (source ID: 81, lines: 75..76, bytes: 3781..3805), hits: 0) err=Could not find anchor: No matching instruction in range source ID: 81, lines: 75..76, bytes: 3781..3805
2026-09-08T15:33:41.431210Z  WARN foundry_evm_coverage::anchors: could not find anchor item=Statement (location: (source ID: 82, lines: 135..136, bytes: 5481..5502), hits: 0) err=Could not find anchor: No matching instruction in range source ID: 82, lines: 135..136, bytes: 5481..5502
2026-09-08T15:33:41.431361Z  WARN foundry_evm_coverage::anchors: could not find anchor item=Branch (branch: 3, path: 0) (location: (source ID: 82, lines: 135..136, bytes: 5481..5502), hits: 0) err=Could not find anchor: No matching instruction in range source ID: 82, lines: 135..136, bytes: 5481..5502
2026-09-08T15:33:41.431131Z  WARN foundry_evm_coverage::anchors: could not find anchor item=Statement (location: (source ID: 83, lines: 130..131, bytes: 5448..5470), hits: 0) err=Could not find anchor: No matching instruction in range source ID: 83, lines: 130..131, bytes: 5448..5470
2026-09-08T15:33:41.431368Z  WARN foundry_evm_coverage::anchors: could not find anchor item=Line (location: (source ID: 83, lines: 131..132, bytes: 5480..5533), hits: 0) err=Could not find anchor: No matching instruction in range source ID: 83, lines: 131..132, bytes: 5480..5533
2026-09-08T15:33:41.431371Z  WARN foundry_evm_coverage::anchors: could not find anchor item=Statement (location: (source ID: 83, lines: 131..132, bytes: 5480..5533), hits: 0) err=Could not find anchor: No matching instruction in range source ID: 83, lines: 131..132, bytes: 5480..5533
2026-09-08T15:33:41.431373Z  WARN foundry_evm_coverage::anchors: could not find anchor item=Statement (location: (source ID: 83, lines: 131..132, bytes: 5498..5533), hits: 0) err=Could not find anchor: No matching instruction in range source ID: 83, lines: 131..132, bytes: 5498..5533
2026-09-08T15:33:41.431376Z  WARN foundry_evm_coverage::anchors: could not find anchor item=Line (location: (source ID: 83, lines: 132..133, bytes: 5547..5555), hits: 0) err=Could not find anchor: No matching instruction in range source ID: 83, lines: 132..133, bytes: 5547..5555
2026-09-08T15:33:41.431378Z  WARN foundry_evm_coverage::anchors: could not find anchor item=Statement (location: (source ID: 83, lines: 132..133, bytes: 5547..5555), hits: 0) err=Could not find anchor: No matching instruction in range source ID: 83, lines: 132..133, bytes: 5547..5555
2026-09-08T15:33:41.431381Z  WARN foundry_evm_coverage::anchors: could not find anchor item=Statement (location: (source ID: 83, lines: 132..133, bytes: 5557..5580), hits: 0) err=Could not find anchor: No matching instruction in range source ID: 83, lines: 132..133, bytes: 5557..5580
2026-09-08T15:33:41.431383Z  WARN foundry_evm_coverage::anchors: could not find anchor item=Branch (branch: 17, path: 0) (location: (source ID: 83, lines: 132..133, bytes: 5557..5580), hits: 0) err=Could not find anchor: No matching instruction in range source ID: 83, lines: 132..133, bytes: 5557..5580
2026-09-08T15:33:41.431386Z  WARN foundry_evm_coverage::anchors: could not find anchor item=Line (location: (source ID: 83, lines: 133..134, bytes: 5590..5644), hits: 0) err=Could not find anchor: No matching instruction in range source ID: 83, lines: 133..134, bytes: 5590..5644
2026-09-08T15:33:41.431388Z  WARN foundry_evm_coverage::anchors: could not find anchor item=Statement (location: (source ID: 83, lines: 133..134, bytes: 5590..5644), hits: 0) err=Could not find anchor: No matching instruction in range source ID: 83, lines: 133..134, bytes: 5590..5644
2026-09-08T15:33:41.431357Z  WARN foundry_evm_coverage::anchors: could not find anchor item=Statement (location: (source ID: 81, lines: 75..76, bytes: 3781..3805), hits: 0) err=Could not find anchor: No matching instruction in range source ID: 81, lines: 75..76, bytes: 3781..3805
2026-09-08T15:33:41.431238Z  WARN foundry_evm_coverage::anchors: could not find anchor item=Branch (branch: 4, path: 0) (location: (source ID: 80, lines: 40..41, bytes: 1786..1869), hits: 0) err=Could not detect branches in source: source ID: 80, lines: 40..41, bytes: 1786..1869
2026-09-08T15:33:41.431365Z  WARN foundry_evm_coverage::anchors: could not find anchor item=Line (location: (source ID: 82, lines: 136..137, bytes: 5512..5550), hits: 0) err=Could not find anchor: No matching instruction in range source ID: 82, lines: 136..137, bytes: 5512..5550
2026-09-08T15:33:41.431395Z  WARN foundry_evm_coverage::anchors: could not find anchor item=Line (location: (source ID: 81, lines: 76..77, bytes: 3823..3830), hits: 0) err=Could not find anchor: No matching instruction in range source ID: 81, lines: 76..77, bytes: 3823..3830
2026-09-08T15:33:41.431406Z  WARN foundry_evm_coverage::anchors: could not find anchor item=Statement (location: (source ID: 81, lines: 76..77, bytes: 3823..3830), hits: 0) err=Could not find anchor: No matching instruction in range source ID: 81, lines: 76..77, bytes: 3823..3830
2026-09-08T15:33:41.431409Z  WARN foundry_evm_coverage::anchors: could not find anchor item=Statement (location: (source ID: 81, lines: 76..77, bytes: 3823..3879), hits: 0) err=Could not find anchor: No matching instruction in range source ID: 81, lines: 76..77, bytes: 3823..3879
2026-09-08T15:33:41.431412Z  WARN foundry_evm_coverage::anchors: could not find anchor item=Statement (location: (source ID: 81, lines: 76..77, bytes: 3834..3849), hits: 0) err=Could not find anchor: No matching instruction in range source ID: 81, lines: 76..77, bytes: 3834..3849
2026-09-08T15:33:41.431395Z  WARN foundry_evm_coverage::anchors: could not find anchor item=Line (location: (source ID: 83, lines: 54..57, bytes: 1752..1803), hits: 0) err=Could not find anchor: No matching instruction in range source ID: 83, lines: 54..57, bytes: 1752..1803
2026-09-08T15:33:41.431398Z  WARN foundry_evm_coverage::anchors: could not find anchor item=Branch (branch: 4, path: 1) (location: (source ID: 80, lines: 40..41, bytes: 1786..1869), hits: 0) err=Could not detect branches in source: source ID: 80, lines: 40..41, bytes: 1786..1869
2026-09-08T15:33:41.431421Z  WARN foundry_evm_coverage::anchors: could not find anchor item=Function "constructor" (location: (source ID: 83, lines: 54..57, bytes: 1752..1803), hits: 0) err=Could not find anchor: No matching instruction in range source ID: 83, lines: 54..57, bytes: 1752..1803
2026-09-08T15:33:41.431415Z  WARN foundry_evm_coverage::anchors: could not find anchor item=Statement (location: (source ID: 81, lines: 76..77, bytes: 3834..3879), hits: 0) err=Could not find anchor: No matching instruction in range source ID: 81, lines: 76..77, bytes: 3834..3879
2026-09-08T15:33:41.431428Z  WARN foundry_evm_coverage::anchors: could not find anchor item=Line (location: (source ID: 83, lines: 55..56, bytes: 1776..1796), hits: 0) err=Could not find anchor: No matching instruction in range source ID: 83, lines: 55..56, bytes: 1776..1796
2026-09-08T15:33:41.431402Z  WARN foundry_evm_coverage::anchors: could not find anchor item=Statement (location: (source ID: 82, lines: 136..137, bytes: 5512..5550), hits: 0) err=Could not find anchor: No matching instruction in range source ID: 82, lines: 136..137, bytes: 5512..5550
2026-09-08T15:33:41.431434Z  WARN foundry_evm_coverage::anchors: could not find anchor item=Statement (location: (source ID: 83, lines: 55..56, bytes: 1776..1796), hits: 0) err=Could not find anchor: No matching instruction in range source ID: 83, lines: 55..56, bytes: 1776..1796
2026-09-08T15:33:41.431422Z  WARN foundry_evm_coverage::anchors: could not find anchor item=Line (location: (source ID: 80, lines: 41..42, bytes: 1879..1955), hits: 0) err=Could not find anchor: No matching instruction in range source ID: 80, lines: 41..42, bytes: 1879..1955
2026-09-08T15:33:41.431441Z  WARN foundry_evm_coverage::anchors: could not find anchor item=Statement (location: (source ID: 80, lines: 41..42, bytes: 1879..1955), hits: 0) err=Could not find anchor: No matching instruction in range source ID: 80, lines: 41..42, bytes: 1879..1955
2026-09-08T15:33:41.431444Z  WARN foundry_evm_coverage::anchors: could not find anchor item=Branch (branch: 5, path: 0) (location: (source ID: 80, lines: 41..42, bytes: 1879..1955), hits: 0) err=Could not detect branches in source: source ID: 80, lines: 41..42, bytes: 1879..1955
2026-09-08T15:33:41.431447Z  WARN foundry_evm_coverage::anchors: could not find anchor item=Branch (branch: 5, path: 1) (location: (source ID: 80, lines: 41..42, bytes: 1879..1955), hits: 0) err=Could not detect branches in source: source ID: 80, lines: 41..42, bytes: 1879..1955
2026-09-08T15:33:41.431449Z  WARN foundry_evm_coverage::anchors: could not find anchor item=Line (location: (source ID: 80, lines: 42..43, bytes: 1965..2040), hits: 0) err=Could not find anchor: No matching instruction in range source ID: 80, lines: 42..43, bytes: 1965..2040
2026-09-08T15:33:41.431452Z  WARN foundry_evm_coverage::anchors: could not find anchor item=Statement (location: (source ID: 80, lines: 42..43, bytes: 1965..2040), hits: 0) err=Could not find anchor: No matching instruction in range source ID: 80, lines: 42..43, bytes: 1965..2040
2026-09-08T15:33:41.431454Z  WARN foundry_evm_coverage::anchors: could not find anchor item=Branch (branch: 6, path: 0) (location: (source ID: 80, lines: 42..43, bytes: 1965..2040), hits: 0) err=Could not detect branches in source: source ID: 80, lines: 42..43, bytes: 1965..2040
2026-09-08T15:33:41.431457Z  WARN foundry_evm_coverage::anchors: could not find anchor item=Branch (branch: 6, path: 1) (location: (source ID: 80, lines: 42..43, bytes: 1965..2040), hits: 0) err=Could not detect branches in source: source ID: 80, lines: 42..43, bytes: 1965..2040
2026-09-08T15:33:41.431459Z  WARN foundry_evm_coverage::anchors: could not find anchor item=Line (location: (source ID: 80, lines: 43..52, bytes: 2050..2309), hits: 0) err=Could not find anchor: No matching instruction in range source ID: 80, lines: 43..52, bytes: 2050..2309
2026-09-08T15:33:41.431462Z  WARN foundry_evm_coverage::anchors: could not find anchor item=Statement (location: (source ID: 80, lines: 43..52, bytes: 2050..2309), hits: 0) err=Could not find anchor: No matching instruction in range source ID: 80, lines: 43..52, bytes: 2050..2309
2026-09-08T15:33:41.431464Z  WARN foundry_evm_coverage::anchors: could not find anchor item=Line (location: (source ID: 80, lines: 52..53, bytes: 2319..2378), hits: 0) err=Could not find anchor: No matching instruction in range source ID: 80, lines: 52..53, bytes: 2319..2378
2026-09-08T15:33:41.431467Z  WARN foundry_evm_coverage::anchors: could not find anchor item=Statement (location: (source ID: 80, lines: 52..53, bytes: 2319..2378), hits: 0) err=Could not find anchor: No matching instruction in range source ID: 80, lines: 52..53, bytes: 2319..2378
2026-09-08T15:33:41.431469Z  WARN foundry_evm_coverage::anchors: could not find anchor item=Branch (branch: 7, path: 0) (location: (source ID: 80, lines: 52..53, bytes: 2319..2378), hits: 0) err=Could not detect branches in source: source ID: 80, lines: 52..53, bytes: 2319..2378
2026-09-08T15:33:41.431472Z  WARN foundry_evm_coverage::anchors: could not find anchor item=Branch (branch: 7, path: 1) (location: (source ID: 80, lines: 52..53, bytes: 2319..2378), hits: 0) err=Could not detect branches in source: source ID: 80, lines: 52..53, bytes: 2319..2378
2026-09-08T15:33:41.431475Z  WARN foundry_evm_coverage::anchors: could not find anchor item=Line (location: (source ID: 80, lines: 53..54, bytes: 2388..2450), hits: 0) err=Could not find anchor: No matching instruction in range source ID: 80, lines: 53..54, bytes: 2388..2450
2026-09-08T15:33:41.431477Z  WARN foundry_evm_coverage::anchors: could not find anchor item=Statement (location: (source ID: 80, lines: 53..54, bytes: 2388..2450), hits: 0) err=Could not find anchor: No matching instruction in range source ID: 80, lines: 53..54, bytes: 2388..2450
2026-09-08T15:33:41.431480Z  WARN foundry_evm_coverage::anchors: could not find anchor item=Branch (branch: 8, path: 0) (location: (source ID: 80, lines: 53..54, bytes: 2388..2450), hits: 0) err=Could not detect branches in source: source ID: 80, lines: 53..54, bytes: 2388..2450
2026-09-08T15:33:41.431483Z  WARN foundry_evm_coverage::anchors: could not find anchor item=Branch (branch: 8, path: 1) (location: (source ID: 80, lines: 53..54, bytes: 2388..2450), hits: 0) err=Could not detect branches in source: source ID: 80, lines: 53..54, bytes: 2388..2450
2026-09-08T15:33:41.431429Z  WARN foundry_evm_coverage::anchors: could not find anchor item=Statement (location: (source ID: 81, lines: 76..77, bytes: 3853..3865), hits: 0) err=Could not find anchor: No matching instruction in range source ID: 81, lines: 76..77, bytes: 3853..3865
2026-09-08T15:33:41.431489Z  WARN foundry_evm_coverage::anchors: could not find anchor item=Statement (location: (source ID: 81, lines: 76..77, bytes: 3853..3879), hits: 0) err=Could not find anchor: No matching instruction in range source ID: 81, lines: 76..77, bytes: 3853..3879
2026-09-08T15:33:41.431436Z  WARN foundry_evm_coverage::anchors: could not find anchor item=Line (location: (source ID: 82, lines: 137..138, bytes: 5564..5586), hits: 0) err=Could not find anchor: No matching instruction in range source ID: 82, lines: 137..138, bytes: 5564..5586
2026-09-08T15:33:41.431497Z  WARN foundry_evm_coverage::anchors: could not find anchor item=Statement (location: (source ID: 82, lines: 137..138, bytes: 5564..5586), hits: 0) err=Could not find anchor: No matching instruction in range source ID: 82, lines: 137..138, bytes: 5564..5586
2026-09-08T15:33:41.431500Z  WARN foundry_evm_coverage::anchors: could not find anchor item=Statement (location: (source ID: 82, lines: 137..138, bytes: 5588..5618), hits: 0) err=Could not find anchor: No matching instruction in range source ID: 82, lines: 137..138, bytes: 5588..5618
2026-09-08T15:33:41.431486Z  WARN foundry_evm_coverage::anchors: could not find anchor item=Line (location: (source ID: 80, lines: 54..57, bytes: 2460..2596), hits: 0) err=Could not find anchor: No matching instruction in range source ID: 80, lines: 54..57, bytes: 2460..2596
2026-09-08T15:33:41.431507Z  WARN foundry_evm_coverage::anchors: could not find anchor item=Statement (location: (source ID: 80, lines: 54..57, bytes: 2460..2596), hits: 0) err=Could not find anchor: No matching instruction in range source ID: 80, lines: 54..57, bytes: 2460..2596
2026-09-08T15:33:41.431510Z  WARN foundry_evm_coverage::anchors: could not find anchor item=Branch (branch: 9, path: 0) (location: (source ID: 80, lines: 54..57, bytes: 2460..2596), hits: 0) err=Could not detect branches in source: source ID: 80, lines: 54..57, bytes: 2460..2596
2026-09-08T15:33:41.431513Z  WARN foundry_evm_coverage::anchors: could not find anchor item=Branch (branch: 9, path: 1) (location: (source ID: 80, lines: 54..57, bytes: 2460..2596), hits: 0) err=Could not detect branches in source: source ID: 80, lines: 54..57, bytes: 2460..2596
2026-09-08T15:33:41.431516Z  WARN foundry_evm_coverage::anchors: could not find anchor item=Line (location: (source ID: 80, lines: 57..61, bytes: 2606..2758), hits: 0) err=Could not find anchor: No matching instruction in range source ID: 80, lines: 57..61, bytes: 2606..2758
2026-09-08T15:33:41.431519Z  WARN foundry_evm_coverage::anchors: could not find anchor item=Statement (location: (source ID: 80, lines: 57..61, bytes: 2606..2758), hits: 0) err=Could not find anchor: No matching instruction in range source ID: 80, lines: 57..61, bytes: 2606..2758
2026-09-08T15:33:41.431521Z  WARN foundry_evm_coverage::anchors: could not find anchor item=Branch (branch: 10, path: 0) (location: (source ID: 80, lines: 57..61, bytes: 2606..2758), hits: 0) err=Could not detect branches in source: source ID: 80, lines: 57..61, bytes: 2606..2758
2026-09-08T15:33:41.431524Z  WARN foundry_evm_coverage::anchors: could not find anchor item=Branch (branch: 10, path: 1) (location: (source ID: 80, lines: 57..61, bytes: 2606..2758), hits: 0) err=Could not detect branches in source: source ID: 80, lines: 57..61, bytes: 2606..2758
2026-09-08T15:33:41.431526Z  WARN foundry_evm_coverage::anchors: could not find anchor item=Line (location: (source ID: 80, lines: 63..85, bytes: 2771..3995), hits: 0) err=Could not find anchor: No matching instruction in range source ID: 80, lines: 63..85, bytes: 2771..3995
2026-09-08T15:33:41.431529Z  WARN foundry_evm_coverage::anchors: could not find anchor item=Function "run" (location: (source ID: 80, lines: 63..85, bytes: 2771..3995), hits: 0) err=Could not find anchor: No matching instruction in range source ID: 80, lines: 63..85, bytes: 2771..3995
2026-09-08T15:33:41.431531Z  WARN foundry_evm_coverage::anchors: could not find anchor item=Line (location: (source ID: 80, lines: 64..65, bytes: 2838..2882), hits: 0) err=Could not find anchor: No matching instruction in range source ID: 80, lines: 64..65, bytes: 2838..2882
2026-09-08T15:33:41.431534Z  WARN foundry_evm_coverage::anchors: could not find anchor item=Statement (location: (source ID: 80, lines: 64..65, bytes: 2838..2882), hits: 0) err=Could not find anchor: No matching instruction in range source ID: 80, lines: 64..65, bytes: 2838..2882
2026-09-08T15:33:41.431536Z  WARN foundry_evm_coverage::anchors: could not find anchor item=Statement (location: (source ID: 80, lines: 64..65, bytes: 2870..2882), hits: 0) err=Could not find anchor: No matching instruction in range source ID: 80, lines: 64..65, bytes: 2870..2882
2026-09-08T15:33:41.431539Z  WARN foundry_evm_coverage::anchors: could not find anchor item=Line (location: (source ID: 80, lines: 65..66, bytes: 2892..2931), hits: 0) err=Could not find anchor: No matching instruction in range source ID: 80, lines: 65..66, bytes: 2892..2931
2026-09-08T15:33:41.431541Z  WARN foundry_evm_coverage::anchors: could not find anchor item=Statement (location: (source ID: 80, lines: 65..66, bytes: 2892..2931), hits: 0) err=Could not find anchor: No matching instruction in range source ID: 80, lines: 65..66, bytes: 2892..2931
2026-09-08T15:33:41.431544Z  WARN foundry_evm_coverage::anchors: could not find anchor item=Line (location: (source ID: 80, lines: 66..67, bytes: 2941..2993), hits: 0) err=Could not find anchor: No matching instruction in range source ID: 80, lines: 66..67, bytes: 2941..2993
2026-09-08T15:33:41.431547Z  WARN foundry_evm_coverage::anchors: could not find anchor item=Statement (location: (source ID: 80, lines: 66..67, bytes: 2941..2993), hits: 0) err=Could not find anchor: No matching instruction in range source ID: 80, lines: 66..67, bytes: 2941..2993
2026-09-08T15:33:41.431550Z  WARN foundry_evm_coverage::anchors: could not find anchor item=Line (location: (source ID: 80, lines: 67..68, bytes: 3003..3044), hits: 0) err=Could not find anchor: No matching instruction in range source ID: 80, lines: 67..68, bytes: 3003..3044
2026-09-08T15:33:41.431552Z  WARN foundry_evm_coverage::anchors: could not find anchor item=Statement (location: (source ID: 80, lines: 67..68, bytes: 3003..3044), hits: 0) err=Could not find anchor: No matching instruction in range source ID: 80, lines: 67..68, bytes: 3003..3044
2026-09-08T15:33:41.431555Z  WARN foundry_evm_coverage::anchors: could not find anchor item=Line (location: (source ID: 80, lines: 68..69, bytes: 3054..3099), hits: 0) err=Could not find anchor: No matching instruction in range source ID: 80, lines: 68..69, bytes: 3054..3099
2026-09-08T15:33:41.431557Z  WARN foundry_evm_coverage::anchors: could not find anchor item=Statement (location: (source ID: 80, lines: 68..69, bytes: 3054..3099), hits: 0) err=Could not find anchor: No matching instruction in range source ID: 80, lines: 68..69, bytes: 3054..3099
2026-09-08T15:33:41.431560Z  WARN foundry_evm_coverage::anchors: could not find anchor item=Line (location: (source ID: 80, lines: 69..70, bytes: 3109..3158), hits: 0) err=Could not find anchor: No matching instruction in range source ID: 80, lines: 69..70, bytes: 3109..3158
2026-09-08T15:33:41.431562Z  WARN foundry_evm_coverage::anchors: could not find anchor item=Statement (location: (source ID: 80, lines: 69..70, bytes: 3109..3158), hits: 0) err=Could not find anchor: No matching instruction in range source ID: 80, lines: 69..70, bytes: 3109..3158
2026-09-08T15:33:41.431565Z  WARN foundry_evm_coverage::anchors: could not find anchor item=Line (location: (source ID: 80, lines: 70..71, bytes: 3168..3243), hits: 0) err=Could not find anchor: No matching instruction in range source ID: 80, lines: 70..71, bytes: 3168..3243
2026-09-08T15:33:41.431567Z  WARN foundry_evm_coverage::anchors: could not find anchor item=Statement (location: (source ID: 80, lines: 70..71, bytes: 3168..3243), hits: 0) err=Could not find anchor: No matching instruction in range source ID: 80, lines: 70..71, bytes: 3168..3243
2026-09-08T15:33:41.431569Z  WARN foundry_evm_coverage::anchors: could not find anchor item=Line (location: (source ID: 80, lines: 71..72, bytes: 3253..3319), hits: 0) err=Could not find anchor: No matching instruction in range source ID: 80, lines: 71..72, bytes: 3253..3319
2026-09-08T15:33:41.431572Z  WARN foundry_evm_coverage::anchors: could not find anchor item=Statement (location: (source ID: 80, lines: 71..72, bytes: 3253..3319), hits: 0) err=Could not find anchor: No matching instruction in range source ID: 80, lines: 71..72, bytes: 3253..3319
2026-09-08T15:33:41.431575Z  WARN foundry_evm_coverage::anchors: could not find anchor item=Line (location: (source ID: 80, lines: 72..73, bytes: 3329..3386), hits: 0) err=Could not find anchor: No matching instruction in range source ID: 80, lines: 72..73, bytes: 3329..3386
2026-09-08T15:33:41.431577Z  WARN foundry_evm_coverage::anchors: could not find anchor item=Statement (location: (source ID: 80, lines: 72..73, bytes: 3329..3386), hits: 0) err=Could not find anchor: No matching instruction in range source ID: 80, lines: 72..73, bytes: 3329..3386
2026-09-08T15:33:41.431580Z  WARN foundry_evm_coverage::anchors: could not find anchor item=Line (location: (source ID: 80, lines: 73..74, bytes: 3396..3446), hits: 0) err=Could not find anchor: No matching instruction in range source ID: 80, lines: 73..74, bytes: 3396..3446
2026-09-08T15:33:41.431582Z  WARN foundry_evm_coverage::anchors: could not find anchor item=Statement (location: (source ID: 80, lines: 73..74, bytes: 3396..3446), hits: 0) err=Could not find anchor: No matching instruction in range source ID: 80, lines: 73..74, bytes: 3396..3446
2026-09-08T15:33:41.431584Z  WARN foundry_evm_coverage::anchors: could not find anchor item=Line (location: (source ID: 80, lines: 74..75, bytes: 3456..3475), hits: 0) err=Could not find anchor: No matching instruction in range source ID: 80, lines: 74..75, bytes: 3456..3475
2026-09-08T15:33:41.431587Z  WARN foundry_evm_coverage::anchors: could not find anchor item=Statement (location: (source ID: 80, lines: 74..75, bytes: 3456..3475), hits: 0) err=Could not find anchor: No matching instruction in range source ID: 80, lines: 74..75, bytes: 3456..3475
2026-09-08T15:33:41.431589Z  WARN foundry_evm_coverage::anchors: could not find anchor item=Line (location: (source ID: 80, lines: 75..76, bytes: 3485..3516), hits: 0) err=Could not find anchor: No matching instruction in range source ID: 80, lines: 75..76, bytes: 3485..3516
2026-09-08T15:33:41.431592Z  WARN foundry_evm_coverage::anchors: could not find anchor item=Statement (location: (source ID: 80, lines: 75..76, bytes: 3485..3516), hits: 0) err=Could not find anchor: No matching instruction in range source ID: 80, lines: 75..76, bytes: 3485..3516
2026-09-08T15:33:41.431594Z  WARN foundry_evm_coverage::anchors: could not find anchor item=Line (location: (source ID: 80, lines: 76..77, bytes: 3526..3544), hits: 0) err=Could not find anchor: No matching instruction in range source ID: 80, lines: 76..77, bytes: 3526..3544
2026-09-08T15:33:41.431597Z  WARN foundry_evm_coverage::anchors: could not find anchor item=Statement (location: (source ID: 80, lines: 76..77, bytes: 3526..3544), hits: 0) err=Could not find anchor: No matching instruction in range source ID: 80, lines: 76..77, bytes: 3526..3544
2026-09-08T15:33:41.431599Z  WARN foundry_evm_coverage::anchors: could not find anchor item=Line (location: (source ID: 80, lines: 77..78, bytes: 3554..3640), hits: 0) err=Could not find anchor: No matching instruction in range source ID: 80, lines: 77..78, bytes: 3554..3640
2026-09-08T15:33:41.431601Z  WARN foundry_evm_coverage::anchors: could not find anchor item=Statement (location: (source ID: 80, lines: 77..78, bytes: 3554..3640), hits: 0) err=Could not find anchor: No matching instruction in range source ID: 80, lines: 77..78, bytes: 3554..3640
2026-09-08T15:33:41.431492Z  WARN foundry_evm_coverage::anchors: could not find anchor item=Statement (location: (source ID: 81, lines: 76..77, bytes: 3881..3901), hits: 0) err=Could not find anchor: No matching instruction in range source ID: 81, lines: 76..77, bytes: 3881..3901
2026-09-08T15:33:41.431503Z  WARN foundry_evm_coverage::anchors: could not find anchor item=Branch (branch: 4, path: 0) (location: (source ID: 82, lines: 137..138, bytes: 5588..5618), hits: 0) err=Could not find anchor: No matching instruction in range source ID: 82, lines: 137..138, bytes: 5588..5618
2026-09-08T15:33:41.431604Z  WARN foundry_evm_coverage::anchors: could not find anchor item=Branch (branch: 11, path: 0) (location: (source ID: 80, lines: 77..78, bytes: 3554..3640), hits: 0) err=Could not detect branches in source: source ID: 80, lines: 77..78, bytes: 3554..3640
2026-09-08T15:33:41.431609Z  WARN foundry_evm_coverage::anchors: could not find anchor item=Branch (branch: 4, path: 0) (location: (source ID: 81, lines: 76..77, bytes: 3881..3901), hits: 0) err=Could not find anchor: No matching instruction in range source ID: 81, lines: 76..77, bytes: 3881..3901
2026-09-08T15:33:41.431612Z  WARN foundry_evm_coverage::anchors: could not find anchor item=Line (location: (source ID: 82, lines: 138..139, bytes: 5628..5660), hits: 0) err=Could not find anchor: No matching instruction in range source ID: 82, lines: 138..139, bytes: 5628..5660
2026-09-08T15:33:41.431616Z  WARN foundry_evm_coverage::anchors: could not find anchor item=Branch (branch: 11, path: 1) (location: (source ID: 80, lines: 77..78, bytes: 3554..3640), hits: 0) err=Could not detect branches in source: source ID: 80, lines: 77..78, bytes: 3554..3640
2026-09-08T15:33:41.431627Z  WARN foundry_evm_coverage::anchors: could not find anchor item=Line (location: (source ID: 80, lines: 78..81, bytes: 3650..3786), hits: 0) err=Could not find anchor: No matching instruction in range source ID: 80, lines: 78..81, bytes: 3650..3786
2026-09-08T15:33:41.431630Z  WARN foundry_evm_coverage::anchors: could not find anchor item=Statement (location: (source ID: 80, lines: 78..81, bytes: 3650..3786), hits: 0) err=Could not find anchor: No matching instruction in range source ID: 80, lines: 78..81, bytes: 3650..3786
2026-09-08T15:33:41.431632Z  WARN foundry_evm_coverage::anchors: could not find anchor item=Branch (branch: 12, path: 0) (location: (source ID: 80, lines: 78..81, bytes: 3650..3786), hits: 0) err=Could not detect branches in source: source ID: 80, lines: 78..81, bytes: 3650..3786
2026-09-08T15:33:41.431635Z  WARN foundry_evm_coverage::anchors: could not find anchor item=Branch (branch: 12, path: 1) (location: (source ID: 80, lines: 78..81, bytes: 3650..3786), hits: 0) err=Could not detect branches in source: source ID: 80, lines: 78..81, bytes: 3650..3786
2026-09-08T15:33:41.431638Z  WARN foundry_evm_coverage::anchors: could not find anchor item=Line (location: (source ID: 80, lines: 81..82, bytes: 3796..3838), hits: 0) err=Could not find anchor: No matching instruction in range source ID: 80, lines: 81..82, bytes: 3796..3838
2026-09-08T15:33:41.431640Z  WARN foundry_evm_coverage::anchors: could not find anchor item=Statement (location: (source ID: 80, lines: 81..82, bytes: 3796..3838), hits: 0) err=Could not find anchor: No matching instruction in range source ID: 80, lines: 81..82, bytes: 3796..3838
2026-09-08T15:33:41.431643Z  WARN foundry_evm_coverage::anchors: could not find anchor item=Line (location: (source ID: 80, lines: 82..83, bytes: 3848..3900), hits: 0) err=Could not find anchor: No matching instruction in range source ID: 80, lines: 82..83, bytes: 3848..3900
2026-09-08T15:33:41.431645Z  WARN foundry_evm_coverage::anchors: could not find anchor item=Statement (location: (source ID: 80, lines: 82..83, bytes: 3848..3900), hits: 0) err=Could not find anchor: No matching instruction in range source ID: 80, lines: 82..83, bytes: 3848..3900
2026-09-08T15:33:41.431648Z  WARN foundry_evm_coverage::anchors: could not find anchor item=Line (location: (source ID: 80, lines: 83..84, bytes: 3910..3988), hits: 0) err=Could not find anchor: No matching instruction in range source ID: 80, lines: 83..84, bytes: 3910..3988
2026-09-08T15:33:41.431650Z  WARN foundry_evm_coverage::anchors: could not find anchor item=Statement (location: (source ID: 80, lines: 83..84, bytes: 3910..3988), hits: 0) err=Could not find anchor: No matching instruction in range source ID: 80, lines: 83..84, bytes: 3910..3988
2026-09-08T15:33:41.431620Z  WARN foundry_evm_coverage::anchors: could not find anchor item=Line (location: (source ID: 81, lines: 77..78, bytes: 3915..3928), hits: 0) err=Could not find anchor: No matching instruction in range source ID: 81, lines: 77..78, bytes: 3915..3928
2026-09-08T15:33:41.431657Z  WARN foundry_evm_coverage::anchors: could not find anchor item=Statement (location: (source ID: 81, lines: 77..78, bytes: 3915..3928), hits: 0) err=Could not find anchor: No matching instruction in range source ID: 81, lines: 77..78, bytes: 3915..3928
2026-09-08T15:33:41.431660Z  WARN foundry_evm_coverage::anchors: could not find anchor item=Line (location: (source ID: 81, lines: 78..79, bytes: 3942..3966), hits: 0) err=Could not find anchor: No matching instruction in range source ID: 81, lines: 78..79, bytes: 3942..3966
2026-09-08T15:33:41.431663Z  WARN foundry_evm_coverage::anchors: could not find anchor item=Statement (location: (source ID: 81, lines: 78..79, bytes: 3942..3966), hits: 0) err=Could not find anchor: No matching instruction in range source ID: 81, lines: 78..79, bytes: 3942..3966
2026-09-08T15:33:41.431624Z  WARN foundry_evm_coverage::anchors: could not find anchor item=Statement (location: (source ID: 82, lines: 138..139, bytes: 5628..5660), hits: 0) err=Could not find anchor: No matching instruction in range source ID: 82, lines: 138..139, bytes: 5628..5660
2026-09-08T15:33:41.431667Z  WARN foundry_evm_coverage::anchors: could not find anchor item=Line (location: (source ID: 81, lines: 84..94, bytes: 4205..4717), hits: 0) err=Could not find anchor: No matching instruction in range source ID: 81, lines: 84..94, bytes: 4205..4717
2026-09-08T15:33:41.431671Z  WARN foundry_evm_coverage::anchors: could not find anchor item=Line (location: (source ID: 82, lines: 139..140, bytes: 5670..5712), hits: 0) err=Could not find anchor: No matching instruction in range source ID: 82, lines: 139..140, bytes: 5670..5712
2026-09-08T15:33:41.431675Z  WARN foundry_evm_coverage::anchors: could not find anchor item=Function "setMetadataURI" (location: (source ID: 81, lines: 84..94, bytes: 4205..4717), hits: 0) err=Could not find anchor: No matching instruction in range source ID: 81, lines: 84..94, bytes: 4205..4717
2026-09-08T15:33:41.431679Z  WARN foundry_evm_coverage::anchors: could not find anchor item=Statement (location: (source ID: 82, lines: 139..140, bytes: 5670..5712), hits: 0) err=Could not find anchor: No matching instruction in range source ID: 82, lines: 139..140, bytes: 5670..5712
2026-09-08T15:33:41.431683Z  WARN foundry_evm_coverage::anchors: could not find anchor item=Line (location: (source ID: 81, lines: 85..86, bytes: 4289..4321), hits: 0) err=Could not find anchor: No matching instruction in range source ID: 81, lines: 85..86, bytes: 4289..4321
2026-09-08T15:33:41.431687Z  WARN foundry_evm_coverage::anchors: could not find anchor item=Line (location: (source ID: 82, lines: 144..152, bytes: 5918..6280), hits: 0) err=Could not find anchor: No matching instruction in range source ID: 82, lines: 144..152, bytes: 5918..6280
2026-09-08T15:33:41.431691Z  WARN foundry_evm_coverage::anchors: could not find anchor item=Statement (location: (source ID: 81, lines: 85..86, bytes: 4289..4321), hits: 0) err=Could not find anchor: No matching instruction in range source ID: 81, lines: 85..86, bytes: 4289..4321
2026-09-08T15:33:41.431695Z  WARN foundry_evm_coverage::anchors: could not find anchor item=Function "acceptPayoutWallet" (location: (source ID: 82, lines: 144..152, bytes: 5918..6280), hits: 0) err=Could not find anchor: No matching instruction in range source ID: 82, lines: 144..152, bytes: 5918..6280
2026-09-08T15:33:41.431698Z  WARN foundry_evm_coverage::anchors: could not find anchor item=Statement (location: (source ID: 81, lines: 85..86, bytes: 4303..4321), hits: 0) err=Could not find anchor: No matching instruction in range source ID: 81, lines: 85..86, bytes: 4303..4321
2026-09-08T15:33:41.431702Z  WARN foundry_evm_coverage::anchors: could not find anchor item=Line (location: (source ID: 82, lines: 145..146, bytes: 5980..6018), hits: 0) err=Could not find anchor: No matching instruction in range source ID: 82, lines: 145..146, bytes: 5980..6018
2026-09-08T15:33:41.431706Z  WARN foundry_evm_coverage::anchors: could not find anchor item=Statement (location: (source ID: 81, lines: 85..86, bytes: 4323..4344), hits: 0) err=Could not find anchor: No matching instruction in range source ID: 81, lines: 85..86, bytes: 4323..4344
2026-09-08T15:33:41.431709Z  WARN foundry_evm_coverage::anchors: could not find anchor item=Statement (location: (source ID: 82, lines: 145..146, bytes: 5980..6018), hits: 0) err=Could not find anchor: No matching instruction in range source ID: 82, lines: 145..146, bytes: 5980..6018
2026-09-08T15:33:41.431717Z  WARN foundry_evm_coverage::anchors: could not find anchor item=Line (location: (source ID: 82, lines: 146..147, bytes: 6032..6054), hits: 0) err=Could not find anchor: No matching instruction in range source ID: 82, lines: 146..147, bytes: 6032..6054
2026-09-08T15:33:41.431713Z  WARN foundry_evm_coverage::anchors: could not find anchor item=Branch (branch: 5, path: 0) (location: (source ID: 81, lines: 85..86, bytes: 4323..4344), hits: 0) err=Could not find anchor: No matching instruction in range source ID: 81, lines: 85..86, bytes: 4323..4344
2026-09-08T15:33:41.431720Z  WARN foundry_evm_coverage::anchors: could not find anchor item=Statement (location: (source ID: 82, lines: 146..147, bytes: 6032..6054), hits: 0) err=Could not find anchor: No matching instruction in range source ID: 82, lines: 146..147, bytes: 6032..6054
2026-09-08T15:33:41.431724Z  WARN foundry_evm_coverage::anchors: could not find anchor item=Line (location: (source ID: 81, lines: 86..87, bytes: 4354..4386), hits: 0) err=Could not find anchor: No matching instruction in range source ID: 81, lines: 86..87, bytes: 4354..4386
2026-09-08T15:33:41.431727Z  WARN foundry_evm_coverage::anchors: could not find anchor item=Statement (location: (source ID: 82, lines: 146..147, bytes: 6032..6080), hits: 0) err=Could not find anchor: No matching instruction in range source ID: 82, lines: 146..147, bytes: 6032..6080
2026-09-08T15:33:41.431731Z  WARN foundry_evm_coverage::anchors: could not find anchor item=Statement (location: (source ID: 81, lines: 86..87, bytes: 4354..4386), hits: 0) err=Could not find anchor: No matching instruction in range source ID: 81, lines: 86..87, bytes: 4354..4386
2026-09-08T15:33:41.431735Z  WARN foundry_evm_coverage::anchors: could not find anchor item=Statement (location: (source ID: 82, lines: 146..147, bytes: 6058..6080), hits: 0) err=Could not find anchor: No matching instruction in range source ID: 82, lines: 146..147, bytes: 6058..6080
2026-09-08T15:33:41.431742Z  WARN foundry_evm_coverage::anchors: could not find anchor item=Statement (location: (source ID: 82, lines: 146..147, bytes: 6082..6103), hits: 0) err=Could not find anchor: No matching instruction in range source ID: 82, lines: 146..147, bytes: 6082..6103
2026-09-08T15:33:41.431745Z  WARN foundry_evm_coverage::anchors: could not find anchor item=Branch (branch: 5, path: 0) (location: (source ID: 82, lines: 146..147, bytes: 6082..6103), hits: 0) err=Could not find anchor: No matching instruction in range source ID: 82, lines: 146..147, bytes: 6082..6103
2026-09-08T15:33:41.431738Z  WARN foundry_evm_coverage::anchors: could not find anchor item=Line (location: (source ID: 81, lines: 87..88, bytes: 4400..4415), hits: 0) err=Could not find anchor: No matching instruction in range source ID: 81, lines: 87..88, bytes: 4400..4415
2026-09-08T15:33:41.431752Z  WARN foundry_evm_coverage::anchors: could not find anchor item=Statement (location: (source ID: 81, lines: 87..88, bytes: 4400..4415), hits: 0) err=Could not find anchor: No matching instruction in range source ID: 81, lines: 87..88, bytes: 4400..4415
2026-09-08T15:33:41.431755Z  WARN foundry_evm_coverage::anchors: could not find anchor item=Statement (location: (source ID: 81, lines: 87..88, bytes: 4400..4453), hits: 0) err=Could not find anchor: No matching instruction in range source ID: 81, lines: 87..88, bytes: 4400..4453
2026-09-08T15:33:41.431749Z  WARN foundry_evm_coverage::anchors: could not find anchor item=Line (location: (source ID: 82, lines: 147..148, bytes: 6113..6144), hits: 0) err=Could not find anchor: No matching instruction in range source ID: 82, lines: 147..148, bytes: 6113..6144
2026-09-08T15:33:41.431758Z  WARN foundry_evm_coverage::anchors: could not find anchor item=Statement (location: (source ID: 81, lines: 87..88, bytes: 4419..4453), hits: 0) err=Could not find anchor: No matching instruction in range source ID: 81, lines: 87..88, bytes: 4419..4453
2026-09-08T15:33:41.431762Z  WARN foundry_evm_coverage::anchors: could not find anchor item=Statement (location: (source ID: 82, lines: 147..148, bytes: 6113..6144), hits: 0) err=Could not find anchor: No matching instruction in range source ID: 82, lines: 147..148, bytes: 6113..6144
2026-09-08T15:33:41.431766Z  WARN foundry_evm_coverage::anchors: could not find anchor item=Statement (location: (source ID: 81, lines: 87..88, bytes: 4455..4484), hits: 0) err=Could not find anchor: No matching instruction in range source ID: 81, lines: 87..88, bytes: 4455..4484
2026-09-08T15:33:41.431769Z  WARN foundry_evm_coverage::anchors: could not find anchor item=Line (location: (source ID: 82, lines: 148..149, bytes: 6154..6177), hits: 0) err=Could not find anchor: No matching instruction in range source ID: 82, lines: 148..149, bytes: 6154..6177
2026-09-08T15:33:41.431777Z  WARN foundry_evm_coverage::anchors: could not find anchor item=Statement (location: (source ID: 82, lines: 148..149, bytes: 6154..6177), hits: 0) err=Could not find anchor: No matching instruction in range source ID: 82, lines: 148..149, bytes: 6154..6177
2026-09-08T15:33:41.431773Z  WARN foundry_evm_coverage::anchors: could not find anchor item=Branch (branch: 6, path: 0) (location: (source ID: 81, lines: 87..88, bytes: 4455..4484), hits: 0) err=Could not find anchor: No matching instruction in range source ID: 81, lines: 87..88, bytes: 4455..4484
2026-09-08T15:33:41.431780Z  WARN foundry_evm_coverage::anchors: could not find anchor item=Line (location: (source ID: 82, lines: 149..150, bytes: 6187..6219), hits: 0) err=Could not find anchor: No matching instruction in range source ID: 82, lines: 149..150, bytes: 6187..6219
2026-09-08T15:33:41.431787Z  WARN foundry_evm_coverage::anchors: could not find anchor item=Statement (location: (source ID: 82, lines: 149..150, bytes: 6187..6219), hits: 0) err=Could not find anchor: No matching instruction in range source ID: 82, lines: 149..150, bytes: 6187..6219
2026-09-08T15:33:41.431784Z  WARN foundry_evm_coverage::anchors: could not find anchor item=Line (location: (source ID: 81, lines: 88..89, bytes: 4494..4533), hits: 0) err=Could not find anchor: No matching instruction in range source ID: 81, lines: 88..89, bytes: 4494..4533
2026-09-08T15:33:41.431795Z  WARN foundry_evm_coverage::anchors: could not find anchor item=Statement (location: (source ID: 81, lines: 88..89, bytes: 4494..4533), hits: 0) err=Could not find anchor: No matching instruction in range source ID: 81, lines: 88..89, bytes: 4494..4533
2026-09-08T15:33:41.431791Z  WARN foundry_evm_coverage::anchors: could not find anchor item=Line (location: (source ID: 82, lines: 150..151, bytes: 6229..6273), hits: 0) err=Could not find anchor: No matching instruction in range source ID: 82, lines: 150..151, bytes: 6229..6273
2026-09-08T15:33:41.431798Z  WARN foundry_evm_coverage::anchors: could not find anchor item=Line (location: (source ID: 81, lines: 89..90, bytes: 4543..4563), hits: 0) err=Could not find anchor: No matching instruction in range source ID: 81, lines: 89..90, bytes: 4543..4563
2026-09-08T15:33:41.431806Z  WARN foundry_evm_coverage::anchors: could not find anchor item=Statement (location: (source ID: 81, lines: 89..90, bytes: 4543..4563), hits: 0) err=Could not find anchor: No matching instruction in range source ID: 81, lines: 89..90, bytes: 4543..4563
2026-09-08T15:33:41.431802Z  WARN foundry_evm_coverage::anchors: could not find anchor item=Statement (location: (source ID: 82, lines: 150..151, bytes: 6229..6273), hits: 0) err=Could not find anchor: No matching instruction in range source ID: 82, lines: 150..151, bytes: 6229..6273
2026-09-08T15:33:41.431809Z  WARN foundry_evm_coverage::anchors: could not find anchor item=Line (location: (source ID: 81, lines: 90..91, bytes: 4573..4617), hits: 0) err=Could not find anchor: No matching instruction in range source ID: 81, lines: 90..91, bytes: 4573..4617
2026-09-08T15:33:41.431813Z  WARN foundry_evm_coverage::anchors: could not find anchor item=Line (location: (source ID: 82, lines: 153..159, bytes: 6286..6532), hits: 0) err=Could not find anchor: No matching instruction in range source ID: 82, lines: 153..159, bytes: 6286..6532
2026-09-08T15:33:41.431816Z  WARN foundry_evm_coverage::anchors: could not find anchor item=Statement (location: (source ID: 81, lines: 90..91, bytes: 4573..4617), hits: 0) err=Could not find anchor: No matching instruction in range source ID: 81, lines: 90..91, bytes: 4573..4617
2026-09-08T15:33:41.431820Z  WARN foundry_evm_coverage::anchors: could not find anchor item=Function "phase" (location: (source ID: 82, lines: 153..159, bytes: 6286..6532), hits: 0) err=Could not find anchor: No matching instruction in range source ID: 82, lines: 153..159, bytes: 6286..6532
2026-09-08T15:33:41.431823Z  WARN foundry_evm_coverage::anchors: could not find anchor item=Line (location: (source ID: 81, lines: 91..92, bytes: 4627..4675), hits: 0) err=Could not find anchor: No matching instruction in range source ID: 81, lines: 91..92, bytes: 4627..4675
2026-09-08T15:33:41.431827Z  WARN foundry_evm_coverage::anchors: could not find anchor item=Line (location: (source ID: 82, lines: 154..155, bytes: 6354..6374), hits: 0) err=Could not find anchor: No matching instruction in range source ID: 82, lines: 154..155, bytes: 6354..6374
2026-09-08T15:33:41.431831Z  WARN foundry_evm_coverage::anchors: could not find anchor item=Statement (location: (source ID: 81, lines: 91..92, bytes: 4627..4675), hits: 0) err=Could not find anchor: No matching instruction in range source ID: 81, lines: 91..92, bytes: 4627..4675
2026-09-08T15:33:41.431834Z  WARN foundry_evm_coverage::anchors: could not find anchor item=Statement (location: (source ID: 82, lines: 154..155, bytes: 6354..6374), hits: 0) err=Could not find anchor: No matching instruction in range source ID: 82, lines: 154..155, bytes: 6354..6374
2026-09-08T15:33:41.431838Z  WARN foundry_evm_coverage::anchors: could not find anchor item=Line (location: (source ID: 81, lines: 92..93, bytes: 4685..4710), hits: 0) err=Could not find anchor: No matching instruction in range source ID: 81, lines: 92..93, bytes: 4685..4710
2026-09-08T15:33:41.431842Z  WARN foundry_evm_coverage::anchors: could not find anchor item=Branch (branch: 6, path: 0) (location: (source ID: 82, lines: 154..155, bytes: 6354..6374), hits: 0) err=Could not find anchor: No matching instruction in range source ID: 82, lines: 154..155, bytes: 6354..6374
2026-09-08T15:33:41.431845Z  WARN foundry_evm_coverage::anchors: could not find anchor item=Statement (location: (source ID: 81, lines: 92..93, bytes: 4685..4710), hits: 0) err=Could not find anchor: No matching instruction in range source ID: 81, lines: 92..93, bytes: 4685..4710
2026-09-08T15:33:41.431849Z  WARN foundry_evm_coverage::anchors: could not find anchor item=Line (location: (source ID: 82, lines: 155..156, bytes: 6388..6415), hits: 0) err=Could not find anchor: No matching instruction in range source ID: 82, lines: 155..156, bytes: 6388..6415
2026-09-08T15:33:41.431852Z  WARN foundry_evm_coverage::anchors: could not find anchor item=Line (location: (source ID: 81, lines: 95..98, bytes: 4723..4835), hits: 0) err=Could not find anchor: No matching instruction in range source ID: 81, lines: 95..98, bytes: 4723..4835
2026-09-08T15:33:41.431856Z  WARN foundry_evm_coverage::anchors: could not find anchor item=Statement (location: (source ID: 82, lines: 155..156, bytes: 6388..6415), hits: 0) err=Could not find anchor: No matching instruction in range source ID: 82, lines: 155..156, bytes: 6388..6415
2026-09-08T15:33:41.431859Z  WARN foundry_evm_coverage::anchors: could not find anchor item=Function "_tokenRescueAdmin" (location: (source ID: 81, lines: 95..98, bytes: 4723..4835), hits: 0) err=Could not find anchor: No matching instruction in range source ID: 81, lines: 95..98, bytes: 4723..4835
2026-09-08T15:33:41.431863Z  WARN foundry_evm_coverage::anchors: could not find anchor item=Statement (location: (source ID: 82, lines: 155..156, bytes: 6417..6439), hits: 0) err=Could not find anchor: No matching instruction in range source ID: 82, lines: 155..156, bytes: 6417..6439
2026-09-08T15:33:41.431867Z  WARN foundry_evm_coverage::anchors: could not find anchor item=Line (location: (source ID: 81, lines: 96..97, bytes: 4803..4828), hits: 0) err=Could not find anchor: No matching instruction in range source ID: 81, lines: 96..97, bytes: 4803..4828
2026-09-08T15:33:41.431871Z  WARN foundry_evm_coverage::anchors: could not find anchor item=Branch (branch: 7, path: 0) (location: (source ID: 82, lines: 155..156, bytes: 6417..6439), hits: 0) err=Could not find anchor: No matching instruction in range source ID: 82, lines: 155..156, bytes: 6417..6439
2026-09-08T15:33:41.431874Z  WARN foundry_evm_coverage::anchors: could not find anchor item=Statement (location: (source ID: 81, lines: 96..97, bytes: 4803..4828), hits: 0) err=Could not find anchor: No matching instruction in range source ID: 81, lines: 96..97, bytes: 4803..4828
2026-09-08T15:33:41.431878Z  WARN foundry_evm_coverage::anchors: could not find anchor item=Line (location: (source ID: 82, lines: 156..157, bytes: 6453..6478), hits: 0) err=Could not find anchor: No matching instruction in range source ID: 82, lines: 156..157, bytes: 6453..6478
2026-09-08T15:33:41.431881Z  WARN foundry_evm_coverage::anchors: could not find anchor item=Statement (location: (source ID: 81, lines: 96..97, bytes: 4810..4828), hits: 0) err=Could not find anchor: No matching instruction in range source ID: 81, lines: 96..97, bytes: 4810..4828
2026-09-08T15:33:41.431886Z  WARN foundry_evm_coverage::anchors: could not find anchor item=Statement (location: (source ID: 82, lines: 156..157, bytes: 6453..6478), hits: 0) err=Could not find anchor: No matching instruction in range source ID: 82, lines: 156..157, bytes: 6453..6478
2026-09-08T15:33:41.431890Z  WARN foundry_evm_coverage::anchors: could not find anchor item=Line (location: (source ID: 81, lines: 99..102, bytes: 4841..4946), hits: 0) err=Could not find anchor: No matching instruction in range source ID: 81, lines: 99..102, bytes: 4841..4946
2026-09-08T15:33:41.431893Z  WARN foundry_evm_coverage::anchors: could not find anchor item=Statement (location: (source ID: 82, lines: 156..157, bytes: 6480..6497), hits: 0) err=Could not find anchor: No matching instruction in range source ID: 82, lines: 156..157, bytes: 6480..6497
2026-09-08T15:33:41.431897Z  WARN foundry_evm_coverage::anchors: could not find anchor item=Function "_protectedToken" (location: (source ID: 81, lines: 99..102, bytes: 4841..4946), hits: 0) err=Could not find anchor: No matching instruction in range source ID: 81, lines: 99..102, bytes: 4841..4946
2026-09-08T15:33:41.431901Z  WARN foundry_evm_coverage::anchors: could not find anchor item=Branch (branch: 8, path: 0) (location: (source ID: 82, lines: 156..157, bytes: 6480..6497), hits: 0) err=Could not find anchor: No matching instruction in range source ID: 82, lines: 156..157, bytes: 6480..6497
2026-09-08T15:33:41.431904Z  WARN foundry_evm_coverage::anchors: could not find anchor item=Line (location: (source ID: 81, lines: 100..101, bytes: 4919..4939), hits: 0) err=Could not find anchor: No matching instruction in range source ID: 81, lines: 100..101, bytes: 4919..4939
2026-09-08T15:33:41.431908Z  WARN foundry_evm_coverage::anchors: could not find anchor item=Line (location: (source ID: 82, lines: 157..158, bytes: 6507..6525), hits: 0) err=Could not find anchor: No matching instruction in range source ID: 82, lines: 157..158, bytes: 6507..6525
2026-09-08T15:33:41.431912Z  WARN foundry_evm_coverage::anchors: could not find anchor item=Statement (location: (source ID: 81, lines: 100..101, bytes: 4919..4939), hits: 0) err=Could not find anchor: No matching instruction in range source ID: 81, lines: 100..101, bytes: 4919..4939
2026-09-08T15:33:41.431916Z  WARN foundry_evm_coverage::anchors: could not find anchor item=Statement (location: (source ID: 82, lines: 157..158, bytes: 6507..6525), hits: 0) err=Could not find anchor: No matching instruction in range source ID: 82, lines: 157..158, bytes: 6507..6525
2026-09-08T15:33:41.431919Z  WARN foundry_evm_coverage::anchors: could not find anchor item=Line (location: (source ID: 81, lines: 103..107, bytes: 4952..5151), hits: 0) err=Could not find anchor: No matching instruction in range source ID: 81, lines: 103..107, bytes: 4952..5151
2026-09-08T15:33:41.431923Z  WARN foundry_evm_coverage::anchors: could not find anchor item=Line (location: (source ID: 82, lines: 162..167, bytes: 6728..6945), hits: 0) err=Could not find anchor: No matching instruction in range source ID: 82, lines: 162..167, bytes: 6728..6945
2026-09-08T15:33:41.431926Z  WARN foundry_evm_coverage::anchors: could not find anchor item=Function "tokenURI" (location: (source ID: 81, lines: 103..107, bytes: 4952..5151), hits: 0) err=Could not find anchor: No matching instruction in range source ID: 81, lines: 103..107, bytes: 4952..5151
2026-09-08T15:33:41.431930Z  WARN foundry_evm_coverage::anchors: could not find anchor item=Function "minimumBid" (location: (source ID: 82, lines: 162..167, bytes: 6728..6945), hits: 0) err=Could not find anchor: No matching instruction in range source ID: 82, lines: 162..167, bytes: 6728..6945
2026-09-08T15:33:41.431933Z  WARN foundry_evm_coverage::anchors: could not find anchor item=Line (location: (source ID: 81, lines: 104..105, bytes: 5042..5065), hits: 0) err=Could not find anchor: No matching instruction in range source ID: 81, lines: 104..105, bytes: 5042..5065
2026-09-08T15:33:41.431940Z  WARN foundry_evm_coverage::anchors: could not find anchor item=Line (location: (source ID: 82, lines: 163..164, bytes: 6794..6814), hits: 0) err=Could not find anchor: No matching instruction in range source ID: 82, lines: 163..164, bytes: 6794..6814
2026-09-08T15:33:41.431944Z  WARN foundry_evm_coverage::anchors: could not find anchor item=Statement (location: (source ID: 81, lines: 104..105, bytes: 5042..5065), hits: 0) err=Could not find anchor: No matching instruction in range source ID: 81, lines: 104..105, bytes: 5042..5065
2026-09-08T15:33:41.431948Z  WARN foundry_evm_coverage::anchors: could not find anchor item=Statement (location: (source ID: 82, lines: 163..164, bytes: 6794..6814), hits: 0) err=Could not find anchor: No matching instruction in range source ID: 82, lines: 163..164, bytes: 6794..6814
2026-09-08T15:33:41.431951Z  WARN foundry_evm_coverage::anchors: could not find anchor item=Line (location: (source ID: 81, lines: 105..106, bytes: 5075..5144), hits: 0) err=Could not find anchor: No matching instruction in range source ID: 81, lines: 105..106, bytes: 5075..5144
2026-09-08T15:33:41.431955Z  WARN foundry_evm_coverage::anchors: could not find anchor item=Statement (location: (source ID: 82, lines: 163..164, bytes: 6816..6835), hits: 0) err=Could not find anchor: No matching instruction in range source ID: 82, lines: 163..164, bytes: 6816..6835
2026-09-08T15:33:41.431959Z  WARN foundry_evm_coverage::anchors: could not find anchor item=Statement (location: (source ID: 81, lines: 105..106, bytes: 5075..5144), hits: 0) err=Could not find anchor: No matching instruction in range source ID: 81, lines: 105..106, bytes: 5075..5144
2026-09-08T15:33:41.431963Z  WARN foundry_evm_coverage::anchors: could not find anchor item=Branch (branch: 9, path: 0) (location: (source ID: 82, lines: 163..164, bytes: 6816..6835), hits: 0) err=Could not find anchor: No matching instruction in range source ID: 82, lines: 163..164, bytes: 6816..6835
2026-09-08T15:33:41.431966Z  WARN foundry_evm_coverage::anchors: could not find anchor item=Statement (location: (source ID: 81, lines: 105..106, bytes: 5082..5144), hits: 0) err=Could not find anchor: No matching instruction in range source ID: 81, lines: 105..106, bytes: 5082..5144
2026-09-08T15:33:41.431970Z  WARN foundry_evm_coverage::anchors: could not find anchor item=Line (location: (source ID: 82, lines: 164..165, bytes: 6845..6878), hits: 0) err=Could not find anchor: No matching instruction in range source ID: 82, lines: 164..165, bytes: 6845..6878
2026-09-08T15:33:41.431974Z  WARN foundry_evm_coverage::anchors: could not find anchor item=Line (location: (source ID: 81, lines: 108..111, bytes: 5157..5277), hits: 0) err=Could not find anchor: No matching instruction in range source ID: 81, lines: 108..111, bytes: 5157..5277
2026-09-08T15:33:41.431977Z  WARN foundry_evm_coverage::anchors: could not find anchor item=Statement (location: (source ID: 82, lines: 164..165, bytes: 6845..6878), hits: 0) err=Could not find anchor: No matching instruction in range source ID: 82, lines: 164..165, bytes: 6845..6878
2026-09-08T15:33:41.431981Z  WARN foundry_evm_coverage::anchors: could not find anchor item=Function "royaltyRecipient" (location: (source ID: 81, lines: 108..111, bytes: 5157..5277), hits: 0) err=Could not find anchor: No matching instruction in range source ID: 81, lines: 108..111, bytes: 5157..5277
2026-09-08T15:33:41.431984Z  WARN foundry_evm_coverage::anchors: could not find anchor item=Line (location: (source ID: 82, lines: 165..166, bytes: 6888..6938), hits: 0) err=Could not find anchor: No matching instruction in range source ID: 82, lines: 165..166, bytes: 6888..6938
2026-09-08T15:33:41.431988Z  WARN foundry_evm_coverage::anchors: could not find anchor item=Line (location: (source ID: 81, lines: 109..110, bytes: 5225..5270), hits: 0) err=Could not find anchor: No matching instruction in range source ID: 81, lines: 109..110, bytes: 5225..5270
2026-09-08T15:33:41.431991Z  WARN foundry_evm_coverage::anchors: could not find anchor item=Statement (location: (source ID: 82, lines: 165..166, bytes: 6888..6938), hits: 0) err=Could not find anchor: No matching instruction in range source ID: 82, lines: 165..166, bytes: 6888..6938
2026-09-08T15:33:41.431995Z  WARN foundry_evm_coverage::anchors: could not find anchor item=Statement (location: (source ID: 81, lines: 109..110, bytes: 5225..5270), hits: 0) err=Could not find anchor: No matching instruction in range source ID: 81, lines: 109..110, bytes: 5225..5270
2026-09-08T15:33:41.431999Z  WARN foundry_evm_coverage::anchors: could not find anchor item=Statement (location: (source ID: 82, lines: 165..166, bytes: 6895..6938), hits: 0) err=Could not find anchor: No matching instruction in range source ID: 82, lines: 165..166, bytes: 6895..6938
2026-09-08T15:33:41.432002Z  WARN foundry_evm_coverage::anchors: could not find anchor item=Statement (location: (source ID: 81, lines: 109..110, bytes: 5232..5270), hits: 0) err=Could not find anchor: No matching instruction in range source ID: 81, lines: 109..110, bytes: 5232..5270
2026-09-08T15:33:41.432006Z  WARN foundry_evm_coverage::anchors: could not find anchor item=Statement (location: (source ID: 82, lines: 165..166, bytes: 6903..6938), hits: 0) err=Could not find anchor: No matching instruction in range source ID: 82, lines: 165..166, bytes: 6903..6938
2026-09-08T15:33:41.432009Z  WARN foundry_evm_coverage::anchors: could not find anchor item=Line (location: (source ID: 81, lines: 113..119, bytes: 5375..5680), hits: 0) err=Could not find anchor: No matching instruction in range source ID: 81, lines: 113..119, bytes: 5375..5680
2026-09-08T15:33:41.432013Z  WARN foundry_evm_coverage::anchors: could not find anchor item=Line (location: (source ID: 82, lines: 168..172, bytes: 6951..7142), hits: 0) err=Could not find anchor: No matching instruction in range source ID: 82, lines: 168..172, bytes: 6951..7142
2026-09-08T15:33:41.432017Z  WARN foundry_evm_coverage::anchors: could not find anchor item=Function "royaltyInfo" (location: (source ID: 81, lines: 113..119, bytes: 5375..5680), hits: 0) err=Could not find anchor: No matching instruction in range source ID: 81, lines: 113..119, bytes: 5375..5680
2026-09-08T15:33:41.432020Z  WARN foundry_evm_coverage::anchors: could not find anchor item=Function "minimumIncrease" (location: (source ID: 82, lines: 168..172, bytes: 6951..7142), hits: 0) err=Could not find anchor: No matching instruction in range source ID: 82, lines: 168..172, bytes: 6951..7142
2026-09-08T15:33:41.432024Z  WARN foundry_evm_coverage::anchors: could not find anchor item=Line (location: (source ID: 81, lines: 114..115, bytes: 5497..5526), hits: 0) err=Could not find anchor: No matching instruction in range source ID: 81, lines: 114..115, bytes: 5497..5526
2026-09-08T15:33:41.432031Z  WARN foundry_evm_coverage::anchors: could not find anchor item=Statement (location: (source ID: 81, lines: 114..115, bytes: 5497..5526), hits: 0) err=Could not find anchor: No matching instruction in range source ID: 81, lines: 114..115, bytes: 5497..5526
2026-09-08T15:33:41.432028Z  WARN foundry_evm_coverage::anchors: could not find anchor item=Line (location: (source ID: 82, lines: 169..170, bytes: 7034..7050), hits: 0) err=Could not find anchor: No matching instruction in range source ID: 82, lines: 169..170, bytes: 7034..7050
2026-09-08T15:33:41.432038Z  WARN foundry_evm_coverage::anchors: could not find anchor item=Statement (location: (source ID: 82, lines: 169..170, bytes: 7034..7050), hits: 0) err=Could not find anchor: No matching instruction in range source ID: 82, lines: 169..170, bytes: 7034..7050
2026-09-08T15:33:41.432034Z  WARN foundry_evm_coverage::anchors: could not find anchor item=Line (location: (source ID: 81, lines: 115..116, bytes: 5540..5551), hits: 0) err=Could not find anchor: No matching instruction in range source ID: 81, lines: 115..116, bytes: 5540..5551
2026-09-08T15:33:41.432041Z  WARN foundry_evm_coverage::anchors: could not find anchor item=Statement (location: (source ID: 82, lines: 169..170, bytes: 7052..7071), hits: 0) err=Could not find anchor: No matching instruction in range source ID: 82, lines: 169..170, bytes: 7052..7071
2026-09-08T15:33:41.432045Z  WARN foundry_evm_coverage::anchors: could not find anchor item=Statement (location: (source ID: 81, lines: 115..116, bytes: 5540..5551), hits: 0) err=Could not find anchor: No matching instruction in range source ID: 81, lines: 115..116, bytes: 5540..5551
2026-09-08T15:33:41.432049Z  WARN foundry_evm_coverage::anchors: could not find anchor item=Branch (branch: 10, path: 0) (location: (source ID: 82, lines: 169..170, bytes: 7052..7071), hits: 0) err=Could not find anchor: No matching instruction in range source ID: 82, lines: 169..170, bytes: 7052..7071
2026-09-08T15:33:41.432052Z  WARN foundry_evm_coverage::anchors: could not find anchor item=Statement (location: (source ID: 81, lines: 115..116, bytes: 5540..5576), hits: 0) err=Could not find anchor: No matching instruction in range source ID: 81, lines: 115..116, bytes: 5540..5576
2026-09-08T15:33:41.432056Z  WARN foundry_evm_coverage::anchors: could not find anchor item=Line (location: (source ID: 82, lines: 170..171, bytes: 7081..7135), hits: 0) err=Could not find anchor: No matching instruction in range source ID: 82, lines: 170..171, bytes: 7081..7135
2026-09-08T15:33:41.432059Z  WARN foundry_evm_coverage::anchors: could not find anchor item=Statement (location: (source ID: 81, lines: 115..116, bytes: 5555..5576), hits: 0) err=Could not find anchor: No matching instruction in range source ID: 81, lines: 115..116, bytes: 5555..5576
2026-09-08T15:33:41.432063Z  WARN foundry_evm_coverage::anchors: could not find anchor item=Statement (location: (source ID: 82, lines: 170..171, bytes: 7081..7135), hits: 0) err=Could not find anchor: No matching instruction in range source ID: 82, lines: 170..171, bytes: 7081..7135
2026-09-08T15:33:41.432067Z  WARN foundry_evm_coverage::anchors: could not find anchor item=Branch (branch: 7, path: 0) (location: (source ID: 81, lines: 115..118, bytes: 5578..5674), hits: 0) err=Could not find anchor: No matching instruction in range source ID: 81, lines: 115..118, bytes: 5578..5674
2026-09-08T15:33:41.432071Z  WARN foundry_evm_coverage::anchors: could not find anchor item=Statement (location: (source ID: 82, lines: 170..171, bytes: 7088..7135), hits: 0) err=Could not find anchor: No matching instruction in range source ID: 82, lines: 170..171, bytes: 7088..7135
2026-09-08T15:33:41.432075Z  WARN foundry_evm_coverage::anchors: could not find anchor item=Line (location: (source ID: 81, lines: 116..117, bytes: 5592..5663), hits: 0) err=Could not find anchor: No matching instruction in range source ID: 81, lines: 116..117, bytes: 5592..5663
2026-09-08T15:33:41.432079Z  WARN foundry_evm_coverage::anchors: could not find anchor item=Line (location: (source ID: 82, lines: 174..178, bytes: 7204..7357), hits: 0) err=Could not find anchor: No matching instruction in range source ID: 82, lines: 174..178, bytes: 7204..7357
2026-09-08T15:33:41.432082Z  WARN foundry_evm_coverage::anchors: could not find anchor item=Statement (location: (source ID: 81, lines: 116..117, bytes: 5592..5663), hits: 0) err=Could not find anchor: No matching instruction in range source ID: 81, lines: 116..117, bytes: 5592..5663
2026-09-08T15:33:41.432086Z  WARN foundry_evm_coverage::anchors: could not find anchor item=Function "createBid" (location: (source ID: 82, lines: 174..178, bytes: 7204..7357), hits: 0) err=Could not find anchor: No matching instruction in range source ID: 82, lines: 174..178, bytes: 7204..7357
2026-09-08T15:33:41.432090Z  WARN foundry_evm_coverage::anchors: could not find anchor item=Line (location: (source ID: 81, lines: 123..126, bytes: 6001..6162), hits: 0) err=Could not find anchor: No matching instruction in range source ID: 81, lines: 123..126, bytes: 6001..6162
2026-09-08T15:33:41.432093Z  WARN foundry_evm_coverage::anchors: could not find anchor item=Line (location: (source ID: 82, lines: 175..176, bytes: 7286..7300), hits: 0) err=Could not find anchor: No matching instruction in range source ID: 82, lines: 175..176, bytes: 7286..7300
2026-09-08T15:33:41.432097Z  WARN foundry_evm_coverage::anchors: could not find anchor item=Function "isApprovedForAll" (location: (source ID: 81, lines: 123..126, bytes: 6001..6162), hits: 0) err=Could not find anchor: No matching instruction in range source ID: 81, lines: 123..126, bytes: 6001..6162
2026-09-08T15:33:41.432101Z  WARN foundry_evm_coverage::anchors: could not find anchor item=Statement (location: (source ID: 82, lines: 175..176, bytes: 7286..7300), hits: 0) err=Could not find anchor: No matching instruction in range source ID: 82, lines: 175..176, bytes: 7286..7300
2026-09-08T15:33:41.432105Z  WARN foundry_evm_coverage::anchors: could not find anchor item=Line (location: (source ID: 81, lines: 124..125, bytes: 6107..6155), hits: 0) err=Could not find anchor: No matching instruction in range source ID: 81, lines: 124..125, bytes: 6107..6155
2026-09-08T15:33:41.432108Z  WARN foundry_evm_coverage::anchors: could not find anchor item=Line (location: (source ID: 82, lines: 176..177, bytes: 7310..7350), hits: 0) err=Could not find anchor: No matching instruction in range source ID: 82, lines: 176..177, bytes: 7310..7350
2026-09-08T15:33:41.432112Z  WARN foundry_evm_coverage::anchors: could not find anchor item=Statement (location: (source ID: 81, lines: 124..125, bytes: 6107..6155), hits: 0) err=Could not find anchor: No matching instruction in range source ID: 81, lines: 124..125, bytes: 6107..6155
2026-09-08T15:33:41.432115Z  WARN foundry_evm_coverage::anchors: could not find anchor item=Statement (location: (source ID: 82, lines: 176..177, bytes: 7310..7350), hits: 0) err=Could not find anchor: No matching instruction in range source ID: 82, lines: 176..177, bytes: 7310..7350
2026-09-08T15:33:41.432119Z  WARN foundry_evm_coverage::anchors: could not find anchor item=Statement (location: (source ID: 81, lines: 124..125, bytes: 6114..6155), hits: 0) err=Could not find anchor: No matching instruction in range source ID: 81, lines: 124..125, bytes: 6114..6155
2026-09-08T15:33:41.432123Z  WARN foundry_evm_coverage::anchors: could not find anchor item=Statement (location: (source ID: 82, lines: 176..177, bytes: 7317..7350), hits: 0) err=Could not find anchor: No matching instruction in range source ID: 82, lines: 176..177, bytes: 7317..7350
2026-09-08T15:33:41.432126Z  WARN foundry_evm_coverage::anchors: could not find anchor item=Line (location: (source ID: 81, lines: 127..132, bytes: 6168..6431), hits: 0) err=Could not find anchor: No matching instruction in range source ID: 81, lines: 127..132, bytes: 6168..6431
2026-09-08T15:33:41.432130Z  WARN foundry_evm_coverage::anchors: could not find anchor item=Line (location: (source ID: 82, lines: 182..196, bytes: 7626..8183), hits: 0) err=Could not find anchor: No matching instruction in range source ID: 82, lines: 182..196, bytes: 7626..8183
2026-09-08T15:33:41.432133Z  WARN foundry_evm_coverage::anchors: could not find anchor item=Function "supportsInterface" (location: (source ID: 81, lines: 127..132, bytes: 6168..6431), hits: 0) err=Could not find anchor: No matching instruction in range source ID: 81, lines: 127..132, bytes: 6168..6431
2026-09-08T15:33:41.432141Z  WARN foundry_evm_coverage::anchors: could not find anchor item=Line (location: (source ID: 81, lines: 128..131, bytes: 6279..6424), hits: 0) err=Could not find anchor: No matching instruction in range source ID: 81, lines: 128..131, bytes: 6279..6424
2026-09-08T15:33:41.432144Z  WARN foundry_evm_coverage::anchors: could not find anchor item=Statement (location: (source ID: 81, lines: 128..131, bytes: 6279..6424), hits: 0) err=Could not find anchor: No matching instruction in range source ID: 81, lines: 128..131, bytes: 6279..6424
2026-09-08T15:33:41.432147Z  WARN foundry_evm_coverage::anchors: could not find anchor item=Line (location: (source ID: 81, lines: 129..130, bytes: 6298..6323), hits: 0) err=Could not find anchor: No matching instruction in range source ID: 81, lines: 129..130, bytes: 6298..6323
2026-09-08T15:33:41.432137Z  WARN foundry_evm_coverage::anchors: could not find anchor item=Function "createBids" (location: (source ID: 82, lines: 182..196, bytes: 7626..8183), hits: 0) err=Could not find anchor: No matching instruction in range source ID: 82, lines: 182..196, bytes: 7626..8183
2026-09-08T15:33:41.432155Z  WARN foundry_evm_coverage::anchors: could not find anchor item=Line (location: (source ID: 82, lines: 183..184, bytes: 7745..7759), hits: 0) err=Could not find anchor: No matching instruction in range source ID: 82, lines: 183..184, bytes: 7745..7759
2026-09-08T15:33:41.432159Z  WARN foundry_evm_coverage::anchors: could not find anchor item=Statement (location: (source ID: 82, lines: 183..184, bytes: 7745..7759), hits: 0) err=Could not find anchor: No matching instruction in range source ID: 82, lines: 183..184, bytes: 7745..7759
2026-09-08T15:33:41.432150Z  WARN foundry_evm_coverage::anchors: could not find anchor item=Statement (location: (source ID: 81, lines: 129..130, bytes: 6298..6323), hits: 0) err=Could not find anchor: No matching instruction in range source ID: 81, lines: 129..130, bytes: 6298..6323
2026-09-08T15:33:41.432165Z  WARN foundry_evm_coverage::anchors: could not find anchor item=Statement (location: (source ID: 81, lines: 129..130, bytes: 6327..6368), hits: 0) err=Could not find anchor: No matching instruction in range source ID: 81, lines: 129..130, bytes: 6327..6368
2026-09-08T15:33:41.432167Z  WARN foundry_evm_coverage::anchors: could not find anchor item=Statement (location: (source ID: 81, lines: 129..131, bytes: 6298..6424), hits: 0) err=Could not find anchor: No matching instruction in range source ID: 81, lines: 129..131, bytes: 6298..6424
2026-09-08T15:33:41.432171Z  WARN foundry_evm_coverage::anchors: could not find anchor item=Statement (location: (source ID: 81, lines: 129..131, bytes: 6327..6424), hits: 0) err=Could not find anchor: No matching instruction in range source ID: 81, lines: 129..131, bytes: 6327..6424
2026-09-08T15:33:41.432161Z  WARN foundry_evm_coverage::anchors: could not find anchor item=Line (location: (source ID: 82, lines: 184..185, bytes: 7769..7799), hits: 0) err=Could not find anchor: No matching instruction in range source ID: 82, lines: 184..185, bytes: 7769..7799
2026-09-08T15:33:41.432177Z  WARN foundry_evm_coverage::anchors: could not find anchor item=Statement (location: (source ID: 82, lines: 184..185, bytes: 7769..7799), hits: 0) err=Could not find anchor: No matching instruction in range source ID: 82, lines: 184..185, bytes: 7769..7799
2026-09-08T15:33:41.432173Z  WARN foundry_evm_coverage::anchors: could not find anchor item=Line (location: (source ID: 81, lines: 130..131, bytes: 6388..6424), hits: 0) err=Could not find anchor: No matching instruction in range source ID: 81, lines: 130..131, bytes: 6388..6424
2026-09-08T15:33:41.432179Z  WARN foundry_evm_coverage::anchors: could not find anchor item=Line (location: (source ID: 82, lines: 185..186, bytes: 7813..7823), hits: 0) err=Could not find anchor: No matching instruction in range source ID: 82, lines: 185..186, bytes: 7813..7823
2026-09-08T15:33:41.432182Z  WARN foundry_evm_coverage::anchors: could not find anchor item=Statement (location: (source ID: 81, lines: 130..131, bytes: 6388..6424), hits: 0) err=Could not find anchor: No matching instruction in range source ID: 81, lines: 130..131, bytes: 6388..6424
2026-09-08T15:33:41.432187Z  WARN foundry_evm_coverage::anchors: could not find anchor item=Statement (location: (source ID: 82, lines: 185..186, bytes: 7813..7823), hits: 0) err=Could not find anchor: No matching instruction in range source ID: 82, lines: 185..186, bytes: 7813..7823
2026-09-08T15:33:41.432191Z  WARN foundry_evm_coverage::anchors: could not find anchor item=Line (location: (source ID: 81, lines: 135..138, bytes: 6633..6722), hits: 0) err=Could not find anchor: No matching instruction in range source ID: 81, lines: 135..138, bytes: 6633..6722
2026-09-08T15:33:41.432195Z  WARN foundry_evm_coverage::anchors: could not find anchor item=Statement (location: (source ID: 82, lines: 185..186, bytes: 7813..7841), hits: 0) err=Could not find anchor: No matching instruction in range source ID: 82, lines: 185..186, bytes: 7813..7841
2026-09-08T15:33:41.432199Z  WARN foundry_evm_coverage::anchors: could not find anchor item=Function "owner" (location: (source ID: 81, lines: 135..138, bytes: 6633..6722), hits: 0) err=Could not find anchor: No matching instruction in range source ID: 81, lines: 135..138, bytes: 6633..6722
2026-09-08T15:33:41.432206Z  WARN foundry_evm_coverage::anchors: could not find anchor item=Line (location: (source ID: 81, lines: 136..137, bytes: 6690..6715), hits: 0) err=Could not find anchor: No matching instruction in range source ID: 81, lines: 136..137, bytes: 6690..6715
2026-09-08T15:33:41.432203Z  WARN foundry_evm_coverage::anchors: could not find anchor item=Statement (location: (source ID: 82, lines: 185..186, bytes: 7827..7841), hits: 0) err=Could not find anchor: No matching instruction in range source ID: 82, lines: 185..186, bytes: 7827..7841
2026-09-08T15:33:41.432209Z  WARN foundry_evm_coverage::anchors: could not find anchor item=Statement (location: (source ID: 81, lines: 136..137, bytes: 6690..6715), hits: 0) err=Could not find anchor: No matching instruction in range source ID: 81, lines: 136..137, bytes: 6690..6715
2026-09-08T15:33:41.432213Z  WARN foundry_evm_coverage::anchors: could not find anchor item=Statement (location: (source ID: 82, lines: 185..186, bytes: 7843..7864), hits: 0) err=Could not find anchor: No matching instruction in range source ID: 82, lines: 185..186, bytes: 7843..7864
2026-09-08T15:33:41.432216Z  WARN foundry_evm_coverage::anchors: could not find anchor item=Statement (location: (source ID: 81, lines: 136..137, bytes: 6697..6715), hits: 0) err=Could not find anchor: No matching instruction in range source ID: 81, lines: 136..137, bytes: 6697..6715
2026-09-08T15:33:41.432220Z  WARN foundry_evm_coverage::anchors: could not find anchor item=Branch (branch: 11, path: 0) (location: (source ID: 82, lines: 185..186, bytes: 7843..7864), hits: 0) err=Could not find anchor: No matching instruction in range source ID: 82, lines: 185..186, bytes: 7843..7864
2026-09-08T15:33:41.432223Z  WARN foundry_evm_coverage::anchors: could not find anchor item=Line (location: (source ID: 81, lines: 140..143, bytes: 6826..6954), hits: 0) err=Could not find anchor: No matching instruction in range source ID: 81, lines: 140..143, bytes: 6826..6954
2026-09-08T15:33:41.432227Z  WARN foundry_evm_coverage::anchors: could not find anchor item=Line (location: (source ID: 82, lines: 186..187, bytes: 7874..7887), hits: 0) err=Could not find anchor: No matching instruction in range source ID: 82, lines: 186..187, bytes: 7874..7887
2026-09-08T15:33:41.432230Z  WARN foundry_evm_coverage::anchors: could not find anchor item=Function "contractURI" (location: (source ID: 81, lines: 140..143, bytes: 6826..6954), hits: 0) err=Could not find anchor: No matching instruction in range source ID: 81, lines: 140..143, bytes: 6826..6954
2026-09-08T15:33:41.432234Z  WARN foundry_evm_coverage::anchors: could not find anchor item=Statement (location: (source ID: 82, lines: 186..187, bytes: 7874..7887), hits: 0) err=Could not find anchor: No matching instruction in range source ID: 82, lines: 186..187, bytes: 7874..7887
2026-09-08T15:33:41.432237Z  WARN foundry_evm_coverage::anchors: could not find anchor item=Line (location: (source ID: 81, lines: 141..142, bytes: 6897..6947), hits: 0) err=Could not find anchor: No matching instruction in range source ID: 81, lines: 141..142, bytes: 6897..6947
2026-09-08T15:33:41.432241Z  WARN foundry_evm_coverage::anchors: could not find anchor item=Line (location: (source ID: 82, lines: 187..188, bytes: 7902..7911), hits: 0) err=Could not find anchor: No matching instruction in range source ID: 82, lines: 187..188, bytes: 7902..7911
2026-09-08T15:33:41.432244Z  WARN foundry_evm_coverage::anchors: could not find anchor item=Statement (location: (source ID: 81, lines: 141..142, bytes: 6897..6947), hits: 0) err=Could not find anchor: No matching instruction in range source ID: 81, lines: 141..142, bytes: 6897..6947
2026-09-08T15:33:41.432248Z  WARN foundry_evm_coverage::anchors: could not find anchor item=Statement (location: (source ID: 82, lines: 187..188, bytes: 7902..7911), hits: 0) err=Could not find anchor: No matching instruction in range source ID: 82, lines: 187..188, bytes: 7902..7911
2026-09-08T15:33:41.432251Z  WARN foundry_evm_coverage::anchors: could not find anchor item=Statement (location: (source ID: 81, lines: 141..142, bytes: 6904..6947), hits: 0) err=Could not find anchor: No matching instruction in range source ID: 81, lines: 141..142, bytes: 6904..6947
2026-09-08T15:33:41.432255Z  WARN foundry_evm_coverage::anchors: could not find anchor item=Statement (location: (source ID: 82, lines: 187..188, bytes: 7913..7922), hits: 0) err=Could not find anchor: No matching instruction in range source ID: 82, lines: 187..188, bytes: 7913..7922
2026-09-08T15:33:41.432258Z  WARN foundry_evm_coverage::anchors: could not find anchor item=Line (location: (source ID: 81, lines: 144..147, bytes: 6960..7089), hits: 0) err=Could not find anchor: No matching instruction in range source ID: 81, lines: 144..147, bytes: 6960..7089
2026-09-08T15:33:41.432262Z  WARN foundry_evm_coverage::anchors: could not find anchor item=Statement (location: (source ID: 82, lines: 187..188, bytes: 7924..7927), hits: 0) err=Could not find anchor: No matching instruction in range source ID: 82, lines: 187..188, bytes: 7924..7927
2026-09-08T15:33:41.432265Z  WARN foundry_evm_coverage::anchors: could not find anchor item=Function "_requireCallerIsContractOwner" (location: (source ID: 81, lines: 144..147, bytes: 6960..7089), hits: 0) err=Could not find anchor: No matching instruction in range source ID: 81, lines: 144..147, bytes: 6960..7089
2026-09-08T15:33:41.432269Z  WARN foundry_evm_coverage::anchors: could not find anchor item=Line (location: (source ID: 82, lines: 188..189, bytes: 7943..7962), hits: 0) err=Could not find anchor: No matching instruction in range source ID: 82, lines: 188..189, bytes: 7943..7962
2026-09-08T15:33:41.432272Z  WARN foundry_evm_coverage::anchors: could not find anchor item=Line (location: (source ID: 81, lines: 145..146, bytes: 7038..7059), hits: 0) err=Could not find anchor: No matching instruction in range source ID: 81, lines: 145..146, bytes: 7038..7059
2026-09-08T15:33:41.432276Z  WARN foundry_evm_coverage::anchors: could not find anchor item=Statement (location: (source ID: 82, lines: 188..189, bytes: 7943..7962), hits: 0) err=Could not find anchor: No matching instruction in range source ID: 82, lines: 188..189, bytes: 7943..7962
2026-09-08T15:33:41.432279Z  WARN foundry_evm_coverage::anchors: could not find anchor item=Statement (location: (source ID: 81, lines: 145..146, bytes: 7038..7059), hits: 0) err=Could not find anchor: No matching instruction in range source ID: 81, lines: 145..146, bytes: 7038..7059
2026-09-08T15:33:41.432283Z  WARN foundry_evm_coverage::anchors: could not find anchor item=Line (location: (source ID: 82, lines: 190..191, bytes: 7986..8004), hits: 0) err=Could not find anchor: No matching instruction in range source ID: 82, lines: 190..191, bytes: 7986..8004
2026-09-08T15:33:41.432286Z  WARN foundry_evm_coverage::anchors: could not find anchor item=Statement (location: (source ID: 81, lines: 145..146, bytes: 7052..7059), hits: 0) err=Could not find anchor: No matching instruction in range source ID: 81, lines: 145..146, bytes: 7052..7059
2026-09-08T15:33:41.432289Z  WARN foundry_evm_coverage::anchors: could not find anchor item=Statement (location: (source ID: 82, lines: 190..191, bytes: 7986..8004), hits: 0) err=Could not find anchor: No matching instruction in range source ID: 82, lines: 190..191, bytes: 7986..8004
2026-09-08T15:33:41.432293Z  WARN foundry_evm_coverage::anchors: could not find anchor item=Statement (location: (source ID: 81, lines: 145..146, bytes: 7061..7082), hits: 0) err=Could not find anchor: No matching instruction in range source ID: 81, lines: 145..146, bytes: 7061..7082
2026-09-08T15:33:41.432296Z  WARN foundry_evm_coverage::anchors: could not find anchor item=Statement (location: (source ID: 82, lines: 190..191, bytes: 8006..8031), hits: 0) err=Could not find anchor: No matching instruction in range source ID: 82, lines: 190..191, bytes: 8006..8031
2026-09-08T15:33:41.432301Z  WARN foundry_evm_coverage::anchors: could not find anchor item=Branch (branch: 8, path: 0) (location: (source ID: 81, lines: 145..146, bytes: 7061..7082), hits: 0) err=Could not find anchor: No matching instruction in range source ID: 81, lines: 145..146, bytes: 7061..7082
2026-09-08T15:33:41.432304Z  WARN foundry_evm_coverage::anchors: could not find anchor item=Branch (branch: 12, path: 0) (location: (source ID: 82, lines: 190..191, bytes: 8006..8031), hits: 0) err=Could not find anchor: No matching instruction in range source ID: 82, lines: 190..191, bytes: 8006..8031
2026-09-08T15:33:41.432307Z  WARN foundry_evm_coverage::anchors: could not find anchor item=Line (location: (source ID: 81, lines: 153..167, bytes: 7623..8461), hits: 0) err=Could not find anchor: No matching instruction in range source ID: 81, lines: 153..167, bytes: 7623..8461
2026-09-08T15:33:41.432311Z  WARN foundry_evm_coverage::anchors: could not find anchor item=Line (location: (source ID: 82, lines: 191..192, bytes: 8041..8067), hits: 0) err=Could not find anchor: No matching instruction in range source ID: 82, lines: 191..192, bytes: 8041..8067
2026-09-08T15:33:41.432314Z  WARN foundry_evm_coverage::anchors: could not find anchor item=Function "configureEnforcedTrading" (location: (source ID: 81, lines: 153..167, bytes: 7623..8461), hits: 0) err=Could not find anchor: No matching instruction in range source ID: 81, lines: 153..167, bytes: 7623..8461
2026-09-08T15:33:41.432318Z  WARN foundry_evm_coverage::anchors: could not find anchor item=Statement (location: (source ID: 82, lines: 191..192, bytes: 8041..8067), hits: 0) err=Could not find anchor: No matching instruction in range source ID: 82, lines: 191..192, bytes: 8041..8067
2026-09-08T15:33:41.432321Z  WARN foundry_evm_coverage::anchors: could not find anchor item=Line (location: (source ID: 81, lines: 154..155, bytes: 7691..7722), hits: 0) err=Could not find anchor: No matching instruction in range source ID: 81, lines: 154..155, bytes: 7691..7722
2026-09-08T15:33:41.432325Z  WARN foundry_evm_coverage::anchors: could not find anchor item=Line (location: (source ID: 82, lines: 192..193, bytes: 8082..8091), hits: 0) err=Could not find anchor: No matching instruction in range source ID: 82, lines: 192..193, bytes: 8082..8091
2026-09-08T15:33:41.432329Z  WARN foundry_evm_coverage::anchors: could not find anchor item=Statement (location: (source ID: 81, lines: 154..155, bytes: 7691..7722), hits: 0) err=Could not find anchor: No matching instruction in range source ID: 81, lines: 154..155, bytes: 7691..7722
2026-09-08T15:33:41.432332Z  WARN foundry_evm_coverage::anchors: could not find anchor item=Statement (location: (source ID: 82, lines: 192..193, bytes: 8082..8091), hits: 0) err=Could not find anchor: No matching instruction in range source ID: 82, lines: 192..193, bytes: 8082..8091
2026-09-08T15:33:41.432336Z  WARN foundry_evm_coverage::anchors: could not find anchor item=Line (location: (source ID: 81, lines: 155..156, bytes: 7732..7816), hits: 0) err=Could not find anchor: No matching instruction in range source ID: 81, lines: 155..156, bytes: 7732..7816
2026-09-08T15:33:41.432339Z  WARN foundry_evm_coverage::anchors: could not find anchor item=Statement (location: (source ID: 82, lines: 192..193, bytes: 8093..8102), hits: 0) err=Could not find anchor: No matching instruction in range source ID: 82, lines: 192..193, bytes: 8093..8102
2026-09-08T15:33:41.432343Z  WARN foundry_evm_coverage::anchors: could not find anchor item=Statement (location: (source ID: 81, lines: 155..156, bytes: 7732..7816), hits: 0) err=Could not find anchor: No matching instruction in range source ID: 81, lines: 155..156, bytes: 7732..7816
2026-09-08T15:33:41.432346Z  WARN foundry_evm_coverage::anchors: could not find anchor item=Statement (location: (source ID: 82, lines: 192..193, bytes: 8104..8107), hits: 0) err=Could not find anchor: No matching instruction in range source ID: 82, lines: 192..193, bytes: 8104..8107
2026-09-08T15:33:41.432349Z  WARN foundry_evm_coverage::anchors: could not find anchor item=Statement (location: (source ID: 81, lines: 155..156, bytes: 7766..7816), hits: 0) err=Could not find anchor: No matching instruction in range source ID: 81, lines: 155..156, bytes: 7766..7816
2026-09-08T15:33:41.432353Z  WARN foundry_evm_coverage::anchors: could not find anchor item=Line (location: (source ID: 82, lines: 193..194, bytes: 8123..8166), hits: 0) err=Could not find anchor: No matching instruction in range source ID: 82, lines: 193..194, bytes: 8123..8166
2026-09-08T15:33:41.432357Z  WARN foundry_evm_coverage::anchors: could not find anchor item=Line (location: (source ID: 81, lines: 156..157, bytes: 7830..7873), hits: 0) err=Could not find anchor: No matching instruction in range source ID: 81, lines: 156..157, bytes: 7830..7873
2026-09-08T15:33:41.432360Z  WARN foundry_evm_coverage::anchors: could not find anchor item=Statement (location: (source ID: 82, lines: 193..194, bytes: 8123..8166), hits: 0) err=Could not find anchor: No matching instruction in range source ID: 82, lines: 193..194, bytes: 8123..8166
2026-09-08T15:33:41.432364Z  WARN foundry_evm_coverage::anchors: could not find anchor item=Statement (location: (source ID: 81, lines: 156..157, bytes: 7830..7873), hits: 0) err=Could not find anchor: No matching instruction in range source ID: 81, lines: 156..157, bytes: 7830..7873
2026-09-08T15:33:41.432367Z  WARN foundry_evm_coverage::anchors: could not find anchor item=Line (location: (source ID: 82, lines: 198..213, bytes: 8282..8911), hits: 0) err=Could not find anchor: No matching instruction in range source ID: 82, lines: 198..213, bytes: 8282..8911
2026-09-08T15:33:41.432371Z  WARN foundry_evm_coverage::anchors: could not find anchor item=Statement (location: (source ID: 81, lines: 156..157, bytes: 7875..7904), hits: 0) err=Could not find anchor: No matching instruction in range source ID: 81, lines: 156..157, bytes: 7875..7904
2026-09-08T15:33:41.432374Z  WARN foundry_evm_coverage::anchors: could not find anchor item=Function "increaseBid" (location: (source ID: 82, lines: 198..213, bytes: 8282..8911), hits: 0) err=Could not find anchor: No matching instruction in range source ID: 82, lines: 198..213, bytes: 8282..8911
2026-09-08T15:33:41.432378Z  WARN foundry_evm_coverage::anchors: could not find anchor item=Branch (branch: 9, path: 0) (location: (source ID: 81, lines: 156..157, bytes: 7875..7904), hits: 0) err=Could not find anchor: No matching instruction in range source ID: 81, lines: 156..157, bytes: 7875..7904
2026-09-08T15:33:41.432381Z  WARN foundry_evm_coverage::anchors: could not find anchor item=Line (location: (source ID: 82, lines: 199..200, bytes: 8355..8369), hits: 0) err=Could not find anchor: No matching instruction in range source ID: 82, lines: 199..200, bytes: 8355..8369
2026-09-08T15:33:41.432385Z  WARN foundry_evm_coverage::anchors: could not find anchor item=Line (location: (source ID: 81, lines: 157..158, bytes: 7914..7985), hits: 0) err=Could not find anchor: No matching instruction in range source ID: 81, lines: 157..158, bytes: 7914..7985
2026-09-08T15:33:41.432388Z  WARN foundry_evm_coverage::anchors: could not find anchor item=Statement (location: (source ID: 82, lines: 199..200, bytes: 8355..8369), hits: 0) err=Could not find anchor: No matching instruction in range source ID: 82, lines: 199..200, bytes: 8355..8369
2026-09-08T15:33:41.432392Z  WARN foundry_evm_coverage::anchors: could not find anchor item=Statement (location: (source ID: 81, lines: 157..158, bytes: 7914..7985), hits: 0) err=Could not find anchor: No matching instruction in range source ID: 81, lines: 157..158, bytes: 7914..7985
2026-09-08T15:33:41.432395Z  WARN foundry_evm_coverage::anchors: could not find anchor item=Line (location: (source ID: 82, lines: 200..201, bytes: 8379..8405), hits: 0) err=Could not find anchor: No matching instruction in range source ID: 82, lines: 200..201, bytes: 8379..8405
2026-09-08T15:33:41.432399Z  WARN foundry_evm_coverage::anchors: could not find anchor item=Statement (location: (source ID: 81, lines: 157..158, bytes: 7931..7985), hits: 0) err=Could not find anchor: No matching instruction in range source ID: 81, lines: 157..158, bytes: 7931..7985
2026-09-08T15:33:41.432402Z  WARN foundry_evm_coverage::anchors: could not find anchor item=Statement (location: (source ID: 82, lines: 200..201, bytes: 8379..8405), hits: 0) err=Could not find anchor: No matching instruction in range source ID: 82, lines: 200..201, bytes: 8379..8405
2026-09-08T15:33:41.432406Z  WARN foundry_evm_coverage::anchors: could not find anchor item=Line (location: (source ID: 81, lines: 158..159, bytes: 7995..8056), hits: 0) err=Could not find anchor: No matching instruction in range source ID: 81, lines: 158..159, bytes: 7995..8056
2026-09-08T15:33:41.432409Z  WARN foundry_evm_coverage::anchors: could not find anchor item=Line (location: (source ID: 82, lines: 201..202, bytes: 8419..8430), hits: 0) err=Could not find anchor: No matching instruction in range source ID: 82, lines: 201..202, bytes: 8419..8430
2026-09-08T15:33:41.432416Z  WARN foundry_evm_coverage::anchors: could not find anchor item=Statement (location: (source ID: 82, lines: 201..202, bytes: 8419..8430), hits: 0) err=Could not find anchor: No matching instruction in range source ID: 82, lines: 201..202, bytes: 8419..8430
2026-09-08T15:33:41.432419Z  WARN foundry_evm_coverage::anchors: could not find anchor item=Statement (location: (source ID: 82, lines: 201..202, bytes: 8432..8451), hits: 0) err=Could not find anchor: No matching instruction in range source ID: 82, lines: 201..202, bytes: 8432..8451
2026-09-08T15:33:41.432413Z  WARN foundry_evm_coverage::anchors: could not find anchor item=Statement (location: (source ID: 81, lines: 158..159, bytes: 7995..8056), hits: 0) err=Could not find anchor: No matching instruction in range source ID: 81, lines: 158..159, bytes: 7995..8056
2026-09-08T15:33:41.432423Z  WARN foundry_evm_coverage::anchors: could not find anchor item=Branch (branch: 13, path: 0) (location: (source ID: 82, lines: 201..202, bytes: 8432..8451), hits: 0) err=Could not find anchor: No matching instruction in range source ID: 82, lines: 201..202, bytes: 8432..8451
2026-09-08T15:33:41.432426Z  WARN foundry_evm_coverage::anchors: could not find anchor item=Line (location: (source ID: 81, lines: 159..160, bytes: 8066..8126), hits: 0) err=Could not find anchor: No matching instruction in range source ID: 81, lines: 159..160, bytes: 8066..8126
2026-09-08T15:33:41.432430Z  WARN foundry_evm_coverage::anchors: could not find anchor item=Line (location: (source ID: 82, lines: 202..203, bytes: 8465..8489), hits: 0) err=Could not find anchor: No matching instruction in range source ID: 82, lines: 202..203, bytes: 8465..8489
2026-09-08T15:33:41.432434Z  WARN foundry_evm_coverage::anchors: could not find anchor item=Statement (location: (source ID: 81, lines: 159..160, bytes: 8066..8126), hits: 0) err=Could not find anchor: No matching instruction in range source ID: 81, lines: 159..160, bytes: 8066..8126
2026-09-08T15:33:41.432437Z  WARN foundry_evm_coverage::anchors: could not find anchor item=Statement (location: (source ID: 82, lines: 202..203, bytes: 8465..8489), hits: 0) err=Could not find anchor: No matching instruction in range source ID: 82, lines: 202..203, bytes: 8465..8489
2026-09-08T15:33:41.432441Z  WARN foundry_evm_coverage::anchors: could not find anchor item=Line (location: (source ID: 81, lines: 160..161, bytes: 8136..8189), hits: 0) err=Could not find anchor: No matching instruction in range source ID: 81, lines: 160..161, bytes: 8136..8189
2026-09-08T15:33:41.432444Z  WARN foundry_evm_coverage::anchors: could not find anchor item=Statement (location: (source ID: 82, lines: 202..203, bytes: 8491..8512), hits: 0) err=Could not find anchor: No matching instruction in range source ID: 82, lines: 202..203, bytes: 8491..8512
2026-09-08T15:33:41.432448Z  WARN foundry_evm_coverage::anchors: could not find anchor item=Statement (location: (source ID: 81, lines: 160..161, bytes: 8136..8189), hits: 0) err=Could not find anchor: No matching instruction in range source ID: 81, lines: 160..161, bytes: 8136..8189
2026-09-08T15:33:41.432451Z  WARN foundry_evm_coverage::anchors: could not find anchor item=Branch (branch: 14, path: 0) (location: (source ID: 82, lines: 202..203, bytes: 8491..8512), hits: 0) err=Could not find anchor: No matching instruction in range source ID: 82, lines: 202..203, bytes: 8491..8512
2026-09-08T15:33:41.432455Z  WARN foundry_evm_coverage::anchors: could not find anchor item=Line (location: (source ID: 81, lines: 161..162, bytes: 8199..8262), hits: 0) err=Could not find anchor: No matching instruction in range source ID: 81, lines: 161..162, bytes: 8199..8262
2026-09-08T15:33:41.432458Z  WARN foundry_evm_coverage::anchors: could not find anchor item=Line (location: (source ID: 82, lines: 203..204, bytes: 8526..8558), hits: 0) err=Could not find anchor: No matching instruction in range source ID: 82, lines: 203..204, bytes: 8526..8558
2026-09-08T15:33:41.432461Z  WARN foundry_evm_coverage::anchors: could not find anchor item=Statement (location: (source ID: 81, lines: 161..162, bytes: 8199..8262), hits: 0) err=Could not find anchor: No matching instruction in range source ID: 81, lines: 161..162, bytes: 8199..8262
2026-09-08T15:33:41.432465Z  WARN foundry_evm_coverage::anchors: could not find anchor item=Statement (location: (source ID: 82, lines: 203..204, bytes: 8526..8558), hits: 0) err=Could not find anchor: No matching instruction in range source ID: 82, lines: 203..204, bytes: 8526..8558
2026-09-08T15:33:41.432468Z  WARN foundry_evm_coverage::anchors: could not find anchor item=Line (location: (source ID: 81, lines: 162..163, bytes: 8272..8320), hits: 0) err=Could not find anchor: No matching instruction in range source ID: 81, lines: 162..163, bytes: 8272..8320
2026-09-08T15:33:41.432476Z  WARN foundry_evm_coverage::anchors: could not find anchor item=Statement (location: (source ID: 81, lines: 162..163, bytes: 8272..8320), hits: 0) err=Could not find anchor: No matching instruction in range source ID: 81, lines: 162..163, bytes: 8272..8320
2026-09-08T15:33:41.432472Z  WARN foundry_evm_coverage::anchors: could not find anchor item=Statement (location: (source ID: 82, lines: 203..204, bytes: 8538..8558), hits: 0) err=Could not find anchor: No matching instruction in range source ID: 82, lines: 203..204, bytes: 8538..8558
2026-09-08T15:33:41.432479Z  WARN foundry_evm_coverage::anchors: could not find anchor item=Line (location: (source ID: 81, lines: 163..164, bytes: 8330..8352), hits: 0) err=Could not find anchor: No matching instruction in range source ID: 81, lines: 163..164, bytes: 8330..8352
2026-09-08T15:33:41.432483Z  WARN foundry_evm_coverage::anchors: could not find anchor item=Statement (location: (source ID: 82, lines: 203..204, bytes: 8560..8580), hits: 0) err=Could not find anchor: No matching instruction in range source ID: 82, lines: 203..204, bytes: 8560..8580
2026-09-08T15:33:41.432486Z  WARN foundry_evm_coverage::anchors: could not find anchor item=Statement (location: (source ID: 81, lines: 163..164, bytes: 8330..8352), hits: 0) err=Could not find anchor: No matching instruction in range source ID: 81, lines: 163..164, bytes: 8330..8352
2026-09-08T15:33:41.432490Z  WARN foundry_evm_coverage::anchors: could not find anchor item=Branch (branch: 15, path: 0) (location: (source ID: 82, lines: 203..204, bytes: 8560..8580), hits: 0) err=Could not find anchor: No matching instruction in range source ID: 82, lines: 203..204, bytes: 8560..8580
2026-09-08T15:33:41.432494Z  WARN foundry_evm_coverage::anchors: could not find anchor item=Line (location: (source ID: 81, lines: 164..165, bytes: 8362..8386), hits: 0) err=Could not find anchor: No matching instruction in range source ID: 81, lines: 164..165, bytes: 8362..8386
2026-09-08T15:33:41.432497Z  WARN foundry_evm_coverage::anchors: could not find anchor item=Line (location: (source ID: 82, lines: 204..205, bytes: 8594..8648), hits: 0) err=Could not find anchor: No matching instruction in range source ID: 82, lines: 204..205, bytes: 8594..8648
2026-09-08T15:33:41.432502Z  WARN foundry_evm_coverage::anchors: could not find anchor item=Statement (location: (source ID: 81, lines: 164..165, bytes: 8362..8386), hits: 0) err=Could not find anchor: No matching instruction in range source ID: 81, lines: 164..165, bytes: 8362..8386
2026-09-08T15:33:41.432505Z  WARN foundry_evm_coverage::anchors: could not find anchor item=Statement (location: (source ID: 82, lines: 204..205, bytes: 8594..8648), hits: 0) err=Could not find anchor: No matching instruction in range source ID: 82, lines: 204..205, bytes: 8594..8648
2026-09-08T15:33:41.432509Z  WARN foundry_evm_coverage::anchors: could not find anchor item=Line (location: (source ID: 81, lines: 165..166, bytes: 8396..8454), hits: 0) err=Could not find anchor: No matching instruction in range source ID: 81, lines: 165..166, bytes: 8396..8454
2026-09-08T15:33:41.432513Z  WARN foundry_evm_coverage::anchors: could not find anchor item=Statement (location: (source ID: 82, lines: 204..205, bytes: 8606..8648), hits: 0) err=Could not find anchor: No matching instruction in range source ID: 82, lines: 204..205, bytes: 8606..8648
2026-09-08T15:33:41.432516Z  WARN foundry_evm_coverage::anchors: could not find anchor item=Statement (location: (source ID: 81, lines: 165..166, bytes: 8396..8454), hits: 0) err=Could not find anchor: No matching instruction in range source ID: 81, lines: 165..166, bytes: 8396..8454
2026-09-08T15:33:41.432520Z  WARN foundry_evm_coverage::anchors: could not find anchor item=Statement (location: (source ID: 82, lines: 204..205, bytes: 8650..8668), hits: 0) err=Could not find anchor: No matching instruction in range source ID: 82, lines: 204..205, bytes: 8650..8668
2026-09-08T15:33:41.432524Z  WARN foundry_evm_coverage::anchors: could not find anchor item=Line (location: (source ID: 81, lines: 168..176, bytes: 8467..8895), hits: 0) err=Could not find anchor: No matching instruction in range source ID: 81, lines: 168..176, bytes: 8467..8895
2026-09-08T15:33:41.432527Z  WARN foundry_evm_coverage::anchors: could not find anchor item=Branch (branch: 16, path: 0) (location: (source ID: 82, lines: 204..205, bytes: 8650..8668), hits: 0) err=Could not find anchor: No matching instruction in range source ID: 82, lines: 204..205, bytes: 8650..8668
2026-09-08T15:33:41.432531Z  WARN foundry_evm_coverage::anchors: could not find anchor item=Function "_preValidateTransfer" (location: (source ID: 81, lines: 168..176, bytes: 8467..8895), hits: 0) err=Could not find anchor: No matching instruction in range source ID: 81, lines: 168..176, bytes: 8467..8895
2026-09-08T15:33:41.432534Z  WARN foundry_evm_coverage::anchors: could not find anchor item=Line (location: (source ID: 82, lines: 205..206, bytes: 8678..8704), hits: 0) err=Could not find anchor: No matching instruction in range source ID: 82, lines: 205..206, bytes: 8678..8704
2026-09-08T15:33:41.432538Z  WARN foundry_evm_coverage::anchors: could not find anchor item=Line (location: (source ID: 81, lines: 173..174, bytes: 8723..8741), hits: 0) err=Could not find anchor: No matching instruction in range source ID: 81, lines: 173..174, bytes: 8723..8741
2026-09-08T15:33:41.432542Z  WARN foundry_evm_coverage::anchors: could not find anchor item=Statement (location: (source ID: 82, lines: 205..206, bytes: 8678..8704), hits: 0) err=Could not find anchor: No matching instruction in range source ID: 82, lines: 205..206, bytes: 8678..8704
2026-09-08T15:33:41.432545Z  WARN foundry_evm_coverage::anchors: could not find anchor item=Statement (location: (source ID: 81, lines: 173..174, bytes: 8723..8741), hits: 0) err=Could not find anchor: No matching instruction in range source ID: 81, lines: 173..174, bytes: 8723..8741
2026-09-08T15:33:41.432549Z  WARN foundry_evm_coverage::anchors: could not find anchor item=Line (location: (source ID: 82, lines: 206..207, bytes: 8714..8725), hits: 0) err=Could not find anchor: No matching instruction in range source ID: 82, lines: 206..207, bytes: 8714..8725
2026-09-08T15:33:41.432553Z  WARN foundry_evm_coverage::anchors: could not find anchor item=Statement (location: (source ID: 81, lines: 173..174, bytes: 8723..8784), hits: 0) err=Could not find anchor: No matching instruction in range source ID: 81, lines: 173..174, bytes: 8723..8784
2026-09-08T15:33:41.432560Z  WARN foundry_evm_coverage::anchors: could not find anchor item=Statement (location: (source ID: 81, lines: 173..174, bytes: 8745..8784), hits: 0) err=Could not find anchor: No matching instruction in range source ID: 81, lines: 173..174, bytes: 8745..8784
2026-09-08T15:33:41.432556Z  WARN foundry_evm_coverage::anchors: could not find anchor item=Statement (location: (source ID: 82, lines: 206..207, bytes: 8714..8725), hits: 0) err=Could not find anchor: No matching instruction in range source ID: 82, lines: 206..207, bytes: 8714..8725
2026-09-08T15:33:41.432563Z  WARN foundry_evm_coverage::anchors: could not find anchor item=Statement (location: (source ID: 81, lines: 173..174, bytes: 8786..8818), hits: 0) err=Could not find anchor: No matching instruction in range source ID: 81, lines: 173..174, bytes: 8786..8818
2026-09-08T15:33:41.432567Z  WARN foundry_evm_coverage::anchors: could not find anchor item=Line (location: (source ID: 82, lines: 207..208, bytes: 8735..8767), hits: 0) err=Could not find anchor: No matching instruction in range source ID: 82, lines: 207..208, bytes: 8735..8767
2026-09-08T15:33:41.432575Z  WARN foundry_evm_coverage::anchors: could not find anchor item=Statement (location: (source ID: 82, lines: 207..208, bytes: 8735..8767), hits: 0) err=Could not find anchor: No matching instruction in range source ID: 82, lines: 207..208, bytes: 8735..8767
2026-09-08T15:33:41.432577Z  WARN foundry_evm_coverage::anchors: could not find anchor item=Line (location: (source ID: 82, lines: 208..209, bytes: 8777..8796), hits: 0) err=Could not find anchor: No matching instruction in range source ID: 82, lines: 208..209, bytes: 8777..8796
2026-09-08T15:33:41.432571Z  WARN foundry_evm_coverage::anchors: could not find anchor item=Branch (branch: 10, path: 0) (location: (source ID: 81, lines: 173..174, bytes: 8786..8818), hits: 0) err=Could not find anchor: No matching instruction in range source ID: 81, lines: 173..174, bytes: 8786..8818
2026-09-08T15:33:41.432580Z  WARN foundry_evm_coverage::anchors: could not find anchor item=Statement (location: (source ID: 82, lines: 208..209, bytes: 8777..8796), hits: 0) err=Could not find anchor: No matching instruction in range source ID: 82, lines: 208..209, bytes: 8777..8796
2026-09-08T15:33:41.432588Z  WARN foundry_evm_coverage::anchors: could not find anchor item=Line (location: (source ID: 82, lines: 209..210, bytes: 8806..8817), hits: 0) err=Could not find anchor: No matching instruction in range source ID: 82, lines: 209..210, bytes: 8806..8817
2026-09-08T15:33:41.432584Z  WARN foundry_evm_coverage::anchors: could not find anchor item=Line (location: (source ID: 81, lines: 174..175, bytes: 8828..8888), hits: 0) err=Could not find anchor: No matching instruction in range source ID: 81, lines: 174..175, bytes: 8828..8888
2026-09-08T15:33:41.432591Z  WARN foundry_evm_coverage::anchors: could not find anchor item=Statement (location: (source ID: 82, lines: 209..210, bytes: 8806..8817), hits: 0) err=Could not find anchor: No matching instruction in range source ID: 82, lines: 209..210, bytes: 8806..8817
2026-09-08T15:33:41.432595Z  WARN foundry_evm_coverage::anchors: could not find anchor item=Statement (location: (source ID: 81, lines: 174..175, bytes: 8828..8888), hits: 0) err=Could not find anchor: No matching instruction in range source ID: 81, lines: 174..175, bytes: 8828..8888
2026-09-08T15:33:41.432603Z  WARN foundry_evm_coverage::anchors: could not find anchor item=Line (location: (source ID: 81, lines: 177..184, bytes: 8901..9156), hits: 0) err=Could not find anchor: No matching instruction in range source ID: 81, lines: 177..184, bytes: 8901..9156
2026-09-08T15:33:41.432599Z  WARN foundry_evm_coverage::anchors: could not find anchor item=Line (location: (source ID: 82, lines: 210..211, bytes: 8831..8850), hits: 0) err=Could not find anchor: No matching instruction in range source ID: 82, lines: 210..211, bytes: 8831..8850
2026-09-08T15:33:41.432606Z  WARN foundry_evm_coverage::anchors: could not find anchor item=Function "_postValidateTransfer" (location: (source ID: 81, lines: 177..184, bytes: 8901..9156), hits: 0) err=Could not find anchor: No matching instruction in range source ID: 81, lines: 177..184, bytes: 8901..9156
2026-09-08T15:33:41.432614Z  WARN foundry_evm_coverage::anchors: could not find anchor item=Line (location: (source ID: 81, lines: 181..182, bytes: 9054..9115), hits: 0) err=Could not find anchor: No matching instruction in range source ID: 81, lines: 181..182, bytes: 9054..9115
2026-09-08T15:33:41.432610Z  WARN foundry_evm_coverage::anchors: could not find anchor item=Statement (location: (source ID: 82, lines: 210..211, bytes: 8831..8850), hits: 0) err=Could not find anchor: No matching instruction in range source ID: 82, lines: 210..211, bytes: 8831..8850
2026-09-08T15:33:41.432621Z  WARN foundry_evm_coverage::anchors: could not find anchor item=Statement (location: (source ID: 82, lines: 210..211, bytes: 8852..8861), hits: 0) err=Could not find anchor: No matching instruction in range source ID: 82, lines: 210..211, bytes: 8852..8861
2026-09-08T15:33:41.432617Z  WARN foundry_evm_coverage::anchors: could not find anchor item=Statement (location: (source ID: 81, lines: 181..182, bytes: 9054..9115), hits: 0) err=Could not find anchor: No matching instruction in range source ID: 81, lines: 181..182, bytes: 9054..9115
2026-09-08T15:33:41.432628Z  WARN foundry_evm_coverage::anchors: could not find anchor item=Line (location: (source ID: 81, lines: 182..183, bytes: 9125..9149), hits: 0) err=Could not find anchor: No matching instruction in range source ID: 81, lines: 182..183, bytes: 9125..9149
2026-09-08T15:33:41.432631Z  WARN foundry_evm_coverage::anchors: could not find anchor item=Statement (location: (source ID: 81, lines: 182..183, bytes: 9125..9149), hits: 0) err=Could not find anchor: No matching instruction in range source ID: 81, lines: 182..183, bytes: 9125..9149
2026-09-08T15:33:41.432624Z  WARN foundry_evm_coverage::anchors: could not find anchor item=Branch (branch: 17, path: 0) (location: (source ID: 82, lines: 210..211, bytes: 8852..8861), hits: 0) err=Could not find anchor: No matching instruction in range source ID: 82, lines: 210..211, bytes: 8852..8861
2026-09-08T15:33:41.432637Z  WARN foundry_evm_coverage::anchors: could not find anchor item=Line (location: (source ID: 82, lines: 211..212, bytes: 8871..8904), hits: 0) err=Could not find anchor: No matching instruction in range source ID: 82, lines: 211..212, bytes: 8871..8904
2026-09-08T15:33:41.432639Z  WARN foundry_evm_coverage::anchors: could not find anchor item=Statement (location: (source ID: 82, lines: 211..212, bytes: 8871..8904), hits: 0) err=Could not find anchor: No matching instruction in range source ID: 82, lines: 211..212, bytes: 8871..8904
2026-09-08T15:33:41.432640Z  WARN foundry_evm_coverage::anchors: could not find anchor item=Line (location: (source ID: 81, lines: 54..69, bytes: 2750..3375), hits: 0) err=Could not find anchor: No matching instruction in range source ID: 81, lines: 54..69, bytes: 2750..3375
2026-09-08T15:33:41.432642Z  WARN foundry_evm_coverage::anchors: could not find anchor item=Line (location: (source ID: 82, lines: 215..232, bytes: 9032..9777), hits: 0) err=Could not find anchor: No matching instruction in range source ID: 82, lines: 215..232, bytes: 9032..9777
2026-09-08T15:33:41.432648Z  WARN foundry_evm_coverage::anchors: could not find anchor item=Function "settle" (location: (source ID: 82, lines: 215..232, bytes: 9032..9777), hits: 0) err=Could not find anchor: No matching instruction in range source ID: 82, lines: 215..232, bytes: 9032..9777
2026-09-08T15:33:41.432651Z  WARN foundry_evm_coverage::anchors: could not find anchor item=Line (location: (source ID: 82, lines: 216..217, bytes: 9095..9118), hits: 0) err=Could not find anchor: No matching instruction in range source ID: 82, lines: 216..217, bytes: 9095..9118
2026-09-08T15:33:41.432649Z  WARN foundry_evm_coverage::anchors: could not find anchor item=Function "constructor" (location: (source ID: 81, lines: 54..69, bytes: 2750..3375), hits: 0) err=Could not find anchor: No matching instruction in range source ID: 81, lines: 54..69, bytes: 2750..3375
2026-09-08T15:33:41.432654Z  WARN foundry_evm_coverage::anchors: could not find anchor item=Statement (location: (source ID: 82, lines: 216..217, bytes: 9095..9118), hits: 0) err=Could not find anchor: No matching instruction in range source ID: 82, lines: 216..217, bytes: 9095..9118
2026-09-08T15:33:41.432661Z  WARN foundry_evm_coverage::anchors: could not find anchor item=Branch (branch: 18, path: 0) (location: (source ID: 82, lines: 216..217, bytes: 9095..9118), hits: 0) err=Could not find anchor: No matching instruction in range source ID: 82, lines: 216..217, bytes: 9095..9118
2026-09-08T15:33:41.432664Z  WARN foundry_evm_coverage::anchors: could not find anchor item=Line (location: (source ID: 82, lines: 217..218, bytes: 9132..9157), hits: 0) err=Could not find anchor: No matching instruction in range source ID: 82, lines: 217..218, bytes: 9132..9157
2026-09-08T15:33:41.432662Z  WARN foundry_evm_coverage::anchors: could not find anchor item=Line (location: (source ID: 81, lines: 58..59, bytes: 2920..2944), hits: 0) err=Could not find anchor: No matching instruction in range source ID: 81, lines: 58..59, bytes: 2920..2944
2026-09-08T15:33:41.432667Z  WARN foundry_evm_coverage::anchors: could not find anchor item=Statement (location: (source ID: 82, lines: 217..218, bytes: 9132..9157), hits: 0) err=Could not find anchor: No matching instruction in range source ID: 82, lines: 217..218, bytes: 9132..9157
2026-09-08T15:33:41.432674Z  WARN foundry_evm_coverage::anchors: could not find anchor item=Statement (location: (source ID: 82, lines: 217..218, bytes: 9159..9183), hits: 0) err=Could not find anchor: No matching instruction in range source ID: 82, lines: 217..218, bytes: 9159..9183
2026-09-08T15:33:41.432674Z  WARN foundry_evm_coverage::anchors: could not find anchor item=Statement (location: (source ID: 81, lines: 58..59, bytes: 2920..2944), hits: 0) err=Could not find anchor: No matching instruction in range source ID: 81, lines: 58..59, bytes: 2920..2944
2026-09-08T15:33:41.432677Z  WARN foundry_evm_coverage::anchors: could not find anchor item=Branch (branch: 19, path: 0) (location: (source ID: 82, lines: 217..218, bytes: 9159..9183), hits: 0) err=Could not find anchor: No matching instruction in range source ID: 82, lines: 217..218, bytes: 9159..9183
2026-09-08T15:33:41.432684Z  WARN foundry_evm_coverage::anchors: could not find anchor item=Line (location: (source ID: 82, lines: 218..219, bytes: 9193..9207), hits: 0) err=Could not find anchor: No matching instruction in range source ID: 82, lines: 218..219, bytes: 9193..9207
2026-09-08T15:33:41.432687Z  WARN foundry_evm_coverage::anchors: could not find anchor item=Statement (location: (source ID: 82, lines: 218..219, bytes: 9193..9207), hits: 0) err=Could not find anchor: No matching instruction in range source ID: 82, lines: 218..219, bytes: 9193..9207
2026-09-08T15:33:41.432690Z  WARN foundry_evm_coverage::anchors: could not find anchor item=Line (location: (source ID: 82, lines: 219..220, bytes: 9217..9244), hits: 0) err=Could not find anchor: No matching instruction in range source ID: 82, lines: 219..220, bytes: 9217..9244
2026-09-08T15:33:41.432685Z  WARN foundry_evm_coverage::anchors: could not find anchor item=Statement (location: (source ID: 81, lines: 58..59, bytes: 2948..2974), hits: 0) err=Could not find anchor: No matching instruction in range source ID: 81, lines: 58..59, bytes: 2948..2974
2026-09-08T15:33:41.432693Z  WARN foundry_evm_coverage::anchors: could not find anchor item=Statement (location: (source ID: 82, lines: 219..220, bytes: 9217..9244), hits: 0) err=Could not find anchor: No matching instruction in range source ID: 82, lines: 219..220, bytes: 9217..9244
2026-09-08T15:33:41.432701Z  WARN foundry_evm_coverage::anchors: could not find anchor item=Line (location: (source ID: 82, lines: 220..221, bytes: 9254..9325), hits: 0) err=Could not find anchor: No matching instruction in range source ID: 82, lines: 220..221, bytes: 9254..9325
2026-09-08T15:33:41.432704Z  WARN foundry_evm_coverage::anchors: could not find anchor item=Statement (location: (source ID: 82, lines: 220..221, bytes: 9254..9325), hits: 0) err=Could not find anchor: No matching instruction in range source ID: 82, lines: 220..221, bytes: 9254..9325
2026-09-08T15:33:41.432702Z  WARN foundry_evm_coverage::anchors: could not find anchor item=Statement (location: (source ID: 81, lines: 58..59, bytes: 2978..3009), hits: 0) err=Could not find anchor: No matching instruction in range source ID: 81, lines: 58..59, bytes: 2978..3009
2026-09-08T15:33:41.432707Z  WARN foundry_evm_coverage::anchors: could not find anchor item=Line (location: (source ID: 82, lines: 221..222, bytes: 9335..9436), hits: 0) err=Could not find anchor: No matching instruction in range source ID: 82, lines: 221..222, bytes: 9335..9436
2026-09-08T15:33:41.432715Z  WARN foundry_evm_coverage::anchors: could not find anchor item=Statement (location: (source ID: 82, lines: 221..222, bytes: 9335..9436), hits: 0) err=Could not find anchor: No matching instruction in range source ID: 82, lines: 221..222, bytes: 9335..9436
2026-09-08T15:33:41.432718Z  WARN foundry_evm_coverage::anchors: could not find anchor item=Statement (location: (source ID: 82, lines: 221..222, bytes: 9351..9436), hits: 0) err=Could not find anchor: No matching instruction in range source ID: 82, lines: 221..222, bytes: 9351..9436
2026-09-08T15:33:41.432715Z  WARN foundry_evm_coverage::anchors: could not find anchor item=Statement (location: (source ID: 81, lines: 58..59, bytes: 3013..3021), hits: 0) err=Could not find anchor: No matching instruction in range source ID: 81, lines: 58..59, bytes: 3013..3021
2026-09-08T15:33:41.432721Z  WARN foundry_evm_coverage::anchors: could not find anchor item=Line (location: (source ID: 82, lines: 222..223, bytes: 9446..9469), hits: 0) err=Could not find anchor: No matching instruction in range source ID: 82, lines: 222..223, bytes: 9446..9469
2026-09-08T15:33:41.432728Z  WARN foundry_evm_coverage::anchors: could not find anchor item=Statement (location: (source ID: 82, lines: 222..223, bytes: 9446..9469), hits: 0) err=Could not find anchor: No matching instruction in range source ID: 82, lines: 222..223, bytes: 9446..9469
2026-09-08T15:33:41.432728Z  WARN foundry_evm_coverage::anchors: could not find anchor item=Statement (location: (source ID: 81, lines: 58..60, bytes: 2920..3053), hits: 0) err=Could not find anchor: No matching instruction in range source ID: 81, lines: 58..60, bytes: 2920..3053
2026-09-08T15:33:41.432730Z  WARN foundry_evm_coverage::anchors: could not find anchor item=Line (location: (source ID: 82, lines: 223..224, bytes: 9479..9494), hits: 0) err=Could not find anchor: No matching instruction in range source ID: 82, lines: 223..224, bytes: 9479..9494
2026-09-08T15:33:41.432737Z  WARN foundry_evm_coverage::anchors: could not find anchor item=Statement (location: (source ID: 82, lines: 223..224, bytes: 9479..9494), hits: 0) err=Could not find anchor: No matching instruction in range source ID: 82, lines: 223..224, bytes: 9479..9494
2026-09-08T15:33:41.432740Z  WARN foundry_evm_coverage::anchors: could not find anchor item=Line (location: (source ID: 82, lines: 224..225, bytes: 9504..9542), hits: 0) err=Could not find anchor: No matching instruction in range source ID: 82, lines: 224..225, bytes: 9504..9542
2026-09-08T15:33:41.432737Z  WARN foundry_evm_coverage::anchors: could not find anchor item=Statement (location: (source ID: 81, lines: 58..60, bytes: 2948..3053), hits: 0) err=Could not find anchor: No matching instruction in range source ID: 81, lines: 58..60, bytes: 2948..3053
2026-09-08T15:33:41.432743Z  WARN foundry_evm_coverage::anchors: could not find anchor item=Statement (location: (source ID: 82, lines: 224..225, bytes: 9504..9542), hits: 0) err=Could not find anchor: No matching instruction in range source ID: 82, lines: 224..225, bytes: 9504..9542
2026-09-08T15:33:41.432752Z  WARN foundry_evm_coverage::anchors: could not find anchor item=Line (location: (source ID: 82, lines: 225..226, bytes: 9552..9569), hits: 0) err=Could not find anchor: No matching instruction in range source ID: 82, lines: 225..226, bytes: 9552..9569
2026-09-08T15:33:41.432756Z  WARN foundry_evm_coverage::anchors: could not find anchor item=Statement (location: (source ID: 82, lines: 225..226, bytes: 9552..9569), hits: 0) err=Could not find anchor: No matching instruction in range source ID: 82, lines: 225..226, bytes: 9552..9569
2026-09-08T15:33:41.432753Z  WARN foundry_evm_coverage::anchors: could not find anchor item=Statement (location: (source ID: 81, lines: 58..60, bytes: 2978..3053), hits: 0) err=Could not find anchor: No matching instruction in range source ID: 81, lines: 58..60, bytes: 2978..3053
2026-09-08T15:33:41.432759Z  WARN foundry_evm_coverage::anchors: could not find anchor item=Line (location: (source ID: 82, lines: 226..227, bytes: 9584..9600), hits: 0) err=Could not find anchor: No matching instruction in range source ID: 82, lines: 226..227, bytes: 9584..9600
2026-09-08T15:33:41.432765Z  WARN foundry_evm_coverage::anchors: could not find anchor item=Statement (location: (source ID: 82, lines: 226..227, bytes: 9584..9600), hits: 0) err=Could not find anchor: No matching instruction in range source ID: 82, lines: 226..227, bytes: 9584..9600
2026-09-08T15:33:41.432766Z  WARN foundry_evm_coverage::anchors: could not find anchor item=Statement (location: (source ID: 81, lines: 58..60, bytes: 3013..3053), hits: 0) err=Could not find anchor: No matching instruction in range source ID: 81, lines: 58..60, bytes: 3013..3053
2026-09-08T15:33:41.432768Z  WARN foundry_evm_coverage::anchors: could not find anchor item=Statement (location: (source ID: 82, lines: 226..227, bytes: 9602..9609), hits: 0) err=Could not find anchor: No matching instruction in range source ID: 82, lines: 226..227, bytes: 9602..9609
2026-09-08T15:33:41.432775Z  WARN foundry_evm_coverage::anchors: could not find anchor item=Statement (location: (source ID: 82, lines: 226..227, bytes: 9611..9617), hits: 0) err=Could not find anchor: No matching instruction in range source ID: 82, lines: 226..227, bytes: 9611..9617
2026-09-08T15:33:41.432776Z  WARN foundry_evm_coverage::anchors: could not find anchor item=Line (location: (source ID: 81, lines: 59..60, bytes: 3041..3053), hits: 0) err=Could not find anchor: No matching instruction in range source ID: 81, lines: 59..60, bytes: 3041..3053
2026-09-08T15:33:41.432778Z  WARN foundry_evm_coverage::anchors: could not find anchor item=Line (location: (source ID: 82, lines: 227..228, bytes: 9633..9664), hits: 0) err=Could not find anchor: No matching instruction in range source ID: 82, lines: 227..228, bytes: 9633..9664
2026-09-08T15:33:41.432785Z  WARN foundry_evm_coverage::anchors: could not find anchor item=Statement (location: (source ID: 82, lines: 227..228, bytes: 9633..9664), hits: 0) err=Could not find anchor: No matching instruction in range source ID: 82, lines: 227..228, bytes: 9633..9664
2026-09-08T15:33:41.432788Z  WARN foundry_evm_coverage::anchors: could not find anchor item=Line (location: (source ID: 82, lines: 228..229, bytes: 9678..9696), hits: 0) err=Could not find anchor: No matching instruction in range source ID: 82, lines: 228..229, bytes: 9678..9696
2026-09-08T15:33:41.432786Z  WARN foundry_evm_coverage::anchors: could not find anchor item=Statement (location: (source ID: 81, lines: 59..60, bytes: 3041..3053), hits: 0) err=Could not find anchor: No matching instruction in range source ID: 81, lines: 59..60, bytes: 3041..3053
2026-09-08T15:33:41.432791Z  WARN foundry_evm_coverage::anchors: could not find anchor item=Statement (location: (source ID: 82, lines: 228..229, bytes: 9678..9696), hits: 0) err=Could not find anchor: No matching instruction in range source ID: 82, lines: 228..229, bytes: 9678..9696
2026-09-08T15:33:41.432798Z  WARN foundry_evm_coverage::anchors: could not find anchor item=Line (location: (source ID: 82, lines: 230..231, bytes: 9716..9770), hits: 0) err=Could not find anchor: No matching instruction in range source ID: 82, lines: 230..231, bytes: 9716..9770
2026-09-08T15:33:41.432801Z  WARN foundry_evm_coverage::anchors: could not find anchor item=Statement (location: (source ID: 82, lines: 230..231, bytes: 9716..9770), hits: 0) err=Could not find anchor: No matching instruction in range source ID: 82, lines: 230..231, bytes: 9716..9770
2026-09-08T15:33:41.432799Z  WARN foundry_evm_coverage::anchors: could not find anchor item=Line (location: (source ID: 81, lines: 60..63, bytes: 3064..3118), hits: 0) err=Could not find anchor: No matching instruction in range source ID: 81, lines: 60..63, bytes: 3064..3118
2026-09-08T15:33:41.432804Z  WARN foundry_evm_coverage::anchors: could not find anchor item=Line (location: (source ID: 82, lines: 234..239, bytes: 9898..10126), hits: 0) err=Could not find anchor: No matching instruction in range source ID: 82, lines: 234..239, bytes: 9898..10126
2026-09-08T15:33:41.432811Z  WARN foundry_evm_coverage::anchors: could not find anchor item=Function "winningBidCost" (location: (source ID: 82, lines: 234..239, bytes: 9898..10126), hits: 0) err=Could not find anchor: No matching instruction in range source ID: 82, lines: 234..239, bytes: 9898..10126
2026-09-08T15:33:41.432812Z  WARN foundry_evm_coverage::anchors: could not find anchor item=Branch (branch: 0, path: 0) (location: (source ID: 81, lines: 60..63, bytes: 3064..3118), hits: 0) err=Could not find anchor: No matching instruction in range source ID: 81, lines: 60..63, bytes: 3064..3118
2026-09-08T15:33:41.432814Z  WARN foundry_evm_coverage::anchors: could not find anchor item=Line (location: (source ID: 82, lines: 235..236, bytes: 9978..9986), hits: 0) err=Could not find anchor: No matching instruction in range source ID: 82, lines: 235..236, bytes: 9978..9986
2026-09-08T15:33:41.432821Z  WARN foundry_evm_coverage::anchors: could not find anchor item=Statement (location: (source ID: 82, lines: 235..236, bytes: 9978..9986), hits: 0) err=Could not find anchor: No matching instruction in range source ID: 82, lines: 235..236, bytes: 9978..9986
2026-09-08T15:33:41.432824Z  WARN foundry_evm_coverage::anchors: could not find anchor item=Statement (location: (source ID: 82, lines: 235..236, bytes: 9988..10007), hits: 0) err=Could not find anchor: No matching instruction in range source ID: 82, lines: 235..236, bytes: 9988..10007
2026-09-08T15:33:41.432822Z  WARN foundry_evm_coverage::anchors: could not find anchor item=Line (location: (source ID: 81, lines: 61..62, bytes: 3078..3107), hits: 0) err=Could not find anchor: No matching instruction in range source ID: 81, lines: 61..62, bytes: 3078..3107
2026-09-08T15:33:41.432827Z  WARN foundry_evm_coverage::anchors: could not find anchor item=Branch (branch: 20, path: 0) (location: (source ID: 82, lines: 235..236, bytes: 9988..10007), hits: 0) err=Could not find anchor: No matching instruction in range source ID: 82, lines: 235..236, bytes: 9988..10007
2026-09-08T15:33:41.432834Z  WARN foundry_evm_coverage::anchors: could not find anchor item=Line (location: (source ID: 82, lines: 236..237, bytes: 10021..10037), hits: 0) err=Could not find anchor: No matching instruction in range source ID: 82, lines: 236..237, bytes: 10021..10037
2026-09-08T15:33:41.432834Z  WARN foundry_evm_coverage::anchors: could not find anchor item=Statement (location: (source ID: 81, lines: 61..62, bytes: 3078..3107), hits: 0) err=Could not find anchor: No matching instruction in range source ID: 81, lines: 61..62, bytes: 3078..3107
2026-09-08T15:33:41.432837Z  WARN foundry_evm_coverage::anchors: could not find anchor item=Statement (location: (source ID: 82, lines: 236..237, bytes: 10021..10037), hits: 0) err=Could not find anchor: No matching instruction in range source ID: 82, lines: 236..237, bytes: 10021..10037
2026-09-08T15:33:41.432844Z  WARN foundry_evm_coverage::anchors: could not find anchor item=Statement (location: (source ID: 82, lines: 236..237, bytes: 10039..10058), hits: 0) err=Could not find anchor: No matching instruction in range source ID: 82, lines: 236..237, bytes: 10039..10058
2026-09-08T15:33:41.432844Z  WARN foundry_evm_coverage::anchors: could not find anchor item=Line (location: (source ID: 81, lines: 63..64, bytes: 3131..3197), hits: 0) err=Could not find anchor: No matching instruction in range source ID: 81, lines: 63..64, bytes: 3131..3197
2026-09-08T15:33:41.432847Z  WARN foundry_evm_coverage::anchors: could not find anchor item=Branch (branch: 21, path: 0) (location: (source ID: 82, lines: 236..237, bytes: 10039..10058), hits: 0) err=Could not find anchor: No matching instruction in range source ID: 82, lines: 236..237, bytes: 10039..10058
2026-09-08T15:33:41.432854Z  WARN foundry_evm_coverage::anchors: could not find anchor item=Line (location: (source ID: 82, lines: 237..238, bytes: 10068..10119), hits: 0) err=Could not find anchor: No matching instruction in range source ID: 82, lines: 237..238, bytes: 10068..10119
2026-09-08T15:33:41.432854Z  WARN foundry_evm_coverage::anchors: could not find anchor item=Statement (location: (source ID: 81, lines: 63..64, bytes: 3131..3197), hits: 0) err=Could not find anchor: No matching instruction in range source ID: 81, lines: 63..64, bytes: 3131..3197
2026-09-08T15:33:41.432857Z  WARN foundry_evm_coverage::anchors: could not find anchor item=Statement (location: (source ID: 82, lines: 237..238, bytes: 10068..10119), hits: 0) err=Could not find anchor: No matching instruction in range source ID: 82, lines: 237..238, bytes: 10068..10119
2026-09-08T15:33:41.432864Z  WARN foundry_evm_coverage::anchors: could not find anchor item=Statement (location: (source ID: 82, lines: 237..238, bytes: 10075..10119), hits: 0) err=Could not find anchor: No matching instruction in range source ID: 82, lines: 237..238, bytes: 10075..10119
2026-09-08T15:33:41.432864Z  WARN foundry_evm_coverage::anchors: could not find anchor item=Statement (location: (source ID: 81, lines: 63..64, bytes: 3199..3228), hits: 0) err=Could not find anchor: No matching instruction in range source ID: 81, lines: 63..64, bytes: 3199..3228
2026-09-08T15:33:41.432867Z  WARN foundry_evm_coverage::anchors: could not find anchor item=Line (location: (source ID: 82, lines: 242..260, bytes: 10349..11055), hits: 0) err=Could not find anchor: No matching instruction in range source ID: 82, lines: 242..260, bytes: 10349..11055
2026-09-08T15:33:41.432874Z  WARN foundry_evm_coverage::anchors: could not find anchor item=Function "creditRefunds" (location: (source ID: 82, lines: 242..260, bytes: 10349..11055), hits: 0) err=Could not find anchor: No matching instruction in range source ID: 82, lines: 242..260, bytes: 10349..11055
2026-09-08T15:33:41.432874Z  WARN foundry_evm_coverage::anchors: could not find anchor item=Branch (branch: 1, path: 0) (location: (source ID: 81, lines: 63..64, bytes: 3199..3228), hits: 0) err=Could not find anchor: No matching instruction in range source ID: 81, lines: 63..64, bytes: 3199..3228
2026-09-08T15:33:41.432877Z  WARN foundry_evm_coverage::anchors: could not find anchor item=Line (location: (source ID: 82, lines: 243..244, bytes: 10428..10460), hits: 0) err=Could not find anchor: No matching instruction in range source ID: 82, lines: 243..244, bytes: 10428..10460
2026-09-08T15:33:41.432884Z  WARN foundry_evm_coverage::anchors: could not find anchor item=Statement (location: (source ID: 82, lines: 243..244, bytes: 10428..10460), hits: 0) err=Could not find anchor: No matching instruction in range source ID: 82, lines: 243..244, bytes: 10428..10460
2026-09-08T15:33:41.432884Z  WARN foundry_evm_coverage::anchors: could not find anchor item=Line (location: (source ID: 81, lines: 64..65, bytes: 3238..3258), hits: 0) err=Could not find anchor: No matching instruction in range source ID: 81, lines: 64..65, bytes: 3238..3258
2026-09-08T15:33:41.432887Z  WARN foundry_evm_coverage::anchors: could not find anchor item=Line (location: (source ID: 82, lines: 244..245, bytes: 10470..10491), hits: 0) err=Could not find anchor: No matching instruction in range source ID: 82, lines: 244..245, bytes: 10470..10491
2026-09-08T15:33:41.432895Z  WARN foundry_evm_coverage::anchors: could not find anchor item=Statement (location: (source ID: 82, lines: 244..245, bytes: 10470..10491), hits: 0) err=Could not find anchor: No matching instruction in range source ID: 82, lines: 244..245, bytes: 10470..10491
2026-09-08T15:33:41.432896Z  WARN foundry_evm_coverage::anchors: could not find anchor item=Statement (location: (source ID: 81, lines: 64..65, bytes: 3238..3258), hits: 0) err=Could not find anchor: No matching instruction in range source ID: 81, lines: 64..65, bytes: 3238..3258
2026-09-08T15:33:41.432898Z  WARN foundry_evm_coverage::anchors: could not find anchor item=Line (location: (source ID: 82, lines: 245..246, bytes: 10501..10517), hits: 0) err=Could not find anchor: No matching instruction in range source ID: 82, lines: 245..246, bytes: 10501..10517
2026-09-08T15:33:41.432905Z  WARN foundry_evm_coverage::anchors: could not find anchor item=Statement (location: (source ID: 82, lines: 245..246, bytes: 10501..10517), hits: 0) err=Could not find anchor: No matching instruction in range source ID: 82, lines: 245..246, bytes: 10501..10517
2026-09-08T15:33:41.432906Z  WARN foundry_evm_coverage::anchors: could not find anchor item=Line (location: (source ID: 81, lines: 65..66, bytes: 3268..3294), hits: 0) err=Could not find anchor: No matching instruction in range source ID: 81, lines: 65..66, bytes: 3268..3294
2026-09-08T15:33:41.432907Z  WARN foundry_evm_coverage::anchors: could not find anchor item=Line (location: (source ID: 82, lines: 246..247, bytes: 10532..10541), hits: 0) err=Could not find anchor: No matching instruction in range source ID: 82, lines: 246..247, bytes: 10532..10541
2026-09-08T15:33:41.432913Z  WARN foundry_evm_coverage::anchors: could not find anchor item=Statement (location: (source ID: 82, lines: 246..247, bytes: 10532..10541), hits: 0) err=Could not find anchor: No matching instruction in range source ID: 82, lines: 246..247, bytes: 10532..10541
2026-09-08T15:33:41.432914Z  WARN foundry_evm_coverage::anchors: could not find anchor item=Statement (location: (source ID: 81, lines: 65..66, bytes: 3268..3294), hits: 0) err=Could not find anchor: No matching instruction in range source ID: 81, lines: 65..66, bytes: 3268..3294
2026-09-08T15:33:41.432916Z  WARN foundry_evm_coverage::anchors: could not find anchor item=Statement (location: (source ID: 82, lines: 246..247, bytes: 10543..10557), hits: 0) err=Could not find anchor: No matching instruction in range source ID: 82, lines: 246..247, bytes: 10543..10557
2026-09-08T15:33:41.432923Z  WARN foundry_evm_coverage::anchors: could not find anchor item=Statement (location: (source ID: 82, lines: 246..247, bytes: 10559..10562), hits: 0) err=Could not find anchor: No matching instruction in range source ID: 82, lines: 246..247, bytes: 10559..10562
2026-09-08T15:33:41.432924Z  WARN foundry_evm_coverage::anchors: could not find anchor item=Line (location: (source ID: 81, lines: 66..67, bytes: 3304..3320), hits: 0) err=Could not find anchor: No matching instruction in range source ID: 81, lines: 66..67, bytes: 3304..3320
2026-09-08T15:33:41.432926Z  WARN foundry_evm_coverage::anchors: could not find anchor item=Line (location: (source ID: 82, lines: 247..248, bytes: 10578..10597), hits: 0) err=Could not find anchor: No matching instruction in range source ID: 82, lines: 247..248, bytes: 10578..10597
2026-09-08T15:33:41.432933Z  WARN foundry_evm_coverage::anchors: could not find anchor item=Statement (location: (source ID: 82, lines: 247..248, bytes: 10578..10597), hits: 0) err=Could not find anchor: No matching instruction in range source ID: 82, lines: 247..248, bytes: 10578..10597
2026-09-08T15:33:41.432934Z  WARN foundry_evm_coverage::anchors: could not find anchor item=Statement (location: (source ID: 81, lines: 66..67, bytes: 3304..3320), hits: 0) err=Could not find anchor: No matching instruction in range source ID: 81, lines: 66..67, bytes: 3304..3320
2026-09-08T15:33:41.432936Z  WARN foundry_evm_coverage::anchors: could not find anchor item=Line (location: (source ID: 82, lines: 248..249, bytes: 10611..10637), hits: 0) err=Could not find anchor: No matching instruction in range source ID: 82, lines: 248..249, bytes: 10611..10637
2026-09-08T15:33:41.432943Z  WARN foundry_evm_coverage::anchors: could not find anchor item=Statement (location: (source ID: 82, lines: 248..249, bytes: 10611..10637), hits: 0) err=Could not find anchor: No matching instruction in range source ID: 82, lines: 248..249, bytes: 10611..10637
2026-09-08T15:33:41.432946Z  WARN foundry_evm_coverage::anchors: could not find anchor item=Line (location: (source ID: 82, lines: 249..250, bytes: 10655..10666), hits: 0) err=Could not find anchor: No matching instruction in range source ID: 82, lines: 249..250, bytes: 10655..10666
2026-09-08T15:33:41.432944Z  WARN foundry_evm_coverage::anchors: could not find anchor item=Line (location: (source ID: 81, lines: 67..68, bytes: 3330..3368), hits: 0) err=Could not find anchor: No matching instruction in range source ID: 81, lines: 67..68, bytes: 3330..3368
2026-09-08T15:33:41.432949Z  WARN foundry_evm_coverage::anchors: could not find anchor item=Statement (location: (source ID: 82, lines: 249..250, bytes: 10655..10666), hits: 0) err=Could not find anchor: No matching instruction in range source ID: 82, lines: 249..250, bytes: 10655..10666
2026-09-08T15:33:41.432956Z  WARN foundry_evm_coverage::anchors: could not find anchor item=Statement (location: (source ID: 82, lines: 249..250, bytes: 10668..10687), hits: 0) err=Could not find anchor: No matching instruction in range source ID: 82, lines: 249..250, bytes: 10668..10687
2026-09-08T15:33:41.432956Z  WARN foundry_evm_coverage::anchors: could not find anchor item=Statement (location: (source ID: 81, lines: 67..68, bytes: 3330..3368), hits: 0) err=Could not find anchor: No matching instruction in range source ID: 81, lines: 67..68, bytes: 3330..3368
2026-09-08T15:33:41.432958Z  WARN foundry_evm_coverage::anchors: could not find anchor item=Branch (branch: 22, path: 0) (location: (source ID: 82, lines: 249..250, bytes: 10668..10687), hits: 0) err=Could not find anchor: No matching instruction in range source ID: 82, lines: 249..250, bytes: 10668..10687
2026-09-08T15:33:41.432964Z  WARN foundry_evm_coverage::anchors: could not find anchor item=Line (location: (source ID: 82, lines: 250..251, bytes: 10725..10733), hits: 0) err=Could not find anchor: No matching instruction in range source ID: 82, lines: 250..251, bytes: 10725..10733
2026-09-08T15:33:41.432966Z  WARN foundry_evm_coverage::anchors: could not find anchor item=Statement (location: (source ID: 82, lines: 250..251, bytes: 10725..10733), hits: 0) err=Could not find anchor: No matching instruction in range source ID: 82, lines: 250..251, bytes: 10725..10733
2026-09-08T15:33:41.432968Z  WARN foundry_evm_coverage::anchors: could not find anchor item=Branch (branch: 23, path: 0) (location: (source ID: 82, lines: 250..251, bytes: 10725..10733), hits: 0) err=Could not find anchor: No matching instruction in range source ID: 82, lines: 250..251, bytes: 10725..10733
2026-09-08T15:33:41.432970Z  WARN foundry_evm_coverage::anchors: could not find anchor item=Line (location: (source ID: 82, lines: 251..252, bytes: 10747..10772), hits: 0) err=Could not find anchor: No matching instruction in range source ID: 82, lines: 251..252, bytes: 10747..10772
2026-09-08T15:33:41.432972Z  WARN foundry_evm_coverage::anchors: could not find anchor item=Statement (location: (source ID: 82, lines: 251..252, bytes: 10747..10772), hits: 0) err=Could not find anchor: No matching instruction in range source ID: 82, lines: 251..252, bytes: 10747..10772
2026-09-08T15:33:41.432974Z  WARN foundry_evm_coverage::anchors: could not find anchor item=Line (location: (source ID: 82, lines: 252..253, bytes: 10786..10843), hits: 0) err=Could not find anchor: No matching instruction in range source ID: 82, lines: 252..253, bytes: 10786..10843
2026-09-08T15:33:41.432976Z  WARN foundry_evm_coverage::anchors: could not find anchor item=Statement (location: (source ID: 82, lines: 252..253, bytes: 10786..10843), hits: 0) err=Could not find anchor: No matching instruction in range source ID: 82, lines: 252..253, bytes: 10786..10843
2026-09-08T15:33:41.432978Z  WARN foundry_evm_coverage::anchors: could not find anchor item=Statement (location: (source ID: 82, lines: 252..253, bytes: 10803..10843), hits: 0) err=Could not find anchor: No matching instruction in range source ID: 82, lines: 252..253, bytes: 10803..10843
2026-09-08T15:33:41.432980Z  WARN foundry_evm_coverage::anchors: could not find anchor item=Statement (location: (source ID: 82, lines: 252..253, bytes: 10825..10843), hits: 0) err=Could not find anchor: No matching instruction in range source ID: 82, lines: 252..253, bytes: 10825..10843
2026-09-08T15:33:41.432982Z  WARN foundry_evm_coverage::anchors: could not find anchor item=Line (location: (source ID: 82, lines: 253..254, bytes: 10857..10875), hits: 0) err=Could not find anchor: No matching instruction in range source ID: 82, lines: 253..254, bytes: 10857..10875
2026-09-08T15:33:41.432985Z  WARN foundry_evm_coverage::anchors: could not find anchor item=Statement (location: (source ID: 82, lines: 253..254, bytes: 10857..10875), hits: 0) err=Could not find anchor: No matching instruction in range source ID: 82, lines: 253..254, bytes: 10857..10875
2026-09-08T15:33:41.432987Z  WARN foundry_evm_coverage::anchors: could not find anchor item=Line (location: (source ID: 82, lines: 254..255, bytes: 10889..10919), hits: 0) err=Could not find anchor: No matching instruction in range source ID: 82, lines: 254..255, bytes: 10889..10919
2026-09-08T15:33:41.432989Z  WARN foundry_evm_coverage::anchors: could not find anchor item=Statement (location: (source ID: 82, lines: 254..255, bytes: 10889..10919), hits: 0) err=Could not find anchor: No matching instruction in range source ID: 82, lines: 254..255, bytes: 10889..10919
2026-09-08T15:33:41.432991Z  WARN foundry_evm_coverage::anchors: could not find anchor item=Line (location: (source ID: 82, lines: 255..256, bytes: 10933..10976), hits: 0) err=Could not find anchor: No matching instruction in range source ID: 82, lines: 255..256, bytes: 10933..10976
2026-09-08T15:33:41.432993Z  WARN foundry_evm_coverage::anchors: could not find anchor item=Statement (location: (source ID: 82, lines: 255..256, bytes: 10933..10976), hits: 0) err=Could not find anchor: No matching instruction in range source ID: 82, lines: 255..256, bytes: 10933..10976
2026-09-08T15:33:41.432995Z  WARN foundry_evm_coverage::anchors: could not find anchor item=Line (location: (source ID: 82, lines: 257..258, bytes: 10996..11014), hits: 0) err=Could not find anchor: No matching instruction in range source ID: 82, lines: 257..258, bytes: 10996..11014
2026-09-08T15:33:41.432997Z  WARN foundry_evm_coverage::anchors: could not find anchor item=Statement (location: (source ID: 82, lines: 257..258, bytes: 10996..11014), hits: 0) err=Could not find anchor: No matching instruction in range source ID: 82, lines: 257..258, bytes: 10996..11014
2026-09-08T15:33:41.432999Z  WARN foundry_evm_coverage::anchors: could not find anchor item=Line (location: (source ID: 82, lines: 258..259, bytes: 11024..11048), hits: 0) err=Could not find anchor: No matching instruction in range source ID: 82, lines: 258..259, bytes: 11024..11048
2026-09-08T15:33:41.433001Z  WARN foundry_evm_coverage::anchors: could not find anchor item=Statement (location: (source ID: 82, lines: 258..259, bytes: 11024..11048), hits: 0) err=Could not find anchor: No matching instruction in range source ID: 82, lines: 258..259, bytes: 11024..11048
2026-09-08T15:33:41.433003Z  WARN foundry_evm_coverage::anchors: could not find anchor item=Line (location: (source ID: 82, lines: 263..279, bytes: 11268..12037), hits: 0) err=Could not find anchor: No matching instruction in range source ID: 82, lines: 263..279, bytes: 11268..12037
2026-09-08T15:33:41.433005Z  WARN foundry_evm_coverage::anchors: could not find anchor item=Function "claimTokens" (location: (source ID: 82, lines: 263..279, bytes: 11268..12037), hits: 0) err=Could not find anchor: No matching instruction in range source ID: 82, lines: 263..279, bytes: 11268..12037
2026-09-08T15:33:41.433007Z  WARN foundry_evm_coverage::anchors: could not find anchor item=Line (location: (source ID: 82, lines: 264..265, bytes: 11364..11396), hits: 0) err=Could not find anchor: No matching instruction in range source ID: 82, lines: 264..265, bytes: 11364..11396
2026-09-08T15:33:41.433009Z  WARN foundry_evm_coverage::anchors: could not find anchor item=Statement (location: (source ID: 82, lines: 264..265, bytes: 11364..11396), hits: 0) err=Could not find anchor: No matching instruction in range source ID: 82, lines: 264..265, bytes: 11364..11396
2026-09-08T15:33:41.433011Z  WARN foundry_evm_coverage::anchors: could not find anchor item=Line (location: (source ID: 82, lines: 265..266, bytes: 11410..11433), hits: 0) err=Could not find anchor: No matching instruction in range source ID: 82, lines: 265..266, bytes: 11410..11433
2026-09-08T15:33:41.433013Z  WARN foundry_evm_coverage::anchors: could not find anchor item=Statement (location: (source ID: 82, lines: 265..266, bytes: 11410..11433), hits: 0) err=Could not find anchor: No matching instruction in range source ID: 82, lines: 265..266, bytes: 11410..11433
2026-09-08T15:33:41.433015Z  WARN foundry_evm_coverage::anchors: could not find anchor item=Statement (location: (source ID: 82, lines: 265..266, bytes: 11435..11460), hits: 0) err=Could not find anchor: No matching instruction in range source ID: 82, lines: 265..266, bytes: 11435..11460
2026-09-08T15:33:41.433017Z  WARN foundry_evm_coverage::anchors: could not find anchor item=Branch (branch: 24, path: 0) (location: (source ID: 82, lines: 265..266, bytes: 11435..11460), hits: 0) err=Could not find anchor: No matching instruction in range source ID: 82, lines: 265..266, bytes: 11435..11460
2026-09-08T15:33:41.433019Z  WARN foundry_evm_coverage::anchors: could not find anchor item=Line (location: (source ID: 82, lines: 266..267, bytes: 11470..11523), hits: 0) err=Could not find anchor: No matching instruction in range source ID: 82, lines: 266..267, bytes: 11470..11523
2026-09-08T15:33:41.433021Z  WARN foundry_evm_coverage::anchors: could not find anchor item=Statement (location: (source ID: 82, lines: 266..267, bytes: 11470..11523), hits: 0) err=Could not find anchor: No matching instruction in range source ID: 82, lines: 266..267, bytes: 11470..11523
2026-09-08T15:33:41.433023Z  WARN foundry_evm_coverage::anchors: could not find anchor item=Statement (location: (source ID: 82, lines: 266..267, bytes: 11498..11523), hits: 0) err=Could not find anchor: No matching instruction in range source ID: 82, lines: 266..267, bytes: 11498..11523
2026-09-08T15:33:41.433025Z  WARN foundry_evm_coverage::anchors: could not find anchor item=Line (location: (source ID: 82, lines: 267..268, bytes: 11538..11547), hits: 0) err=Could not find anchor: No matching instruction in range source ID: 82, lines: 267..268, bytes: 11538..11547
2026-09-08T15:33:41.433028Z  WARN foundry_evm_coverage::anchors: could not find anchor item=Statement (location: (source ID: 82, lines: 267..268, bytes: 11538..11547), hits: 0) err=Could not find anchor: No matching instruction in range source ID: 82, lines: 267..268, bytes: 11538..11547
2026-09-08T15:33:41.433030Z  WARN foundry_evm_coverage::anchors: could not find anchor item=Statement (location: (source ID: 82, lines: 267..268, bytes: 11549..11563), hits: 0) err=Could not find anchor: No matching instruction in range source ID: 82, lines: 267..268, bytes: 11549..11563
2026-09-08T15:33:41.433032Z  WARN foundry_evm_coverage::anchors: could not find anchor item=Statement (location: (source ID: 82, lines: 267..268, bytes: 11565..11568), hits: 0) err=Could not find anchor: No matching instruction in range source ID: 82, lines: 267..268, bytes: 11565..11568
2026-09-08T15:33:41.433035Z  WARN foundry_evm_coverage::anchors: could not find anchor item=Line (location: (source ID: 82, lines: 268..269, bytes: 11584..11614), hits: 0) err=Could not find anchor: No matching instruction in range source ID: 82, lines: 268..269, bytes: 11584..11614
2026-09-08T15:33:41.433037Z  WARN foundry_evm_coverage::anchors: could not find anchor item=Statement (location: (source ID: 82, lines: 268..269, bytes: 11584..11614), hits: 0) err=Could not find anchor: No matching instruction in range source ID: 82, lines: 268..269, bytes: 11584..11614
2026-09-08T15:33:41.433039Z  WARN foundry_evm_coverage::anchors: could not find anchor item=Line (location: (source ID: 82, lines: 269..270, bytes: 11632..11643), hits: 0) err=Could not find anchor: No matching instruction in range source ID: 82, lines: 269..270, bytes: 11632..11643
2026-09-08T15:33:41.433041Z  WARN foundry_evm_coverage::anchors: could not find anchor item=Statement (location: (source ID: 82, lines: 269..270, bytes: 11632..11643), hits: 0) err=Could not find anchor: No matching instruction in range source ID: 82, lines: 269..270, bytes: 11632..11643
2026-09-08T15:33:41.433043Z  WARN foundry_evm_coverage::anchors: could not find anchor item=Statement (location: (source ID: 82, lines: 269..270, bytes: 11645..11664), hits: 0) err=Could not find anchor: No matching instruction in range source ID: 82, lines: 269..270, bytes: 11645..11664
2026-09-08T15:33:41.433045Z  WARN foundry_evm_coverage::anchors: could not find anchor item=Branch (branch: 25, path: 0) (location: (source ID: 82, lines: 269..270, bytes: 11645..11664), hits: 0) err=Could not find anchor: No matching instruction in range source ID: 82, lines: 269..270, bytes: 11645..11664
2026-09-08T15:33:41.433047Z  WARN foundry_evm_coverage::anchors: could not find anchor item=Line (location: (source ID: 82, lines: 270..271, bytes: 11700..11723), hits: 0) err=Could not find anchor: No matching instruction in range source ID: 82, lines: 270..271, bytes: 11700..11723
2026-09-08T15:33:41.433049Z  WARN foundry_evm_coverage::anchors: could not find anchor item=Statement (location: (source ID: 82, lines: 270..271, bytes: 11700..11723), hits: 0) err=Could not find anchor: No matching instruction in range source ID: 82, lines: 270..271, bytes: 11700..11723
2026-09-08T15:33:41.433051Z  WARN foundry_evm_coverage::anchors: could not find anchor item=Branch (branch: 26, path: 0) (location: (source ID: 82, lines: 270..271, bytes: 11700..11723), hits: 0) err=Could not find anchor: No matching instruction in range source ID: 82, lines: 270..271, bytes: 11700..11723
2026-09-08T15:33:41.433053Z  WARN foundry_evm_coverage::anchors: could not find anchor item=Line (location: (source ID: 82, lines: 271..272, bytes: 11741..11765), hits: 0) err=Could not find anchor: No matching instruction in range source ID: 82, lines: 271..272, bytes: 11741..11765
2026-09-08T15:33:41.433055Z  WARN foundry_evm_coverage::anchors: could not find anchor item=Statement (location: (source ID: 82, lines: 271..272, bytes: 11741..11765), hits: 0) err=Could not find anchor: No matching instruction in range source ID: 82, lines: 271..272, bytes: 11741..11765
2026-09-08T15:33:41.433057Z  WARN foundry_evm_coverage::anchors: could not find anchor item=Statement (location: (source ID: 82, lines: 271..272, bytes: 11767..11788), hits: 0) err=Could not find anchor: No matching instruction in range source ID: 82, lines: 271..272, bytes: 11767..11788
2026-09-08T15:33:41.433059Z  WARN foundry_evm_coverage::anchors: could not find anchor item=Branch (branch: 27, path: 0) (location: (source ID: 82, lines: 271..272, bytes: 11767..11788), hits: 0) err=Could not find anchor: No matching instruction in range source ID: 82, lines: 271..272, bytes: 11767..11788
2026-09-08T15:33:41.433061Z  WARN foundry_evm_coverage::anchors: could not find anchor item=Line (location: (source ID: 82, lines: 272..273, bytes: 11802..11825), hits: 0) err=Could not find anchor: No matching instruction in range source ID: 82, lines: 272..273, bytes: 11802..11825
2026-09-08T15:33:41.433063Z  WARN foundry_evm_coverage::anchors: could not find anchor item=Statement (location: (source ID: 82, lines: 272..273, bytes: 11802..11825), hits: 0) err=Could not find anchor: No matching instruction in range source ID: 82, lines: 272..273, bytes: 11802..11825
2026-09-08T15:33:41.433065Z  WARN foundry_evm_coverage::anchors: could not find anchor item=Line (location: (source ID: 82, lines: 273..274, bytes: 11839..11864), hits: 0) err=Could not find anchor: No matching instruction in range source ID: 82, lines: 273..274, bytes: 11839..11864
2026-09-08T15:33:41.433067Z  WARN foundry_evm_coverage::anchors: could not find anchor item=Statement (location: (source ID: 82, lines: 273..274, bytes: 11839..11864), hits: 0) err=Could not find anchor: No matching instruction in range source ID: 82, lines: 273..274, bytes: 11839..11864
2026-09-08T15:33:41.433069Z  WARN foundry_evm_coverage::anchors: could not find anchor item=Line (location: (source ID: 82, lines: 274..275, bytes: 11878..11940), hits: 0) err=Could not find anchor: No matching instruction in range source ID: 82, lines: 274..275, bytes: 11878..11940
2026-09-08T15:33:41.433071Z  WARN foundry_evm_coverage::anchors: could not find anchor item=Statement (location: (source ID: 82, lines: 274..275, bytes: 11878..11940), hits: 0) err=Could not find anchor: No matching instruction in range source ID: 82, lines: 274..275, bytes: 11878..11940
2026-09-08T15:33:41.433073Z  WARN foundry_evm_coverage::anchors: could not find anchor item=Line (location: (source ID: 82, lines: 276..277, bytes: 11960..11987), hits: 0) err=Could not find anchor: No matching instruction in range source ID: 82, lines: 276..277, bytes: 11960..11987
2026-09-08T15:33:41.433075Z  WARN foundry_evm_coverage::anchors: could not find anchor item=Statement (location: (source ID: 82, lines: 276..277, bytes: 11960..11987), hits: 0) err=Could not find anchor: No matching instruction in range source ID: 82, lines: 276..277, bytes: 11960..11987
2026-09-08T15:33:41.433078Z  WARN foundry_evm_coverage::anchors: could not find anchor item=Line (location: (source ID: 82, lines: 277..278, bytes: 11997..12030), hits: 0) err=Could not find anchor: No matching instruction in range source ID: 82, lines: 277..278, bytes: 11997..12030
2026-09-08T15:33:41.433080Z  WARN foundry_evm_coverage::anchors: could not find anchor item=Statement (location: (source ID: 82, lines: 277..278, bytes: 11997..12030), hits: 0) err=Could not find anchor: No matching instruction in range source ID: 82, lines: 277..278, bytes: 11997..12030
2026-09-08T15:33:41.433082Z  WARN foundry_evm_coverage::anchors: could not find anchor item=Line (location: (source ID: 82, lines: 280..294, bytes: 12043..12744), hits: 0) err=Could not find anchor: No matching instruction in range source ID: 82, lines: 280..294, bytes: 12043..12744
2026-09-08T15:33:41.433084Z  WARN foundry_evm_coverage::anchors: could not find anchor item=Function "claimUnsold" (location: (source ID: 82, lines: 280..294, bytes: 12043..12744), hits: 0) err=Could not find anchor: No matching instruction in range source ID: 82, lines: 280..294, bytes: 12043..12744
2026-09-08T15:33:41.433086Z  WARN foundry_evm_coverage::anchors: could not find anchor item=Line (location: (source ID: 82, lines: 281..282, bytes: 12137..12145), hits: 0) err=Could not find anchor: No matching instruction in range source ID: 82, lines: 281..282, bytes: 12137..12145
2026-09-08T15:33:41.433088Z  WARN foundry_evm_coverage::anchors: could not find anchor item=Statement (location: (source ID: 82, lines: 281..282, bytes: 12137..12145), hits: 0) err=Could not find anchor: No matching instruction in range source ID: 82, lines: 281..282, bytes: 12137..12145
2026-09-08T15:33:41.433090Z  WARN foundry_evm_coverage::anchors: could not find anchor item=Statement (location: (source ID: 82, lines: 281..282, bytes: 12147..12166), hits: 0) err=Could not find anchor: No matching instruction in range source ID: 82, lines: 281..282, bytes: 12147..12166
2026-09-08T15:33:41.433092Z  WARN foundry_evm_coverage::anchors: could not find anchor item=Branch (branch: 28, path: 0) (location: (source ID: 82, lines: 281..282, bytes: 12147..12166), hits: 0) err=Could not find anchor: No matching instruction in range source ID: 82, lines: 281..282, bytes: 12147..12166
2026-09-08T15:33:41.433094Z  WARN foundry_evm_coverage::anchors: could not find anchor item=Line (location: (source ID: 82, lines: 282..283, bytes: 12180..12206), hits: 0) err=Could not find anchor: No matching instruction in range source ID: 82, lines: 282..283, bytes: 12180..12206
2026-09-08T15:33:41.433096Z  WARN foundry_evm_coverage::anchors: could not find anchor item=Statement (location: (source ID: 82, lines: 282..283, bytes: 12180..12206), hits: 0) err=Could not find anchor: No matching instruction in range source ID: 82, lines: 282..283, bytes: 12180..12206
2026-09-08T15:33:41.433098Z  WARN foundry_evm_coverage::anchors: could not find anchor item=Statement (location: (source ID: 82, lines: 282..283, bytes: 12208..12229), hits: 0) err=Could not find anchor: No matching instruction in range source ID: 82, lines: 282..283, bytes: 12208..12229
2026-09-08T15:33:41.433100Z  WARN foundry_evm_coverage::anchors: could not find anchor item=Branch (branch: 29, path: 0) (location: (source ID: 82, lines: 282..283, bytes: 12208..12229), hits: 0) err=Could not find anchor: No matching instruction in range source ID: 82, lines: 282..283, bytes: 12208..12229
2026-09-08T15:33:41.433102Z  WARN foundry_evm_coverage::anchors: could not find anchor item=Line (location: (source ID: 82, lines: 283..284, bytes: 12243..12266), hits: 0) err=Could not find anchor: No matching instruction in range source ID: 82, lines: 283..284, bytes: 12243..12266
2026-09-08T15:33:41.433104Z  WARN foundry_evm_coverage::anchors: could not find anchor item=Statement (location: (source ID: 82, lines: 283..284, bytes: 12243..12266), hits: 0) err=Could not find anchor: No matching instruction in range source ID: 82, lines: 283..284, bytes: 12243..12266
2026-09-08T15:33:41.433106Z  WARN foundry_evm_coverage::anchors: could not find anchor item=Statement (location: (source ID: 82, lines: 283..284, bytes: 12268..12293), hits: 0) err=Could not find anchor: No matching instruction in range source ID: 82, lines: 283..284, bytes: 12268..12293
2026-09-08T15:33:41.433108Z  WARN foundry_evm_coverage::anchors: could not find anchor item=Branch (branch: 30, path: 0) (location: (source ID: 82, lines: 283..284, bytes: 12268..12293), hits: 0) err=Could not find anchor: No matching instruction in range source ID: 82, lines: 283..284, bytes: 12268..12293
2026-09-08T15:33:41.433110Z  WARN foundry_evm_coverage::anchors: could not find anchor item=Line (location: (source ID: 82, lines: 284..285, bytes: 12307..12320), hits: 0) err=Could not find anchor: No matching instruction in range source ID: 82, lines: 284..285, bytes: 12307..12320
2026-09-08T15:33:41.433112Z  WARN foundry_evm_coverage::anchors: could not find anchor item=Statement (location: (source ID: 82, lines: 284..285, bytes: 12307..12320), hits: 0) err=Could not find anchor: No matching instruction in range source ID: 82, lines: 284..285, bytes: 12307..12320
2026-09-08T15:33:41.433114Z  WARN foundry_evm_coverage::anchors: could not find anchor item=Statement (location: (source ID: 82, lines: 284..285, bytes: 12307..12350), hits: 0) err=Could not find anchor: No matching instruction in range source ID: 82, lines: 284..285, bytes: 12307..12350
2026-09-08T15:33:41.433116Z  WARN foundry_evm_coverage::anchors: could not find anchor item=Statement (location: (source ID: 82, lines: 284..285, bytes: 12324..12350), hits: 0) err=Could not find anchor: No matching instruction in range source ID: 82, lines: 284..285, bytes: 12324..12350
2026-09-08T15:33:41.433118Z  WARN foundry_evm_coverage::anchors: could not find anchor item=Statement (location: (source ID: 82, lines: 284..285, bytes: 12352..12373), hits: 0) err=Could not find anchor: No matching instruction in range source ID: 82, lines: 284..285, bytes: 12352..12373
2026-09-08T15:33:41.433120Z  WARN foundry_evm_coverage::anchors: could not find anchor item=Branch (branch: 31, path: 0) (location: (source ID: 82, lines: 284..285, bytes: 12352..12373), hits: 0) err=Could not find anchor: No matching instruction in range source ID: 82, lines: 284..285, bytes: 12352..12373
2026-09-08T15:33:41.433122Z  WARN foundry_evm_coverage::anchors: could not find anchor item=Line (location: (source ID: 82, lines: 285..286, bytes: 12383..12434), hits: 0) err=Could not find anchor: No matching instruction in range source ID: 82, lines: 285..286, bytes: 12383..12434
2026-09-08T15:33:41.433125Z  WARN foundry_evm_coverage::anchors: could not find anchor item=Statement (location: (source ID: 82, lines: 285..286, bytes: 12383..12434), hits: 0) err=Could not find anchor: No matching instruction in range source ID: 82, lines: 285..286, bytes: 12383..12434
2026-09-08T15:33:41.433127Z  WARN foundry_evm_coverage::anchors: could not find anchor item=Statement (location: (source ID: 82, lines: 285..286, bytes: 12406..12434), hits: 0) err=Could not find anchor: No matching instruction in range source ID: 82, lines: 285..286, bytes: 12406..12434
2026-09-08T15:33:41.433129Z  WARN foundry_evm_coverage::anchors: could not find anchor item=Statement (location: (source ID: 82, lines: 285..286, bytes: 12415..12434), hits: 0) err=Could not find anchor: No matching instruction in range source ID: 82, lines: 285..286, bytes: 12415..12434
2026-09-08T15:33:41.433131Z  WARN foundry_evm_coverage::anchors: could not find anchor item=Line (location: (source ID: 82, lines: 286..287, bytes: 12444..12495), hits: 0) err=Could not find anchor: No matching instruction in range source ID: 82, lines: 286..287, bytes: 12444..12495
2026-09-08T15:33:41.433133Z  WARN foundry_evm_coverage::anchors: could not find anchor item=Statement (location: (source ID: 82, lines: 286..287, bytes: 12444..12495), hits: 0) err=Could not find anchor: No matching instruction in range source ID: 82, lines: 286..287, bytes: 12444..12495
2026-09-08T15:33:41.433135Z  WARN foundry_evm_coverage::anchors: could not find anchor item=Statement (location: (source ID: 82, lines: 286..287, bytes: 12472..12495), hits: 0) err=Could not find anchor: No matching instruction in range source ID: 82, lines: 286..287, bytes: 12472..12495
2026-09-08T15:33:41.433137Z  WARN foundry_evm_coverage::anchors: could not find anchor item=Line (location: (source ID: 82, lines: 287..288, bytes: 12510..12519), hits: 0) err=Could not find anchor: No matching instruction in range source ID: 82, lines: 287..288, bytes: 12510..12519
2026-09-08T15:33:41.433139Z  WARN foundry_evm_coverage::anchors: could not find anchor item=Statement (location: (source ID: 82, lines: 287..288, bytes: 12510..12519), hits: 0) err=Could not find anchor: No matching instruction in range source ID: 82, lines: 287..288, bytes: 12510..12519
2026-09-08T15:33:41.433141Z  WARN foundry_evm_coverage::anchors: could not find anchor item=Statement (location: (source ID: 82, lines: 287..288, bytes: 12521..12533), hits: 0) err=Could not find anchor: No matching instruction in range source ID: 82, lines: 287..288, bytes: 12521..12533
2026-09-08T15:33:41.433143Z  WARN foundry_evm_coverage::anchors: could not find anchor item=Statement (location: (source ID: 82, lines: 287..288, bytes: 12535..12538), hits: 0) err=Could not find anchor: No matching instruction in range source ID: 82, lines: 287..288, bytes: 12535..12538
2026-09-08T15:33:41.433145Z  WARN foundry_evm_coverage::anchors: could not find anchor item=Line (location: (source ID: 82, lines: 288..289, bytes: 12554..12584), hits: 0) err=Could not find anchor: No matching instruction in range source ID: 82, lines: 288..289, bytes: 12554..12584
2026-09-08T15:33:41.433147Z  WARN foundry_evm_coverage::anchors: could not find anchor item=Statement (location: (source ID: 82, lines: 288..289, bytes: 12554..12584), hits: 0) err=Could not find anchor: No matching instruction in range source ID: 82, lines: 288..289, bytes: 12554..12584
2026-09-08T15:33:41.433150Z  WARN foundry_evm_coverage::anchors: could not find anchor item=Line (location: (source ID: 82, lines: 290..291, bytes: 12604..12631), hits: 0) err=Could not find anchor: No matching instruction in range source ID: 82, lines: 290..291, bytes: 12604..12631
2026-09-08T15:33:41.433152Z  WARN foundry_evm_coverage::anchors: could not find anchor item=Statement (location: (source ID: 82, lines: 290..291, bytes: 12604..12631), hits: 0) err=Could not find anchor: No matching instruction in range source ID: 82, lines: 290..291, bytes: 12604..12631
2026-09-08T15:33:41.433154Z  WARN foundry_evm_coverage::anchors: could not find anchor item=Line (location: (source ID: 82, lines: 291..292, bytes: 12641..12674), hits: 0) err=Could not find anchor: No matching instruction in range source ID: 82, lines: 291..292, bytes: 12641..12674
2026-09-08T15:33:41.433157Z  WARN foundry_evm_coverage::anchors: could not find anchor item=Statement (location: (source ID: 82, lines: 291..292, bytes: 12641..12674), hits: 0) err=Could not find anchor: No matching instruction in range source ID: 82, lines: 291..292, bytes: 12641..12674
2026-09-08T15:33:41.433159Z  WARN foundry_evm_coverage::anchors: could not find anchor item=Line (location: (source ID: 82, lines: 292..293, bytes: 12684..12737), hits: 0) err=Could not find anchor: No matching instruction in range source ID: 82, lines: 292..293, bytes: 12684..12737
2026-09-08T15:33:41.433161Z  WARN foundry_evm_coverage::anchors: could not find anchor item=Statement (location: (source ID: 82, lines: 292..293, bytes: 12684..12737), hits: 0) err=Could not find anchor: No matching instruction in range source ID: 82, lines: 292..293, bytes: 12684..12737
2026-09-08T15:33:41.433163Z  WARN foundry_evm_coverage::anchors: could not find anchor item=Line (location: (source ID: 82, lines: 296..309, bytes: 12856..13542), hits: 0) err=Could not find anchor: No matching instruction in range source ID: 82, lines: 296..309, bytes: 12856..13542
2026-09-08T15:33:41.433165Z  WARN foundry_evm_coverage::anchors: could not find anchor item=Function "claimReserved" (location: (source ID: 82, lines: 296..309, bytes: 12856..13542), hits: 0) err=Could not find anchor: No matching instruction in range source ID: 82, lines: 296..309, bytes: 12856..13542
2026-09-08T15:33:41.433167Z  WARN foundry_evm_coverage::anchors: could not find anchor item=Line (location: (source ID: 82, lines: 297..298, bytes: 12952..12978), hits: 0) err=Could not find anchor: No matching instruction in range source ID: 82, lines: 297..298, bytes: 12952..12978
2026-09-08T15:33:41.433169Z  WARN foundry_evm_coverage::anchors: could not find anchor item=Statement (location: (source ID: 82, lines: 297..298, bytes: 12952..12978), hits: 0) err=Could not find anchor: No matching instruction in range source ID: 82, lines: 297..298, bytes: 12952..12978
2026-09-08T15:33:41.433171Z  WARN foundry_evm_coverage::anchors: could not find anchor item=Statement (location: (source ID: 82, lines: 297..298, bytes: 12980..13001), hits: 0) err=Could not find anchor: No matching instruction in range source ID: 82, lines: 297..298, bytes: 12980..13001
2026-09-08T15:33:41.433173Z  WARN foundry_evm_coverage::anchors: could not find anchor item=Branch (branch: 32, path: 0) (location: (source ID: 82, lines: 297..298, bytes: 12980..13001), hits: 0) err=Could not find anchor: No matching instruction in range source ID: 82, lines: 297..298, bytes: 12980..13001
2026-09-08T15:33:41.433176Z  WARN foundry_evm_coverage::anchors: could not find anchor item=Line (location: (source ID: 82, lines: 298..299, bytes: 13015..13038), hits: 0) err=Could not find anchor: No matching instruction in range source ID: 82, lines: 298..299, bytes: 13015..13038
2026-09-08T15:33:41.433173Z  WARN foundry_evm_coverage::anchors: could not find anchor item=Statement (location: (source ID: 81, lines: 155..156, bytes: 7766..7816), hits: 0) err=Could not find anchor: No matching instruction in range source ID: 81, lines: 155..156, bytes: 7766..7816
2026-09-08T15:33:41.433179Z  WARN foundry_evm_coverage::anchors: could not find anchor item=Statement (location: (source ID: 82, lines: 298..299, bytes: 13015..13038), hits: 0) err=Could not find anchor: No matching instruction in range source ID: 82, lines: 298..299, bytes: 13015..13038
2026-09-08T15:33:41.433186Z  WARN foundry_evm_coverage::anchors: could not find anchor item=Statement (location: (source ID: 82, lines: 298..299, bytes: 13040..13065), hits: 0) err=Could not find anchor: No matching instruction in range source ID: 82, lines: 298..299, bytes: 13040..13065
2026-09-08T15:33:41.433188Z  WARN foundry_evm_coverage::anchors: could not find anchor item=Branch (branch: 33, path: 0) (location: (source ID: 82, lines: 298..299, bytes: 13040..13065), hits: 0) err=Could not find anchor: No matching instruction in range source ID: 82, lines: 298..299, bytes: 13040..13065
2026-09-08T15:33:41.433190Z  WARN foundry_evm_coverage::anchors: could not find anchor item=Line (location: (source ID: 82, lines: 299..300, bytes: 13079..13092), hits: 0) err=Could not find anchor: No matching instruction in range source ID: 82, lines: 299..300, bytes: 13079..13092
2026-09-08T15:33:41.433192Z  WARN foundry_evm_coverage::anchors: could not find anchor item=Statement (location: (source ID: 82, lines: 299..300, bytes: 13079..13092), hits: 0) err=Could not find anchor: No matching instruction in range source ID: 82, lines: 299..300, bytes: 13079..13092
2026-09-08T15:33:41.433194Z  WARN foundry_evm_coverage::anchors: could not find anchor item=Statement (location: (source ID: 82, lines: 299..300, bytes: 13079..13124), hits: 0) err=Could not find anchor: No matching instruction in range source ID: 82, lines: 299..300, bytes: 13079..13124
2026-09-08T15:33:41.433196Z  WARN foundry_evm_coverage::anchors: could not find anchor item=Statement (location: (source ID: 82, lines: 299..300, bytes: 13096..13124), hits: 0) err=Could not find anchor: No matching instruction in range source ID: 82, lines: 299..300, bytes: 13096..13124
2026-09-08T15:33:41.433198Z  WARN foundry_evm_coverage::anchors: could not find anchor item=Statement (location: (source ID: 82, lines: 299..300, bytes: 13126..13147), hits: 0) err=Could not find anchor: No matching instruction in range source ID: 82, lines: 299..300, bytes: 13126..13147
2026-09-08T15:33:41.433200Z  WARN foundry_evm_coverage::anchors: could not find anchor item=Branch (branch: 34, path: 0) (location: (source ID: 82, lines: 299..300, bytes: 13126..13147), hits: 0) err=Could not find anchor: No matching instruction in range source ID: 82, lines: 299..300, bytes: 13126..13147
2026-09-08T15:33:41.433202Z  WARN foundry_evm_coverage::anchors: could not find anchor item=Line (location: (source ID: 82, lines: 300..301, bytes: 13157..13228), hits: 0) err=Could not find anchor: No matching instruction in range source ID: 82, lines: 300..301, bytes: 13157..13228
2026-09-08T15:33:41.433204Z  WARN foundry_evm_coverage::anchors: could not find anchor item=Statement (location: (source ID: 82, lines: 300..301, bytes: 13157..13228), hits: 0) err=Could not find anchor: No matching instruction in range source ID: 82, lines: 300..301, bytes: 13157..13228
2026-09-08T15:33:41.433206Z  WARN foundry_evm_coverage::anchors: could not find anchor item=Statement (location: (source ID: 82, lines: 300..301, bytes: 13180..13228), hits: 0) err=Could not find anchor: No matching instruction in range source ID: 82, lines: 300..301, bytes: 13180..13228
2026-09-08T15:33:41.433208Z  WARN foundry_evm_coverage::anchors: could not find anchor item=Statement (location: (source ID: 82, lines: 300..301, bytes: 13189..13228), hits: 0) err=Could not find anchor: No matching instruction in range source ID: 82, lines: 300..301, bytes: 13189..13228
2026-09-08T15:33:41.433210Z  WARN foundry_evm_coverage::anchors: could not find anchor item=Statement (location: (source ID: 82, lines: 300..301, bytes: 13207..13228), hits: 0) err=Could not find anchor: No matching instruction in range source ID: 82, lines: 300..301, bytes: 13207..13228
2026-09-08T15:33:41.433212Z  WARN foundry_evm_coverage::anchors: could not find anchor item=Line (location: (source ID: 82, lines: 301..302, bytes: 13238..13289), hits: 0) err=Could not find anchor: No matching instruction in range source ID: 82, lines: 301..302, bytes: 13238..13289
2026-09-08T15:33:41.433215Z  WARN foundry_evm_coverage::anchors: could not find anchor item=Statement (location: (source ID: 82, lines: 301..302, bytes: 13238..13289), hits: 0) err=Could not find anchor: No matching instruction in range source ID: 82, lines: 301..302, bytes: 13238..13289
2026-09-08T15:33:41.433217Z  WARN foundry_evm_coverage::anchors: could not find anchor item=Statement (location: (source ID: 82, lines: 301..302, bytes: 13266..13289), hits: 0) err=Could not find anchor: No matching instruction in range source ID: 82, lines: 301..302, bytes: 13266..13289
2026-09-08T15:33:41.433219Z  WARN foundry_evm_coverage::anchors: could not find anchor item=Line (location: (source ID: 82, lines: 302..303, bytes: 13304..13313), hits: 0) err=Could not find anchor: No matching instruction in range source ID: 82, lines: 302..303, bytes: 13304..13313
2026-09-08T15:33:41.433221Z  WARN foundry_evm_coverage::anchors: could not find anchor item=Statement (location: (source ID: 82, lines: 302..303, bytes: 13304..13313), hits: 0) err=Could not find anchor: No matching instruction in range source ID: 82, lines: 302..303, bytes: 13304..13313
2026-09-08T15:33:41.433223Z  WARN foundry_evm_coverage::anchors: could not find anchor item=Statement (location: (source ID: 82, lines: 302..303, bytes: 13315..13327), hits: 0) err=Could not find anchor: No matching instruction in range source ID: 82, lines: 302..303, bytes: 13315..13327
2026-09-08T15:33:41.433225Z  WARN foundry_evm_coverage::anchors: could not find anchor item=Statement (location: (source ID: 82, lines: 302..303, bytes: 13329..13332), hits: 0) err=Could not find anchor: No matching instruction in range source ID: 82, lines: 302..303, bytes: 13329..13332
2026-09-08T15:33:41.433227Z  WARN foundry_evm_coverage::anchors: could not find anchor item=Line (location: (source ID: 82, lines: 303..304, bytes: 13348..13378), hits: 0) err=Could not find anchor: No matching instruction in range source ID: 82, lines: 303..304, bytes: 13348..13378
2026-09-08T15:33:41.433229Z  WARN foundry_evm_coverage::anchors: could not find anchor item=Statement (location: (source ID: 82, lines: 303..304, bytes: 13348..13378), hits: 0) err=Could not find anchor: No matching instruction in range source ID: 82, lines: 303..304, bytes: 13348..13378
2026-09-08T15:33:41.433231Z  WARN foundry_evm_coverage::anchors: could not find anchor item=Line (location: (source ID: 82, lines: 305..306, bytes: 13398..13427), hits: 0) err=Could not find anchor: No matching instruction in range source ID: 82, lines: 305..306, bytes: 13398..13427
2026-09-08T15:33:41.433233Z  WARN foundry_evm_coverage::anchors: could not find anchor item=Statement (location: (source ID: 82, lines: 305..306, bytes: 13398..13427), hits: 0) err=Could not find anchor: No matching instruction in range source ID: 82, lines: 305..306, bytes: 13398..13427
2026-09-08T15:33:41.433235Z  WARN foundry_evm_coverage::anchors: could not find anchor item=Line (location: (source ID: 82, lines: 306..307, bytes: 13437..13470), hits: 0) err=Could not find anchor: No matching instruction in range source ID: 82, lines: 306..307, bytes: 13437..13470
2026-09-08T15:33:41.433237Z  WARN foundry_evm_coverage::anchors: could not find anchor item=Statement (location: (source ID: 82, lines: 306..307, bytes: 13437..13470), hits: 0) err=Could not find anchor: No matching instruction in range source ID: 82, lines: 306..307, bytes: 13437..13470
2026-09-08T15:33:41.433239Z  WARN foundry_evm_coverage::anchors: could not find anchor item=Line (location: (source ID: 82, lines: 307..308, bytes: 13480..13535), hits: 0) err=Could not find anchor: No matching instruction in range source ID: 82, lines: 307..308, bytes: 13480..13535
2026-09-08T15:33:41.433241Z  WARN foundry_evm_coverage::anchors: could not find anchor item=Statement (location: (source ID: 82, lines: 307..308, bytes: 13480..13535), hits: 0) err=Could not find anchor: No matching instruction in range source ID: 82, lines: 307..308, bytes: 13480..13535
2026-09-08T15:33:41.433243Z  WARN foundry_evm_coverage::anchors: could not find anchor item=Line (location: (source ID: 82, lines: 312..315, bytes: 13754..13887), hits: 0) err=Could not find anchor: No matching instruction in range source ID: 82, lines: 312..315, bytes: 13754..13887
2026-09-08T15:33:41.433245Z  WARN foundry_evm_coverage::anchors: could not find anchor item=Function "recoveryAvailableAt" (location: (source ID: 82, lines: 312..315, bytes: 13754..13887), hits: 0) err=Could not find anchor: No matching instruction in range source ID: 82, lines: 312..315, bytes: 13754..13887
2026-09-08T15:33:41.433247Z  WARN foundry_evm_coverage::anchors: could not find anchor item=Line (location: (source ID: 82, lines: 313..314, bytes: 13825..13880), hits: 0) err=Could not find anchor: No matching instruction in range source ID: 82, lines: 313..314, bytes: 13825..13880
2026-09-08T15:33:41.433249Z  WARN foundry_evm_coverage::anchors: could not find anchor item=Statement (location: (source ID: 82, lines: 313..314, bytes: 13825..13880), hits: 0) err=Could not find anchor: No matching instruction in range source ID: 82, lines: 313..314, bytes: 13825..13880
2026-09-08T15:33:41.433251Z  WARN foundry_evm_coverage::anchors: could not find anchor item=Statement (location: (source ID: 82, lines: 313..314, bytes: 13832..13880), hits: 0) err=Could not find anchor: No matching instruction in range source ID: 82, lines: 313..314, bytes: 13832..13880
2026-09-08T15:33:41.433253Z  WARN foundry_evm_coverage::anchors: could not find anchor item=Line (location: (source ID: 82, lines: 317..320, bytes: 13997..14122), hits: 0) err=Could not find anchor: No matching instruction in range source ID: 82, lines: 317..320, bytes: 13997..14122
2026-09-08T15:33:41.433255Z  WARN foundry_evm_coverage::anchors: could not find anchor item=Function "refunds" (location: (source ID: 82, lines: 317..320, bytes: 13997..14122), hits: 0) err=Could not find anchor: No matching instruction in range source ID: 82, lines: 317..320, bytes: 13997..14122
2026-09-08T15:33:41.433257Z  WARN foundry_evm_coverage::anchors: could not find anchor item=Line (location: (source ID: 82, lines: 318..319, bytes: 14072..14115), hits: 0) err=Could not find anchor: No matching instruction in range source ID: 82, lines: 318..319, bytes: 14072..14115
2026-09-08T15:33:41.433259Z  WARN foundry_evm_coverage::anchors: could not find anchor item=Statement (location: (source ID: 82, lines: 318..319, bytes: 14072..14115), hits: 0) err=Could not find anchor: No matching instruction in range source ID: 82, lines: 318..319, bytes: 14072..14115
2026-09-08T15:33:41.433261Z  WARN foundry_evm_coverage::anchors: could not find anchor item=Statement (location: (source ID: 82, lines: 318..319, bytes: 14079..14115), hits: 0) err=Could not find anchor: No matching instruction in range source ID: 82, lines: 318..319, bytes: 14079..14115
2026-09-08T15:33:41.433263Z  WARN foundry_evm_coverage::anchors: could not find anchor item=Line (location: (source ID: 82, lines: 321..329, bytes: 14128..14447), hits: 0) err=Could not find anchor: No matching instruction in range source ID: 82, lines: 321..329, bytes: 14128..14447
2026-09-08T15:33:41.433265Z  WARN foundry_evm_coverage::anchors: could not find anchor item=Function "withdrawRefund" (location: (source ID: 82, lines: 321..329, bytes: 14128..14447), hits: 0) err=Could not find anchor: No matching instruction in range source ID: 82, lines: 321..329, bytes: 14128..14447
2026-09-08T15:33:41.433267Z  WARN foundry_evm_coverage::anchors: could not find anchor item=Line (location: (source ID: 82, lines: 322..323, bytes: 14211..14232), hits: 0) err=Could not find anchor: No matching instruction in range source ID: 82, lines: 322..323, bytes: 14211..14232
2026-09-08T15:33:41.433269Z  WARN foundry_evm_coverage::anchors: could not find anchor item=Statement (location: (source ID: 82, lines: 322..323, bytes: 14211..14232), hits: 0) err=Could not find anchor: No matching instruction in range source ID: 82, lines: 322..323, bytes: 14211..14232
2026-09-08T15:33:41.433272Z  WARN foundry_evm_coverage::anchors: could not find anchor item=Line (location: (source ID: 82, lines: 323..324, bytes: 14242..14279), hits: 0) err=Could not find anchor: No matching instruction in range source ID: 82, lines: 323..324, bytes: 14242..14279
2026-09-08T15:33:41.433274Z  WARN foundry_evm_coverage::anchors: could not find anchor item=Statement (location: (source ID: 82, lines: 323..324, bytes: 14242..14279), hits: 0) err=Could not find anchor: No matching instruction in range source ID: 82, lines: 323..324, bytes: 14242..14279
2026-09-08T15:33:41.433276Z  WARN foundry_evm_coverage::anchors: could not find anchor item=Line (location: (source ID: 82, lines: 324..325, bytes: 14289..14313), hits: 0) err=Could not find anchor: No matching instruction in range source ID: 82, lines: 324..325, bytes: 14289..14313
2026-09-08T15:33:41.433278Z  WARN foundry_evm_coverage::anchors: could not find anchor item=Statement (location: (source ID: 82, lines: 324..325, bytes: 14289..14313), hits: 0) err=Could not find anchor: No matching instruction in range source ID: 82, lines: 324..325, bytes: 14289..14313
2026-09-08T15:33:41.433280Z  WARN foundry_evm_coverage::anchors: could not find anchor item=Line (location: (source ID: 82, lines: 325..326, bytes: 14323..14345), hits: 0) err=Could not find anchor: No matching instruction in range source ID: 82, lines: 325..326, bytes: 14323..14345
2026-09-08T15:33:41.433282Z  WARN foundry_evm_coverage::anchors: could not find anchor item=Statement (location: (source ID: 82, lines: 325..326, bytes: 14323..14345), hits: 0) err=Could not find anchor: No matching instruction in range source ID: 82, lines: 325..326, bytes: 14323..14345
2026-09-08T15:33:41.433284Z  WARN foundry_evm_coverage::anchors: could not find anchor item=Line (location: (source ID: 82, lines: 326..327, bytes: 14355..14379), hits: 0) err=Could not find anchor: No matching instruction in range source ID: 82, lines: 326..327, bytes: 14355..14379
2026-09-08T15:33:41.433286Z  WARN foundry_evm_coverage::anchors: could not find anchor item=Statement (location: (source ID: 82, lines: 326..327, bytes: 14355..14379), hits: 0) err=Could not find anchor: No matching instruction in range source ID: 82, lines: 326..327, bytes: 14355..14379
2026-09-08T15:33:41.433288Z  WARN foundry_evm_coverage::anchors: could not find anchor item=Line (location: (source ID: 82, lines: 327..328, bytes: 14389..14440), hits: 0) err=Could not find anchor: No matching instruction in range source ID: 82, lines: 327..328, bytes: 14389..14440
2026-09-08T15:33:41.433290Z  WARN foundry_evm_coverage::anchors: could not find anchor item=Statement (location: (source ID: 82, lines: 327..328, bytes: 14389..14440), hits: 0) err=Could not find anchor: No matching instruction in range source ID: 82, lines: 327..328, bytes: 14389..14440
2026-09-08T15:33:41.433292Z  WARN foundry_evm_coverage::anchors: could not find anchor item=Line (location: (source ID: 82, lines: 330..337, bytes: 14453..14754), hits: 0) err=Could not find anchor: No matching instruction in range source ID: 82, lines: 330..337, bytes: 14453..14754
2026-09-08T15:33:41.433294Z  WARN foundry_evm_coverage::anchors: could not find anchor item=Function "withdrawProceeds" (location: (source ID: 82, lines: 330..337, bytes: 14453..14754), hits: 0) err=Could not find anchor: No matching instruction in range source ID: 82, lines: 330..337, bytes: 14453..14754
2026-09-08T15:33:41.433297Z  WARN foundry_evm_coverage::anchors: could not find anchor item=Line (location: (source ID: 82, lines: 331..332, bytes: 14542..14568), hits: 0) err=Could not find anchor: No matching instruction in range source ID: 82, lines: 331..332, bytes: 14542..14568
2026-09-08T15:33:41.433299Z  WARN foundry_evm_coverage::anchors: could not find anchor item=Statement (location: (source ID: 82, lines: 331..332, bytes: 14542..14568), hits: 0) err=Could not find anchor: No matching instruction in range source ID: 82, lines: 331..332, bytes: 14542..14568
2026-09-08T15:33:41.433305Z  WARN foundry_evm_coverage::anchors: could not find anchor item=Statement (location: (source ID: 82, lines: 331..332, bytes: 14570..14591), hits: 0) err=Could not find anchor: No matching instruction in range source ID: 82, lines: 331..332, bytes: 14570..14591
2026-09-08T15:33:41.433308Z  WARN foundry_evm_coverage::anchors: could not find anchor item=Branch (branch: 35, path: 0) (location: (source ID: 82, lines: 331..332, bytes: 14570..14591), hits: 0) err=Could not find anchor: No matching instruction in range source ID: 82, lines: 331..332, bytes: 14570..14591
2026-09-08T15:33:41.433310Z  WARN foundry_evm_coverage::anchors: could not find anchor item=Line (location: (source ID: 82, lines: 332..333, bytes: 14601..14633), hits: 0) err=Could not find anchor: No matching instruction in range source ID: 82, lines: 332..333, bytes: 14601..14633
2026-09-08T15:33:41.433312Z  WARN foundry_evm_coverage::anchors: could not find anchor item=Statement (location: (source ID: 82, lines: 332..333, bytes: 14601..14633), hits: 0) err=Could not find anchor: No matching instruction in range source ID: 82, lines: 332..333, bytes: 14601..14633
2026-09-08T15:33:41.433314Z  WARN foundry_evm_coverage::anchors: could not find anchor item=Line (location: (source ID: 82, lines: 333..334, bytes: 14643..14662), hits: 0) err=Could not find anchor: No matching instruction in range source ID: 82, lines: 333..334, bytes: 14643..14662
2026-09-08T15:33:41.433316Z  WARN foundry_evm_coverage::anchors: could not find anchor item=Statement (location: (source ID: 82, lines: 333..334, bytes: 14643..14662), hits: 0) err=Could not find anchor: No matching instruction in range source ID: 82, lines: 333..334, bytes: 14643..14662
2026-09-08T15:33:41.433318Z  WARN foundry_evm_coverage::anchors: could not find anchor item=Line (location: (source ID: 82, lines: 334..335, bytes: 14672..14696), hits: 0) err=Could not find anchor: No matching instruction in range source ID: 82, lines: 334..335, bytes: 14672..14696
2026-09-08T15:33:41.433320Z  WARN foundry_evm_coverage::anchors: could not find anchor item=Statement (location: (source ID: 82, lines: 334..335, bytes: 14672..14696), hits: 0) err=Could not find anchor: No matching instruction in range source ID: 82, lines: 334..335, bytes: 14672..14696
2026-09-08T15:33:41.433322Z  WARN foundry_evm_coverage::anchors: could not find anchor item=Line (location: (source ID: 82, lines: 335..336, bytes: 14706..14747), hits: 0) err=Could not find anchor: No matching instruction in range source ID: 82, lines: 335..336, bytes: 14706..14747
2026-09-08T15:33:41.433324Z  WARN foundry_evm_coverage::anchors: could not find anchor item=Statement (location: (source ID: 82, lines: 335..336, bytes: 14706..14747), hits: 0) err=Could not find anchor: No matching instruction in range source ID: 82, lines: 335..336, bytes: 14706..14747
2026-09-08T15:33:41.433326Z  WARN foundry_evm_coverage::anchors: could not find anchor item=Line (location: (source ID: 82, lines: 340..352, bytes: 14983..15501), hits: 0) err=Could not find anchor: No matching instruction in range source ID: 82, lines: 340..352, bytes: 14983..15501
2026-09-08T15:33:41.433328Z  WARN foundry_evm_coverage::anchors: could not find anchor item=Function "withdrawUnclaimedETH" (location: (source ID: 82, lines: 340..352, bytes: 14983..15501), hits: 0) err=Could not find anchor: No matching instruction in range source ID: 82, lines: 340..352, bytes: 14983..15501
2026-09-08T15:33:41.433330Z  WARN foundry_evm_coverage::anchors: could not find anchor item=Line (location: (source ID: 82, lines: 341..342, bytes: 15076..15102), hits: 0) err=Could not find anchor: No matching instruction in range source ID: 82, lines: 341..342, bytes: 15076..15102
2026-09-08T15:33:41.433332Z  WARN foundry_evm_coverage::anchors: could not find anchor item=Statement (location: (source ID: 82, lines: 341..342, bytes: 15076..15102), hits: 0) err=Could not find anchor: No matching instruction in range source ID: 82, lines: 341..342, bytes: 15076..15102
2026-09-08T15:33:41.433334Z  WARN foundry_evm_coverage::anchors: could not find anchor item=Statement (location: (source ID: 82, lines: 341..342, bytes: 15104..15125), hits: 0) err=Could not find anchor: No matching instruction in range source ID: 82, lines: 341..342, bytes: 15104..15125
2026-09-08T15:33:41.433336Z  WARN foundry_evm_coverage::anchors: could not find anchor item=Branch (branch: 36, path: 0) (location: (source ID: 82, lines: 341..342, bytes: 15104..15125), hits: 0) err=Could not find anchor: No matching instruction in range source ID: 82, lines: 341..342, bytes: 15104..15125
2026-09-08T15:33:41.433338Z  WARN foundry_evm_coverage::anchors: could not find anchor item=Line (location: (source ID: 82, lines: 342..343, bytes: 15139..15147), hits: 0) err=Could not find anchor: No matching instruction in range source ID: 82, lines: 342..343, bytes: 15139..15147
2026-09-08T15:33:41.433341Z  WARN foundry_evm_coverage::anchors: could not find anchor item=Statement (location: (source ID: 82, lines: 342..343, bytes: 15139..15147), hits: 0) err=Could not find anchor: No matching instruction in range source ID: 82, lines: 342..343, bytes: 15139..15147
2026-09-08T15:33:41.433343Z  WARN foundry_evm_coverage::anchors: could not find anchor item=Statement (location: (source ID: 82, lines: 342..343, bytes: 15149..15168), hits: 0) err=Could not find anchor: No matching instruction in range source ID: 82, lines: 342..343, bytes: 15149..15168
2026-09-08T15:33:41.433345Z  WARN foundry_evm_coverage::anchors: could not find anchor item=Branch (branch: 37, path: 0) (location: (source ID: 82, lines: 342..343, bytes: 15149..15168), hits: 0) err=Could not find anchor: No matching instruction in range source ID: 82, lines: 342..343, bytes: 15149..15168
2026-09-08T15:33:41.433347Z  WARN foundry_evm_coverage::anchors: could not find anchor item=Line (location: (source ID: 82, lines: 343..344, bytes: 15182..15221), hits: 0) err=Could not find anchor: No matching instruction in range source ID: 82, lines: 343..344, bytes: 15182..15221
2026-09-08T15:33:41.433349Z  WARN foundry_evm_coverage::anchors: could not find anchor item=Statement (location: (source ID: 82, lines: 343..344, bytes: 15182..15221), hits: 0) err=Could not find anchor: No matching instruction in range source ID: 82, lines: 343..344, bytes: 15182..15221
2026-09-08T15:33:41.433351Z  WARN foundry_evm_coverage::anchors: could not find anchor item=Statement (location: (source ID: 82, lines: 343..344, bytes: 15200..15221), hits: 0) err=Could not find anchor: No matching instruction in range source ID: 82, lines: 343..344, bytes: 15200..15221
2026-09-08T15:33:41.433353Z  WARN foundry_evm_coverage::anchors: could not find anchor item=Statement (location: (source ID: 82, lines: 343..344, bytes: 15223..15252), hits: 0) err=Could not find anchor: No matching instruction in range source ID: 82, lines: 343..344, bytes: 15223..15252
2026-09-08T15:33:41.433355Z  WARN foundry_evm_coverage::anchors: could not find anchor item=Branch (branch: 38, path: 0) (location: (source ID: 82, lines: 343..344, bytes: 15223..15252), hits: 0) err=Could not find anchor: No matching instruction in range source ID: 82, lines: 343..344, bytes: 15223..15252
2026-09-08T15:33:41.433357Z  WARN foundry_evm_coverage::anchors: could not find anchor item=Line (location: (source ID: 82, lines: 344..345, bytes: 15262..15300), hits: 0) err=Could not find anchor: No matching instruction in range source ID: 82, lines: 344..345, bytes: 15262..15300
2026-09-08T15:33:41.433359Z  WARN foundry_evm_coverage::anchors: could not find anchor item=Statement (location: (source ID: 82, lines: 344..345, bytes: 15262..15300), hits: 0) err=Could not find anchor: No matching instruction in range source ID: 82, lines: 344..345, bytes: 15262..15300
2026-09-08T15:33:41.433361Z  WARN foundry_evm_coverage::anchors: could not find anchor item=Line (location: (source ID: 82, lines: 345..346, bytes: 15310..15330), hits: 0) err=Could not find anchor: No matching instruction in range source ID: 82, lines: 345..346, bytes: 15310..15330
2026-09-08T15:33:41.433363Z  WARN foundry_evm_coverage::anchors: could not find anchor item=Statement (location: (source ID: 82, lines: 345..346, bytes: 15310..15330), hits: 0) err=Could not find anchor: No matching instruction in range source ID: 82, lines: 345..346, bytes: 15310..15330
2026-09-08T15:33:41.433365Z  WARN foundry_evm_coverage::anchors: could not find anchor item=Line (location: (source ID: 82, lines: 346..347, bytes: 15340..15350), hits: 0) err=Could not find anchor: No matching instruction in range source ID: 82, lines: 346..347, bytes: 15340..15350
2026-09-08T15:33:41.433367Z  WARN foundry_evm_coverage::anchors: could not find anchor item=Statement (location: (source ID: 82, lines: 346..347, bytes: 15340..15350), hits: 0) err=Could not find anchor: No matching instruction in range source ID: 82, lines: 346..347, bytes: 15340..15350
2026-09-08T15:33:41.433369Z  WARN foundry_evm_coverage::anchors: could not find anchor item=Line (location: (source ID: 82, lines: 347..348, bytes: 15360..15376), hits: 0) err=Could not find anchor: No matching instruction in range source ID: 82, lines: 347..348, bytes: 15360..15376
2026-09-08T15:33:41.433371Z  WARN foundry_evm_coverage::anchors: could not find anchor item=Statement (location: (source ID: 82, lines: 347..348, bytes: 15360..15376), hits: 0) err=Could not find anchor: No matching instruction in range source ID: 82, lines: 347..348, bytes: 15360..15376
2026-09-08T15:33:41.433373Z  WARN foundry_evm_coverage::anchors: could not find anchor item=Line (location: (source ID: 82, lines: 348..349, bytes: 15386..15405), hits: 0) err=Could not find anchor: No matching instruction in range source ID: 82, lines: 348..349, bytes: 15386..15405
2026-09-08T15:33:41.433375Z  WARN foundry_evm_coverage::anchors: could not find anchor item=Statement (location: (source ID: 82, lines: 348..349, bytes: 15386..15405), hits: 0) err=Could not find anchor: No matching instruction in range source ID: 82, lines: 348..349, bytes: 15386..15405
2026-09-08T15:33:41.433377Z  WARN foundry_evm_coverage::anchors: could not find anchor item=Line (location: (source ID: 82, lines: 349..350, bytes: 15415..15439), hits: 0) err=Could not find anchor: No matching instruction in range source ID: 82, lines: 349..350, bytes: 15415..15439
2026-09-08T15:33:41.433380Z  WARN foundry_evm_coverage::anchors: could not find anchor item=Statement (location: (source ID: 82, lines: 349..350, bytes: 15415..15439), hits: 0) err=Could not find anchor: No matching instruction in range source ID: 82, lines: 349..350, bytes: 15415..15439
2026-09-08T15:33:41.433382Z  WARN foundry_evm_coverage::anchors: could not find anchor item=Line (location: (source ID: 82, lines: 350..351, bytes: 15449..15494), hits: 0) err=Could not find anchor: No matching instruction in range source ID: 82, lines: 350..351, bytes: 15449..15494
2026-09-08T15:33:41.433384Z  WARN foundry_evm_coverage::anchors: could not find anchor item=Statement (location: (source ID: 82, lines: 350..351, bytes: 15449..15494), hits: 0) err=Could not find anchor: No matching instruction in range source ID: 82, lines: 350..351, bytes: 15449..15494
2026-09-08T15:33:41.433386Z  WARN foundry_evm_coverage::anchors: could not find anchor item=Line (location: (source ID: 82, lines: 355..358, bytes: 15714..15830), hits: 0) err=Could not find anchor: No matching instruction in range source ID: 82, lines: 355..358, bytes: 15714..15830
2026-09-08T15:33:41.433388Z  WARN foundry_evm_coverage::anchors: could not find anchor item=Function "liabilities" (location: (source ID: 82, lines: 355..358, bytes: 15714..15830), hits: 0) err=Could not find anchor: No matching instruction in range source ID: 82, lines: 355..358, bytes: 15714..15830
2026-09-08T15:33:41.433390Z  WARN foundry_evm_coverage::anchors: could not find anchor item=Line (location: (source ID: 82, lines: 356..357, bytes: 15777..15823), hits: 0) err=Could not find anchor: No matching instruction in range source ID: 82, lines: 356..357, bytes: 15777..15823
2026-09-08T15:33:41.433392Z  WARN foundry_evm_coverage::anchors: could not find anchor item=Statement (location: (source ID: 82, lines: 356..357, bytes: 15777..15823), hits: 0) err=Could not find anchor: No matching instruction in range source ID: 82, lines: 356..357, bytes: 15777..15823
2026-09-08T15:33:41.433395Z  WARN foundry_evm_coverage::anchors: could not find anchor item=Statement (location: (source ID: 82, lines: 356..357, bytes: 15784..15823), hits: 0) err=Could not find anchor: No matching instruction in range source ID: 82, lines: 356..357, bytes: 15784..15823
2026-09-08T15:33:41.433397Z  WARN foundry_evm_coverage::anchors: could not find anchor item=Statement (location: (source ID: 82, lines: 356..357, bytes: 15793..15823), hits: 0) err=Could not find anchor: No matching instruction in range source ID: 82, lines: 356..357, bytes: 15793..15823
2026-09-08T15:33:41.433399Z  WARN foundry_evm_coverage::anchors: could not find anchor item=Line (location: (source ID: 82, lines: 360..376, bytes: 15924..16540), hits: 0) err=Could not find anchor: No matching instruction in range source ID: 82, lines: 360..376, bytes: 15924..16540
2026-09-08T15:33:41.433401Z  WARN foundry_evm_coverage::anchors: could not find anchor item=Function "rankedBids" (location: (source ID: 82, lines: 360..376, bytes: 15924..16540), hits: 0) err=Could not find anchor: No matching instruction in range source ID: 82, lines: 360..376, bytes: 15924..16540
2026-09-08T15:33:41.433403Z  WARN foundry_evm_coverage::anchors: could not find anchor item=Line (location: (source ID: 82, lines: 361..362, bytes: 16047..16057), hits: 0) err=Could not find anchor: No matching instruction in range source ID: 82, lines: 361..362, bytes: 16047..16057
2026-09-08T15:33:41.433405Z  WARN foundry_evm_coverage::anchors: could not find anchor item=Statement (location: (source ID: 82, lines: 361..362, bytes: 16047..16057), hits: 0) err=Could not find anchor: No matching instruction in range source ID: 82, lines: 361..362, bytes: 16047..16057
2026-09-08T15:33:41.433407Z  WARN foundry_evm_coverage::anchors: could not find anchor item=Statement (location: (source ID: 82, lines: 361..362, bytes: 16047..16075), hits: 0) err=Could not find anchor: No matching instruction in range source ID: 82, lines: 361..362, bytes: 16047..16075
2026-09-08T15:33:41.433409Z  WARN foundry_evm_coverage::anchors: could not find anchor item=Statement (location: (source ID: 82, lines: 361..362, bytes: 16061..16075), hits: 0) err=Could not find anchor: No matching instruction in range source ID: 82, lines: 361..362, bytes: 16061..16075
2026-09-08T15:33:41.433411Z  WARN foundry_evm_coverage::anchors: could not find anchor item=Statement (location: (source ID: 82, lines: 361..362, bytes: 16077..16098), hits: 0) err=Could not find anchor: No matching instruction in range source ID: 82, lines: 361..362, bytes: 16077..16098
2026-09-08T15:33:41.433413Z  WARN foundry_evm_coverage::anchors: could not find anchor item=Branch (branch: 39, path: 0) (location: (source ID: 82, lines: 361..362, bytes: 16077..16098), hits: 0) err=Could not find anchor: No matching instruction in range source ID: 82, lines: 361..362, bytes: 16077..16098
2026-09-08T15:33:41.433415Z  WARN foundry_evm_coverage::anchors: could not find anchor item=Line (location: (source ID: 82, lines: 362..363, bytes: 16108..16140), hits: 0) err=Could not find anchor: No matching instruction in range source ID: 82, lines: 362..363, bytes: 16108..16140
2026-09-08T15:33:41.433417Z  WARN foundry_evm_coverage::anchors: could not find anchor item=Statement (location: (source ID: 82, lines: 362..363, bytes: 16108..16140), hits: 0) err=Could not find anchor: No matching instruction in range source ID: 82, lines: 362..363, bytes: 16108..16140
2026-09-08T15:33:41.433419Z  WARN foundry_evm_coverage::anchors: could not find anchor item=Line (location: (source ID: 82, lines: 363..364, bytes: 16154..16163), hits: 0) err=Could not find anchor: No matching instruction in range source ID: 82, lines: 363..364, bytes: 16154..16163
2026-09-08T15:33:41.433421Z  WARN foundry_evm_coverage::anchors: could not find anchor item=Statement (location: (source ID: 82, lines: 363..364, bytes: 16154..16163), hits: 0) err=Could not find anchor: No matching instruction in range source ID: 82, lines: 363..364, bytes: 16154..16163
2026-09-08T15:33:41.433423Z  WARN foundry_evm_coverage::anchors: could not find anchor item=Statement (location: (source ID: 82, lines: 363..364, bytes: 16154..16185), hits: 0) err=Could not find anchor: No matching instruction in range source ID: 82, lines: 363..364, bytes: 16154..16185
2026-09-08T15:33:41.433425Z  WARN foundry_evm_coverage::anchors: could not find anchor item=Statement (location: (source ID: 82, lines: 363..364, bytes: 16167..16185), hits: 0) err=Could not find anchor: No matching instruction in range source ID: 82, lines: 363..364, bytes: 16167..16185
2026-09-08T15:33:41.433427Z  WARN foundry_evm_coverage::anchors: could not find anchor item=Statement (location: (source ID: 82, lines: 363..364, bytes: 16187..16206), hits: 0) err=Could not find anchor: No matching instruction in range source ID: 82, lines: 363..364, bytes: 16187..16206
2026-09-08T15:33:41.433429Z  WARN foundry_evm_coverage::anchors: could not find anchor item=Branch (branch: 40, path: 0) (location: (source ID: 82, lines: 363..364, bytes: 16187..16206), hits: 0) err=Could not find anchor: No matching instruction in range source ID: 82, lines: 363..364, bytes: 16187..16206
2026-09-08T15:33:41.433431Z  WARN foundry_evm_coverage::anchors: could not find anchor item=Line (location: (source ID: 82, lines: 364..365, bytes: 16216..16233), hits: 0) err=Could not find anchor: No matching instruction in range source ID: 82, lines: 364..365, bytes: 16216..16233
2026-09-08T15:33:41.433433Z  WARN foundry_evm_coverage::anchors: could not find anchor item=Statement (location: (source ID: 82, lines: 364..365, bytes: 16216..16233), hits: 0) err=Could not find anchor: No matching instruction in range source ID: 82, lines: 364..365, bytes: 16216..16233
2026-09-08T15:33:41.433435Z  WARN foundry_evm_coverage::anchors: could not find anchor item=Line (location: (source ID: 82, lines: 365..366, bytes: 16243..16264), hits: 0) err=Could not find anchor: No matching instruction in range source ID: 82, lines: 365..366, bytes: 16243..16264
2026-09-08T15:33:41.433437Z  WARN foundry_evm_coverage::anchors: could not find anchor item=Statement (location: (source ID: 82, lines: 365..366, bytes: 16243..16264), hits: 0) err=Could not find anchor: No matching instruction in range source ID: 82, lines: 365..366, bytes: 16243..16264
2026-09-08T15:33:41.433439Z  WARN foundry_evm_coverage::anchors: could not find anchor item=Line (location: (source ID: 82, lines: 366..367, bytes: 16281..16292), hits: 0) err=Could not find anchor: No matching instruction in range source ID: 82, lines: 366..367, bytes: 16281..16292
2026-09-08T15:33:41.433441Z  WARN foundry_evm_coverage::anchors: could not find anchor item=Statement (location: (source ID: 82, lines: 366..367, bytes: 16281..16292), hits: 0) err=Could not find anchor: No matching instruction in range source ID: 82, lines: 366..367, bytes: 16281..16292
2026-09-08T15:33:41.433443Z  WARN foundry_evm_coverage::anchors: could not find anchor item=Statement (location: (source ID: 82, lines: 366..367, bytes: 16281..16309), hits: 0) err=Could not find anchor: No matching instruction in range source ID: 82, lines: 366..367, bytes: 16281..16309
2026-09-08T15:33:41.433445Z  WARN foundry_evm_coverage::anchors: could not find anchor item=Statement (location: (source ID: 82, lines: 366..367, bytes: 16296..16309), hits: 0) err=Could not find anchor: No matching instruction in range source ID: 82, lines: 366..367, bytes: 16296..16309
2026-09-08T15:33:41.433447Z  WARN foundry_evm_coverage::anchors: could not find anchor item=Line (location: (source ID: 82, lines: 367..368, bytes: 16325..16332), hits: 0) err=Could not find anchor: No matching instruction in range source ID: 82, lines: 367..368, bytes: 16325..16332
2026-09-08T15:33:41.433449Z  WARN foundry_evm_coverage::anchors: could not find anchor item=Statement (location: (source ID: 82, lines: 367..368, bytes: 16325..16332), hits: 0) err=Could not find anchor: No matching instruction in range source ID: 82, lines: 367..368, bytes: 16325..16332
2026-09-08T15:33:41.433451Z  WARN foundry_evm_coverage::anchors: could not find anchor item=Line (location: (source ID: 82, lines: 368..369, bytes: 16346..16372), hits: 0) err=Could not find anchor: No matching instruction in range source ID: 82, lines: 368..369, bytes: 16346..16372
2026-09-08T15:33:41.433453Z  WARN foundry_evm_coverage::anchors: could not find anchor item=Statement (location: (source ID: 82, lines: 368..369, bytes: 16346..16372), hits: 0) err=Could not find anchor: No matching instruction in range source ID: 82, lines: 368..369, bytes: 16346..16372
2026-09-08T15:33:41.433455Z  WARN foundry_evm_coverage::anchors: could not find anchor item=Line (location: (source ID: 82, lines: 370..371, bytes: 16392..16418), hits: 0) err=Could not find anchor: No matching instruction in range source ID: 82, lines: 370..371, bytes: 16392..16418
2026-09-08T15:33:41.433457Z  WARN foundry_evm_coverage::anchors: could not find anchor item=Statement (location: (source ID: 82, lines: 370..371, bytes: 16392..16418), hits: 0) err=Could not find anchor: No matching instruction in range source ID: 82, lines: 370..371, bytes: 16392..16418
2026-09-08T15:33:41.433459Z  WARN foundry_evm_coverage::anchors: could not find anchor item=Line (location: (source ID: 82, lines: 371..372, bytes: 16433..16442), hits: 0) err=Could not find anchor: No matching instruction in range source ID: 82, lines: 371..372, bytes: 16433..16442
2026-09-08T15:33:41.433461Z  WARN foundry_evm_coverage::anchors: could not find anchor item=Statement (location: (source ID: 82, lines: 371..372, bytes: 16433..16442), hits: 0) err=Could not find anchor: No matching instruction in range source ID: 82, lines: 371..372, bytes: 16433..16442
2026-09-08T15:33:41.433463Z  WARN foundry_evm_coverage::anchors: could not find anchor item=Statement (location: (source ID: 82, lines: 371..372, bytes: 16444..16453), hits: 0) err=Could not find anchor: No matching instruction in range source ID: 82, lines: 371..372, bytes: 16444..16453
2026-09-08T15:33:41.433465Z  WARN foundry_evm_coverage::anchors: could not find anchor item=Statement (location: (source ID: 82, lines: 371..372, bytes: 16455..16458), hits: 0) err=Could not find anchor: No matching instruction in range source ID: 82, lines: 371..372, bytes: 16455..16458
2026-09-08T15:33:41.433467Z  WARN foundry_evm_coverage::anchors: could not find anchor item=Line (location: (source ID: 82, lines: 372..373, bytes: 16474..16487), hits: 0) err=Could not find anchor: No matching instruction in range source ID: 82, lines: 372..373, bytes: 16474..16487
2026-09-08T15:33:41.433469Z  WARN foundry_evm_coverage::anchors: could not find anchor item=Statement (location: (source ID: 82, lines: 372..373, bytes: 16474..16487), hits: 0) err=Could not find anchor: No matching instruction in range source ID: 82, lines: 372..373, bytes: 16474..16487
2026-09-08T15:33:41.433471Z  WARN foundry_evm_coverage::anchors: could not find anchor item=Line (location: (source ID: 82, lines: 373..374, bytes: 16501..16523), hits: 0) err=Could not find anchor: No matching instruction in range source ID: 82, lines: 373..374, bytes: 16501..16523
2026-09-08T15:33:41.433473Z  WARN foundry_evm_coverage::anchors: could not find anchor item=Statement (location: (source ID: 82, lines: 373..374, bytes: 16501..16523), hits: 0) err=Could not find anchor: No matching instruction in range source ID: 82, lines: 373..374, bytes: 16501..16523
2026-09-08T15:33:41.433475Z  WARN foundry_evm_coverage::anchors: could not find anchor item=Line (location: (source ID: 82, lines: 377..380, bytes: 16546..16652), hits: 0) err=Could not find anchor: No matching instruction in range source ID: 82, lines: 377..380, bytes: 16546..16652
2026-09-08T15:33:41.433477Z  WARN foundry_evm_coverage::anchors: could not find anchor item=Function "_tokenRescueAdmin" (location: (source ID: 82, lines: 377..380, bytes: 16546..16652), hits: 0) err=Could not find anchor: No matching instruction in range source ID: 82, lines: 377..380, bytes: 16546..16652
2026-09-08T15:33:41.433479Z  WARN foundry_evm_coverage::anchors: could not find anchor item=Line (location: (source ID: 82, lines: 378..379, bytes: 16626..16645), hits: 0) err=Could not find anchor: No matching instruction in range source ID: 82, lines: 378..379, bytes: 16626..16645
2026-09-08T15:33:41.433481Z  WARN foundry_evm_coverage::anchors: could not find anchor item=Statement (location: (source ID: 82, lines: 378..379, bytes: 16626..16645), hits: 0) err=Could not find anchor: No matching instruction in range source ID: 82, lines: 378..379, bytes: 16626..16645
2026-09-08T15:33:41.433482Z  WARN foundry_evm_coverage::anchors: could not find anchor item=Line (location: (source ID: 82, lines: 381..384, bytes: 16658..16766), hits: 0) err=Could not find anchor: No matching instruction in range source ID: 82, lines: 381..384, bytes: 16658..16766
2026-09-08T15:33:41.433484Z  WARN foundry_evm_coverage::anchors: could not find anchor item=Function "_protectedToken" (location: (source ID: 82, lines: 381..384, bytes: 16658..16766), hits: 0) err=Could not find anchor: No matching instruction in range source ID: 82, lines: 381..384, bytes: 16658..16766
2026-09-08T15:33:41.433486Z  WARN foundry_evm_coverage::anchors: could not find anchor item=Line (location: (source ID: 82, lines: 382..383, bytes: 16736..16759), hits: 0) err=Could not find anchor: No matching instruction in range source ID: 82, lines: 382..383, bytes: 16736..16759
2026-09-08T15:33:41.433488Z  WARN foundry_evm_coverage::anchors: could not find anchor item=Statement (location: (source ID: 82, lines: 382..383, bytes: 16736..16759), hits: 0) err=Could not find anchor: No matching instruction in range source ID: 82, lines: 382..383, bytes: 16736..16759
2026-09-08T15:33:41.433490Z  WARN foundry_evm_coverage::anchors: could not find anchor item=Line (location: (source ID: 82, lines: 385..407, bytes: 16772..17691), hits: 0) err=Could not find anchor: No matching instruction in range source ID: 82, lines: 385..407, bytes: 16772..17691
2026-09-08T15:33:41.433492Z  WARN foundry_evm_coverage::anchors: could not find anchor item=Function "_createBid" (location: (source ID: 82, lines: 385..407, bytes: 16772..17691), hits: 0) err=Could not find anchor: No matching instruction in range source ID: 82, lines: 385..407, bytes: 16772..17691
2026-09-08T15:33:41.433494Z  WARN foundry_evm_coverage::anchors: could not find anchor item=Line (location: (source ID: 82, lines: 386..387, bytes: 16870..16889), hits: 0) err=Could not find anchor: No matching instruction in range source ID: 82, lines: 386..387, bytes: 16870..16889
2026-09-08T15:33:41.433496Z  WARN foundry_evm_coverage::anchors: could not find anchor item=Statement (location: (source ID: 82, lines: 386..387, bytes: 16870..16889), hits: 0) err=Could not find anchor: No matching instruction in range source ID: 82, lines: 386..387, bytes: 16870..16889
2026-09-08T15:33:41.433498Z  WARN foundry_evm_coverage::anchors: could not find anchor item=Statement (location: (source ID: 82, lines: 386..387, bytes: 16891..16911), hits: 0) err=Could not find anchor: No matching instruction in range source ID: 82, lines: 386..387, bytes: 16891..16911
2026-09-08T15:33:41.433500Z  WARN foundry_evm_coverage::anchors: could not find anchor item=Branch (branch: 41, path: 0) (location: (source ID: 82, lines: 386..387, bytes: 16891..16911), hits: 0) err=Could not find anchor: No matching instruction in range source ID: 82, lines: 386..387, bytes: 16891..16911
2026-09-08T15:33:41.433502Z  WARN foundry_evm_coverage::anchors: could not find anchor item=Line (location: (source ID: 82, lines: 387..388, bytes: 16925..16949), hits: 0) err=Could not find anchor: No matching instruction in range source ID: 82, lines: 387..388, bytes: 16925..16949
2026-09-08T15:33:41.433504Z  WARN foundry_evm_coverage::anchors: could not find anchor item=Statement (location: (source ID: 82, lines: 387..388, bytes: 16925..16949), hits: 0) err=Could not find anchor: No matching instruction in range source ID: 82, lines: 387..388, bytes: 16925..16949
2026-09-08T15:33:41.433507Z  WARN foundry_evm_coverage::anchors: could not find anchor item=Statement (location: (source ID: 82, lines: 387..388, bytes: 16937..16949), hits: 0) err=Could not find anchor: No matching instruction in range source ID: 82, lines: 387..388, bytes: 16937..16949
2026-09-08T15:33:41.433509Z  WARN foundry_evm_coverage::anchors: could not find anchor item=Statement (location: (source ID: 82, lines: 387..388, bytes: 16951..16969), hits: 0) err=Could not find anchor: No matching instruction in range source ID: 82, lines: 387..388, bytes: 16951..16969
2026-09-08T15:33:41.433511Z  WARN foundry_evm_coverage::anchors: could not find anchor item=Branch (branch: 42, path: 0) (location: (source ID: 82, lines: 387..388, bytes: 16951..16969), hits: 0) err=Could not find anchor: No matching instruction in range source ID: 82, lines: 387..388, bytes: 16951..16969
2026-09-08T15:33:41.433513Z  WARN foundry_evm_coverage::anchors: could not find anchor item=Line (location: (source ID: 82, lines: 388..389, bytes: 16979..16995), hits: 0) err=Could not find anchor: No matching instruction in range source ID: 82, lines: 388..389, bytes: 16979..16995
2026-09-08T15:33:41.433515Z  WARN foundry_evm_coverage::anchors: could not find anchor item=Statement (location: (source ID: 82, lines: 388..389, bytes: 16979..16995), hits: 0) err=Could not find anchor: No matching instruction in range source ID: 82, lines: 388..389, bytes: 16979..16995
2026-09-08T15:33:41.433517Z  WARN foundry_evm_coverage::anchors: could not find anchor item=Line (location: (source ID: 82, lines: 389..390, bytes: 17005..17076), hits: 0) err=Could not find anchor: No matching instruction in range source ID: 82, lines: 389..390, bytes: 17005..17076
2026-09-08T15:33:41.433519Z  WARN foundry_evm_coverage::anchors: could not find anchor item=Statement (location: (source ID: 82, lines: 389..390, bytes: 17005..17076), hits: 0) err=Could not find anchor: No matching instruction in range source ID: 82, lines: 389..390, bytes: 17005..17076
2026-09-08T15:33:41.433520Z  WARN foundry_evm_coverage::anchors: could not find anchor item=Line (location: (source ID: 82, lines: 390..391, bytes: 17086..17105), hits: 0) err=Could not find anchor: No matching instruction in range source ID: 82, lines: 390..391, bytes: 17086..17105
2026-09-08T15:33:41.433522Z  WARN foundry_evm_coverage::anchors: could not find anchor item=Statement (location: (source ID: 82, lines: 390..391, bytes: 17086..17105), hits: 0) err=Could not find anchor: No matching instruction in range source ID: 82, lines: 390..391, bytes: 17086..17105
2026-09-08T15:33:41.433524Z  WARN foundry_evm_coverage::anchors: could not find anchor item=Line (location: (source ID: 82, lines: 391..392, bytes: 17115..17126), hits: 0) err=Could not find anchor: No matching instruction in range source ID: 82, lines: 391..392, bytes: 17115..17126
2026-09-08T15:33:41.433526Z  WARN foundry_evm_coverage::anchors: could not find anchor item=Statement (location: (source ID: 82, lines: 391..392, bytes: 17115..17126), hits: 0) err=Could not find anchor: No matching instruction in range source ID: 82, lines: 391..392, bytes: 17115..17126
2026-09-08T15:33:41.433528Z  WARN foundry_evm_coverage::anchors: could not find anchor item=Line (location: (source ID: 82, lines: 392..393, bytes: 17140..17160), hits: 0) err=Could not find anchor: No matching instruction in range source ID: 82, lines: 392..393, bytes: 17140..17160
2026-09-08T15:33:41.433530Z  WARN foundry_evm_coverage::anchors: could not find anchor item=Statement (location: (source ID: 82, lines: 392..393, bytes: 17140..17160), hits: 0) err=Could not find anchor: No matching instruction in range source ID: 82, lines: 392..393, bytes: 17140..17160
2026-09-08T15:33:41.433532Z  WARN foundry_evm_coverage::anchors: could not find anchor item=Branch (branch: 43, path: 0) (location: (source ID: 82, lines: 392..404, bytes: 17162..17618), hits: 0) err=Could not find anchor: No matching instruction in range source ID: 82, lines: 392..404, bytes: 17162..17618
2026-09-08T15:33:41.433534Z  WARN foundry_evm_coverage::anchors: could not find anchor item=Line (location: (source ID: 82, lines: 393..394, bytes: 17176..17202), hits: 0) err=Could not find anchor: No matching instruction in range source ID: 82, lines: 393..394, bytes: 17176..17202
2026-09-08T15:33:41.433536Z  WARN foundry_evm_coverage::anchors: could not find anchor item=Statement (location: (source ID: 82, lines: 393..394, bytes: 17176..17202), hits: 0) err=Could not find anchor: No matching instruction in range source ID: 82, lines: 393..394, bytes: 17176..17202
2026-09-08T15:33:41.433538Z  WARN foundry_evm_coverage::anchors: could not find anchor item=Line (location: (source ID: 82, lines: 394..395, bytes: 17216..17257), hits: 0) err=Could not find anchor: No matching instruction in range source ID: 82, lines: 394..395, bytes: 17216..17257
2026-09-08T15:33:41.433540Z  WARN foundry_evm_coverage::anchors: could not find anchor item=Statement (location: (source ID: 82, lines: 394..395, bytes: 17216..17257), hits: 0) err=Could not find anchor: No matching instruction in range source ID: 82, lines: 394..395, bytes: 17216..17257
2026-09-08T15:33:41.433542Z  WARN foundry_evm_coverage::anchors: could not find anchor item=Line (location: (source ID: 82, lines: 395..396, bytes: 17271..17291), hits: 0) err=Could not find anchor: No matching instruction in range source ID: 82, lines: 395..396, bytes: 17271..17291
2026-09-08T15:33:41.433544Z  WARN foundry_evm_coverage::anchors: could not find anchor item=Statement (location: (source ID: 82, lines: 395..396, bytes: 17271..17291), hits: 0) err=Could not find anchor: No matching instruction in range source ID: 82, lines: 395..396, bytes: 17271..17291
2026-09-08T15:33:41.433546Z  WARN foundry_evm_coverage::anchors: could not find anchor item=Line (location: (source ID: 82, lines: 396..397, bytes: 17305..17329), hits: 0) err=Could not find anchor: No matching instruction in range source ID: 82, lines: 396..397, bytes: 17305..17329
2026-09-08T15:33:41.433548Z  WARN foundry_evm_coverage::anchors: could not find anchor item=Statement (location: (source ID: 82, lines: 396..397, bytes: 17305..17329), hits: 0) err=Could not find anchor: No matching instruction in range source ID: 82, lines: 396..397, bytes: 17305..17329
2026-09-08T15:33:41.433550Z  WARN foundry_evm_coverage::anchors: could not find anchor item=Line (location: (source ID: 82, lines: 397..398, bytes: 17343..17374), hits: 0) err=Could not find anchor: No matching instruction in range source ID: 82, lines: 397..398, bytes: 17343..17374
2026-09-08T15:33:41.433552Z  WARN foundry_evm_coverage::anchors: could not find anchor item=Statement (location: (source ID: 82, lines: 397..398, bytes: 17343..17374), hits: 0) err=Could not find anchor: No matching instruction in range source ID: 82, lines: 397..398, bytes: 17343..17374
2026-09-08T15:33:41.433554Z  WARN foundry_evm_coverage::anchors: could not find anchor item=Line (location: (source ID: 82, lines: 398..399, bytes: 17388..17421), hits: 0) err=Could not find anchor: No matching instruction in range source ID: 82, lines: 398..399, bytes: 17388..17421
2026-09-08T15:33:41.433556Z  WARN foundry_evm_coverage::anchors: could not find anchor item=Statement (location: (source ID: 82, lines: 398..399, bytes: 17388..17421), hits: 0) err=Could not find anchor: No matching instruction in range source ID: 82, lines: 398..399, bytes: 17388..17421
2026-09-08T15:33:41.433558Z  WARN foundry_evm_coverage::anchors: could not find anchor item=Line (location: (source ID: 82, lines: 399..400, bytes: 17435..17451), hits: 0) err=Could not find anchor: No matching instruction in range source ID: 82, lines: 399..400, bytes: 17435..17451
2026-09-08T15:33:41.433560Z  WARN foundry_evm_coverage::anchors: could not find anchor item=Statement (location: (source ID: 82, lines: 399..400, bytes: 17435..17451), hits: 0) err=Could not find anchor: No matching instruction in range source ID: 82, lines: 399..400, bytes: 17435..17451
2026-09-08T15:33:41.433561Z  WARN foundry_evm_coverage::anchors: could not find anchor item=Line (location: (source ID: 82, lines: 400..401, bytes: 17465..17501), hits: 0) err=Could not find anchor: No matching instruction in range source ID: 82, lines: 400..401, bytes: 17465..17501
2026-09-08T15:33:41.433563Z  WARN foundry_evm_coverage::anchors: could not find anchor item=Statement (location: (source ID: 82, lines: 400..401, bytes: 17465..17501), hits: 0) err=Could not find anchor: No matching instruction in range source ID: 82, lines: 400..401, bytes: 17465..17501
2026-09-08T15:33:41.433565Z  WARN foundry_evm_coverage::anchors: could not find anchor item=Line (location: (source ID: 82, lines: 401..402, bytes: 17515..17537), hits: 0) err=Could not find anchor: No matching instruction in range source ID: 82, lines: 401..402, bytes: 17515..17537
2026-09-08T15:33:41.433567Z  WARN foundry_evm_coverage::anchors: could not find anchor item=Statement (location: (source ID: 82, lines: 401..402, bytes: 17515..17537), hits: 0) err=Could not find anchor: No matching instruction in range source ID: 82, lines: 401..402, bytes: 17515..17537
2026-09-08T15:33:41.433569Z  WARN foundry_evm_coverage::anchors: could not find anchor item=Line (location: (source ID: 82, lines: 402..403, bytes: 17551..17607), hits: 0) err=Could not find anchor: No matching instruction in range source ID: 82, lines: 402..403, bytes: 17551..17607
2026-09-08T15:33:41.433571Z  WARN foundry_evm_coverage::anchors: could not find anchor item=Statement (location: (source ID: 82, lines: 402..403, bytes: 17551..17607), hits: 0) err=Could not find anchor: No matching instruction in range source ID: 82, lines: 402..403, bytes: 17551..17607
2026-09-08T15:33:41.433573Z  WARN foundry_evm_coverage::anchors: could not find anchor item=Line (location: (source ID: 82, lines: 404..405, bytes: 17627..17636), hits: 0) err=Could not find anchor: No matching instruction in range source ID: 82, lines: 404..405, bytes: 17627..17636
2026-09-08T15:33:41.433575Z  WARN foundry_evm_coverage::anchors: could not find anchor item=Statement (location: (source ID: 82, lines: 404..405, bytes: 17627..17636), hits: 0) err=Could not find anchor: No matching instruction in range source ID: 82, lines: 404..405, bytes: 17627..17636
2026-09-08T15:33:41.433577Z  WARN foundry_evm_coverage::anchors: could not find anchor item=Line (location: (source ID: 82, lines: 405..406, bytes: 17646..17684), hits: 0) err=Could not find anchor: No matching instruction in range source ID: 82, lines: 405..406, bytes: 17646..17684
2026-09-08T15:33:41.433579Z  WARN foundry_evm_coverage::anchors: could not find anchor item=Statement (location: (source ID: 82, lines: 405..406, bytes: 17646..17684), hits: 0) err=Could not find anchor: No matching instruction in range source ID: 82, lines: 405..406, bytes: 17646..17684
2026-09-08T15:33:41.433581Z  WARN foundry_evm_coverage::anchors: could not find anchor item=Line (location: (source ID: 82, lines: 408..411, bytes: 17697..17800), hits: 0) err=Could not find anchor: No matching instruction in range source ID: 82, lines: 408..411, bytes: 17697..17800
2026-09-08T15:33:41.433583Z  WARN foundry_evm_coverage::anchors: could not find anchor item=Function "_requireLive" (location: (source ID: 82, lines: 408..411, bytes: 17697..17800), hits: 0) err=Could not find anchor: No matching instruction in range source ID: 82, lines: 408..411, bytes: 17697..17800
2026-09-08T15:33:41.433585Z  WARN foundry_evm_coverage::anchors: could not find anchor item=Line (location: (source ID: 82, lines: 409..410, bytes: 17748..17755), hits: 0) err=Could not find anchor: No matching instruction in range source ID: 82, lines: 409..410, bytes: 17748..17755
2026-09-08T15:33:41.433587Z  WARN foundry_evm_coverage::anchors: could not find anchor item=Statement (location: (source ID: 82, lines: 409..410, bytes: 17748..17755), hits: 0) err=Could not find anchor: No matching instruction in range source ID: 82, lines: 409..410, bytes: 17748..17755
2026-09-08T15:33:41.433589Z  WARN foundry_evm_coverage::anchors: could not find anchor item=Statement (location: (source ID: 82, lines: 409..410, bytes: 17748..17769), hits: 0) err=Could not find anchor: No matching instruction in range source ID: 82, lines: 409..410, bytes: 17748..17769
2026-09-08T15:33:41.433591Z  WARN foundry_evm_coverage::anchors: could not find anchor item=Statement (location: (source ID: 82, lines: 409..410, bytes: 17771..17793), hits: 0) err=Could not find anchor: No matching instruction in range source ID: 82, lines: 409..410, bytes: 17771..17793
2026-09-08T15:33:41.433593Z  WARN foundry_evm_coverage::anchors: could not find anchor item=Branch (branch: 44, path: 0) (location: (source ID: 82, lines: 409..410, bytes: 17771..17793), hits: 0) err=Could not find anchor: No matching instruction in range source ID: 82, lines: 409..410, bytes: 17771..17793
2026-09-08T15:33:41.433595Z  WARN foundry_evm_coverage::anchors: could not find anchor item=Line (location: (source ID: 82, lines: 412..415, bytes: 17806..17908), hits: 0) err=Could not find anchor: No matching instruction in range source ID: 82, lines: 412..415, bytes: 17806..17908
2026-09-08T15:33:41.433597Z  WARN foundry_evm_coverage::anchors: could not find anchor item=Function "_requireRefundsOpen" (location: (source ID: 82, lines: 412..415, bytes: 17806..17908), hits: 0) err=Could not find anchor: No matching instruction in range source ID: 82, lines: 412..415, bytes: 17806..17908
2026-09-08T15:33:41.433599Z  WARN foundry_evm_coverage::anchors: could not find anchor item=Line (location: (source ID: 82, lines: 413..414, bytes: 17879..17901), hits: 0) err=Could not find anchor: No matching instruction in range source ID: 82, lines: 413..414, bytes: 17879..17901
2026-09-08T15:33:41.433601Z  WARN foundry_evm_coverage::anchors: could not find anchor item=Statement (location: (source ID: 82, lines: 413..414, bytes: 17879..17901), hits: 0) err=Could not find anchor: No matching instruction in range source ID: 82, lines: 413..414, bytes: 17879..17901
2026-09-08T15:33:41.433603Z  WARN foundry_evm_coverage::anchors: could not find anchor item=Branch (branch: 45, path: 0) (location: (source ID: 82, lines: 413..414, bytes: 17879..17901), hits: 0) err=Could not find anchor: No matching instruction in range source ID: 82, lines: 413..414, bytes: 17879..17901
2026-09-08T15:33:41.433605Z  WARN foundry_evm_coverage::anchors: could not find anchor item=Line (location: (source ID: 82, lines: 416..420, bytes: 17914..18090), hits: 0) err=Could not find anchor: No matching instruction in range source ID: 82, lines: 416..420, bytes: 17914..18090
2026-09-08T15:33:41.433607Z  WARN foundry_evm_coverage::anchors: could not find anchor item=Function "_requireSettledBatch" (location: (source ID: 82, lines: 416..420, bytes: 17914..18090), hits: 0) err=Could not find anchor: No matching instruction in range source ID: 82, lines: 416..420, bytes: 17914..18090
2026-09-08T15:33:41.433609Z  WARN foundry_evm_coverage::anchors: could not find anchor item=Line (location: (source ID: 82, lines: 417..418, bytes: 17987..17995), hits: 0) err=Could not find anchor: No matching instruction in range source ID: 82, lines: 417..418, bytes: 17987..17995
2026-09-08T15:33:41.433611Z  WARN foundry_evm_coverage::anchors: could not find anchor item=Statement (location: (source ID: 82, lines: 417..418, bytes: 17987..17995), hits: 0) err=Could not find anchor: No matching instruction in range source ID: 82, lines: 417..418, bytes: 17987..17995
2026-09-08T15:33:41.433613Z  WARN foundry_evm_coverage::anchors: could not find anchor item=Statement (location: (source ID: 82, lines: 417..418, bytes: 17997..18016), hits: 0) err=Could not find anchor: No matching instruction in range source ID: 82, lines: 417..418, bytes: 17997..18016
2026-09-08T15:33:41.433615Z  WARN foundry_evm_coverage::anchors: could not find anchor item=Branch (branch: 46, path: 0) (location: (source ID: 82, lines: 417..418, bytes: 17997..18016), hits: 0) err=Could not find anchor: No matching instruction in range source ID: 82, lines: 417..418, bytes: 17997..18016
2026-09-08T15:33:41.433617Z  WARN foundry_evm_coverage::anchors: could not find anchor item=Line (location: (source ID: 82, lines: 418..419, bytes: 18030..18041), hits: 0) err=Could not find anchor: No matching instruction in range source ID: 82, lines: 418..419, bytes: 18030..18041
2026-09-08T15:33:41.433619Z  WARN foundry_evm_coverage::anchors: could not find anchor item=Statement (location: (source ID: 82, lines: 418..419, bytes: 18030..18041), hits: 0) err=Could not find anchor: No matching instruction in range source ID: 82, lines: 418..419, bytes: 18030..18041
2026-09-08T15:33:41.433621Z  WARN foundry_evm_coverage::anchors: could not find anchor item=Statement (location: (source ID: 82, lines: 418..419, bytes: 18030..18060), hits: 0) err=Could not find anchor: No matching instruction in range source ID: 82, lines: 418..419, bytes: 18030..18060
2026-09-08T15:33:41.433623Z  WARN foundry_evm_coverage::anchors: could not find anchor item=Statement (location: (source ID: 82, lines: 418..419, bytes: 18045..18060), hits: 0) err=Could not find anchor: No matching instruction in range source ID: 82, lines: 418..419, bytes: 18045..18060
2026-09-08T15:33:41.433625Z  WARN foundry_evm_coverage::anchors: could not find anchor item=Statement (location: (source ID: 82, lines: 418..419, bytes: 18062..18083), hits: 0) err=Could not find anchor: No matching instruction in range source ID: 82, lines: 418..419, bytes: 18062..18083
2026-09-08T15:33:41.433627Z  WARN foundry_evm_coverage::anchors: could not find anchor item=Branch (branch: 47, path: 0) (location: (source ID: 82, lines: 418..419, bytes: 18062..18083), hits: 0) err=Could not find anchor: No matching instruction in range source ID: 82, lines: 418..419, bytes: 18062..18083
2026-09-08T15:33:41.433629Z  WARN foundry_evm_coverage::anchors: could not find anchor item=Line (location: (source ID: 82, lines: 421..424, bytes: 18096..18236), hits: 0) err=Could not find anchor: No matching instruction in range source ID: 82, lines: 421..424, bytes: 18096..18236
2026-09-08T15:33:41.433631Z  WARN foundry_evm_coverage::anchors: could not find anchor item=Function "minimumIncrement" (location: (source ID: 82, lines: 421..424, bytes: 18096..18236), hits: 0) err=Could not find anchor: No matching instruction in range source ID: 82, lines: 421..424, bytes: 18096..18236
2026-09-08T15:33:41.433633Z  WARN foundry_evm_coverage::anchors: could not find anchor item=Line (location: (source ID: 82, lines: 422..423, bytes: 18192..18229), hits: 0) err=Could not find anchor: No matching instruction in range source ID: 82, lines: 422..423, bytes: 18192..18229
2026-09-08T15:33:41.433635Z  WARN foundry_evm_coverage::anchors: could not find anchor item=Statement (location: (source ID: 82, lines: 422..423, bytes: 18192..18229), hits: 0) err=Could not find anchor: No matching instruction in range source ID: 82, lines: 422..423, bytes: 18192..18229
2026-09-08T15:33:41.433637Z  WARN foundry_evm_coverage::anchors: could not find anchor item=Statement (location: (source ID: 82, lines: 422..423, bytes: 18199..18229), hits: 0) err=Could not find anchor: No matching instruction in range source ID: 82, lines: 422..423, bytes: 18199..18229
2026-09-08T15:33:41.433639Z  WARN foundry_evm_coverage::anchors: could not find anchor item=Line (location: (source ID: 82, lines: 426..444, bytes: 18349..18971), hits: 0) err=Could not find anchor: No matching instruction in range source ID: 82, lines: 426..444, bytes: 18349..18971
2026-09-08T15:33:41.433641Z  WARN foundry_evm_coverage::anchors: could not find anchor item=Function "_insert" (location: (source ID: 82, lines: 426..444, bytes: 18349..18971), hits: 0) err=Could not find anchor: No matching instruction in range source ID: 82, lines: 426..444, bytes: 18349..18971
2026-09-08T15:33:41.433643Z  WARN foundry_evm_coverage::anchors: could not find anchor item=Line (location: (source ID: 82, lines: 427..428, bytes: 18396..18422), hits: 0) err=Could not find anchor: No matching instruction in range source ID: 82, lines: 427..428, bytes: 18396..18422
2026-09-08T15:33:41.433645Z  WARN foundry_evm_coverage::anchors: could not find anchor item=Statement (location: (source ID: 82, lines: 427..428, bytes: 18396..18422), hits: 0) err=Could not find anchor: No matching instruction in range source ID: 82, lines: 427..428, bytes: 18396..18422
2026-09-08T15:33:41.433647Z  WARN foundry_evm_coverage::anchors: could not find anchor item=Line (location: (source ID: 82, lines: 428..429, bytes: 18432..18454), hits: 0) err=Could not find anchor: No matching instruction in range source ID: 82, lines: 428..429, bytes: 18432..18454
2026-09-08T15:33:41.433649Z  WARN foundry_evm_coverage::anchors: could not find anchor item=Statement (location: (source ID: 82, lines: 428..429, bytes: 18432..18454), hits: 0) err=Could not find anchor: No matching instruction in range source ID: 82, lines: 428..429, bytes: 18432..18454
2026-09-08T15:33:41.433651Z  WARN foundry_evm_coverage::anchors: could not find anchor item=Line (location: (source ID: 82, lines: 429..430, bytes: 18464..18480), hits: 0) err=Could not find anchor: No matching instruction in range source ID: 82, lines: 429..430, bytes: 18464..18480
2026-09-08T15:33:41.433653Z  WARN foundry_evm_coverage::anchors: could not find anchor item=Statement (location: (source ID: 82, lines: 429..430, bytes: 18464..18480), hits: 0) err=Could not find anchor: No matching instruction in range source ID: 82, lines: 429..430, bytes: 18464..18480
2026-09-08T15:33:41.433655Z  WARN foundry_evm_coverage::anchors: could not find anchor item=Line (location: (source ID: 82, lines: 430..431, bytes: 18497..18509), hits: 0) err=Could not find anchor: No matching instruction in range source ID: 82, lines: 430..431, bytes: 18497..18509
2026-09-08T15:33:41.433657Z  WARN foundry_evm_coverage::anchors: could not find anchor item=Statement (location: (source ID: 82, lines: 430..431, bytes: 18497..18509), hits: 0) err=Could not find anchor: No matching instruction in range source ID: 82, lines: 430..431, bytes: 18497..18509
2026-09-08T15:33:41.433659Z  WARN foundry_evm_coverage::anchors: could not find anchor item=Line (location: (source ID: 82, lines: 431..432, bytes: 18525..18558), hits: 0) err=Could not find anchor: No matching instruction in range source ID: 82, lines: 431..432, bytes: 18525..18558
2026-09-08T15:33:41.433660Z  WARN foundry_evm_coverage::anchors: could not find anchor item=Statement (location: (source ID: 82, lines: 431..432, bytes: 18525..18558), hits: 0) err=Could not find anchor: No matching instruction in range source ID: 82, lines: 431..432, bytes: 18525..18558
2026-09-08T15:33:41.433662Z  WARN foundry_evm_coverage::anchors: could not find anchor item=Line (location: (source ID: 82, lines: 432..433, bytes: 18576..18601), hits: 0) err=Could not find anchor: No matching instruction in range source ID: 82, lines: 432..433, bytes: 18576..18601
2026-09-08T15:33:41.433664Z  WARN foundry_evm_coverage::anchors: could not find anchor item=Statement (location: (source ID: 82, lines: 432..433, bytes: 18576..18601), hits: 0) err=Could not find anchor: No matching instruction in range source ID: 82, lines: 432..433, bytes: 18576..18601
2026-09-08T15:33:41.433666Z  WARN foundry_evm_coverage::anchors: could not find anchor item=Statement (location: (source ID: 82, lines: 432..433, bytes: 18576..18649), hits: 0) err=Could not find anchor: No matching instruction in range source ID: 82, lines: 432..433, bytes: 18576..18649
2026-09-08T15:33:41.433668Z  WARN foundry_evm_coverage::anchors: could not find anchor item=Statement (location: (source ID: 82, lines: 432..433, bytes: 18651..18656), hits: 0) err=Could not find anchor: No matching instruction in range source ID: 82, lines: 432..433, bytes: 18651..18656
2026-09-08T15:33:41.433670Z  WARN foundry_evm_coverage::anchors: could not find anchor item=Branch (branch: 48, path: 0) (location: (source ID: 82, lines: 432..433, bytes: 18651..18656), hits: 0) err=Could not find anchor: No matching instruction in range source ID: 82, lines: 432..433, bytes: 18651..18656
2026-09-08T15:33:41.433672Z  WARN foundry_evm_coverage::anchors: could not find anchor item=Line (location: (source ID: 82, lines: 433..434, bytes: 18670..18688), hits: 0) err=Could not find anchor: No matching instruction in range source ID: 82, lines: 433..434, bytes: 18670..18688
2026-09-08T15:33:41.433674Z  WARN foundry_evm_coverage::anchors: could not find anchor item=Statement (location: (source ID: 82, lines: 433..434, bytes: 18670..18688), hits: 0) err=Could not find anchor: No matching instruction in range source ID: 82, lines: 433..434, bytes: 18670..18688
2026-09-08T15:33:41.433676Z  WARN foundry_evm_coverage::anchors: could not find anchor item=Line (location: (source ID: 82, lines: 434..435, bytes: 18702..18722), hits: 0) err=Could not find anchor: No matching instruction in range source ID: 82, lines: 434..435, bytes: 18702..18722
2026-09-08T15:33:41.433678Z  WARN foundry_evm_coverage::anchors: could not find anchor item=Statement (location: (source ID: 82, lines: 434..435, bytes: 18702..18722), hits: 0) err=Could not find anchor: No matching instruction in range source ID: 82, lines: 434..435, bytes: 18702..18722
2026-09-08T15:33:41.433680Z  WARN foundry_evm_coverage::anchors: could not find anchor item=Line (location: (source ID: 82, lines: 436..437, bytes: 18742..18761), hits: 0) err=Could not find anchor: No matching instruction in range source ID: 82, lines: 436..437, bytes: 18742..18761
2026-09-08T15:33:41.433682Z  WARN foundry_evm_coverage::anchors: could not find anchor item=Statement (location: (source ID: 82, lines: 436..437, bytes: 18742..18761), hits: 0) err=Could not find anchor: No matching instruction in range source ID: 82, lines: 436..437, bytes: 18742..18761
2026-09-08T15:33:41.433683Z  WARN foundry_evm_coverage::anchors: could not find anchor item=Line (location: (source ID: 82, lines: 437..438, bytes: 18771..18789), hits: 0) err=Could not find anchor: No matching instruction in range source ID: 82, lines: 437..438, bytes: 18771..18789
2026-09-08T15:33:41.433685Z  WARN foundry_evm_coverage::anchors: could not find anchor item=Statement (location: (source ID: 82, lines: 437..438, bytes: 18771..18789), hits: 0) err=Could not find anchor: No matching instruction in range source ID: 82, lines: 437..438, bytes: 18771..18789
2026-09-08T15:33:41.433687Z  WARN foundry_evm_coverage::anchors: could not find anchor item=Line (location: (source ID: 82, lines: 438..439, bytes: 18803..18816), hits: 0) err=Could not find anchor: No matching instruction in range source ID: 82, lines: 438..439, bytes: 18803..18816
2026-09-08T15:33:41.433689Z  WARN foundry_evm_coverage::anchors: could not find anchor item=Statement (location: (source ID: 82, lines: 438..439, bytes: 18803..18816), hits: 0) err=Could not find anchor: No matching instruction in range source ID: 82, lines: 438..439, bytes: 18803..18816
2026-09-08T15:33:41.433691Z  WARN foundry_evm_coverage::anchors: could not find anchor item=Statement (location: (source ID: 82, lines: 438..439, bytes: 18818..18827), hits: 0) err=Could not find anchor: No matching instruction in range source ID: 82, lines: 438..439, bytes: 18818..18827
2026-09-08T15:33:41.433693Z  WARN foundry_evm_coverage::anchors: could not find anchor item=Branch (branch: 49, path: 0) (location: (source ID: 82, lines: 438..439, bytes: 18818..18827), hits: 0) err=Could not find anchor: No matching instruction in range source ID: 82, lines: 438..439, bytes: 18818..18827
2026-09-08T15:33:41.433700Z  WARN foundry_evm_coverage::anchors: could not find anchor item=Branch (branch: 49, path: 1) (location: (source ID: 82, lines: 438..440, bytes: 18799..18866), hits: 0) err=Could not detect branches in source: source ID: 82, lines: 438..440, bytes: 18799..18866
2026-09-08T15:33:41.433702Z  WARN foundry_evm_coverage::anchors: could not find anchor item=Line (location: (source ID: 82, lines: 439..440, bytes: 18842..18866), hits: 0) err=Could not find anchor: No matching instruction in range source ID: 82, lines: 439..440, bytes: 18842..18866
2026-09-08T15:33:41.433704Z  WARN foundry_evm_coverage::anchors: could not find anchor item=Statement (location: (source ID: 82, lines: 439..440, bytes: 18842..18866), hits: 0) err=Could not find anchor: No matching instruction in range source ID: 82, lines: 439..440, bytes: 18842..18866
2026-09-08T15:33:41.433706Z  WARN foundry_evm_coverage::anchors: could not find anchor item=Line (location: (source ID: 82, lines: 440..441, bytes: 18880..18892), hits: 0) err=Could not find anchor: No matching instruction in range source ID: 82, lines: 440..441, bytes: 18880..18892
2026-09-08T15:33:41.433708Z  WARN foundry_evm_coverage::anchors: could not find anchor item=Statement (location: (source ID: 82, lines: 440..441, bytes: 18880..18892), hits: 0) err=Could not find anchor: No matching instruction in range source ID: 82, lines: 440..441, bytes: 18880..18892
2026-09-08T15:33:41.433710Z  WARN foundry_evm_coverage::anchors: could not find anchor item=Statement (location: (source ID: 82, lines: 440..441, bytes: 18894..18903), hits: 0) err=Could not find anchor: No matching instruction in range source ID: 82, lines: 440..441, bytes: 18894..18903
2026-09-08T15:33:41.433711Z  WARN foundry_evm_coverage::anchors: could not find anchor item=Branch (branch: 50, path: 0) (location: (source ID: 82, lines: 440..441, bytes: 18894..18903), hits: 0) err=Could not find anchor: No matching instruction in range source ID: 82, lines: 440..441, bytes: 18894..18903
2026-09-08T15:33:41.433717Z  WARN foundry_evm_coverage::anchors: could not find anchor item=Branch (branch: 50, path: 1) (location: (source ID: 82, lines: 440..442, bytes: 18876..18941), hits: 0) err=Could not detect branches in source: source ID: 82, lines: 440..442, bytes: 18876..18941
2026-09-08T15:33:41.433719Z  WARN foundry_evm_coverage::anchors: could not find anchor item=Line (location: (source ID: 82, lines: 441..442, bytes: 18918..18941), hits: 0) err=Could not find anchor: No matching instruction in range source ID: 82, lines: 441..442, bytes: 18918..18941
2026-09-08T15:33:41.433721Z  WARN foundry_evm_coverage::anchors: could not find anchor item=Statement (location: (source ID: 82, lines: 441..442, bytes: 18918..18941), hits: 0) err=Could not find anchor: No matching instruction in range source ID: 82, lines: 441..442, bytes: 18918..18941
2026-09-08T15:33:41.433723Z  WARN foundry_evm_coverage::anchors: could not find anchor item=Line (location: (source ID: 82, lines: 442..443, bytes: 18951..18964), hits: 0) err=Could not find anchor: No matching instruction in range source ID: 82, lines: 442..443, bytes: 18951..18964
2026-09-08T15:33:41.433725Z  WARN foundry_evm_coverage::anchors: could not find anchor item=Statement (location: (source ID: 82, lines: 442..443, bytes: 18951..18964), hits: 0) err=Could not find anchor: No matching instruction in range source ID: 82, lines: 442..443, bytes: 18951..18964
2026-09-08T15:33:41.433727Z  WARN foundry_evm_coverage::anchors: could not find anchor item=Line (location: (source ID: 82, lines: 445..455, bytes: 18977..19302), hits: 0) err=Could not find anchor: No matching instruction in range source ID: 82, lines: 445..455, bytes: 18977..19302
2026-09-08T15:33:41.433729Z  WARN foundry_evm_coverage::anchors: could not find anchor item=Function "_unlink" (location: (source ID: 82, lines: 445..455, bytes: 18977..19302), hits: 0) err=Could not find anchor: No matching instruction in range source ID: 82, lines: 445..455, bytes: 18977..19302
2026-09-08T15:33:41.433731Z  WARN foundry_evm_coverage::anchors: could not find anchor item=Line (location: (source ID: 82, lines: 446..447, bytes: 19024..19050), hits: 0) err=Could not find anchor: No matching instruction in range source ID: 82, lines: 446..447, bytes: 19024..19050
2026-09-08T15:33:41.433733Z  WARN foundry_evm_coverage::anchors: could not find anchor item=Statement (location: (source ID: 82, lines: 446..447, bytes: 19024..19050), hits: 0) err=Could not find anchor: No matching instruction in range source ID: 82, lines: 446..447, bytes: 19024..19050
2026-09-08T15:33:41.433735Z  WARN foundry_evm_coverage::anchors: could not find anchor item=Line (location: (source ID: 82, lines: 447..448, bytes: 19064..19077), hits: 0) err=Could not find anchor: No matching instruction in range source ID: 82, lines: 447..448, bytes: 19064..19077
2026-09-08T15:33:41.433737Z  WARN foundry_evm_coverage::anchors: could not find anchor item=Statement (location: (source ID: 82, lines: 447..448, bytes: 19064..19077), hits: 0) err=Could not find anchor: No matching instruction in range source ID: 82, lines: 447..448, bytes: 19064..19077
2026-09-08T15:33:41.433739Z  WARN foundry_evm_coverage::anchors: could not find anchor item=Statement (location: (source ID: 82, lines: 447..448, bytes: 19079..19094), hits: 0) err=Could not find anchor: No matching instruction in range source ID: 82, lines: 447..448, bytes: 19079..19094
2026-09-08T15:33:41.433741Z  WARN foundry_evm_coverage::anchors: could not find anchor item=Branch (branch: 51, path: 0) (location: (source ID: 82, lines: 447..448, bytes: 19079..19094), hits: 0) err=Could not find anchor: No matching instruction in range source ID: 82, lines: 447..448, bytes: 19079..19094
2026-09-08T15:33:41.433747Z  WARN foundry_evm_coverage::anchors: could not find anchor item=Branch (branch: 51, path: 1) (location: (source ID: 82, lines: 447..449, bytes: 19060..19139), hits: 0) err=Could not detect branches in source: source ID: 82, lines: 447..449, bytes: 19060..19139
2026-09-08T15:33:41.433749Z  WARN foundry_evm_coverage::anchors: could not find anchor item=Line (location: (source ID: 82, lines: 448..449, bytes: 19109..19139), hits: 0) err=Could not find anchor: No matching instruction in range source ID: 82, lines: 448..449, bytes: 19109..19139
2026-09-08T15:33:41.433751Z  WARN foundry_evm_coverage::anchors: could not find anchor item=Statement (location: (source ID: 82, lines: 448..449, bytes: 19109..19139), hits: 0) err=Could not find anchor: No matching instruction in range source ID: 82, lines: 448..449, bytes: 19109..19139
2026-09-08T15:33:41.433753Z  WARN foundry_evm_coverage::anchors: could not find anchor item=Line (location: (source ID: 82, lines: 449..450, bytes: 19153..19166), hits: 0) err=Could not find anchor: No matching instruction in range source ID: 82, lines: 449..450, bytes: 19153..19166
2026-09-08T15:33:41.433755Z  WARN foundry_evm_coverage::anchors: could not find anchor item=Statement (location: (source ID: 82, lines: 449..450, bytes: 19153..19166), hits: 0) err=Could not find anchor: No matching instruction in range source ID: 82, lines: 449..450, bytes: 19153..19166
2026-09-08T15:33:41.433757Z  WARN foundry_evm_coverage::anchors: could not find anchor item=Statement (location: (source ID: 82, lines: 449..450, bytes: 19168..19183), hits: 0) err=Could not find anchor: No matching instruction in range source ID: 82, lines: 449..450, bytes: 19168..19183
2026-09-08T15:33:41.433759Z  WARN foundry_evm_coverage::anchors: could not find anchor item=Branch (branch: 52, path: 0) (location: (source ID: 82, lines: 449..450, bytes: 19168..19183), hits: 0) err=Could not find anchor: No matching instruction in range source ID: 82, lines: 449..450, bytes: 19168..19183
2026-09-08T15:33:41.433764Z  WARN foundry_evm_coverage::anchors: could not find anchor item=Branch (branch: 52, path: 1) (location: (source ID: 82, lines: 449..451, bytes: 19149..19228), hits: 0) err=Could not detect branches in source: source ID: 82, lines: 449..451, bytes: 19149..19228
2026-09-08T15:33:41.433766Z  WARN foundry_evm_coverage::anchors: could not find anchor item=Line (location: (source ID: 82, lines: 450..451, bytes: 19198..19228), hits: 0) err=Could not find anchor: No matching instruction in range source ID: 82, lines: 450..451, bytes: 19198..19228
2026-09-08T15:33:41.433768Z  WARN foundry_evm_coverage::anchors: could not find anchor item=Statement (location: (source ID: 82, lines: 450..451, bytes: 19198..19228), hits: 0) err=Could not find anchor: No matching instruction in range source ID: 82, lines: 450..451, bytes: 19198..19228
2026-09-08T15:33:41.433770Z  WARN foundry_evm_coverage::anchors: could not find anchor item=Line (location: (source ID: 82, lines: 451..452, bytes: 19238..19250), hits: 0) err=Could not find anchor: No matching instruction in range source ID: 82, lines: 451..452, bytes: 19238..19250
2026-09-08T15:33:41.433772Z  WARN foundry_evm_coverage::anchors: could not find anchor item=Statement (location: (source ID: 82, lines: 451..452, bytes: 19238..19250), hits: 0) err=Could not find anchor: No matching instruction in range source ID: 82, lines: 451..452, bytes: 19238..19250
2026-09-08T15:33:41.433777Z  WARN foundry_evm_coverage::anchors: could not find anchor item=Line (location: (source ID: 82, lines: 452..453, bytes: 19260..19272), hits: 0) err=Could not find anchor: No matching instruction in range source ID: 82, lines: 452..453, bytes: 19260..19272
2026-09-08T15:33:41.433779Z  WARN foundry_evm_coverage::anchors: could not find anchor item=Statement (location: (source ID: 82, lines: 452..453, bytes: 19260..19272), hits: 0) err=Could not find anchor: No matching instruction in range source ID: 82, lines: 452..453, bytes: 19260..19272
2026-09-08T15:33:41.433781Z  WARN foundry_evm_coverage::anchors: could not find anchor item=Line (location: (source ID: 82, lines: 453..454, bytes: 19282..19295), hits: 0) err=Could not find anchor: No matching instruction in range source ID: 82, lines: 453..454, bytes: 19282..19295
2026-09-08T15:33:41.433783Z  WARN foundry_evm_coverage::anchors: could not find anchor item=Statement (location: (source ID: 82, lines: 453..454, bytes: 19282..19295), hits: 0) err=Could not find anchor: No matching instruction in range source ID: 82, lines: 453..454, bytes: 19282..19295
2026-09-08T15:33:41.433785Z  WARN foundry_evm_coverage::anchors: could not find anchor item=Line (location: (source ID: 82, lines: 456..461, bytes: 19308..19502), hits: 0) err=Could not find anchor: No matching instruction in range source ID: 82, lines: 456..461, bytes: 19308..19502
2026-09-08T15:33:41.433787Z  WARN foundry_evm_coverage::anchors: could not find anchor item=Function "_extend" (location: (source ID: 82, lines: 456..461, bytes: 19308..19502), hits: 0) err=Could not find anchor: No matching instruction in range source ID: 82, lines: 456..461, bytes: 19308..19502
2026-09-08T15:33:41.433789Z  WARN foundry_evm_coverage::anchors: could not find anchor item=Line (location: (source ID: 82, lines: 457..458, bytes: 19349..19374), hits: 0) err=Could not find anchor: No matching instruction in range source ID: 82, lines: 457..458, bytes: 19349..19374
2026-09-08T15:33:41.433790Z  WARN foundry_evm_coverage::anchors: could not find anchor item=Statement (location: (source ID: 82, lines: 457..458, bytes: 19349..19374), hits: 0) err=Could not find anchor: No matching instruction in range source ID: 82, lines: 457..458, bytes: 19349..19374
2026-09-08T15:33:41.433792Z  WARN foundry_evm_coverage::anchors: could not find anchor item=Statement (location: (source ID: 82, lines: 457..458, bytes: 19349..19394), hits: 0) err=Could not find anchor: No matching instruction in range source ID: 82, lines: 457..458, bytes: 19349..19394
2026-09-08T15:33:41.433794Z  WARN foundry_evm_coverage::anchors: could not find anchor item=Statement (location: (source ID: 82, lines: 457..458, bytes: 19396..19402), hits: 0) err=Could not find anchor: No matching instruction in range source ID: 82, lines: 457..458, bytes: 19396..19402
2026-09-08T15:33:41.433796Z  WARN foundry_evm_coverage::anchors: could not find anchor item=Branch (branch: 53, path: 0) (location: (source ID: 82, lines: 457..458, bytes: 19396..19402), hits: 0) err=Could not find anchor: No matching instruction in range source ID: 82, lines: 457..458, bytes: 19396..19402
2026-09-08T15:33:41.433798Z  WARN foundry_evm_coverage::anchors: could not find anchor item=Line (location: (source ID: 82, lines: 458..459, bytes: 19412..19456), hits: 0) err=Could not find anchor: No matching instruction in range source ID: 82, lines: 458..459, bytes: 19412..19456
2026-09-08T15:33:41.433800Z  WARN foundry_evm_coverage::anchors: could not find anchor item=Statement (location: (source ID: 82, lines: 458..459, bytes: 19412..19456), hits: 0) err=Could not find anchor: No matching instruction in range source ID: 82, lines: 458..459, bytes: 19412..19456
2026-09-08T15:33:41.433802Z  WARN foundry_evm_coverage::anchors: could not find anchor item=Line (location: (source ID: 82, lines: 459..460, bytes: 19466..19495), hits: 0) err=Could not find anchor: No matching instruction in range source ID: 82, lines: 459..460, bytes: 19466..19495
2026-09-08T15:33:41.433804Z  WARN foundry_evm_coverage::anchors: could not find anchor item=Statement (location: (source ID: 82, lines: 459..460, bytes: 19466..19495), hits: 0) err=Could not find anchor: No matching instruction in range source ID: 82, lines: 459..460, bytes: 19466..19495
2026-09-08T15:33:41.433810Z  WARN foundry_evm_coverage::anchors: could not find anchor item=Line (location: (source ID: 82, lines: 469..475, bytes: 19784..20114), hits: 0) err=Could not find anchor: No matching instruction in range source ID: 82, lines: 469..475, bytes: 19784..20114
2026-09-08T15:33:41.433812Z  WARN foundry_evm_coverage::anchors: could not find anchor item=Function "_send" (location: (source ID: 82, lines: 469..475, bytes: 19784..20114), hits: 0) err=Could not find anchor: No matching instruction in range source ID: 82, lines: 469..475, bytes: 19784..20114
2026-09-08T15:33:41.433814Z  WARN foundry_evm_coverage::anchors: could not find anchor item=Line (location: (source ID: 82, lines: 470..471, bytes: 19864..19887), hits: 0) err=Could not find anchor: No matching instruction in range source ID: 82, lines: 470..471, bytes: 19864..19887
2026-09-08T15:33:41.433816Z  WARN foundry_evm_coverage::anchors: could not find anchor item=Statement (location: (source ID: 82, lines: 470..471, bytes: 19864..19887), hits: 0) err=Could not find anchor: No matching instruction in range source ID: 82, lines: 470..471, bytes: 19864..19887
2026-09-08T15:33:41.433818Z  WARN foundry_evm_coverage::anchors: could not find anchor item=Statement (location: (source ID: 82, lines: 470..471, bytes: 19864..19917), hits: 0) err=Could not find anchor: No matching instruction in range source ID: 82, lines: 470..471, bytes: 19864..19917
2026-09-08T15:33:41.433820Z  WARN foundry_evm_coverage::anchors: could not find anchor item=Statement (location: (source ID: 82, lines: 470..471, bytes: 19891..19917), hits: 0) err=Could not find anchor: No matching instruction in range source ID: 82, lines: 470..471, bytes: 19891..19917
2026-09-08T15:33:41.433822Z  WARN foundry_evm_coverage::anchors: could not find anchor item=Statement (location: (source ID: 82, lines: 470..471, bytes: 19919..19944), hits: 0) err=Could not find anchor: No matching instruction in range source ID: 82, lines: 470..471, bytes: 19919..19944
2026-09-08T15:33:41.433824Z  WARN foundry_evm_coverage::anchors: could not find anchor item=Branch (branch: 55, path: 0) (location: (source ID: 82, lines: 470..471, bytes: 19919..19944), hits: 0) err=Could not find anchor: No matching instruction in range source ID: 82, lines: 470..471, bytes: 19919..19944
2026-09-08T15:33:41.433826Z  WARN foundry_evm_coverage::anchors: could not find anchor item=Line (location: (source ID: 82, lines: 471..472, bytes: 19958..19969), hits: 0) err=Could not find anchor: No matching instruction in range source ID: 82, lines: 471..472, bytes: 19958..19969
2026-09-08T15:33:41.433828Z  WARN foundry_evm_coverage::anchors: could not find anchor item=Statement (location: (source ID: 82, lines: 471..472, bytes: 19958..19969), hits: 0) err=Could not find anchor: No matching instruction in range source ID: 82, lines: 471..472, bytes: 19958..19969
2026-09-08T15:33:41.433830Z  WARN foundry_evm_coverage::anchors: could not find anchor item=Statement (location: (source ID: 82, lines: 471..472, bytes: 19971..19997), hits: 0) err=Could not find anchor: No matching instruction in range source ID: 82, lines: 471..472, bytes: 19971..19997
2026-09-08T15:33:41.433832Z  WARN foundry_evm_coverage::anchors: could not find anchor item=Branch (branch: 56, path: 0) (location: (source ID: 82, lines: 471..472, bytes: 19971..19997), hits: 0) err=Could not find anchor: No matching instruction in range source ID: 82, lines: 471..472, bytes: 19971..19997
2026-09-08T15:33:41.433834Z  WARN foundry_evm_coverage::anchors: could not find anchor item=Line (location: (source ID: 82, lines: 472..473, bytes: 20007..20060), hits: 0) err=Could not find anchor: No matching instruction in range source ID: 82, lines: 472..473, bytes: 20007..20060
2026-09-08T15:33:41.433836Z  WARN foundry_evm_coverage::anchors: could not find anchor item=Statement (location: (source ID: 82, lines: 472..473, bytes: 20007..20060), hits: 0) err=Could not find anchor: No matching instruction in range source ID: 82, lines: 472..473, bytes: 20007..20060
2026-09-08T15:33:41.433838Z  WARN foundry_evm_coverage::anchors: could not find anchor item=Statement (location: (source ID: 82, lines: 472..473, bytes: 20025..20060), hits: 0) err=Could not find anchor: No matching instruction in range source ID: 82, lines: 472..473, bytes: 20025..20060
2026-09-08T15:33:41.433839Z  WARN foundry_evm_coverage::anchors: could not find anchor item=Line (location: (source ID: 82, lines: 473..474, bytes: 20074..20082), hits: 0) err=Could not find anchor: No matching instruction in range source ID: 82, lines: 473..474, bytes: 20074..20082
2026-09-08T15:33:41.433841Z  WARN foundry_evm_coverage::anchors: could not find anchor item=Statement (location: (source ID: 82, lines: 473..474, bytes: 20074..20082), hits: 0) err=Could not find anchor: No matching instruction in range source ID: 82, lines: 473..474, bytes: 20074..20082
2026-09-08T15:33:41.433843Z  WARN foundry_evm_coverage::anchors: could not find anchor item=Statement (location: (source ID: 82, lines: 473..474, bytes: 20084..20107), hits: 0) err=Could not find anchor: No matching instruction in range source ID: 82, lines: 473..474, bytes: 20084..20107
2026-09-08T15:33:41.433845Z  WARN foundry_evm_coverage::anchors: could not find anchor item=Branch (branch: 57, path: 0) (location: (source ID: 82, lines: 473..474, bytes: 20084..20107), hits: 0) err=Could not find anchor: No matching instruction in range source ID: 82, lines: 473..474, bytes: 20084..20107
2026-09-08T15:33:41.433855Z  WARN foundry_evm_coverage::anchors: could not find anchor item=Line (location: (source ID: 82, lines: 112..123, bytes: 4250..4819), hits: 0) err=Could not find anchor: No matching instruction in range source ID: 82, lines: 112..123, bytes: 4250..4819
2026-09-08T15:33:41.433863Z  WARN foundry_evm_coverage::anchors: could not find anchor item=Function "constructor" (location: (source ID: 82, lines: 112..123, bytes: 4250..4819), hits: 0) err=Could not find anchor: No matching instruction in range source ID: 82, lines: 112..123, bytes: 4250..4819
2026-09-08T15:33:41.433870Z  WARN foundry_evm_coverage::anchors: could not find anchor item=Line (location: (source ID: 82, lines: 113..114, bytes: 4298..4322), hits: 0) err=Could not find anchor: No matching instruction in range source ID: 82, lines: 113..114, bytes: 4298..4322
2026-09-08T15:33:41.433878Z  WARN foundry_evm_coverage::anchors: could not find anchor item=Statement (location: (source ID: 82, lines: 113..114, bytes: 4298..4322), hits: 0) err=Could not find anchor: No matching instruction in range source ID: 82, lines: 113..114, bytes: 4298..4322
2026-09-08T15:33:41.433885Z  WARN foundry_evm_coverage::anchors: could not find anchor item=Statement (location: (source ID: 82, lines: 113..114, bytes: 4298..4361), hits: 0) err=Could not find anchor: No matching instruction in range source ID: 82, lines: 113..114, bytes: 4298..4361
2026-09-08T15:33:41.433893Z  WARN foundry_evm_coverage::anchors: could not find anchor item=Statement (location: (source ID: 82, lines: 113..114, bytes: 4326..4361), hits: 0) err=Could not find anchor: No matching instruction in range source ID: 82, lines: 113..114, bytes: 4326..4361
2026-09-08T15:33:41.433900Z  WARN foundry_evm_coverage::anchors: could not find anchor item=Statement (location: (source ID: 82, lines: 113..114, bytes: 4363..4392), hits: 0) err=Could not find anchor: No matching instruction in range source ID: 82, lines: 113..114, bytes: 4363..4392
2026-09-08T15:33:41.433907Z  WARN foundry_evm_coverage::anchors: could not find anchor item=Branch (branch: 0, path: 0) (location: (source ID: 82, lines: 113..114, bytes: 4363..4392), hits: 0) err=Could not find anchor: No matching instruction in range source ID: 82, lines: 113..114, bytes: 4363..4392
2026-09-08T15:33:41.433916Z  WARN foundry_evm_coverage::anchors: could not find anchor item=Line (location: (source ID: 82, lines: 114..115, bytes: 4402..4436), hits: 0) err=Could not find anchor: No matching instruction in range source ID: 82, lines: 114..115, bytes: 4402..4436
2026-09-08T15:33:41.433923Z  WARN foundry_evm_coverage::anchors: could not find anchor item=Statement (location: (source ID: 82, lines: 114..115, bytes: 4402..4436), hits: 0) err=Could not find anchor: No matching instruction in range source ID: 82, lines: 114..115, bytes: 4402..4436
2026-09-08T15:33:41.433931Z  WARN foundry_evm_coverage::anchors: could not find anchor item=Line (location: (source ID: 82, lines: 115..116, bytes: 4446..4480), hits: 0) err=Could not find anchor: No matching instruction in range source ID: 82, lines: 115..116, bytes: 4446..4480
2026-09-08T15:33:41.433938Z  WARN foundry_evm_coverage::anchors: could not find anchor item=Statement (location: (source ID: 82, lines: 115..116, bytes: 4446..4480), hits: 0) err=Could not find anchor: No matching instruction in range source ID: 82, lines: 115..116, bytes: 4446..4480
2026-09-08T15:33:41.433946Z  WARN foundry_evm_coverage::anchors: could not find anchor item=Line (location: (source ID: 82, lines: 116..117, bytes: 4490..4518), hits: 0) err=Could not find anchor: No matching instruction in range source ID: 82, lines: 116..117, bytes: 4490..4518
2026-09-08T15:33:41.433953Z  WARN foundry_evm_coverage::anchors: could not find anchor item=Statement (location: (source ID: 82, lines: 116..117, bytes: 4490..4518), hits: 0) err=Could not find anchor: No matching instruction in range source ID: 82, lines: 116..117, bytes: 4490..4518
2026-09-08T15:33:41.433960Z  WARN foundry_evm_coverage::anchors: could not find anchor item=Line (location: (source ID: 82, lines: 117..118, bytes: 4528..4589), hits: 0) err=Could not find anchor: No matching instruction in range source ID: 82, lines: 117..118, bytes: 4528..4589
2026-09-08T15:33:41.433968Z  WARN foundry_evm_coverage::anchors: could not find anchor item=Statement (location: (source ID: 82, lines: 117..118, bytes: 4528..4589), hits: 0) err=Could not find anchor: No matching instruction in range source ID: 82, lines: 117..118, bytes: 4528..4589
2026-09-08T15:33:41.433975Z  WARN foundry_evm_coverage::anchors: could not find anchor item=Line (location: (source ID: 82, lines: 118..119, bytes: 4599..4623), hits: 0) err=Could not find anchor: No matching instruction in range source ID: 82, lines: 118..119, bytes: 4599..4623
2026-09-08T15:33:41.433983Z  WARN foundry_evm_coverage::anchors: could not find anchor item=Statement (location: (source ID: 82, lines: 118..119, bytes: 4599..4623), hits: 0) err=Could not find anchor: No matching instruction in range source ID: 82, lines: 118..119, bytes: 4599..4623
2026-09-08T15:33:41.433990Z  WARN foundry_evm_coverage::anchors: could not find anchor item=Line (location: (source ID: 82, lines: 119..121, bytes: 4633..4760), hits: 0) err=Could not find anchor: No matching instruction in range source ID: 82, lines: 119..121, bytes: 4633..4760
2026-09-08T15:33:41.433998Z  WARN foundry_evm_coverage::anchors: could not find anchor item=Statement (location: (source ID: 82, lines: 119..121, bytes: 4633..4760), hits: 0) err=Could not find anchor: No matching instruction in range source ID: 82, lines: 119..121, bytes: 4633..4760
2026-09-08T15:33:41.434005Z  WARN foundry_evm_coverage::anchors: could not find anchor item=Line (location: (source ID: 82, lines: 121..122, bytes: 4770..4812), hits: 0) err=Could not find anchor: No matching instruction in range source ID: 82, lines: 121..122, bytes: 4770..4812
2026-09-08T15:33:41.434012Z  WARN foundry_evm_coverage::anchors: could not find anchor item=Statement (location: (source ID: 82, lines: 121..122, bytes: 4770..4812), hits: 0) err=Could not find anchor: No matching instruction in range source ID: 82, lines: 121..122, bytes: 4770..4812
Running tests...

Ran 6 tests for test/Deployment.t.sol:DeploymentTest
[PASS] testChainMismatchAndUnsupportedNetwork() (gas: 54575)
[PASS] testDeploymentRunLoadsEnvironmentAndBindsAllContracts() (gas: 10668278)
[PASS] testLeadTimeAndFixed48HourDuration() (gas: 10643950)
[PASS] testNoSilentNumericTruncation() (gas: 86310)
[PASS] testRejectsZeroPayoutAndEmptyMetadata() (gas: 91016)
[PASS] testValidatesDeploymentConfiguration() (gas: 34883)
Suite result: ok. 6 passed; 0 failed; 0 skipped; finished in 13.38ms (5.51ms CPU time)

Ran 1 test for test/FullAuditReview.t.sol:DeploymentRoyaltyAuditTest
[PASS] testDeploymentRejectsRateThatTradingSetupCannotAccept() (gas: 13515218)
Suite result: ok. 1 passed; 0 failed; 0 skipped; finished in 784.58µs (397.96µs CPU time)

Ran 3 tests for test/Metadata.t.sol:MetadataTest
[PASS] testBaseEndpointMustEndWithSlash() (gas: 10877065)
[PASS] testDistinctOffchainEndpointsForAuctionAndReservedNfts() (gas: 3031882)
[PASS] testNoOnchainRevealAuthority() (gas: 3023623)
Suite result: ok. 3 passed; 0 failed; 0 skipped; finished in 14.81ms (6.04ms CPU time)

Ran 11 tests for test/AdminFeatures.t.sol:AdminFeaturesTest
[PASS] testMetadataAuthorizationValidationAndWalletRotation() (gas: 114582)
[PASS] testMetadataUpdateChangesAllMintedAndFutureEndpointsAndEmitsRefresh() (gas: 3079069)
[PASS] testOwnCollectionCannotBeRescuedOrBypassRoyalties() (gas: 3108002)
[PASS] testRejectInvalidTokenRecipientAndAmount() (gas: 1068862)
[PASS] testRejectedRescuePreservesForeignBalancesAndCannotTakeThirdPartyNFT() (gas: 4562309)
[PASS] testRescueAllThreeTokenTypesFromAllThreeContracts() (gas: 4625503)
[PASS] testRescueAuthorityFollowsAcceptedWalletForEveryContractAndTokenType() (gas: 4720897)
[PASS] testRescueCannotReenterAnyContractEvenWhenRecipientIsAdmin() (gas: 3036970)
[PASS] testRescueFunctionsRejectEthPayments() (gas: 101257)
[PASS] testRescueLeavesEthAndAuctionRefundAccountingUntouched() (gas: 1426561)
[PASS] testSafeERC20SupportsNoReturnAndRejectsFalseReturn() (gas: 399464)
Suite result: ok. 11 passed; 0 failed; 0 skipped; finished in 21.80ms (12.99ms CPU time)

Ran 14 tests for test/PayoutWallet.t.sol:PayoutWalletTest
[PASS] testAccruedAndFutureBusinessRevenueMovesWhileBidderAndSellerFundsStayOwned() (gas: 3508259)
[PASS] testConstructorRejectsSystemAddressesAsPayoutWallet() (gas: 19608369)
[PASS] testFormerWalletKeepsItsOwnSellerCreditsAndBidderRefunds() (gas: 839599)
[PASS] testNominationCanBeReplacedOrCancelledAndStaleAcceptanceFails() (gas: 74011)
[PASS] testNominationRequiresAcceptanceAndEmitsBothEvents() (gas: 65132)
[PASS] testOutsidersCannotProposeAcceptOrCancel() (gas: 86936)
[PASS] testPrimaryAuctionHasNoRoyaltiesEvenAt100PercentTradingRate() (gas: 11101719)
[PASS] testProceedsCallbackCannotRotateOrDoubleWithdraw() (gas: 1358056)
[PASS] testRejectingContractWalletCanAcceptAndRedirectPayments() (gas: 522739)
[PASS] testRepeatedRotationsRevokeFormerWallets() (gas: 121154)
[PASS] testRotatingDuringLiveAuctionDoesNotAlterBidsOrAuctionTerms() (gas: 328182)
[PASS] testRoyaltiesWithdrawalValidationAndDoubleWithdrawal() (gas: 3305406)
[PASS] testRoyaltyWithdrawalCannotReenterSellerWithdrawal() (gas: 4304170)
[PASS] testUnsafePayoutWalletsAreRejected() (gas: 75781)
Suite result: ok. 14 passed; 0 failed; 0 skipped; finished in 27.03ms (18.16ms CPU time)

Ran 18 tests for test/OpenSeaIntegration.t.sol:OpenSeaIntegrationTest
[PASS] testActualOpenSeaConduitPaysTenPercent() (gas: 360948)
[PASS] testActualSeaportAndSignedZonePayTenPercentAndClearAuthorization() (gas: 348659)
[PASS] testActualSeaportERC20OfferAcceptancePaysTenPercent() (gas: 1125238)
[PASS] testConduitApprovalAloneCannotBypassRoyalties() (gas: 216464)
[PASS] testConfigurationRejectsMissingRegistryAndUnauthorizedCaller() (gas: 50358)
[PASS] testCreatorTokenInterfacesAndStrictRegistryConfiguration() (gas: 69514)
[PASS] testFilledSeaportOrderCannotReplay() (gas: 315449)
[PASS] testMissingFakeExpiredAndWrongFulfillerSignaturesFail() (gas: 266567)
[PASS] testOpenSeaConduitWorksWithInertAutoApprovalFlagEnabled() (gas: 371749)
[PASS] testOpenSeaERC20OfferWorksWithInertAutoApprovalFlagEnabled() (gas: 1142926)
[PASS] testOpenSeaTransferInvalidatesExistingLocalListing() (gas: 573224)
[PASS] testOrdinarySeaportOrderCannotBypassRoyalties() (gas: 128758)
[PASS] testOtherCompatibleMarketplaceTradesWithoutCustomMarket() (gas: 836488)
[PASS] testRemovingRoyaltyCannotReuseZoneAuthorization() (gas: 138211)
[PASS] testRotationMovesCreatorTokenAdministrationAndNewSaleRoyalties() (gas: 306868)
[PASS] testUnconfiguredEditionCanMintButCannotTransfer() (gas: 6486601)
[PASS] testUnsetValidatorCannotDisableEnforcement() (gas: 560751)
[PASS] testZoneAuthorizationCannotMoveAnotherToken() (gas: 145866)
Suite result: ok. 18 passed; 0 failed; 0 skipped; finished in 33.34ms (23.12ms CPU time)

Ran 6 tests for test/AdminAudit.t.sol:AdminAuditTest
[PASS] testERC1155AdminReceiverCannotReenterRescueOnAnyContract() (gas: 3010446)
[PASS] testERC20CallbackCannotReenterAuctionMetadataOrRoyaltyWithdrawal() (gas: 1573951)
[PASS] testFalseReturningERC20RollsBackTransferAndCallbackState() (gas: 1486181)
[PASS] testFuzzRescueConservesForeignTokenBalances(uint96,uint96,uint8) (runs: 32, μ: 2661492, ~: 2663257)
[PASS] testMetadataAndRescuePreserveAccruedSellerAndRoyaltyCredits() (gas: 4148530)
[PASS] testRescueDoesNotBypassRecoveryDelayOrCloseRefundsAfterEligibility() (gas: 1340100)
Suite result: ok. 6 passed; 0 failed; 0 skipped; finished in 55.84ms (50.46ms CPU time)

Ran 10 tests for test/TieredAllocation.t.sol:TieredAllocationTest
[PASS] testFixedSupplyAnd48HourDuration() (gas: 23889)
[PASS] testRejectedReservedBatchRollsBackAndCanBeRedirected() (gas: 1464704)
[PASS] testReservedAllocationIndependentOfAuctionAndClaimOrder() (gas: 18676263)
[PASS] testReservedReceiverCannotReenterClaimsOrRotateWallet() (gas: 1506554)
[PASS] testReservedValidationAndLifetimeLimit() (gas: 410363)
[PASS] testRotationTransfersOnlyUnclaimedReservedEntitlements() (gas: 419966)
[PASS] testSingleWinnerPaysFullAndEmptyAuctionHasNoProceeds() (gas: 11005203)
[PASS] testTiedTopBidsUseOriginalBidPriorityAndDifferentCosts() (gas: 503906)
[PASS] testTopPaysFullAndOthersPay90thWithIndependentRefunds() (gas: 15666480)
[PASS] testWinningCostOnlyExistsForSettledWinners() (gas: 15417793)
Suite result: ok. 10 passed; 0 failed; 0 skipped; finished in 51.17ms (49.42ms CPU time)

Ran 7 tests for test/HolderApproval.t.sol:HolderApprovalTest
[PASS] testEnablingAutoApprovalBeforeMintingCannotSeizeFutureNFTs() (gas: 410501)
[PASS] testEnablingAutoApprovalBeforeValidatorReplacementCannotSeize() (gas: 3314374)
[PASS] testExplicitTokenApprovalStillWorksAndClearsOnTransfer() (gas: 3392926)
[PASS] testFuzzValidatorNeedsHolderConsent(uint8,bool,bool) (runs: 32, μ: 3318369, ~: 3318448)
[PASS] testPayoutRotationCannotGrantHolderApprovals() (gas: 3332713)
[PASS] testPayoutWalletCannotSeizeAnyOfThe100MintedNFTs() (gas: 4991926)
[PASS] testRevokingExplicitOperatorApprovalCannotBeUndoneByTheCreator() (gas: 3406581)
Suite result: ok. 7 passed; 0 failed; 0 skipped; finished in 95.27ms (93.69ms CPU time)

Ran 28 tests for test/RoyaltyMarketplace.t.sol:RoyaltyMarketplaceTest
[PASS] testAllERC721TransferEntrypointsRequireRegistryAuthorization() (gas: 3067937)
[PASS] testApprovedUntrustedOperatorStillCannotTransfer() (gas: 3032060)
[PASS] testBuyRejectsInvalidPaymentAndRecipient() (gas: 3189148)
[PASS] testBuyerMayChooseDifferentReceiver() (gas: 3247600)
[PASS] testCancellingAnotherListingPreservesCompletedSale() (gas: 3309365)
[PASS] testERC165AndERC2981AndMetadata() (gas: 3071450)
[PASS] testERC721CallbackCannotReenterBuyOrCancel() (gas: 4435609)
[PASS] testExpiryExclusive() (gas: 3322315)
[PASS] testForcedEtherDoesNotCreateCredits() (gas: 3051246)
[PASS] testFullRoyaltyAndSameSellerReceiverDoNotLoseFunds() (gas: 14067332)
[PASS] testFuzzRoyaltyMathNoOverflow(uint256,uint96) (runs: 32, μ: 6380743, ~: 6381318)
[PASS] testFuzzTokenSaleConservesValue(uint128,uint16) (runs: 32, μ: 3256343, ~: 3256646)
[PASS] testIndividualSalesPayRoyaltyAndSellerExactly() (gas: 3401491)
[PASS] testListingRequirements() (gas: 3072935)
[PASS] testMintAuthorityUniqueIdsAndLifetimeCap() (gas: 9595262)
[PASS] testOneWeiSaleCannotRoundRoyaltyToZero() (gas: 3220409)
[PASS] testOnlySellerCanCancelAndListingIdNeverReused() (gas: 3173895)
[PASS] testOverlappingListingsCannotSellAnNftTwiceOrReviveOnReturn() (gas: 3630618)
[PASS] testRejectedMintRollsBackSupply() (gas: 9628332)
[PASS] testRejectingNFTReceiverCannotConsumeBuyerFunds() (gas: 3435385)
[PASS] testRejectingSellerAndRoyaltyReceiversCannotBlockSale() (gas: 14046702)
[PASS] testRevokedApprovalRollsBackFillAndCredit() (gas: 3273973)
[PASS] testSelfPurchasePaysRoyaltyAndInvalidatesOtherListings() (gas: 3295998)
[PASS] testTokenApprovalAllowsMarketAndClearsOnTransfer() (gas: 3291582)
[PASS] testTransfersCannotMintUnissuedIds() (gas: 33561)
[PASS] testUnsolicitedMarketEtherRejected() (gas: 15312)
[PASS] testWithdrawAccessValidationAndRevertsPreserveFunds() (gas: 3434821)
[PASS] testWithdrawalCallbackCannotReenter() (gas: 15152294)
Suite result: ok. 28 passed; 0 failed; 0 skipped; finished in 179.78ms (211.19ms CPU time)

Ran 43 tests for test/RankedAuction.t.sol:RankedAuctionTest
[PASS] testClaimsRequireSettlementAndValidBatches() (gas: 226074)
[PASS] testConfigurationAndBindings() (gas: 40716)
[PASS] testDisplacedBidCannotBeIncreasedOrClaimed() (gas: 15424456)
[PASS] testDisplacementNeverCallsRejectingBidder() (gas: 15562922)
[PASS] testDuplicateTokenClaimRevertsWholeBatch() (gas: 337799)
[PASS] testEmptyAuctionAndUnsoldClaim() (gas: 2740562)
[PASS] testEmptyPagination() (gas: 10298)
[PASS] testExactTimeBoundaries() (gas: 341717)
[PASS] testExistingBidRequiresTwoPointFivePercentRoundedUpAndCompounds() (gas: 338752)
[PASS] testExtensionDoesNotTruncateAtUint64Boundary() (gas: 11011208)
[PASS] testFinalRankFixesTokenIdsRegardlessOfClaimOrder() (gas: 836035)
[PASS] testForcedEtherCannotAlterPricingOrBeStolen() (gas: 337630)
[PASS] testFullyAllocatedOutbidAndFullLoserRefund() (gas: 15294119)
[PASS] testFuzzTieredSettlement(uint128,uint128,uint8) (runs: 32, μ: 5893672, ~: 5019761)
[PASS] testIncreaseMaintainsSizeAndOriginalTiePriority() (gas: 508972)
[PASS] testInvalidAndUnauthorizedIncrease() (gas: 245462)
[PASS] testLargeBidCannotTruncate() (gas: 39481)
[PASS] testMaximumFloorDoesNotOverflowAndCanSettle() (gas: 15261268)
[PASS] testMixedOwnerBatchCannotBeStolen() (gas: 445104)
[PASS] testOneWalletCanWinAll90() (gas: 18765847)
[PASS] testOneWeiReserveHasStrictPositiveIncrements() (gas: 25977772)
[PASS] testOnlyRankChangingIncreaseExtends() (gas: 371054)
[PASS] testOverflowIncreaseRejected() (gas: 209706)
[PASS] testPagination() (gas: 484642)
[PASS] testRankHeadMiddleTailAndStableTies() (gas: 603799)
[PASS] testRefundCallbackCannotDoubleWithdraw() (gas: 1504385)
[PASS] testRefundRecipientAndFailedProceedsValidation() (gas: 512938)
[PASS] testRejectBadAuctionConfiguration() (gas: 6751960)
[PASS] testRejectBadEditionConfiguration() (gas: 1393193)
[PASS] testRejectedLaterNftRollsBackEntireBatchAndCanBeRedirected() (gas: 1919045)
[PASS] testRejectingBidderCannotBlockBiddingSettlementOrRefunds() (gas: 901288)
[PASS] testSettlementTimingAndSingleUse() (gas: 144595)
[PASS] testSingleBidIncrease() (gas: 231749)
[PASS] testSoldOutClearingIsLowestWinnerNotHighestLoser() (gas: 15409142)
[PASS] testTenMinuteExtensionsContinueBeyond24Hours() (gas: 23468661)
[PASS] testThirdPartyCannotForceDeliveryBeforeWinnerRedirects() (gas: 428095)
[PASS] testTokenCallbackCannotReenterClaims() (gas: 1519479)
[PASS] testTreasuryCannotConsumeRefunds() (gas: 589596)
[PASS] testUnauthorisedClaimRedirectionAndPayouts() (gas: 429421)
[PASS] testUnderReserveAndZeroBidsRejected() (gas: 47090)
[PASS] testUnderSubscribedTieredReserveAndIndependentRefunds() (gas: 515978)
[PASS] testUnsoldIdsCannotConsumeUnclaimedWinningNfts() (gas: 3326284)
[PASS] testUnsolicitedEtherRejected() (gas: 15406)
Suite result: ok. 43 passed; 0 failed; 0 skipped; finished in 207.38ms (287.83ms CPU time)

Ran 5 tests for test/CrossContractAudit.t.sol:CrossContractAuditTest
[PASS] testFuzzClaimsCreditsAndWithdrawalsInDifferentOrders(uint256,uint8) (runs: 32, μ: 8768642, ~: 8287038)
[PASS] testLaterMintRejectionRollsBackEarlierCallbackSaleAndPayment() (gas: 1552999)
[PASS] testMintCallbackSalePreservesSeparateAuctionAndMarketAccounting() (gas: 1340233)
[PASS] testPayoutAcceptanceDuringSaleKeepsRoyaltiesAndBlocksNestedWithdrawal() (gas: 3749159)
[PASS] testRejectedSaleRollsBackPayoutAcceptanceAndEveryCredit() (gas: 3769331)
Suite result: ok. 5 passed; 0 failed; 0 skipped; finished in 222.24ms (229.44ms CPU time)

Ran 30 tests for test/BatchBidding.t.sol:BatchBiddingTest
[PASS] testBatchAtExactExtensionWindowDoesNotMoveEnd() (gas: 588074)
[PASS] testBatchBeforeStartRejectedThenAcceptedAtStart() (gas: 355571)
[PASS] testBatchOver90RejectedBeforeFundingOrBidding() (gas: 120226)
[PASS] testBatchRefundsStayOpenUntilRecoveryAfterSettlementDelay() (gas: 638250)
[PASS] testBatchRejectedAtEndAndAfterSettlement() (gas: 159028)
[PASS] testBatchWinnerTopUpsClaimsAndTieredRefundsRemainIndependent() (gas: 684823)
[PASS] testContractWalletOwnsBatchWithoutReceiverCallbacks() (gas: 789921)
[PASS] testDistinctBidAmountsOwnersIdsAndEvents() (gas: 541124)
[PASS] testEmptyBatchRejected() (gas: 51069)
[PASS] testExistingEscrowCannotFundAnotherWalletsBatch() (gas: 216738)
[PASS] testFillingLastSlotChangesMinimumWithinBatch() (gas: 15495782)
[PASS] testForcedSurplusCannotSubstituteForBatchPayment() (gas: 91501)
[PASS] testFuzzBatchMatchesSequentialBidding(uint96,uint8,uint8) (runs: 32, μ: 15119930, ~: 15439771)
[PASS] testFuzzInvalidLaterBidRollsBackEveryWei(uint96,uint8) (runs: 32, μ: 677104, ~: 726870)
[PASS] testInvalidLastBidRollsBackIdsEscrowAndExtension() (gas: 543986)
[PASS] testLateBatchExtendsOnceToTenMinutesFromTransaction() (gas: 707342)
[PASS] testLaterBidCanDisplaceEarlierBatchBidAndRefundOriginalWallet() (gas: 15524206)
[PASS] testMaximumBatchRetainsNinetyIndependentWinsAndTenReserves() (gas: 17927529)
[PASS] testMintCallbackCannotReenterBatchBiddingWhileLive() (gas: 1160915)
[PASS] testMultipleMaximumBatchesHaveNoWalletBidCap() (gas: 25927709)
[PASS] testNewFloorRejectsLaterBidAndRestoresDisplacedBid() (gas: 15361128)
[PASS] testOneElementBatchRetainsSingleBidBehavior() (gas: 428951)
[PASS] testOverflowingInputSumRevertsBeforeAnyBid() (gas: 50251)
[PASS] testOverpaymentRevertsWholeBatch() (gas: 59535)
[PASS] testOversizedIndividualBidCannotTruncateInBatch() (gas: 230211)
[PASS] testRefundCallbackCannotReenterBatchBidding() (gas: 16334076)
[PASS] testSingleAndBatchShareIdsAndStableTiePriority() (gas: 591438)
[PASS] testTotalCanExceedUint128WhileEveryBidFits() (gas: 491489)
[PASS] testUnderpaymentRevertsWholeBatch() (gas: 59098)
[PASS] testWeiFloorRoundsUpSeparatelyForEveryBatchBid() (gas: 26313358)
Suite result: ok. 30 passed; 0 failed; 0 skipped; finished in 364.46ms (482.05ms CPU time)

Ran 30 tests for test/RefundRecovery.t.sol:RefundRecoveryTest
[PASS] testAtomicLateSettlementAndRecoveryCannotCloseRefunds() (gas: 16078113)
[PASS] testCreditedRefundsCannotBeWithdrawnAfterRecovery() (gas: 15651998)
[PASS] testCreditingRemainsAvailableAtRecoveryEligibility() (gas: 15670989)
[PASS] testEmptyAuctionRecoveryCollectsOnlyForcedETH() (gas: 211041)
[PASS] testExtendedRefundCanBeCreditedAtOriginalEligibilityTime() (gas: 15744244)
[PASS] testFuzzRecoveryConservesClaimedRefundsAndRemainingETH(uint96,uint8,uint32,uint32) (runs: 32, μ: 15677544, ~: 15683432)
[PASS] testLateSettlementPastUint64PreservesRecoveryDelay() (gas: 15637124)
[PASS] testLateSettlementStartsFullRecoveryDelay() (gas: 15658093)
[PASS] testNormalProceedsWithdrawalDoesNotCloseRefunds() (gas: 15673944)
[PASS] testOnlyCurrentPayoutWalletCanRecoverNotOriginalDeployer() (gas: 15654980)
[PASS] testRecoveryAfterProceedsAndPartialRefundsIncludesForcedSurplus() (gas: 15748856)
[PASS] testRecoveryAuthorityFollowsAcceptedWalletRotation() (gas: 15645870)
[PASS] testRecoveryCannotNominateAnotherWalletDuringCallback() (gas: 16678828)
[PASS] testRecoveryCannotReenterRecovery() (gas: 16677970)
[PASS] testRecoveryClosesRefundsBeforeRecipientCallback() (gas: 15901289)
[PASS] testRecoveryEligibilityFollowsTheExtendedEnd() (gas: 15636113)
[PASS] testRecoveryLeavesWinningNFTsAndTradingCreditsAvailable() (gas: 16064591)
[PASS] testRecoveryPreservesUnsoldAndReservedMintEntitlements() (gas: 3416181)
[PASS] testRecoveryPreviewTracksExtensionsUntilSettlement() (gas: 15714551)
[PASS] testRecoveryRejectsEarlyCallsWithoutFreezingRefunds() (gas: 15659850)
[PASS] testRecoveryRejectsInvalidRecipientsAndEmptyRepeat() (gas: 15550114)
[PASS] testRecoveryTransfersCreditedUncreditedRefundsAndProceeds() (gas: 15619181)
[PASS] testRefundsCanBeCreditedAndWithdrawnBeforeRecoveryEligibility() (gas: 15660025)
[PASS] testRejectedRecoveryPreservesAllAccountingForRetry() (gas: 15803281)
[PASS] testRepeatedSettlementCannotResetRecoveryDate() (gas: 15655014)
[PASS] testSettlementOnDay27GivesFull28Days() (gas: 15638522)
[PASS] testUncreditedRefundsCannotRecreateLiabilitiesAfterRecovery() (gas: 15651581)
[PASS] testUnsettledRecoveryCannotEraseWinnerAllocation() (gas: 463195)
[PASS] testWithdrawingRemainsAvailableAtRecoveryEligibility() (gas: 15645135)
[PASS] testYearsOfInactionDoNotCloseRefunds() (gas: 15649878)
Suite result: ok. 30 passed; 0 failed; 0 skipped; finished in 333.43ms (590.14ms CPU time)

Ran 15 tests for test/MutationBehavior.t.sol:MutationBehaviorTest
[PASS] testBiddingRemainsOpenAtHour47() (gas: 409150)
[PASS] testFormerSellerCannotCancelCurrentOwnersResale() (gas: 501067)
[PASS] testFreePurchaseCannotSpendExistingSellerProceeds() (gas: 3416253)
[PASS] testInsufficientTopUpCannotChangeRankOrDelayClosing() (gas: 15297981)
[PASS] testInvalidNomineeCannotEraseUsablePayoutReplacement() (gas: 332283)
[PASS] testMintReceiverCannotMintAnUnallocatedAuctionToken() (gas: 1596662)
[PASS] testNewBidRoundsFivePercentUpBeforeDisplacingWeiPricedTail() (gas: 25976259)
[PASS] testPurchasedNftApprovalDoesNotBypassRegistryAndClearsAfterResale() (gas: 516914)
[PASS] testPurchasedNftRequiresAnotherRoyaltyPayingSaleToTransferAgain() (gas: 509966)
[PASS] testRankIncreaseAcrossUint64BoundaryPreservesBiddingAndSettlement() (gas: 11066890)
[PASS] testRankIncreasesKeepAuctionLiveBeyond24HourExtension() (gas: 8147606)
[PASS] testRefundCreditDoesNotAuthorizeForcedBatchMint() (gas: 741802)
[PASS] testSellerCannotWithdrawTwiceUsingAnotherSellersBalance() (gas: 508850)
[PASS] testSettlementCannotReleaseFundsAtHour24() (gas: 306443)
[PASS] testStandaloneEditionRequiresSeparatorForMintedTokenEndpoints() (gas: 6608788)
Suite result: ok. 15 passed; 0 failed; 0 skipped; finished in 355.24ms (40.74ms CPU time)

Ran 2 tests for test/FullAuditReview.t.sol:RankedLinksAuditTest
[PASS] testFullBookDisplacementAndTailIncreaseMaintainBothLinks() (gas: 460452069)
[PASS] testHeadMiddleTailAndStableTieInsertionMaintainBothLinks() (gas: 1675443)
Suite result: ok. 2 passed; 0 failed; 0 skipped; finished in 423.83ms (417.91ms CPU time)

Ran 16 test suites in 430.37ms (2.40s CPU time): 229 tests passed, 0 failed, 0 skipped (229 total tests)
script/ConfigureTrading.s.sol:
- Line (location: (source ID: 79, lines: 11..32, bytes: 469..1849), hits: 0) -> "function run() external {\n      ...tion in OpenSea Studio.\");\n    }"
- Function "run" (location: (source ID: 79, lines: 11..32, bytes: 469..1849), hits: 0) -> "function run() external {\n      ...tion in OpenSea Studio.\");\n    }"
- Line (location: (source ID: 79, lines: 12..13, bytes: 503..582), hits: 0) -> "require(vm.envUint(\"CHAIN_ID\") =..., \"CHAIN_ID does not match RPC\")"
- Statement (location: (source ID: 79, lines: 12..13, bytes: 503..582), hits: 0) -> "require(vm.envUint(\"CHAIN_ID\") =..., \"CHAIN_ID does not match RPC\")"
- Branch (branch: 0, path: 0) (location: (source ID: 79, lines: 12..13, bytes: 503..582), hits: 0) -> "require(vm.envUint(\"CHAIN_ID\") =..., \"CHAIN_ID does not match RPC\")"
- Branch (branch: 0, path: 1) (location: (source ID: 79, lines: 12..13, bytes: 503..582), hits: 0) -> "require(vm.envUint(\"CHAIN_ID\") =..., \"CHAIN_ID does not match RPC\")"
- Line (location: (source ID: 79, lines: 13..14, bytes: 592..704), hits: 0) -> "require(block.chainid == 1 || bl...7, \"Unsupported Ethereum chain\")"
- Statement (location: (source ID: 79, lines: 13..14, bytes: 592..704), hits: 0) -> "require(block.chainid == 1 || bl...7, \"Unsupported Ethereum chain\")"
- Branch (branch: 1, path: 0) (location: (source ID: 79, lines: 13..14, bytes: 592..704), hits: 0) -> "require(block.chainid == 1 || bl...7, \"Unsupported Ethereum chain\")"
- Branch (branch: 1, path: 1) (location: (source ID: 79, lines: 13..14, bytes: 592..704), hits: 0) -> "require(block.chainid == 1 || bl...7, \"Unsupported Ethereum chain\")"
- Line (location: (source ID: 79, lines: 14..15, bytes: 714..787), hits: 0) -> "AuctionEdition edition = Auction...m.envAddress(\"EDITION_ADDRESS\"))"
- Statement (location: (source ID: 79, lines: 14..15, bytes: 714..787), hits: 0) -> "AuctionEdition edition = Auction...m.envAddress(\"EDITION_ADDRESS\"))"
- Statement (location: (source ID: 79, lines: 14..15, bytes: 739..787), hits: 0) -> "AuctionEdition(vm.envAddress(\"EDITION_ADDRESS\"))"
- Line (location: (source ID: 79, lines: 15..16, bytes: 797..883), hits: 0) -> "require(edition.owner() == vm.en...T\"), \"Unexpected payout wallet\")"
- Statement (location: (source ID: 79, lines: 15..16, bytes: 797..883), hits: 0) -> "require(edition.owner() == vm.en...T\"), \"Unexpected payout wallet\")"
- Branch (branch: 2, path: 0) (location: (source ID: 79, lines: 15..16, bytes: 797..883), hits: 0) -> "require(edition.owner() == vm.en...T\"), \"Unexpected payout wallet\")"
- Branch (branch: 2, path: 1) (location: (source ID: 79, lines: 15..16, bytes: 797..883), hits: 0) -> "require(edition.owner() == vm.en...T\"), \"Unexpected payout wallet\")"
- Line (location: (source ID: 79, lines: 16..17, bytes: 893..979), hits: 0) -> "require(edition.royaltyBps() == ... requires 10 percent royalties\")"
- Statement (location: (source ID: 79, lines: 16..17, bytes: 893..979), hits: 0) -> "require(edition.royaltyBps() == ... requires 10 percent royalties\")"
- Branch (branch: 3, path: 0) (location: (source ID: 79, lines: 16..17, bytes: 893..979), hits: 0) -> "require(edition.royaltyBps() == ... requires 10 percent royalties\")"
- Branch (branch: 3, path: 1) (location: (source ID: 79, lines: 16..17, bytes: 893..979), hits: 0) -> "require(edition.royaltyBps() == ... requires 10 percent royalties\")"
- Line (location: (source ID: 79, lines: 17..20, bytes: 989..1124), hits: 0) -> "require(\n            edition.OPE...eployed on this chain\"\n        )"
- Statement (location: (source ID: 79, lines: 17..20, bytes: 989..1124), hits: 0) -> "require(\n            edition.OPE...eployed on this chain\"\n        )"
- Branch (branch: 4, path: 0) (location: (source ID: 79, lines: 17..20, bytes: 989..1124), hits: 0) -> "require(\n            edition.OPE...eployed on this chain\"\n        )"
- Branch (branch: 4, path: 1) (location: (source ID: 79, lines: 17..20, bytes: 989..1124), hits: 0) -> "require(\n            edition.OPE...eployed on this chain\"\n        )"
- Line (location: (source ID: 79, lines: 20..21, bytes: 1134..1153), hits: 0) -> "vm.startBroadcast()"
- Statement (location: (source ID: 79, lines: 20..21, bytes: 1134..1153), hits: 0) -> "vm.startBroadcast()"
- Line (location: (source ID: 79, lines: 21..22, bytes: 1163..1197), hits: 0) -> "edition.configureEnforcedTrading()"
- Statement (location: (source ID: 79, lines: 21..22, bytes: 1163..1197), hits: 0) -> "edition.configureEnforcedTrading()"
- Line (location: (source ID: 79, lines: 22..23, bytes: 1207..1225), hits: 0) -> "vm.stopBroadcast()"
- Statement (location: (source ID: 79, lines: 22..23, bytes: 1207..1225), hits: 0) -> "vm.stopBroadcast()"
- Line (location: (source ID: 79, lines: 23..24, bytes: 1235..1303), hits: 0) -> "require(edition.tradingConfigure... \"Trading configuration failed\")"
- Statement (location: (source ID: 79, lines: 23..24, bytes: 1235..1303), hits: 0) -> "require(edition.tradingConfigure... \"Trading configuration failed\")"
- Branch (branch: 5, path: 0) (location: (source ID: 79, lines: 23..24, bytes: 1235..1303), hits: 0) -> "require(edition.tradingConfigure... \"Trading configuration failed\")"
- Branch (branch: 5, path: 1) (location: (source ID: 79, lines: 23..24, bytes: 1235..1303), hits: 0) -> "require(edition.tradingConfigure... \"Trading configuration failed\")"
- Line (location: (source ID: 79, lines: 24..25, bytes: 1313..1416), hits: 0) -> "require(edition.getTransferValid...DATOR(), \"Unexpected validator\")"
- Statement (location: (source ID: 79, lines: 24..25, bytes: 1313..1416), hits: 0) -> "require(edition.getTransferValid...DATOR(), \"Unexpected validator\")"
- Branch (branch: 6, path: 0) (location: (source ID: 79, lines: 24..25, bytes: 1313..1416), hits: 0) -> "require(edition.getTransferValid...DATOR(), \"Unexpected validator\")"
- Branch (branch: 6, path: 1) (location: (source ID: 79, lines: 24..25, bytes: 1313..1416), hits: 0) -> "require(edition.getTransferValid...DATOR(), \"Unexpected validator\")"
- Line (location: (source ID: 79, lines: 25..26, bytes: 1426..1467), hits: 0) -> "console2.log(\"Edition\", address(edition))"
- Statement (location: (source ID: 79, lines: 25..26, bytes: 1426..1467), hits: 0) -> "console2.log(\"Edition\", address(edition))"
- Line (location: (source ID: 79, lines: 26..27, bytes: 1477..1538), hits: 0) -> "console2.log(\"Royalty recipient\", edition.royaltyRecipient())"
- Statement (location: (source ID: 79, lines: 26..27, bytes: 1477..1538), hits: 0) -> "console2.log(\"Royalty recipient\", edition.royaltyRecipient())"
- Line (location: (source ID: 79, lines: 27..28, bytes: 1548..1597), hits: 0) -> "console2.log(\"Royalty BPS\", edition.royaltyBps())"
- Statement (location: (source ID: 79, lines: 27..28, bytes: 1548..1597), hits: 0) -> "console2.log(\"Royalty BPS\", edition.royaltyBps())"
- Line (location: (source ID: 79, lines: 28..29, bytes: 1607..1673), hits: 0) -> "console2.log(\"Transfer validator... edition.getTransferValidator())"
- Statement (location: (source ID: 79, lines: 28..29, bytes: 1607..1673), hits: 0) -> "console2.log(\"Transfer validator... edition.getTransferValidator())"
- Line (location: (source ID: 79, lines: 29..30, bytes: 1683..1736), hits: 0) -> "console2.log(\"Trading list\", edition.tradingListId())"
- Statement (location: (source ID: 79, lines: 29..30, bytes: 1683..1736), hits: 0) -> "console2.log(\"Trading list\", edition.tradingListId())"
- Line (location: (source ID: 79, lines: 30..31, bytes: 1746..1842), hits: 0) -> "console2.log(\"Next: enable 10 pe... collection in OpenSea Studio.\")"
- Statement (location: (source ID: 79, lines: 30..31, bytes: 1746..1842), hits: 0) -> "console2.log(\"Next: enable 10 pe... collection in OpenSea Studio.\")"

script/Deploy.s.sol:
- Line (location: (source ID: 80, lines: 22..34, bytes: 683..1276), hits: 0) -> "function loadConfig() public vie...urn validateConfig(input);\n    }"
- Function "loadConfig" (location: (source ID: 80, lines: 22..34, bytes: 683..1276), hits: 0) -> "function loadConfig() public vie...urn validateConfig(input);\n    }"
- Line (location: (source ID: 80, lines: 23..24, bytes: 765..794), hits: 1) -> "DeploymentConfig memory input"
- Statement (location: (source ID: 80, lines: 23..24, bytes: 765..794), hits: 1) -> "DeploymentConfig memory input"
- Line (location: (source ID: 80, lines: 24..25, bytes: 804..842), hits: 1) -> "input.chainId = vm.envUint(\"CHAIN_ID\")"
- Statement (location: (source ID: 80, lines: 24..25, bytes: 804..842), hits: 1) -> "input.chainId = vm.envUint(\"CHAIN_ID\")"
- Line (location: (source ID: 80, lines: 25..26, bytes: 852..890), hits: 1) -> "input.start = vm.envUint(\"START_TIME\")"
- Statement (location: (source ID: 80, lines: 25..26, bytes: 852..890), hits: 1) -> "input.start = vm.envUint(\"START_TIME\")"
- Line (location: (source ID: 80, lines: 26..27, bytes: 900..941), hits: 1) -> "input.reserve = vm.envUint(\"RESERVE_WEI\")"
- Statement (location: (source ID: 80, lines: 26..27, bytes: 900..941), hits: 1) -> "input.reserve = vm.envUint(\"RESERVE_WEI\")"
- Line (location: (source ID: 80, lines: 27..28, bytes: 951..988), hits: 1) -> "input.bps = vm.envUint(\"ROYALTY_BPS\")"
- Statement (location: (source ID: 80, lines: 27..28, bytes: 951..988), hits: 1) -> "input.bps = vm.envUint(\"ROYALTY_BPS\")"
- Line (location: (source ID: 80, lines: 28..29, bytes: 998..1049), hits: 1) -> "input.payoutWallet = vm.envAddress(\"PAYOUT_WALLET\")"
- Statement (location: (source ID: 80, lines: 28..29, bytes: 998..1049), hits: 1) -> "input.payoutWallet = vm.envAddress(\"PAYOUT_WALLET\")"
- Line (location: (source ID: 80, lines: 29..30, bytes: 1059..1099), hits: 1) -> "input.uri = vm.envString(\"METADATA_URI\")"
- Statement (location: (source ID: 80, lines: 29..30, bytes: 1059..1099), hits: 1) -> "input.uri = vm.envString(\"METADATA_URI\")"
- Line (location: (source ID: 80, lines: 30..31, bytes: 1109..1163), hits: 1) -> "input.collectionName = vm.envString(\"COLLECTION_NAME\")"
- Statement (location: (source ID: 80, lines: 30..31, bytes: 1109..1163), hits: 1) -> "input.collectionName = vm.envString(\"COLLECTION_NAME\")"
- Line (location: (source ID: 80, lines: 31..32, bytes: 1173..1231), hits: 1) -> "input.collectionSymbol = vm.envString(\"COLLECTION_SYMBOL\")"
- Statement (location: (source ID: 80, lines: 31..32, bytes: 1173..1231), hits: 1) -> "input.collectionSymbol = vm.envString(\"COLLECTION_SYMBOL\")"
- Line (location: (source ID: 80, lines: 32..33, bytes: 1241..1269), hits: 1) -> "return validateConfig(input)"
- Statement (location: (source ID: 80, lines: 32..33, bytes: 1241..1269), hits: 1) -> "return validateConfig(input)"
- Statement (location: (source ID: 80, lines: 32..33, bytes: 1248..1269), hits: 1) -> "validateConfig(input)"
- Line (location: (source ID: 80, lines: 35..62, bytes: 1282..2765), hits: 14) -> "function validateConfig(Deployme...name or symbol\"\n        );\n    }"
- Function "validateConfig" (location: (source ID: 80, lines: 35..62, bytes: 1282..2765), hits: 14) -> "function validateConfig(Deployme...name or symbol\"\n        );\n    }"
- Line (location: (source ID: 80, lines: 36..37, bytes: 1399..1469), hits: 15) -> "require(input.chainId == block.c..., \"CHAIN_ID does not match RPC\")"
- Statement (location: (source ID: 80, lines: 36..37, bytes: 1399..1469), hits: 15) -> "require(input.chainId == block.c..., \"CHAIN_ID does not match RPC\")"
- Branch (branch: 0, path: 0) (location: (source ID: 80, lines: 36..37, bytes: 1399..1469), hits: 1) -> "require(input.chainId == block.c..., \"CHAIN_ID does not match RPC\")"
- Branch (branch: 0, path: 1) (location: (source ID: 80, lines: 36..37, bytes: 1399..1469), hits: 14) -> "require(input.chainId == block.c..., \"CHAIN_ID does not match RPC\")"
- Line (location: (source ID: 80, lines: 37..38, bytes: 1479..1591), hits: 14) -> "require(input.chainId == 1 || in...7, \"Unsupported Ethereum chain\")"
- Statement (location: (source ID: 80, lines: 37..38, bytes: 1479..1591), hits: 14) -> "require(input.chainId == 1 || in...7, \"Unsupported Ethereum chain\")"
- Branch (branch: 1, path: 0) (location: (source ID: 80, lines: 37..38, bytes: 1479..1591), hits: 1) -> "require(input.chainId == 1 || in...7, \"Unsupported Ethereum chain\")"
- Branch (branch: 1, path: 1) (location: (source ID: 80, lines: 37..38, bytes: 1479..1591), hits: 13) -> "require(input.chainId == 1 || in...7, \"Unsupported Ethereum chain\")"
- Line (location: (source ID: 80, lines: 38..39, bytes: 1601..1697), hits: 13) -> "require(input.start >= block.tim...east 10 minutes before bidding\")"
- Statement (location: (source ID: 80, lines: 38..39, bytes: 1601..1697), hits: 13) -> "require(input.start >= block.tim...east 10 minutes before bidding\")"
- Branch (branch: 2, path: 0) (location: (source ID: 80, lines: 38..39, bytes: 1601..1697), hits: 1) -> "require(input.start >= block.tim...east 10 minutes before bidding\")"
- Branch (branch: 2, path: 1) (location: (source ID: 80, lines: 38..39, bytes: 1601..1697), hits: 12) -> "require(input.start >= block.tim...east 10 minutes before bidding\")"
- Line (location: (source ID: 80, lines: 39..40, bytes: 1707..1776), hits: 12) -> "require(input.start <= type(uint...ax, \"Time exceeds uint64 range\")"
- Statement (location: (source ID: 80, lines: 39..40, bytes: 1707..1776), hits: 12) -> "require(input.start <= type(uint...ax, \"Time exceeds uint64 range\")"
- Branch (branch: 3, path: 0) (location: (source ID: 80, lines: 39..40, bytes: 1707..1776), hits: 1) -> "require(input.start <= type(uint...ax, \"Time exceeds uint64 range\")"
- Branch (branch: 3, path: 1) (location: (source ID: 80, lines: 39..40, bytes: 1707..1776), hits: 11) -> "require(input.start <= type(uint...ax, \"Time exceeds uint64 range\")"
- Line (location: (source ID: 80, lines: 40..41, bytes: 1786..1869), hits: 11) -> "require(input.reserve > 0 && inp...uint128).max, \"Invalid reserve\")"
- Statement (location: (source ID: 80, lines: 40..41, bytes: 1786..1869), hits: 11) -> "require(input.reserve > 0 && inp...uint128).max, \"Invalid reserve\")"
- Branch (branch: 4, path: 0) (location: (source ID: 80, lines: 40..41, bytes: 1786..1869), hits: 1) -> "require(input.reserve > 0 && inp...uint128).max, \"Invalid reserve\")"
- Branch (branch: 4, path: 1) (location: (source ID: 80, lines: 40..41, bytes: 1786..1869), hits: 10) -> "require(input.reserve > 0 && inp...uint128).max, \"Invalid reserve\")"
- Line (location: (source ID: 80, lines: 41..42, bytes: 1879..1955), hits: 10) -> "require(input.bps > 0 && input.b... \"Invalid royalty basis points\")"
- Statement (location: (source ID: 80, lines: 41..42, bytes: 1879..1955), hits: 10) -> "require(input.bps > 0 && input.b... \"Invalid royalty basis points\")"
- Branch (branch: 5, path: 0) (location: (source ID: 80, lines: 41..42, bytes: 1879..1955), hits: 1) -> "require(input.bps > 0 && input.b... \"Invalid royalty basis points\")"
- Branch (branch: 5, path: 1) (location: (source ID: 80, lines: 41..42, bytes: 1879..1955), hits: 9) -> "require(input.bps > 0 && input.b... \"Invalid royalty basis points\")"
- Line (location: (source ID: 80, lines: 42..43, bytes: 1965..2040), hits: 9) -> "require(input.bps == 1000, \"LNTV... requires 10 percent royalties\")"
- Statement (location: (source ID: 80, lines: 42..43, bytes: 1965..2040), hits: 9) -> "require(input.bps == 1000, \"LNTV... requires 10 percent royalties\")"
- Branch (branch: 6, path: 0) (location: (source ID: 80, lines: 42..43, bytes: 1965..2040), hits: 1) -> "require(input.bps == 1000, \"LNTV... requires 10 percent royalties\")"
- Branch (branch: 6, path: 1) (location: (source ID: 80, lines: 42..43, bytes: 1965..2040), hits: 8) -> "require(input.bps == 1000, \"LNTV... requires 10 percent royalties\")"
- Line (location: (source ID: 80, lines: 43..52, bytes: 2050..2309), hits: 8) -> "c = RankedAuction.Config(\n      ...input.collectionSymbol\n        )"
- Statement (location: (source ID: 80, lines: 43..52, bytes: 2050..2309), hits: 8) -> "c = RankedAuction.Config(\n      ...input.collectionSymbol\n        )"
- Line (location: (source ID: 80, lines: 52..53, bytes: 2319..2378), hits: 8) -> "require(c.payoutWallet != address(0), \"Zero payout wallet\")"
- Statement (location: (source ID: 80, lines: 52..53, bytes: 2319..2378), hits: 8) -> "require(c.payoutWallet != address(0), \"Zero payout wallet\")"
- Branch (branch: 7, path: 0) (location: (source ID: 80, lines: 52..53, bytes: 2319..2378), hits: 1) -> "require(c.payoutWallet != address(0), \"Zero payout wallet\")"
- Branch (branch: 7, path: 1) (location: (source ID: 80, lines: 52..53, bytes: 2319..2378), hits: 7) -> "require(c.payoutWallet != address(0), \"Zero payout wallet\")"
- Line (location: (source ID: 80, lines: 53..54, bytes: 2388..2450), hits: 7) -> "require(bytes(c.metadataURI).length > 0, \"Empty metadata URI\")"
- Statement (location: (source ID: 80, lines: 53..54, bytes: 2388..2450), hits: 7) -> "require(bytes(c.metadataURI).length > 0, \"Empty metadata URI\")"
- Branch (branch: 8, path: 0) (location: (source ID: 80, lines: 53..54, bytes: 2388..2450), hits: 1) -> "require(bytes(c.metadataURI).length > 0, \"Empty metadata URI\")"
- Branch (branch: 8, path: 1) (location: (source ID: 80, lines: 53..54, bytes: 2388..2450), hits: 6) -> "require(bytes(c.metadataURI).length > 0, \"Empty metadata URI\")"
- Line (location: (source ID: 80, lines: 54..57, bytes: 2460..2596), hits: 6) -> "require(\n            bytes(c.met...e must end with slash\"\n        )"
- Statement (location: (source ID: 80, lines: 54..57, bytes: 2460..2596), hits: 6) -> "require(\n            bytes(c.met...e must end with slash\"\n        )"
- Branch (branch: 9, path: 0) (location: (source ID: 80, lines: 54..57, bytes: 2460..2596), hits: 0) -> "require(\n            bytes(c.met...e must end with slash\"\n        )"
- Branch (branch: 9, path: 1) (location: (source ID: 80, lines: 54..57, bytes: 2460..2596), hits: 6) -> "require(\n            bytes(c.met...e must end with slash\"\n        )"
- Line (location: (source ID: 80, lines: 57..61, bytes: 2606..2758), hits: 6) -> "require(\n            bytes(c.col...ection name or symbol\"\n        )"
- Statement (location: (source ID: 80, lines: 57..61, bytes: 2606..2758), hits: 6) -> "require(\n            bytes(c.col...ection name or symbol\"\n        )"
- Branch (branch: 10, path: 0) (location: (source ID: 80, lines: 57..61, bytes: 2606..2758), hits: 2) -> "require(\n            bytes(c.col...ection name or symbol\"\n        )"
- Branch (branch: 10, path: 1) (location: (source ID: 80, lines: 57..61, bytes: 2606..2758), hits: 4) -> "require(\n            bytes(c.col...ection name or symbol\"\n        )"
- Line (location: (source ID: 80, lines: 63..85, bytes: 2771..3995), hits: 1) -> "function run() external returns ...edition().marketplace()));\n    }"
- Function "run" (location: (source ID: 80, lines: 63..85, bytes: 2771..3995), hits: 1) -> "function run() external returns ...edition().marketplace()));\n    }"
- Line (location: (source ID: 80, lines: 64..65, bytes: 2838..2882), hits: 1) -> "RankedAuction.Config memory c = loadConfig()"
- Statement (location: (source ID: 80, lines: 64..65, bytes: 2838..2882), hits: 1) -> "RankedAuction.Config memory c = loadConfig()"
- Statement (location: (source ID: 80, lines: 64..65, bytes: 2870..2882), hits: 1) -> "loadConfig()"
- Line (location: (source ID: 80, lines: 65..66, bytes: 2892..2931), hits: 1) -> "console2.log(\"Chain ID\", block.chainid)"
- Statement (location: (source ID: 80, lines: 65..66, bytes: 2892..2931), hits: 1) -> "console2.log(\"Chain ID\", block.chainid)"
- Line (location: (source ID: 80, lines: 66..67, bytes: 2941..2993), hits: 1) -> "console2.log(\"Shared payout wallet\", c.payoutWallet)"
- Statement (location: (source ID: 80, lines: 66..67, bytes: 2941..2993), hits: 1) -> "console2.log(\"Shared payout wallet\", c.payoutWallet)"
- Line (location: (source ID: 80, lines: 67..68, bytes: 3003..3044), hits: 1) -> "console2.log(\"Royalty BPS\", c.royaltyBps)"
- Statement (location: (source ID: 80, lines: 67..68, bytes: 3003..3044), hits: 1) -> "console2.log(\"Royalty BPS\", c.royaltyBps)"
- Line (location: (source ID: 80, lines: 68..69, bytes: 3054..3099), hits: 1) -> "console2.log(\"Reserve (wei)\", c.reservePrice)"
- Statement (location: (source ID: 80, lines: 68..69, bytes: 3054..3099), hits: 1) -> "console2.log(\"Reserve (wei)\", c.reservePrice)"
- Line (location: (source ID: 80, lines: 69..70, bytes: 3109..3158), hits: 1) -> "console2.log(\"Start (unix seconds)\", c.startTime)"
- Statement (location: (source ID: 80, lines: 69..70, bytes: 3109..3158), hits: 1) -> "console2.log(\"Start (unix seconds)\", c.startTime)"
- Line (location: (source ID: 80, lines: 70..71, bytes: 3168..3243), hits: 1) -> "console2.log(\"Initial end (unix ...uint256(c.startTime) + 48 hours)"
- Statement (location: (source ID: 80, lines: 70..71, bytes: 3168..3243), hits: 1) -> "console2.log(\"Initial end (unix ...uint256(c.startTime) + 48 hours)"
- Line (location: (source ID: 80, lines: 71..72, bytes: 3253..3319), hits: 1) -> "console2.log(\"Initial off-chain ...tadata base URI\", c.metadataURI)"
- Statement (location: (source ID: 80, lines: 71..72, bytes: 3253..3319), hits: 1) -> "console2.log(\"Initial off-chain ...tadata base URI\", c.metadataURI)"
- Line (location: (source ID: 80, lines: 72..73, bytes: 3329..3386), hits: 1) -> "console2.log(\"ERC-721 collection name\", c.collectionName)"
- Statement (location: (source ID: 80, lines: 72..73, bytes: 3329..3386), hits: 1) -> "console2.log(\"ERC-721 collection name\", c.collectionName)"
- Line (location: (source ID: 80, lines: 73..74, bytes: 3396..3446), hits: 1) -> "console2.log(\"ERC-721 symbol\", c.collectionSymbol)"
- Statement (location: (source ID: 80, lines: 73..74, bytes: 3396..3446), hits: 1) -> "console2.log(\"ERC-721 symbol\", c.collectionSymbol)"
- Line (location: (source ID: 80, lines: 74..75, bytes: 3456..3475), hits: 1) -> "vm.startBroadcast()"
- Statement (location: (source ID: 80, lines: 74..75, bytes: 3456..3475), hits: 1) -> "vm.startBroadcast()"
- Line (location: (source ID: 80, lines: 75..76, bytes: 3485..3516), hits: 1) -> "deployed = new RankedAuction(c)"
- Statement (location: (source ID: 80, lines: 75..76, bytes: 3485..3516), hits: 1) -> "deployed = new RankedAuction(c)"
- Line (location: (source ID: 80, lines: 76..77, bytes: 3526..3544), hits: 1) -> "vm.stopBroadcast()"
- Statement (location: (source ID: 80, lines: 76..77, bytes: 3526..3544), hits: 1) -> "vm.stopBroadcast()"
- Line (location: (source ID: 80, lines: 77..78, bytes: 3554..3640), hits: 1) -> "require(deployed.edition().aucti...ed), \"Auction binding mismatch\")"
- Statement (location: (source ID: 80, lines: 77..78, bytes: 3554..3640), hits: 1) -> "require(deployed.edition().aucti...ed), \"Auction binding mismatch\")"
- Branch (branch: 11, path: 0) (location: (source ID: 80, lines: 77..78, bytes: 3554..3640), hits: 0) -> "require(deployed.edition().aucti...ed), \"Auction binding mismatch\")"
- Branch (branch: 11, path: 1) (location: (source ID: 80, lines: 77..78, bytes: 3554..3640), hits: 1) -> "require(deployed.edition().aucti...ed), \"Auction binding mismatch\")"
- Line (location: (source ID: 80, lines: 78..81, bytes: 3650..3786), hits: 1) -> "require(\n            deployed.ed...lace binding mismatch\"\n        )"
- Statement (location: (source ID: 80, lines: 78..81, bytes: 3650..3786), hits: 1) -> "require(\n            deployed.ed...lace binding mismatch\"\n        )"
- Branch (branch: 12, path: 0) (location: (source ID: 80, lines: 78..81, bytes: 3650..3786), hits: 0) -> "require(\n            deployed.ed...lace binding mismatch\"\n        )"
- Branch (branch: 12, path: 1) (location: (source ID: 80, lines: 78..81, bytes: 3650..3786), hits: 1) -> "require(\n            deployed.ed...lace binding mismatch\"\n        )"
- Line (location: (source ID: 80, lines: 81..82, bytes: 3796..3838), hits: 1) -> "console2.log(\"Auction\", address(deployed))"
- Statement (location: (source ID: 80, lines: 81..82, bytes: 3796..3838), hits: 1) -> "console2.log(\"Auction\", address(deployed))"
- Line (location: (source ID: 80, lines: 82..83, bytes: 3848..3900), hits: 1) -> "console2.log(\"Edition\", address(deployed.edition()))"
- Statement (location: (source ID: 80, lines: 82..83, bytes: 3848..3900), hits: 1) -> "console2.log(\"Edition\", address(deployed.edition()))"
- Line (location: (source ID: 80, lines: 83..84, bytes: 3910..3988), hits: 1) -> "console2.log(\"Royalty marketplac...ployed.edition().marketplace()))"
- Statement (location: (source ID: 80, lines: 83..84, bytes: 3910..3988), hits: 1) -> "console2.log(\"Royalty marketplac...ployed.edition().marketplace()))"

src/AuctionEdition.sol:
- Line (location: (source ID: 81, lines: 54..69, bytes: 2750..3375), hits: 300) -> "constructor(string memory name_,... new RoyaltyMarketplace();\n    }"
- Function "constructor" (location: (source ID: 81, lines: 54..69, bytes: 2750..3375), hits: 300) -> "constructor(string memory name_,... new RoyaltyMarketplace();\n    }"
- Line (location: (source ID: 81, lines: 58..59, bytes: 2920..2944), hits: 300) -> "bytes(name_).length == 0"
- Statement (location: (source ID: 81, lines: 58..59, bytes: 2920..2944), hits: 300) -> "bytes(name_).length == 0"
- Statement (location: (source ID: 81, lines: 58..59, bytes: 2948..2974), hits: 299) -> "bytes(symbol_).length == 0"
- Statement (location: (source ID: 81, lines: 58..59, bytes: 2978..3009), hits: 298) -> "bytes(metadataURI_).length == 0"
- Statement (location: (source ID: 81, lines: 58..59, bytes: 3013..3021), hits: 297) -> "bps == 0"
- Statement (location: (source ID: 81, lines: 58..60, bytes: 2920..3053), hits: 300) -> "bytes(name_).length == 0 || byte...\n                || bps > 10_000"
- Statement (location: (source ID: 81, lines: 58..60, bytes: 2948..3053), hits: 299) -> "bytes(symbol_).length == 0 || by...\n                || bps > 10_000"
- Statement (location: (source ID: 81, lines: 58..60, bytes: 2978..3053), hits: 298) -> "bytes(metadataURI_).length == 0 ...\n                || bps > 10_000"
- Statement (location: (source ID: 81, lines: 58..60, bytes: 3013..3053), hits: 297) -> "bps == 0\n                || bps > 10_000"
- Line (location: (source ID: 81, lines: 59..60, bytes: 3041..3053), hits: 296) -> "bps > 10_000"
- Statement (location: (source ID: 81, lines: 59..60, bytes: 3041..3053), hits: 296) -> "bps > 10_000"
- Line (location: (source ID: 81, lines: 60..63, bytes: 3064..3118), hits: 5) -> "{\n            revert InvalidConfiguration();\n        }"
- Branch (branch: 0, path: 0) (location: (source ID: 81, lines: 60..63, bytes: 3064..3118), hits: 5) -> "{\n            revert InvalidConfiguration();\n        }"
- Line (location: (source ID: 81, lines: 61..62, bytes: 3078..3107), hits: 5) -> "revert InvalidConfiguration()"
- Statement (location: (source ID: 81, lines: 61..62, bytes: 3078..3107), hits: 5) -> "revert InvalidConfiguration()"
- Line (location: (source ID: 81, lines: 63..64, bytes: 3131..3197), hits: 295) -> "bytes(metadataURI_)[bytes(metada...URI_).length - 1] != bytes1(\"/\")"
- Statement (location: (source ID: 81, lines: 63..64, bytes: 3131..3197), hits: 295) -> "bytes(metadataURI_)[bytes(metada...URI_).length - 1] != bytes1(\"/\")"
- Statement (location: (source ID: 81, lines: 63..64, bytes: 3199..3228), hits: 2) -> "revert InvalidConfiguration()"
- Branch (branch: 1, path: 0) (location: (source ID: 81, lines: 63..64, bytes: 3199..3228), hits: 2) -> "revert InvalidConfiguration()"
- Line (location: (source ID: 81, lines: 64..65, bytes: 3238..3258), hits: 293) -> "auction = msg.sender"
- Statement (location: (source ID: 81, lines: 64..65, bytes: 3238..3258), hits: 293) -> "auction = msg.sender"
- Line (location: (source ID: 81, lines: 65..66, bytes: 3268..3294), hits: 293) -> "metadataURI = metadataURI_"
- Statement (location: (source ID: 81, lines: 65..66, bytes: 3268..3294), hits: 293) -> "metadataURI = metadataURI_"
- Line (location: (source ID: 81, lines: 66..67, bytes: 3304..3320), hits: 293) -> "royaltyBps = bps"
- Statement (location: (source ID: 81, lines: 66..67, bytes: 3304..3320), hits: 293) -> "royaltyBps = bps"
- Line (location: (source ID: 81, lines: 67..68, bytes: 3330..3368), hits: 293) -> "marketplace = new RoyaltyMarketplace()"
- Statement (location: (source ID: 81, lines: 67..68, bytes: 3330..3368), hits: 293) -> "marketplace = new RoyaltyMarketplace()"
- Line (location: (source ID: 81, lines: 71..81, bytes: 3484..3983), hits: 1470) -> "function mint(address recipient,...(recipient, id);\n        }\n    }"
- Function "mint" (location: (source ID: 81, lines: 71..81, bytes: 3484..3983), hits: 1470) -> "function mint(address recipient,...(recipient, id);\n        }\n    }"
- Line (location: (source ID: 81, lines: 72..73, bytes: 3569..3590), hits: 1470) -> "msg.sender != auction"
- Statement (location: (source ID: 81, lines: 72..73, bytes: 3569..3590), hits: 1470) -> "msg.sender != auction"
- Statement (location: (source ID: 81, lines: 72..73, bytes: 3592..3613), hits: 2) -> "revert Unauthorized()"
- Branch (branch: 2, path: 0) (location: (source ID: 81, lines: 72..73, bytes: 3592..3613), hits: 2) -> "revert Unauthorized()"
- Line (location: (source ID: 81, lines: 73..74, bytes: 3627..3647), hits: 1468) -> "tokenIds.length == 0"
- Statement (location: (source ID: 81, lines: 73..74, bytes: 3627..3647), hits: 1468) -> "tokenIds.length == 0"
- Statement (location: (source ID: 81, lines: 73..74, bytes: 3627..3693), hits: 1468) -> "tokenIds.length == 0 || tokenIds...ength > MAX_SUPPLY - totalSupply"
- Statement (location: (source ID: 81, lines: 73..74, bytes: 3651..3693), hits: 1467) -> "tokenIds.length > MAX_SUPPLY - totalSupply"
- Statement (location: (source ID: 81, lines: 73..74, bytes: 3669..3693), hits: 1467) -> "MAX_SUPPLY - totalSupply"
- Statement (location: (source ID: 81, lines: 73..74, bytes: 3695..3715), hits: 3) -> "revert InvalidMint()"
- Branch (branch: 3, path: 0) (location: (source ID: 81, lines: 73..74, bytes: 3695..3715), hits: 3) -> "revert InvalidMint()"
- Line (location: (source ID: 81, lines: 74..75, bytes: 3730..3739), hits: 1465) -> "uint256 i"
- Statement (location: (source ID: 81, lines: 74..75, bytes: 3730..3739), hits: 1465) -> "uint256 i"
- Statement (location: (source ID: 81, lines: 74..75, bytes: 3741..3760), hits: 17502) -> "i < tokenIds.length"
- Statement (location: (source ID: 81, lines: 74..75, bytes: 3762..3765), hits: 16037) -> "++i"
- Line (location: (source ID: 81, lines: 75..76, bytes: 3781..3805), hits: 16048) -> "uint256 id = tokenIds[i]"
- Statement (location: (source ID: 81, lines: 75..76, bytes: 3781..3805), hits: 16048) -> "uint256 id = tokenIds[i]"
- Line (location: (source ID: 81, lines: 76..77, bytes: 3823..3830), hits: 16048) -> "id == 0"
- Statement (location: (source ID: 81, lines: 76..77, bytes: 3823..3830), hits: 16048) -> "id == 0"
- Statement (location: (source ID: 81, lines: 76..77, bytes: 3823..3879), hits: 16048) -> "id == 0 || id > MAX_SUPPLY || _ownerOf(id) != address(0)"
- Statement (location: (source ID: 81, lines: 76..77, bytes: 3834..3849), hits: 16047) -> "id > MAX_SUPPLY"
- Statement (location: (source ID: 81, lines: 76..77, bytes: 3834..3879), hits: 16047) -> "id > MAX_SUPPLY || _ownerOf(id) != address(0)"
- Statement (location: (source ID: 81, lines: 76..77, bytes: 3853..3865), hits: 16045) -> "_ownerOf(id)"
- Statement (location: (source ID: 81, lines: 76..77, bytes: 3853..3879), hits: 16045) -> "_ownerOf(id) != address(0)"
- Statement (location: (source ID: 81, lines: 76..77, bytes: 3881..3901), hits: 5) -> "revert InvalidMint()"
- Branch (branch: 4, path: 0) (location: (source ID: 81, lines: 76..77, bytes: 3881..3901), hits: 5) -> "revert InvalidMint()"
- Line (location: (source ID: 81, lines: 77..78, bytes: 3915..3928), hits: 16043) -> "++totalSupply"
- Statement (location: (source ID: 81, lines: 77..78, bytes: 3915..3928), hits: 16043) -> "++totalSupply"
- Line (location: (source ID: 81, lines: 78..79, bytes: 3942..3966), hits: 16043) -> "_safeMint(recipient, id)"
- Statement (location: (source ID: 81, lines: 78..79, bytes: 3942..3966), hits: 16043) -> "_safeMint(recipient, id)"
- Line (location: (source ID: 81, lines: 84..94, bytes: 4205..4717), hits: 10) -> "function setMetadataURI(string c...emit ContractURIUpdated();\n    }"
- Function "setMetadataURI" (location: (source ID: 81, lines: 84..94, bytes: 4205..4717), hits: 10) -> "function setMetadataURI(string c...emit ContractURIUpdated();\n    }"
- Line (location: (source ID: 81, lines: 85..86, bytes: 4289..4321), hits: 9) -> "msg.sender != royaltyRecipient()"
- Statement (location: (source ID: 81, lines: 85..86, bytes: 4289..4321), hits: 9) -> "msg.sender != royaltyRecipient()"
- Statement (location: (source ID: 81, lines: 85..86, bytes: 4303..4321), hits: 9) -> "royaltyRecipient()"
- Statement (location: (source ID: 81, lines: 85..86, bytes: 4323..4344), hits: 3) -> "revert Unauthorized()"
- Branch (branch: 5, path: 0) (location: (source ID: 81, lines: 85..86, bytes: 4323..4344), hits: 3) -> "revert Unauthorized()"
- Line (location: (source ID: 81, lines: 86..87, bytes: 4354..4386), hits: 6) -> "bytes memory uri = bytes(newURI)"
- Statement (location: (source ID: 81, lines: 86..87, bytes: 4354..4386), hits: 6) -> "bytes memory uri = bytes(newURI)"
- Line (location: (source ID: 81, lines: 87..88, bytes: 4400..4415), hits: 6) -> "uri.length == 0"
- Statement (location: (source ID: 81, lines: 87..88, bytes: 4400..4415), hits: 6) -> "uri.length == 0"
- Statement (location: (source ID: 81, lines: 87..88, bytes: 4400..4453), hits: 6) -> "uri.length == 0 || uri[uri.length - 1] != bytes1(\"/\")"
- Statement (location: (source ID: 81, lines: 87..88, bytes: 4419..4453), hits: 5) -> "uri[uri.length - 1] != bytes1(\"/\")"
- Statement (location: (source ID: 81, lines: 87..88, bytes: 4455..4484), hits: 2) -> "revert InvalidConfiguration()"
- Branch (branch: 6, path: 0) (location: (source ID: 81, lines: 87..88, bytes: 4455..4484), hits: 2) -> "revert InvalidConfiguration()"
- Line (location: (source ID: 81, lines: 88..89, bytes: 4494..4533), hits: 4) -> "string memory previousURI = metadataURI"
- Statement (location: (source ID: 81, lines: 88..89, bytes: 4494..4533), hits: 4) -> "string memory previousURI = metadataURI"
- Line (location: (source ID: 81, lines: 89..90, bytes: 4543..4563), hits: 4) -> "metadataURI = newURI"
- Statement (location: (source ID: 81, lines: 89..90, bytes: 4543..4563), hits: 4) -> "metadataURI = newURI"
- Line (location: (source ID: 81, lines: 90..91, bytes: 4573..4617), hits: 4) -> "emit MetadataURIUpdated(previousURI, newURI)"
- Statement (location: (source ID: 81, lines: 90..91, bytes: 4573..4617), hits: 4) -> "emit MetadataURIUpdated(previousURI, newURI)"
- Line (location: (source ID: 81, lines: 91..92, bytes: 4627..4675), hits: 4) -> "emit IERC4906.BatchMetadataUpdate(1, MAX_SUPPLY)"
- Statement (location: (source ID: 81, lines: 91..92, bytes: 4627..4675), hits: 4) -> "emit IERC4906.BatchMetadataUpdate(1, MAX_SUPPLY)"
- Line (location: (source ID: 81, lines: 92..93, bytes: 4685..4710), hits: 4) -> "emit ContractURIUpdated()"
- Statement (location: (source ID: 81, lines: 92..93, bytes: 4685..4710), hits: 4) -> "emit ContractURIUpdated()"
- Line (location: (source ID: 81, lines: 95..98, bytes: 4723..4835), hits: 50) -> "function _tokenRescueAdmin() int...return royaltyRecipient();\n    }"
- Function "_tokenRescueAdmin" (location: (source ID: 81, lines: 95..98, bytes: 4723..4835), hits: 50) -> "function _tokenRescueAdmin() int...return royaltyRecipient();\n    }"
- Line (location: (source ID: 81, lines: 96..97, bytes: 4803..4828), hits: 50) -> "return royaltyRecipient()"
- Statement (location: (source ID: 81, lines: 96..97, bytes: 4803..4828), hits: 50) -> "return royaltyRecipient()"
- Statement (location: (source ID: 81, lines: 96..97, bytes: 4810..4828), hits: 50) -> "royaltyRecipient()"
- Line (location: (source ID: 81, lines: 99..102, bytes: 4841..4946), hits: 41) -> "function _protectedToken() inter...     return address(this);\n    }"
- Function "_protectedToken" (location: (source ID: 81, lines: 99..102, bytes: 4841..4946), hits: 41) -> "function _protectedToken() inter...     return address(this);\n    }"
- Line (location: (source ID: 81, lines: 100..101, bytes: 4919..4939), hits: 41) -> "return address(this)"
- Statement (location: (source ID: 81, lines: 100..101, bytes: 4919..4939), hits: 41) -> "return address(this)"
- Line (location: (source ID: 81, lines: 103..107, bytes: 4952..5151), hits: 14) -> "function tokenURI(uint256 tokenI...String(tokenId), \".json\");\n    }"
- Function "tokenURI" (location: (source ID: 81, lines: 103..107, bytes: 4952..5151), hits: 14) -> "function tokenURI(uint256 tokenI...String(tokenId), \".json\");\n    }"
- Line (location: (source ID: 81, lines: 104..105, bytes: 5042..5065), hits: 14) -> "_requireMinted(tokenId)"
- Statement (location: (source ID: 81, lines: 104..105, bytes: 5042..5065), hits: 14) -> "_requireMinted(tokenId)"
- Line (location: (source ID: 81, lines: 105..106, bytes: 5075..5144), hits: 13) -> "return string.concat(metadataURI...ings.toString(tokenId), \".json\")"
- Statement (location: (source ID: 81, lines: 105..106, bytes: 5075..5144), hits: 13) -> "return string.concat(metadataURI...ings.toString(tokenId), \".json\")"
- Statement (location: (source ID: 81, lines: 105..106, bytes: 5082..5144), hits: 13) -> "string.concat(metadataURI, Strings.toString(tokenId), \".json\")"
- Line (location: (source ID: 81, lines: 108..111, bytes: 5157..5277), hits: 18) -> "function royaltyRecipient() publ...t(auction).payoutWallet();\n    }"
- Function "royaltyRecipient" (location: (source ID: 81, lines: 108..111, bytes: 5157..5277), hits: 18) -> "function royaltyRecipient() publ...t(auction).payoutWallet();\n    }"
- Line (location: (source ID: 81, lines: 109..110, bytes: 5225..5270), hits: 836) -> "return IAuctionPayout(auction).payoutWallet()"
- Statement (location: (source ID: 81, lines: 109..110, bytes: 5225..5270), hits: 836) -> "return IAuctionPayout(auction).payoutWallet()"
- Statement (location: (source ID: 81, lines: 109..110, bytes: 5232..5270), hits: 836) -> "IAuctionPayout(auction).payoutWallet()"
- Line (location: (source ID: 81, lines: 113..119, bytes: 5375..5680), hits: 181) -> "function royaltyInfo(uint256 tok....Rounding.Ceil);\n        }\n    }"
- Function "royaltyInfo" (location: (source ID: 81, lines: 113..119, bytes: 5375..5680), hits: 181) -> "function royaltyInfo(uint256 tok....Rounding.Ceil);\n        }\n    }"
- Line (location: (source ID: 81, lines: 114..115, bytes: 5497..5526), hits: 181) -> "receiver = royaltyRecipient()"
- Statement (location: (source ID: 81, lines: 114..115, bytes: 5497..5526), hits: 181) -> "receiver = royaltyRecipient()"
- Line (location: (source ID: 81, lines: 115..116, bytes: 5540..5551), hits: 181) -> "tokenId > 0"
- Statement (location: (source ID: 81, lines: 115..116, bytes: 5540..5551), hits: 181) -> "tokenId > 0"
- Statement (location: (source ID: 81, lines: 115..116, bytes: 5540..5576), hits: 181) -> "tokenId > 0 && tokenId <= MAX_SUPPLY"
- Statement (location: (source ID: 81, lines: 115..116, bytes: 5555..5576), hits: 180) -> "tokenId <= MAX_SUPPLY"
- Branch (branch: 7, path: 0) (location: (source ID: 81, lines: 115..118, bytes: 5578..5674), hits: 179) -> "{\n            amount = Math.mulD..., Math.Rounding.Ceil);\n        }"
- Line (location: (source ID: 81, lines: 116..117, bytes: 5592..5663), hits: 179) -> "amount = Math.mulDiv(salePrice, ...Bps, 10_000, Math.Rounding.Ceil)"
- Statement (location: (source ID: 81, lines: 116..117, bytes: 5592..5663), hits: 179) -> "amount = Math.mulDiv(salePrice, ...Bps, 10_000, Math.Rounding.Ceil)"
- Line (location: (source ID: 81, lines: 123..126, bytes: 6001..6162), hits: 171) -> "function isApprovedForAll(addres...dForAll(holder, operator);\n    }"
- Function "isApprovedForAll" (location: (source ID: 81, lines: 123..126, bytes: 6001..6162), hits: 171) -> "function isApprovedForAll(addres...dForAll(holder, operator);\n    }"
- Line (location: (source ID: 81, lines: 124..125, bytes: 6107..6155), hits: 402) -> "return ERC721.isApprovedForAll(holder, operator)"
- Statement (location: (source ID: 81, lines: 124..125, bytes: 6107..6155), hits: 402) -> "return ERC721.isApprovedForAll(holder, operator)"
- Statement (location: (source ID: 81, lines: 124..125, bytes: 6114..6155), hits: 402) -> "ERC721.isApprovedForAll(holder, operator)"
- Line (location: (source ID: 81, lines: 127..132, bytes: 6168..6431), hits: 12) -> "function supportsInterface(bytes...rtsInterface(interfaceId);\n    }"
- Function "supportsInterface" (location: (source ID: 81, lines: 127..132, bytes: 6168..6431), hits: 12) -> "function supportsInterface(bytes...rtsInterface(interfaceId);\n    }"
- Line (location: (source ID: 81, lines: 128..131, bytes: 6279..6424), hits: 12) -> "return\n            interfaceId =...r.supportsInterface(interfaceId)"
- Statement (location: (source ID: 81, lines: 128..131, bytes: 6279..6424), hits: 12) -> "return\n            interfaceId =...r.supportsInterface(interfaceId)"
- Line (location: (source ID: 81, lines: 129..130, bytes: 6298..6323), hits: 12) -> "interfaceId == 0x49064906"
- Statement (location: (source ID: 81, lines: 129..130, bytes: 6298..6323), hits: 12) -> "interfaceId == 0x49064906"
- Statement (location: (source ID: 81, lines: 129..130, bytes: 6327..6368), hits: 9) -> "interfaceId == type(IERC2981).interfaceId"
- Statement (location: (source ID: 81, lines: 129..131, bytes: 6298..6424), hits: 12) -> "interfaceId == 0x49064906 || int...r.supportsInterface(interfaceId)"
- Statement (location: (source ID: 81, lines: 129..131, bytes: 6327..6424), hits: 9) -> "interfaceId == type(IERC2981).in...r.supportsInterface(interfaceId)"
- Line (location: (source ID: 81, lines: 130..131, bytes: 6388..6424), hits: 7) -> "super.supportsInterface(interfaceId)"
- Statement (location: (source ID: 81, lines: 130..131, bytes: 6388..6424), hits: 7) -> "super.supportsInterface(interfaceId)"
- Line (location: (source ID: 81, lines: 135..138, bytes: 6633..6722), hits: 3) -> "function owner() public view ret...return royaltyRecipient();\n    }"
- Function "owner" (location: (source ID: 81, lines: 135..138, bytes: 6633..6722), hits: 3) -> "function owner() public view ret...return royaltyRecipient();\n    }"
- Line (location: (source ID: 81, lines: 136..137, bytes: 6690..6715), hits: 578) -> "return royaltyRecipient()"
- Statement (location: (source ID: 81, lines: 136..137, bytes: 6690..6715), hits: 578) -> "return royaltyRecipient()"
- Statement (location: (source ID: 81, lines: 136..137, bytes: 6697..6715), hits: 578) -> "royaltyRecipient()"
- Line (location: (source ID: 81, lines: 140..143, bytes: 6826..6954), hits: 1) -> "function contractURI() external ...dataURI, \"contract.json\");\n    }"
- Function "contractURI" (location: (source ID: 81, lines: 140..143, bytes: 6826..6954), hits: 1) -> "function contractURI() external ...dataURI, \"contract.json\");\n    }"
- Line (location: (source ID: 81, lines: 141..142, bytes: 6897..6947), hits: 1) -> "return string.concat(metadataURI, \"contract.json\")"
- Statement (location: (source ID: 81, lines: 141..142, bytes: 6897..6947), hits: 1) -> "return string.concat(metadataURI, \"contract.json\")"
- Statement (location: (source ID: 81, lines: 141..142, bytes: 6904..6947), hits: 1) -> "string.concat(metadataURI, \"contract.json\")"
- Line (location: (source ID: 81, lines: 144..147, bytes: 6960..7089), hits: 575) -> "function _requireCallerIsContrac...()) revert Unauthorized();\n    }"
- Function "_requireCallerIsContractOwner" (location: (source ID: 81, lines: 144..147, bytes: 6960..7089), hits: 575) -> "function _requireCallerIsContrac...()) revert Unauthorized();\n    }"
- Line (location: (source ID: 81, lines: 145..146, bytes: 7038..7059), hits: 575) -> "msg.sender != owner()"
- Statement (location: (source ID: 81, lines: 145..146, bytes: 7038..7059), hits: 575) -> "msg.sender != owner()"
- Statement (location: (source ID: 81, lines: 145..146, bytes: 7052..7059), hits: 575) -> "owner()"
- Statement (location: (source ID: 81, lines: 145..146, bytes: 7061..7082), hits: 5) -> "revert Unauthorized()"
- Branch (branch: 8, path: 0) (location: (source ID: 81, lines: 145..146, bytes: 7061..7082), hits: 5) -> "revert Unauthorized()"
- Line (location: (source ID: 81, lines: 153..167, bytes: 7623..8461), hits: 247) -> "function configureEnforcedTradin...ANSFER_VALIDATOR, listId);\n    }"
- Function "configureEnforcedTrading" (location: (source ID: 81, lines: 153..167, bytes: 7623..8461), hits: 247) -> "function configureEnforcedTradin...ANSFER_VALIDATOR, listId);\n    }"
- Line (location: (source ID: 81, lines: 154..155, bytes: 7691..7722), hits: 247) -> "_requireCallerIsContractOwner()"
- Statement (location: (source ID: 81, lines: 154..155, bytes: 7691..7722), hits: 247) -> "_requireCallerIsContractOwner()"
- Line (location: (source ID: 81, lines: 155..156, bytes: 7732..7816), hits: 245) -> "IStrictRoyaltyRegistry registry ...stry(OPENSEA_TRANSFER_VALIDATOR)"
- Statement (location: (source ID: 81, lines: 155..156, bytes: 7732..7816), hits: 245) -> "IStrictRoyaltyRegistry registry ...stry(OPENSEA_TRANSFER_VALIDATOR)"
- Statement (location: (source ID: 81, lines: 155..156, bytes: 7766..7816), hits: 0) -> "IStrictRoyaltyRegistry(OPENSEA_TRANSFER_VALIDATOR)"
- Line (location: (source ID: 81, lines: 156..157, bytes: 7830..7873), hits: 245) -> "OPENSEA_TRANSFER_VALIDATOR.code.length == 0"
- Statement (location: (source ID: 81, lines: 156..157, bytes: 7830..7873), hits: 245) -> "OPENSEA_TRANSFER_VALIDATOR.code.length == 0"
- Statement (location: (source ID: 81, lines: 156..157, bytes: 7875..7904), hits: 1) -> "revert InvalidConfiguration()"
- Branch (branch: 9, path: 0) (location: (source ID: 81, lines: 156..157, bytes: 7875..7904), hits: 1) -> "revert InvalidConfiguration()"
- Line (location: (source ID: 81, lines: 157..158, bytes: 7914..7985), hits: 244) -> "uint120 listId = registry.create...y(\"LNTV royalty enforcement\", 0)"
- Statement (location: (source ID: 81, lines: 157..158, bytes: 7914..7985), hits: 244) -> "uint120 listId = registry.create...y(\"LNTV royalty enforcement\", 0)"
- Statement (location: (source ID: 81, lines: 157..158, bytes: 7931..7985), hits: 244) -> "registry.createListCopy(\"LNTV royalty enforcement\", 0)"
- Line (location: (source ID: 81, lines: 158..159, bytes: 7995..8056), hits: 244) -> "registry.addAccountToAuthorizers(listId, OPENSEA_SIGNED_ZONE)"
- Statement (location: (source ID: 81, lines: 158..159, bytes: 7995..8056), hits: 244) -> "registry.addAccountToAuthorizers(listId, OPENSEA_SIGNED_ZONE)"
- Line (location: (source ID: 81, lines: 159..160, bytes: 8066..8126), hits: 244) -> "registry.addAccountToWhitelist(listId, address(marketplace))"
- Statement (location: (source ID: 81, lines: 159..160, bytes: 8066..8126), hits: 244) -> "registry.addAccountToWhitelist(listId, address(marketplace))"
- Line (location: (source ID: 81, lines: 160..161, bytes: 8136..8189), hits: 244) -> "registry.applyListToCollection(address(this), listId)"
- Statement (location: (source ID: 81, lines: 160..161, bytes: 8136..8189), hits: 244) -> "registry.applyListToCollection(address(this), listId)"
- Line (location: (source ID: 81, lines: 161..162, bytes: 8199..8262), hits: 244) -> "registry.setTransferSecurityLevelOfCollection(address(this), 4)"
- Statement (location: (source ID: 81, lines: 161..162, bytes: 8199..8262), hits: 244) -> "registry.setTransferSecurityLevelOfCollection(address(this), 4)"
- Line (location: (source ID: 81, lines: 162..163, bytes: 8272..8320), hits: 244) -> "setTransferValidator(OPENSEA_TRANSFER_VALIDATOR)"
- Statement (location: (source ID: 81, lines: 162..163, bytes: 8272..8320), hits: 244) -> "setTransferValidator(OPENSEA_TRANSFER_VALIDATOR)"
- Line (location: (source ID: 81, lines: 163..164, bytes: 8330..8352), hits: 244) -> "tradingListId = listId"
- Statement (location: (source ID: 81, lines: 163..164, bytes: 8330..8352), hits: 244) -> "tradingListId = listId"
- Line (location: (source ID: 81, lines: 164..165, bytes: 8362..8386), hits: 244) -> "tradingConfigured = true"
- Statement (location: (source ID: 81, lines: 164..165, bytes: 8362..8386), hits: 244) -> "tradingConfigured = true"
- Line (location: (source ID: 81, lines: 165..166, bytes: 8396..8454), hits: 244) -> "emit TradingConfigured(OPENSEA_TRANSFER_VALIDATOR, listId)"
- Statement (location: (source ID: 81, lines: 165..166, bytes: 8396..8454), hits: 244) -> "emit TradingConfigured(OPENSEA_TRANSFER_VALIDATOR, listId)"
- Line (location: (source ID: 81, lines: 168..176, bytes: 8467..8895), hits: 97) -> "function _preValidateTransfer(ad...from, to, tokenId, value);\n    }"
- Function "_preValidateTransfer" (location: (source ID: 81, lines: 168..176, bytes: 8467..8895), hits: 97) -> "function _preValidateTransfer(ad...from, to, tokenId, value);\n    }"
- Line (location: (source ID: 81, lines: 173..174, bytes: 8723..8741), hits: 97) -> "!tradingConfigured"
- Statement (location: (source ID: 81, lines: 173..174, bytes: 8723..8741), hits: 97) -> "!tradingConfigured"
- Statement (location: (source ID: 81, lines: 173..174, bytes: 8723..8784), hits: 97) -> "!tradingConfigured || getTransferValidator().code.length == 0"
- Statement (location: (source ID: 81, lines: 173..174, bytes: 8745..8784), hits: 96) -> "getTransferValidator().code.length == 0"
- Statement (location: (source ID: 81, lines: 173..174, bytes: 8786..8818), hits: 3) -> "revert RoyaltyTransferRequired()"
- Branch (branch: 10, path: 0) (location: (source ID: 81, lines: 173..174, bytes: 8786..8818), hits: 3) -> "revert RoyaltyTransferRequired()"
- Line (location: (source ID: 81, lines: 174..175, bytes: 8828..8888), hits: 94) -> "super._preValidateTransfer(caller, from, to, tokenId, value)"
- Statement (location: (source ID: 81, lines: 174..175, bytes: 8828..8888), hits: 94) -> "super._preValidateTransfer(caller, from, to, tokenId, value)"
- Line (location: (source ID: 81, lines: 177..184, bytes: 8901..9156), hits: 85) -> "function _postValidateTransfer(a... ++transferNonce[tokenId];\n    }"
- Function "_postValidateTransfer" (location: (source ID: 81, lines: 177..184, bytes: 8901..9156), hits: 85) -> "function _postValidateTransfer(a... ++transferNonce[tokenId];\n    }"
- Line (location: (source ID: 81, lines: 181..182, bytes: 9054..9115), hits: 85) -> "super._postValidateTransfer(caller, from, to, tokenId, value)"
- Statement (location: (source ID: 81, lines: 181..182, bytes: 9054..9115), hits: 85) -> "super._postValidateTransfer(caller, from, to, tokenId, value)"
- Line (location: (source ID: 81, lines: 182..183, bytes: 9125..9149), hits: 85) -> "++transferNonce[tokenId]"
- Statement (location: (source ID: 81, lines: 182..183, bytes: 9125..9149), hits: 85) -> "++transferNonce[tokenId]"

src/RankedAuction.sol:
- Line (location: (source ID: 82, lines: 112..123, bytes: 4250..4819), hits: 265) -> "constructor(Config memory config...llet(config.payoutWallet);\n    }"
- Function "constructor" (location: (source ID: 82, lines: 112..123, bytes: 4250..4819), hits: 265) -> "constructor(Config memory config...llet(config.payoutWallet);\n    }"
- Line (location: (source ID: 82, lines: 113..114, bytes: 4298..4322), hits: 265) -> "config.reservePrice == 0"
- Statement (location: (source ID: 82, lines: 113..114, bytes: 4298..4322), hits: 265) -> "config.reservePrice == 0"
- Statement (location: (source ID: 82, lines: 113..114, bytes: 4298..4361), hits: 265) -> "config.reservePrice == 0 || config.startTime <= block.timestamp"
- Statement (location: (source ID: 82, lines: 113..114, bytes: 4326..4361), hits: 264) -> "config.startTime <= block.timestamp"
- Statement (location: (source ID: 82, lines: 113..114, bytes: 4363..4392), hits: 2) -> "revert InvalidConfiguration()"
- Branch (branch: 0, path: 0) (location: (source ID: 82, lines: 113..114, bytes: 4363..4392), hits: 2) -> "revert InvalidConfiguration()"
- Line (location: (source ID: 82, lines: 114..115, bytes: 4402..4436), hits: 263) -> "payoutWallet = config.payoutWallet"
- Statement (location: (source ID: 82, lines: 114..115, bytes: 4402..4436), hits: 263) -> "payoutWallet = config.payoutWallet"
- Line (location: (source ID: 82, lines: 115..116, bytes: 4446..4480), hits: 263) -> "reservePrice = config.reservePrice"
- Statement (location: (source ID: 82, lines: 115..116, bytes: 4446..4480), hits: 263) -> "reservePrice = config.reservePrice"
- Line (location: (source ID: 82, lines: 116..117, bytes: 4490..4518), hits: 263) -> "startTime = config.startTime"
- Statement (location: (source ID: 82, lines: 116..117, bytes: 4490..4518), hits: 263) -> "startTime = config.startTime"
- Line (location: (source ID: 82, lines: 117..118, bytes: 4528..4589), hits: 263) -> "initialEndTime = uint256(config.startTime) + AUCTION_DURATION"
- Statement (location: (source ID: 82, lines: 117..118, bytes: 4528..4589), hits: 263) -> "initialEndTime = uint256(config.startTime) + AUCTION_DURATION"
- Line (location: (source ID: 82, lines: 118..119, bytes: 4599..4623), hits: 263) -> "endTime = initialEndTime"
- Statement (location: (source ID: 82, lines: 118..119, bytes: 4599..4623), hits: 263) -> "endTime = initialEndTime"
- Line (location: (source ID: 82, lines: 119..121, bytes: 4633..4760), hits: 263) -> "edition =\n            new Auctio....metadataURI, config.royaltyBps)"
- Statement (location: (source ID: 82, lines: 119..121, bytes: 4633..4760), hits: 263) -> "edition =\n            new Auctio....metadataURI, config.royaltyBps)"
- Line (location: (source ID: 82, lines: 121..122, bytes: 4770..4812), hits: 257) -> "_validatePayoutWallet(config.payoutWallet)"
- Statement (location: (source ID: 82, lines: 121..122, bytes: 4770..4812), hits: 257) -> "_validatePayoutWallet(config.payoutWallet)"
- Line (location: (source ID: 82, lines: 125..132, bytes: 4926..5273), hits: 48) -> "function proposePayoutWallet(add...d(payoutWallet, proposed);\n    }"
- Function "proposePayoutWallet" (location: (source ID: 82, lines: 125..132, bytes: 4926..5273), hits: 48) -> "function proposePayoutWallet(add...d(payoutWallet, proposed);\n    }"
- Line (location: (source ID: 82, lines: 126..127, bytes: 5009..5035), hits: 37) -> "msg.sender != payoutWallet"
- Statement (location: (source ID: 82, lines: 126..127, bytes: 5009..5035), hits: 37) -> "msg.sender != payoutWallet"
- Statement (location: (source ID: 82, lines: 126..127, bytes: 5037..5058), hits: 2) -> "revert Unauthorized()"
- Branch (branch: 1, path: 0) (location: (source ID: 82, lines: 126..127, bytes: 5037..5058), hits: 2) -> "revert Unauthorized()"
- Line (location: (source ID: 82, lines: 127..128, bytes: 5068..5099), hits: 35) -> "_validatePayoutWallet(proposed)"
- Statement (location: (source ID: 82, lines: 127..128, bytes: 5068..5099), hits: 35) -> "_validatePayoutWallet(proposed)"
- Line (location: (source ID: 82, lines: 128..129, bytes: 5113..5137), hits: 30) -> "proposed == payoutWallet"
- Statement (location: (source ID: 82, lines: 128..129, bytes: 5113..5137), hits: 30) -> "proposed == payoutWallet"
- Statement (location: (source ID: 82, lines: 128..129, bytes: 5139..5167), hits: 1) -> "revert InvalidPayoutWallet()"
- Branch (branch: 2, path: 0) (location: (source ID: 82, lines: 128..129, bytes: 5139..5167), hits: 1) -> "revert InvalidPayoutWallet()"
- Line (location: (source ID: 82, lines: 129..130, bytes: 5177..5207), hits: 29) -> "pendingPayoutWallet = proposed"
- Statement (location: (source ID: 82, lines: 129..130, bytes: 5177..5207), hits: 29) -> "pendingPayoutWallet = proposed"
- Line (location: (source ID: 82, lines: 130..131, bytes: 5217..5266), hits: 29) -> "emit PayoutWalletProposed(payoutWallet, proposed)"
- Statement (location: (source ID: 82, lines: 130..131, bytes: 5217..5266), hits: 29) -> "emit PayoutWalletProposed(payoutWallet, proposed)"
- Line (location: (source ID: 82, lines: 134..141, bytes: 5381..5719), hits: 5) -> "function cancelPayoutWalletChang...ChangeCancelled(proposed);\n    }"
- Function "cancelPayoutWalletChange" (location: (source ID: 82, lines: 134..141, bytes: 5381..5719), hits: 5) -> "function cancelPayoutWalletChang...ChangeCancelled(proposed);\n    }"
- Line (location: (source ID: 82, lines: 135..136, bytes: 5453..5479), hits: 5) -> "msg.sender != payoutWallet"
- Statement (location: (source ID: 82, lines: 135..136, bytes: 5453..5479), hits: 5) -> "msg.sender != payoutWallet"
- Statement (location: (source ID: 82, lines: 135..136, bytes: 5481..5502), hits: 2) -> "revert Unauthorized()"
- Branch (branch: 3, path: 0) (location: (source ID: 82, lines: 135..136, bytes: 5481..5502), hits: 2) -> "revert Unauthorized()"
- Line (location: (source ID: 82, lines: 136..137, bytes: 5512..5550), hits: 3) -> "address proposed = pendingPayoutWallet"
- Statement (location: (source ID: 82, lines: 136..137, bytes: 5512..5550), hits: 3) -> "address proposed = pendingPayoutWallet"
- Line (location: (source ID: 82, lines: 137..138, bytes: 5564..5586), hits: 3) -> "proposed == address(0)"
- Statement (location: (source ID: 82, lines: 137..138, bytes: 5564..5586), hits: 3) -> "proposed == address(0)"
- Statement (location: (source ID: 82, lines: 137..138, bytes: 5588..5618), hits: 2) -> "revert NoPendingPayoutWallet()"
- Branch (branch: 4, path: 0) (location: (source ID: 82, lines: 137..138, bytes: 5588..5618), hits: 2) -> "revert NoPendingPayoutWallet()"
- Line (location: (source ID: 82, lines: 138..139, bytes: 5628..5660), hits: 1) -> "pendingPayoutWallet = address(0)"
- Statement (location: (source ID: 82, lines: 138..139, bytes: 5628..5660), hits: 1) -> "pendingPayoutWallet = address(0)"
- Line (location: (source ID: 82, lines: 139..140, bytes: 5670..5712), hits: 1) -> "emit PayoutWalletChangeCancelled(proposed)"
- Statement (location: (source ID: 82, lines: 139..140, bytes: 5670..5712), hits: 1) -> "emit PayoutWalletChangeCancelled(proposed)"
- Line (location: (source ID: 82, lines: 144..152, bytes: 5918..6280), hits: 31) -> "function acceptPayoutWallet() ex...anged(previous, proposed);\n    }"
- Function "acceptPayoutWallet" (location: (source ID: 82, lines: 144..152, bytes: 5918..6280), hits: 31) -> "function acceptPayoutWallet() ex...anged(previous, proposed);\n    }"
- Line (location: (source ID: 82, lines: 145..146, bytes: 5980..6018), hits: 31) -> "address proposed = pendingPayoutWallet"
- Statement (location: (source ID: 82, lines: 145..146, bytes: 5980..6018), hits: 31) -> "address proposed = pendingPayoutWallet"
- Line (location: (source ID: 82, lines: 146..147, bytes: 6032..6054), hits: 31) -> "proposed == address(0)"
- Statement (location: (source ID: 82, lines: 146..147, bytes: 6032..6054), hits: 31) -> "proposed == address(0)"
- Statement (location: (source ID: 82, lines: 146..147, bytes: 6032..6080), hits: 31) -> "proposed == address(0) || msg.sender != proposed"
- Statement (location: (source ID: 82, lines: 146..147, bytes: 6058..6080), hits: 28) -> "msg.sender != proposed"
- Statement (location: (source ID: 82, lines: 146..147, bytes: 6082..6103), hits: 5) -> "revert Unauthorized()"
- Branch (branch: 5, path: 0) (location: (source ID: 82, lines: 146..147, bytes: 6082..6103), hits: 5) -> "revert Unauthorized()"
- Line (location: (source ID: 82, lines: 147..148, bytes: 6113..6144), hits: 26) -> "address previous = payoutWallet"
- Statement (location: (source ID: 82, lines: 147..148, bytes: 6113..6144), hits: 26) -> "address previous = payoutWallet"
- Line (location: (source ID: 82, lines: 148..149, bytes: 6154..6177), hits: 26) -> "payoutWallet = proposed"
- Statement (location: (source ID: 82, lines: 148..149, bytes: 6154..6177), hits: 26) -> "payoutWallet = proposed"
- Line (location: (source ID: 82, lines: 149..150, bytes: 6187..6219), hits: 26) -> "pendingPayoutWallet = address(0)"
- Statement (location: (source ID: 82, lines: 149..150, bytes: 6187..6219), hits: 26) -> "pendingPayoutWallet = address(0)"
- Line (location: (source ID: 82, lines: 150..151, bytes: 6229..6273), hits: 26) -> "emit PayoutWalletChanged(previous, proposed)"
- Statement (location: (source ID: 82, lines: 150..151, bytes: 6229..6273), hits: 26) -> "emit PayoutWalletChanged(previous, proposed)"
- Line (location: (source ID: 82, lines: 153..159, bytes: 6286..6532), hits: 4) -> "function phase() public view ret...       return Phase.Ended;\n    }"
- Function "phase" (location: (source ID: 82, lines: 153..159, bytes: 6286..6532), hits: 4) -> "function phase() public view ret...       return Phase.Ended;\n    }"
- Line (location: (source ID: 82, lines: 154..155, bytes: 6354..6374), hits: 3) -> "return Phase.Settled"
- Statement (location: (source ID: 82, lines: 154..155, bytes: 6354..6374), hits: 3) -> "return Phase.Settled"
- Branch (branch: 6, path: 0) (location: (source ID: 82, lines: 154..155, bytes: 6354..6374), hits: 3) -> "return Phase.Settled"
- Line (location: (source ID: 82, lines: 155..156, bytes: 6388..6415), hits: 12630) -> "block.timestamp < startTime"
- Statement (location: (source ID: 82, lines: 155..156, bytes: 6388..6415), hits: 12630) -> "block.timestamp < startTime"
- Statement (location: (source ID: 82, lines: 155..156, bytes: 6417..6439), hits: 3) -> "return Phase.Scheduled"
- Branch (branch: 7, path: 0) (location: (source ID: 82, lines: 155..156, bytes: 6417..6439), hits: 3) -> "return Phase.Scheduled"
- Line (location: (source ID: 82, lines: 156..157, bytes: 6453..6478), hits: 12627) -> "block.timestamp < endTime"
- Statement (location: (source ID: 82, lines: 156..157, bytes: 6453..6478), hits: 12627) -> "block.timestamp < endTime"
- Statement (location: (source ID: 82, lines: 156..157, bytes: 6480..6497), hits: 12623) -> "return Phase.Live"
- Branch (branch: 8, path: 0) (location: (source ID: 82, lines: 156..157, bytes: 6480..6497), hits: 12623) -> "return Phase.Live"
- Line (location: (source ID: 82, lines: 157..158, bytes: 6507..6525), hits: 4) -> "return Phase.Ended"
- Statement (location: (source ID: 82, lines: 157..158, bytes: 6507..6525), hits: 4) -> "return Phase.Ended"
- Line (location: (source ID: 82, lines: 162..167, bytes: 6728..6945), hits: 220) -> "function minimumBid() public vie...rement(floor, OUTBID_BPS);\n    }"
- Function "minimumBid" (location: (source ID: 82, lines: 162..167, bytes: 6728..6945), hits: 220) -> "function minimumBid() public vie...rement(floor, OUTBID_BPS);\n    }"
- Line (location: (source ID: 82, lines: 163..164, bytes: 6794..6814), hits: 13207) -> "activeCount < SUPPLY"
- Statement (location: (source ID: 82, lines: 163..164, bytes: 6794..6814), hits: 13207) -> "activeCount < SUPPLY"
- Statement (location: (source ID: 82, lines: 163..164, bytes: 6816..6835), hits: 12661) -> "return reservePrice"
- Branch (branch: 9, path: 0) (location: (source ID: 82, lines: 163..164, bytes: 6816..6835), hits: 12661) -> "return reservePrice"
- Line (location: (source ID: 82, lines: 164..165, bytes: 6845..6878), hits: 546) -> "uint256 floor = bids[tail].amount"
- Statement (location: (source ID: 82, lines: 164..165, bytes: 6845..6878), hits: 546) -> "uint256 floor = bids[tail].amount"
- Line (location: (source ID: 82, lines: 165..166, bytes: 6888..6938), hits: 546) -> "return floor + minimumIncrement(floor, OUTBID_BPS)"
- Statement (location: (source ID: 82, lines: 165..166, bytes: 6888..6938), hits: 546) -> "return floor + minimumIncrement(floor, OUTBID_BPS)"
- Statement (location: (source ID: 82, lines: 165..166, bytes: 6895..6938), hits: 546) -> "floor + minimumIncrement(floor, OUTBID_BPS)"
- Statement (location: (source ID: 82, lines: 165..166, bytes: 6903..6938), hits: 546) -> "minimumIncrement(floor, OUTBID_BPS)"
- Line (location: (source ID: 82, lines: 168..172, bytes: 6951..7142), hits: 6) -> "function minimumIncrease(uint256...id].amount, INCREASE_BPS);\n    }"
- Function "minimumIncrease" (location: (source ID: 82, lines: 168..172, bytes: 6951..7142), hits: 6) -> "function minimumIncrease(uint256...id].amount, INCREASE_BPS);\n    }"
- Line (location: (source ID: 82, lines: 169..170, bytes: 7034..7050), hits: 6) -> "!bids[id].active"
- Statement (location: (source ID: 82, lines: 169..170, bytes: 7034..7050), hits: 6) -> "!bids[id].active"
- Statement (location: (source ID: 82, lines: 169..170, bytes: 7052..7071), hits: 1) -> "revert InvalidBid()"
- Branch (branch: 10, path: 0) (location: (source ID: 82, lines: 169..170, bytes: 7052..7071), hits: 1) -> "revert InvalidBid()"
- Line (location: (source ID: 82, lines: 170..171, bytes: 7081..7135), hits: 5) -> "return minimumIncrement(bids[id].amount, INCREASE_BPS)"
- Statement (location: (source ID: 82, lines: 170..171, bytes: 7081..7135), hits: 5) -> "return minimumIncrement(bids[id].amount, INCREASE_BPS)"
- Statement (location: (source ID: 82, lines: 170..171, bytes: 7088..7135), hits: 5) -> "minimumIncrement(bids[id].amount, INCREASE_BPS)"
- Line (location: (source ID: 82, lines: 174..178, bytes: 7204..7357), hits: 12359) -> "function createBid() external pa...id(msg.sender, msg.value);\n    }"
- Function "createBid" (location: (source ID: 82, lines: 174..178, bytes: 7204..7357), hits: 12359) -> "function createBid() external pa...id(msg.sender, msg.value);\n    }"
- Line (location: (source ID: 82, lines: 175..176, bytes: 7286..7300), hits: 12358) -> "_requireLive()"
- Statement (location: (source ID: 82, lines: 175..176, bytes: 7286..7300), hits: 12358) -> "_requireLive()"
- Line (location: (source ID: 82, lines: 176..177, bytes: 7310..7350), hits: 12355) -> "return _createBid(msg.sender, msg.value)"
- Statement (location: (source ID: 82, lines: 176..177, bytes: 7310..7350), hits: 12355) -> "return _createBid(msg.sender, msg.value)"
- Statement (location: (source ID: 82, lines: 176..177, bytes: 7317..7350), hits: 12355) -> "_createBid(msg.sender, msg.value)"
- Line (location: (source ID: 82, lines: 182..196, bytes: 7626..8183), hits: 100) -> "function createBids(uint256[] ca...er, amounts[i]);\n        }\n    }"
- Function "createBids" (location: (source ID: 82, lines: 182..196, bytes: 7626..8183), hits: 100) -> "function createBids(uint256[] ca...er, amounts[i]);\n        }\n    }"
- Line (location: (source ID: 82, lines: 183..184, bytes: 7745..7759), hits: 98) -> "_requireLive()"
- Statement (location: (source ID: 82, lines: 183..184, bytes: 7745..7759), hits: 98) -> "_requireLive()"
- Line (location: (source ID: 82, lines: 184..185, bytes: 7769..7799), hits: 95) -> "uint256 count = amounts.length"
- Statement (location: (source ID: 82, lines: 184..185, bytes: 7769..7799), hits: 95) -> "uint256 count = amounts.length"
- Line (location: (source ID: 82, lines: 185..186, bytes: 7813..7823), hits: 95) -> "count == 0"
- Statement (location: (source ID: 82, lines: 185..186, bytes: 7813..7823), hits: 95) -> "count == 0"
- Statement (location: (source ID: 82, lines: 185..186, bytes: 7813..7841), hits: 95) -> "count == 0 || count > SUPPLY"
- Statement (location: (source ID: 82, lines: 185..186, bytes: 7827..7841), hits: 94) -> "count > SUPPLY"
- Statement (location: (source ID: 82, lines: 185..186, bytes: 7843..7864), hits: 2) -> "revert InvalidBatch()"
- Branch (branch: 11, path: 0) (location: (source ID: 82, lines: 185..186, bytes: 7843..7864), hits: 2) -> "revert InvalidBatch()"
- Line (location: (source ID: 82, lines: 186..187, bytes: 7874..7887), hits: 93) -> "uint256 total"
- Statement (location: (source ID: 82, lines: 186..187, bytes: 7874..7887), hits: 93) -> "uint256 total"
- Line (location: (source ID: 82, lines: 187..188, bytes: 7902..7911), hits: 93) -> "uint256 i"
- Statement (location: (source ID: 82, lines: 187..188, bytes: 7902..7911), hits: 93) -> "uint256 i"
- Statement (location: (source ID: 82, lines: 187..188, bytes: 7913..7922), hits: 736) -> "i < count"
- Statement (location: (source ID: 82, lines: 187..188, bytes: 7924..7927), hits: 643) -> "++i"
- Line (location: (source ID: 82, lines: 188..189, bytes: 7943..7962), hits: 644) -> "total += amounts[i]"
- Statement (location: (source ID: 82, lines: 188..189, bytes: 7943..7962), hits: 644) -> "total += amounts[i]"
- Line (location: (source ID: 82, lines: 190..191, bytes: 7986..8004), hits: 92) -> "msg.value != total"
- Statement (location: (source ID: 82, lines: 190..191, bytes: 7986..8004), hits: 92) -> "msg.value != total"
- Statement (location: (source ID: 82, lines: 190..191, bytes: 8006..8031), hits: 4) -> "revert IncorrectPayment()"
- Branch (branch: 12, path: 0) (location: (source ID: 82, lines: 190..191, bytes: 8006..8031), hits: 4) -> "revert IncorrectPayment()"
- Line (location: (source ID: 82, lines: 191..192, bytes: 8041..8067), hits: 88) -> "ids = new uint256[](count)"
- Statement (location: (source ID: 82, lines: 191..192, bytes: 8041..8067), hits: 88) -> "ids = new uint256[](count)"
- Line (location: (source ID: 82, lines: 192..193, bytes: 8082..8091), hits: 88) -> "uint256 i"
- Statement (location: (source ID: 82, lines: 192..193, bytes: 8082..8091), hits: 88) -> "uint256 i"
- Statement (location: (source ID: 82, lines: 192..193, bytes: 8093..8102), hits: 685) -> "i < count"
- Statement (location: (source ID: 82, lines: 192..193, bytes: 8104..8107), hits: 597) -> "++i"
- Line (location: (source ID: 82, lines: 193..194, bytes: 8123..8166), hits: 634) -> "ids[i] = _createBid(msg.sender, amounts[i])"
- Statement (location: (source ID: 82, lines: 193..194, bytes: 8123..8166), hits: 634) -> "ids[i] = _createBid(msg.sender, amounts[i])"
- Line (location: (source ID: 82, lines: 198..213, bytes: 8282..8911), hits: 173) -> "function increaseBid(uint256 id)...Increased(id, bid.amount);\n    }"
- Function "increaseBid" (location: (source ID: 82, lines: 198..213, bytes: 8282..8911), hits: 173) -> "function increaseBid(uint256 id)...Increased(id, bid.amount);\n    }"
- Line (location: (source ID: 82, lines: 199..200, bytes: 8355..8369), hits: 173) -> "_requireLive()"
- Statement (location: (source ID: 82, lines: 199..200, bytes: 8355..8369), hits: 173) -> "_requireLive()"
- Line (location: (source ID: 82, lines: 200..201, bytes: 8379..8405), hits: 172) -> "Bid storage bid = bids[id]"
- Statement (location: (source ID: 82, lines: 200..201, bytes: 8379..8405), hits: 172) -> "Bid storage bid = bids[id]"
- Line (location: (source ID: 82, lines: 201..202, bytes: 8419..8430), hits: 172) -> "!bid.active"
- Statement (location: (source ID: 82, lines: 201..202, bytes: 8419..8430), hits: 172) -> "!bid.active"
- Statement (location: (source ID: 82, lines: 201..202, bytes: 8432..8451), hits: 2) -> "revert InvalidBid()"
- Branch (branch: 13, path: 0) (location: (source ID: 82, lines: 201..202, bytes: 8432..8451), hits: 2) -> "revert InvalidBid()"
- Line (location: (source ID: 82, lines: 202..203, bytes: 8465..8489), hits: 170) -> "bid.bidder != msg.sender"
- Statement (location: (source ID: 82, lines: 202..203, bytes: 8465..8489), hits: 170) -> "bid.bidder != msg.sender"
- Statement (location: (source ID: 82, lines: 202..203, bytes: 8491..8512), hits: 2) -> "revert Unauthorized()"
- Branch (branch: 14, path: 0) (location: (source ID: 82, lines: 202..203, bytes: 8491..8512), hits: 2) -> "revert Unauthorized()"
- Line (location: (source ID: 82, lines: 203..204, bytes: 8526..8558), hits: 168) -> "msg.value > MAX_BID - bid.amount"
- Statement (location: (source ID: 82, lines: 203..204, bytes: 8526..8558), hits: 168) -> "msg.value > MAX_BID - bid.amount"
- Statement (location: (source ID: 82, lines: 203..204, bytes: 8538..8558), hits: 168) -> "MAX_BID - bid.amount"
- Statement (location: (source ID: 82, lines: 203..204, bytes: 8560..8580), hits: 1) -> "revert BidTooLarge()"
- Branch (branch: 15, path: 0) (location: (source ID: 82, lines: 203..204, bytes: 8560..8580), hits: 1) -> "revert BidTooLarge()"
- Line (location: (source ID: 82, lines: 204..205, bytes: 8594..8648), hits: 167) -> "msg.value < minimumIncrement(bid.amount, INCREASE_BPS)"
- Statement (location: (source ID: 82, lines: 204..205, bytes: 8594..8648), hits: 167) -> "msg.value < minimumIncrement(bid.amount, INCREASE_BPS)"
- Statement (location: (source ID: 82, lines: 204..205, bytes: 8606..8648), hits: 167) -> "minimumIncrement(bid.amount, INCREASE_BPS)"
- Statement (location: (source ID: 82, lines: 204..205, bytes: 8650..8668), hits: 5) -> "revert BidTooLow()"
- Branch (branch: 16, path: 0) (location: (source ID: 82, lines: 204..205, bytes: 8650..8668), hits: 5) -> "revert BidTooLow()"
- Line (location: (source ID: 82, lines: 205..206, bytes: 8678..8704), hits: 162) -> "uint256 oldPrev = bid.prev"
- Statement (location: (source ID: 82, lines: 205..206, bytes: 8678..8704), hits: 162) -> "uint256 oldPrev = bid.prev"
- Line (location: (source ID: 82, lines: 206..207, bytes: 8714..8725), hits: 162) -> "_unlink(id)"
- Statement (location: (source ID: 82, lines: 206..207, bytes: 8714..8725), hits: 162) -> "_unlink(id)"
- Line (location: (source ID: 82, lines: 207..208, bytes: 8735..8767), hits: 162) -> "bid.amount += uint128(msg.value)"
- Statement (location: (source ID: 82, lines: 207..208, bytes: 8735..8767), hits: 162) -> "bid.amount += uint128(msg.value)"
- Line (location: (source ID: 82, lines: 208..209, bytes: 8777..8796), hits: 162) -> "escrow += msg.value"
- Statement (location: (source ID: 82, lines: 208..209, bytes: 8777..8796), hits: 162) -> "escrow += msg.value"
- Line (location: (source ID: 82, lines: 209..210, bytes: 8806..8817), hits: 162) -> "_insert(id)"
- Statement (location: (source ID: 82, lines: 209..210, bytes: 8806..8817), hits: 162) -> "_insert(id)"
- Line (location: (source ID: 82, lines: 210..211, bytes: 8831..8850), hits: 162) -> "oldPrev != bid.prev"
- Statement (location: (source ID: 82, lines: 210..211, bytes: 8831..8850), hits: 162) -> "oldPrev != bid.prev"
- Statement (location: (source ID: 82, lines: 210..211, bytes: 8852..8861), hits: 158) -> "_extend()"
- Branch (branch: 17, path: 0) (location: (source ID: 82, lines: 210..211, bytes: 8852..8861), hits: 158) -> "_extend()"
- Line (location: (source ID: 82, lines: 211..212, bytes: 8871..8904), hits: 162) -> "emit BidIncreased(id, bid.amount)"
- Statement (location: (source ID: 82, lines: 211..212, bytes: 8871..8904), hits: 162) -> "emit BidIncreased(id, bid.amount)"
- Line (location: (source ID: 82, lines: 215..232, bytes: 9032..9777), hits: 311) -> "function settle() external nonRe...rice, activeCount, gross);\n    }"
- Function "settle" (location: (source ID: 82, lines: 215..232, bytes: 9032..9777), hits: 311) -> "function settle() external nonRe...rice, activeCount, gross);\n    }"
- Line (location: (source ID: 82, lines: 216..217, bytes: 9095..9118), hits: 3) -> "revert AlreadySettled()"
- Statement (location: (source ID: 82, lines: 216..217, bytes: 9095..9118), hits: 3) -> "revert AlreadySettled()"
- Branch (branch: 18, path: 0) (location: (source ID: 82, lines: 216..217, bytes: 9095..9118), hits: 3) -> "revert AlreadySettled()"
- Line (location: (source ID: 82, lines: 217..218, bytes: 9132..9157), hits: 308) -> "block.timestamp < endTime"
- Statement (location: (source ID: 82, lines: 217..218, bytes: 9132..9157), hits: 308) -> "block.timestamp < endTime"
- Statement (location: (source ID: 82, lines: 217..218, bytes: 9159..9183), hits: 5) -> "revert AuctionNotEnded()"
- Branch (branch: 19, path: 0) (location: (source ID: 82, lines: 217..218, bytes: 9159..9183), hits: 5) -> "revert AuctionNotEnded()"
- Line (location: (source ID: 82, lines: 218..219, bytes: 9193..9207), hits: 303) -> "settled = true"
- Statement (location: (source ID: 82, lines: 218..219, bytes: 9193..9207), hits: 303) -> "settled = true"
- Line (location: (source ID: 82, lines: 219..220, bytes: 9217..9244), hits: 303) -> "settledAt = block.timestamp"
- Statement (location: (source ID: 82, lines: 219..220, bytes: 9217..9244), hits: 303) -> "settledAt = block.timestamp"
- Line (location: (source ID: 82, lines: 220..221, bytes: 9254..9325), hits: 303) -> "clearingPrice = activeCount < SU...reservePrice : bids[tail].amount"
- Statement (location: (source ID: 82, lines: 220..221, bytes: 9254..9325), hits: 303) -> "clearingPrice = activeCount < SU...reservePrice : bids[tail].amount"
- Line (location: (source ID: 82, lines: 221..222, bytes: 9335..9436), hits: 303) -> "uint256 gross = activeCount == 0...learingPrice * (activeCount - 1)"
- Statement (location: (source ID: 82, lines: 221..222, bytes: 9335..9436), hits: 303) -> "uint256 gross = activeCount == 0...learingPrice * (activeCount - 1)"
- Statement (location: (source ID: 82, lines: 221..222, bytes: 9351..9436), hits: 303) -> "activeCount == 0 ? 0 : uint256(b...learingPrice * (activeCount - 1)"
- Line (location: (source ID: 82, lines: 222..223, bytes: 9446..9469), hits: 303) -> "pendingProceeds = gross"
- Statement (location: (source ID: 82, lines: 222..223, bytes: 9446..9469), hits: 303) -> "pendingProceeds = gross"
- Line (location: (source ID: 82, lines: 223..224, bytes: 9479..9494), hits: 303) -> "escrow -= gross"
- Statement (location: (source ID: 82, lines: 223..224, bytes: 9479..9494), hits: 303) -> "escrow -= gross"
- Line (location: (source ID: 82, lines: 224..225, bytes: 9504..9542), hits: 303) -> "unsoldRemaining = SUPPLY - activeCount"
- Statement (location: (source ID: 82, lines: 224..225, bytes: 9504..9542), hits: 303) -> "unsoldRemaining = SUPPLY - activeCount"
- Line (location: (source ID: 82, lines: 225..226, bytes: 9552..9569), hits: 303) -> "uint256 id = head"
- Statement (location: (source ID: 82, lines: 225..226, bytes: 9552..9569), hits: 303) -> "uint256 id = head"
- Line (location: (source ID: 82, lines: 226..227, bytes: 9584..9600), hits: 303) -> "uint256 rank = 1"
- Statement (location: (source ID: 82, lines: 226..227, bytes: 9584..9600), hits: 303) -> "uint256 rank = 1"
- Statement (location: (source ID: 82, lines: 226..227, bytes: 9602..9609), hits: 9080) -> "id != 0"
- Statement (location: (source ID: 82, lines: 226..227, bytes: 9611..9617), hits: 8777) -> "++rank"
- Line (location: (source ID: 82, lines: 227..228, bytes: 9633..9664), hits: 8777) -> "bids[id].tokenId = uint16(rank)"
- Statement (location: (source ID: 82, lines: 227..228, bytes: 9633..9664), hits: 8777) -> "bids[id].tokenId = uint16(rank)"
- Line (location: (source ID: 82, lines: 228..229, bytes: 9678..9696), hits: 8777) -> "id = bids[id].next"
- Statement (location: (source ID: 82, lines: 228..229, bytes: 9678..9696), hits: 8777) -> "id = bids[id].next"
- Line (location: (source ID: 82, lines: 230..231, bytes: 9716..9770), hits: 303) -> "emit AuctionSettled(clearingPrice, activeCount, gross)"
- Statement (location: (source ID: 82, lines: 230..231, bytes: 9716..9770), hits: 303) -> "emit AuctionSettled(clearingPrice, activeCount, gross)"
- Line (location: (source ID: 82, lines: 234..239, bytes: 9898..10126), hits: 13) -> "function winningBidCost(uint256 ...d].amount : clearingPrice;\n    }"
- Function "winningBidCost" (location: (source ID: 82, lines: 234..239, bytes: 9898..10126), hits: 13) -> "function winningBidCost(uint256 ...d].amount : clearingPrice;\n    }"
- Line (location: (source ID: 82, lines: 235..236, bytes: 9978..9986), hits: 2528) -> "!settled"
- Statement (location: (source ID: 82, lines: 235..236, bytes: 9978..9986), hits: 2528) -> "!settled"
- Statement (location: (source ID: 82, lines: 235..236, bytes: 9988..10007), hits: 1) -> "revert NotSettled()"
- Branch (branch: 20, path: 0) (location: (source ID: 82, lines: 235..236, bytes: 9988..10007), hits: 1) -> "revert NotSettled()"
- Line (location: (source ID: 82, lines: 236..237, bytes: 10021..10037), hits: 2527) -> "!bids[id].active"
- Statement (location: (source ID: 82, lines: 236..237, bytes: 10021..10037), hits: 2527) -> "!bids[id].active"
- Statement (location: (source ID: 82, lines: 236..237, bytes: 10039..10058), hits: 3) -> "revert InvalidBid()"
- Branch (branch: 21, path: 0) (location: (source ID: 82, lines: 236..237, bytes: 10039..10058), hits: 3) -> "revert InvalidBid()"
- Line (location: (source ID: 82, lines: 237..238, bytes: 10068..10119), hits: 2524) -> "return id == head ? bids[id].amount : clearingPrice"
- Statement (location: (source ID: 82, lines: 237..238, bytes: 10068..10119), hits: 2524) -> "return id == head ? bids[id].amount : clearingPrice"
- Statement (location: (source ID: 82, lines: 237..238, bytes: 10075..10119), hits: 2524) -> "id == head ? bids[id].amount : clearingPrice"
- Line (location: (source ID: 82, lines: 242..260, bytes: 10349..11055), hits: 1265) -> "function creditRefunds(uint256[]... totalRefunds += credited;\n    }"
- Function "creditRefunds" (location: (source ID: 82, lines: 242..260, bytes: 10349..11055), hits: 1265) -> "function creditRefunds(uint256[]... totalRefunds += credited;\n    }"
- Line (location: (source ID: 82, lines: 243..244, bytes: 10428..10460), hits: 1265) -> "_requireSettledBatch(ids.length)"
- Statement (location: (source ID: 82, lines: 243..244, bytes: 10428..10460), hits: 1265) -> "_requireSettledBatch(ids.length)"
- Line (location: (source ID: 82, lines: 244..245, bytes: 10470..10491), hits: 1263) -> "_requireRefundsOpen()"
- Statement (location: (source ID: 82, lines: 244..245, bytes: 10470..10491), hits: 1263) -> "_requireRefundsOpen()"
- Line (location: (source ID: 82, lines: 245..246, bytes: 10501..10517), hits: 1261) -> "uint256 credited"
- Statement (location: (source ID: 82, lines: 245..246, bytes: 10501..10517), hits: 1261) -> "uint256 credited"
- Line (location: (source ID: 82, lines: 246..247, bytes: 10532..10541), hits: 1261) -> "uint256 i"
- Statement (location: (source ID: 82, lines: 246..247, bytes: 10532..10541), hits: 1261) -> "uint256 i"
- Statement (location: (source ID: 82, lines: 246..247, bytes: 10543..10557), hits: 4873) -> "i < ids.length"
- Statement (location: (source ID: 82, lines: 246..247, bytes: 10559..10562), hits: 3612) -> "++i"
- Line (location: (source ID: 82, lines: 247..248, bytes: 10578..10597), hits: 3614) -> "uint256 id = ids[i]"
- Statement (location: (source ID: 82, lines: 247..248, bytes: 10578..10597), hits: 3614) -> "uint256 id = ids[i]"
- Line (location: (source ID: 82, lines: 248..249, bytes: 10611..10637), hits: 3614) -> "Bid storage bid = bids[id]"
- Statement (location: (source ID: 82, lines: 248..249, bytes: 10611..10637), hits: 3614) -> "Bid storage bid = bids[id]"
- Line (location: (source ID: 82, lines: 249..250, bytes: 10655..10666), hits: 3614) -> "!bid.active"
- Statement (location: (source ID: 82, lines: 249..250, bytes: 10655..10666), hits: 3614) -> "!bid.active"
- Statement (location: (source ID: 82, lines: 249..250, bytes: 10668..10687), hits: 2) -> "revert InvalidBid()"
- Branch (branch: 22, path: 0) (location: (source ID: 82, lines: 249..250, bytes: 10668..10687), hits: 2) -> "revert InvalidBid()"
- Line (location: (source ID: 82, lines: 250..251, bytes: 10725..10733), hits: 1097) -> "continue"
- Statement (location: (source ID: 82, lines: 250..251, bytes: 10725..10733), hits: 1097) -> "continue"
- Branch (branch: 23, path: 0) (location: (source ID: 82, lines: 250..251, bytes: 10725..10733), hits: 1097) -> "continue"
- Line (location: (source ID: 82, lines: 251..252, bytes: 10747..10772), hits: 2515) -> "bid.refundCredited = true"
- Statement (location: (source ID: 82, lines: 251..252, bytes: 10747..10772), hits: 2515) -> "bid.refundCredited = true"
- Line (location: (source ID: 82, lines: 252..253, bytes: 10786..10843), hits: 2515) -> "uint256 amount = uint256(bid.amount) - winningBidCost(id)"
- Statement (location: (source ID: 82, lines: 252..253, bytes: 10786..10843), hits: 2515) -> "uint256 amount = uint256(bid.amount) - winningBidCost(id)"
- Statement (location: (source ID: 82, lines: 252..253, bytes: 10803..10843), hits: 2515) -> "uint256(bid.amount) - winningBidCost(id)"
- Statement (location: (source ID: 82, lines: 252..253, bytes: 10825..10843), hits: 2515) -> "winningBidCost(id)"
- Line (location: (source ID: 82, lines: 253..254, bytes: 10857..10875), hits: 2515) -> "credited += amount"
- Statement (location: (source ID: 82, lines: 253..254, bytes: 10857..10875), hits: 2515) -> "credited += amount"
- Line (location: (source ID: 82, lines: 254..255, bytes: 10889..10919), hits: 2515) -> "_refunds[bid.bidder] += amount"
- Statement (location: (source ID: 82, lines: 254..255, bytes: 10889..10919), hits: 2515) -> "_refunds[bid.bidder] += amount"
- Line (location: (source ID: 82, lines: 255..256, bytes: 10933..10976), hits: 2515) -> "emit RefundCredited(id, bid.bidder, amount)"
- Statement (location: (source ID: 82, lines: 255..256, bytes: 10933..10976), hits: 2515) -> "emit RefundCredited(id, bid.bidder, amount)"
- Line (location: (source ID: 82, lines: 257..258, bytes: 10996..11014), hits: 1259) -> "escrow -= credited"
- Statement (location: (source ID: 82, lines: 257..258, bytes: 10996..11014), hits: 1259) -> "escrow -= credited"
- Line (location: (source ID: 82, lines: 258..259, bytes: 11024..11048), hits: 1259) -> "totalRefunds += credited"
- Statement (location: (source ID: 82, lines: 258..259, bytes: 11024..11048), hits: 1259) -> "totalRefunds += credited"
- Line (location: (source ID: 82, lines: 263..279, bytes: 11268..12037), hits: 1141) -> "function claimTokens(uint256[] c...mint(recipient, tokenIds);\n    }"
- Function "claimTokens" (location: (source ID: 82, lines: 263..279, bytes: 11268..12037), hits: 1141) -> "function claimTokens(uint256[] c...mint(recipient, tokenIds);\n    }"
- Line (location: (source ID: 82, lines: 264..265, bytes: 11364..11396), hits: 1140) -> "_requireSettledBatch(ids.length)"
- Statement (location: (source ID: 82, lines: 264..265, bytes: 11364..11396), hits: 1140) -> "_requireSettledBatch(ids.length)"
- Line (location: (source ID: 82, lines: 265..266, bytes: 11410..11433), hits: 1138) -> "recipient == address(0)"
- Statement (location: (source ID: 82, lines: 265..266, bytes: 11410..11433), hits: 1138) -> "recipient == address(0)"
- Statement (location: (source ID: 82, lines: 265..266, bytes: 11435..11460), hits: 1) -> "revert InvalidRecipient()"
- Branch (branch: 24, path: 0) (location: (source ID: 82, lines: 265..266, bytes: 11435..11460), hits: 1) -> "revert InvalidRecipient()"
- Line (location: (source ID: 82, lines: 266..267, bytes: 11470..11523), hits: 1137) -> "uint256[] memory tokenIds = new uint256[](ids.length)"
- Statement (location: (source ID: 82, lines: 266..267, bytes: 11470..11523), hits: 1137) -> "uint256[] memory tokenIds = new uint256[](ids.length)"
- Statement (location: (source ID: 82, lines: 266..267, bytes: 11498..11523), hits: 1137) -> "new uint256[](ids.length)"
- Line (location: (source ID: 82, lines: 267..268, bytes: 11538..11547), hits: 1137) -> "uint256 i"
- Statement (location: (source ID: 82, lines: 267..268, bytes: 11538..11547), hits: 1137) -> "uint256 i"
- Statement (location: (source ID: 82, lines: 267..268, bytes: 11549..11563), hits: 2545) -> "i < ids.length"
- Statement (location: (source ID: 82, lines: 267..268, bytes: 11565..11568), hits: 1408) -> "++i"
- Line (location: (source ID: 82, lines: 268..269, bytes: 11584..11614), hits: 1417) -> "Bid storage bid = bids[ids[i]]"
- Statement (location: (source ID: 82, lines: 268..269, bytes: 11584..11614), hits: 1417) -> "Bid storage bid = bids[ids[i]]"
- Line (location: (source ID: 82, lines: 269..270, bytes: 11632..11643), hits: 1417) -> "!bid.active"
- Statement (location: (source ID: 82, lines: 269..270, bytes: 11632..11643), hits: 1417) -> "!bid.active"
- Statement (location: (source ID: 82, lines: 269..270, bytes: 11645..11664), hits: 2) -> "revert InvalidBid()"
- Branch (branch: 25, path: 0) (location: (source ID: 82, lines: 269..270, bytes: 11645..11664), hits: 2) -> "revert InvalidBid()"
- Line (location: (source ID: 82, lines: 270..271, bytes: 11700..11723), hits: 2) -> "revert AlreadyClaimed()"
- Statement (location: (source ID: 82, lines: 270..271, bytes: 11700..11723), hits: 2) -> "revert AlreadyClaimed()"
- Branch (branch: 26, path: 0) (location: (source ID: 82, lines: 270..271, bytes: 11700..11723), hits: 2) -> "revert AlreadyClaimed()"
- Line (location: (source ID: 82, lines: 271..272, bytes: 11741..11765), hits: 1413) -> "msg.sender != bid.bidder"
- Statement (location: (source ID: 82, lines: 271..272, bytes: 11741..11765), hits: 1413) -> "msg.sender != bid.bidder"
- Statement (location: (source ID: 82, lines: 271..272, bytes: 11767..11788), hits: 5) -> "revert Unauthorized()"
- Branch (branch: 27, path: 0) (location: (source ID: 82, lines: 271..272, bytes: 11767..11788), hits: 5) -> "revert Unauthorized()"
- Line (location: (source ID: 82, lines: 272..273, bytes: 11802..11825), hits: 1408) -> "bid.tokenClaimed = true"
- Statement (location: (source ID: 82, lines: 272..273, bytes: 11802..11825), hits: 1408) -> "bid.tokenClaimed = true"
- Line (location: (source ID: 82, lines: 273..274, bytes: 11839..11864), hits: 1408) -> "tokenIds[i] = bid.tokenId"
- Statement (location: (source ID: 82, lines: 273..274, bytes: 11839..11864), hits: 1408) -> "tokenIds[i] = bid.tokenId"
- Line (location: (source ID: 82, lines: 274..275, bytes: 11878..11940), hits: 1408) -> "emit TokensClaimed(ids[i], bid.bidder, recipient, bid.tokenId)"
- Statement (location: (source ID: 82, lines: 274..275, bytes: 11878..11940), hits: 1408) -> "emit TokensClaimed(ids[i], bid.bidder, recipient, bid.tokenId)"
- Line (location: (source ID: 82, lines: 276..277, bytes: 11960..11987), hits: 1128) -> "tokensClaimed += ids.length"
- Statement (location: (source ID: 82, lines: 276..277, bytes: 11960..11987), hits: 1128) -> "tokensClaimed += ids.length"
- Line (location: (source ID: 82, lines: 277..278, bytes: 11997..12030), hits: 1128) -> "edition.mint(recipient, tokenIds)"
- Statement (location: (source ID: 82, lines: 277..278, bytes: 11997..12030), hits: 1128) -> "edition.mint(recipient, tokenIds)"
- Line (location: (source ID: 82, lines: 280..294, bytes: 12043..12744), hits: 162) -> "function claimUnsold(uint256 qua..., firstTokenId, quantity);\n    }"
- Function "claimUnsold" (location: (source ID: 82, lines: 280..294, bytes: 12043..12744), hits: 162) -> "function claimUnsold(uint256 qua..., firstTokenId, quantity);\n    }"
- Line (location: (source ID: 82, lines: 281..282, bytes: 12137..12145), hits: 162) -> "!settled"
- Statement (location: (source ID: 82, lines: 281..282, bytes: 12137..12145), hits: 162) -> "!settled"
- Statement (location: (source ID: 82, lines: 281..282, bytes: 12147..12166), hits: 1) -> "revert NotSettled()"
- Branch (branch: 28, path: 0) (location: (source ID: 82, lines: 281..282, bytes: 12147..12166), hits: 1) -> "revert NotSettled()"
- Line (location: (source ID: 82, lines: 282..283, bytes: 12180..12206), hits: 161) -> "msg.sender != payoutWallet"
- Statement (location: (source ID: 82, lines: 282..283, bytes: 12180..12206), hits: 161) -> "msg.sender != payoutWallet"
- Statement (location: (source ID: 82, lines: 282..283, bytes: 12208..12229), hits: 2) -> "revert Unauthorized()"
- Branch (branch: 29, path: 0) (location: (source ID: 82, lines: 282..283, bytes: 12208..12229), hits: 2) -> "revert Unauthorized()"
- Line (location: (source ID: 82, lines: 283..284, bytes: 12243..12266), hits: 159) -> "recipient == address(0)"
- Statement (location: (source ID: 82, lines: 283..284, bytes: 12243..12266), hits: 159) -> "recipient == address(0)"
- Statement (location: (source ID: 82, lines: 283..284, bytes: 12268..12293), hits: 1) -> "revert InvalidRecipient()"
- Branch (branch: 30, path: 0) (location: (source ID: 82, lines: 283..284, bytes: 12268..12293), hits: 1) -> "revert InvalidRecipient()"
- Line (location: (source ID: 82, lines: 284..285, bytes: 12307..12320), hits: 158) -> "quantity == 0"
- Statement (location: (source ID: 82, lines: 284..285, bytes: 12307..12320), hits: 158) -> "quantity == 0"
- Statement (location: (source ID: 82, lines: 284..285, bytes: 12307..12350), hits: 158) -> "quantity == 0 || quantity > unsoldRemaining"
- Statement (location: (source ID: 82, lines: 284..285, bytes: 12324..12350), hits: 157) -> "quantity > unsoldRemaining"
- Statement (location: (source ID: 82, lines: 284..285, bytes: 12352..12373), hits: 2) -> "revert InvalidBatch()"
- Branch (branch: 31, path: 0) (location: (source ID: 82, lines: 284..285, bytes: 12352..12373), hits: 2) -> "revert InvalidBatch()"
- Line (location: (source ID: 82, lines: 285..286, bytes: 12383..12434), hits: 156) -> "uint256 firstTokenId = SUPPLY - unsoldRemaining + 1"
- Statement (location: (source ID: 82, lines: 285..286, bytes: 12383..12434), hits: 156) -> "uint256 firstTokenId = SUPPLY - unsoldRemaining + 1"
- Statement (location: (source ID: 82, lines: 285..286, bytes: 12406..12434), hits: 156) -> "SUPPLY - unsoldRemaining + 1"
- Statement (location: (source ID: 82, lines: 285..286, bytes: 12415..12434), hits: 156) -> "unsoldRemaining + 1"
- Line (location: (source ID: 82, lines: 286..287, bytes: 12444..12495), hits: 156) -> "uint256[] memory tokenIds = new uint256[](quantity)"
- Statement (location: (source ID: 82, lines: 286..287, bytes: 12444..12495), hits: 156) -> "uint256[] memory tokenIds = new uint256[](quantity)"
- Statement (location: (source ID: 82, lines: 286..287, bytes: 12472..12495), hits: 156) -> "new uint256[](quantity)"
- Line (location: (source ID: 82, lines: 287..288, bytes: 12510..12519), hits: 156) -> "uint256 i"
- Statement (location: (source ID: 82, lines: 287..288, bytes: 12510..12519), hits: 156) -> "uint256 i"
- Statement (location: (source ID: 82, lines: 287..288, bytes: 12521..12533), hits: 13008) -> "i < quantity"
- Statement (location: (source ID: 82, lines: 287..288, bytes: 12535..12538), hits: 12852) -> "++i"
- Line (location: (source ID: 82, lines: 288..289, bytes: 12554..12584), hits: 12852) -> "tokenIds[i] = firstTokenId + i"
- Statement (location: (source ID: 82, lines: 288..289, bytes: 12554..12584), hits: 12852) -> "tokenIds[i] = firstTokenId + i"
- Line (location: (source ID: 82, lines: 290..291, bytes: 12604..12631), hits: 156) -> "unsoldRemaining -= quantity"
- Statement (location: (source ID: 82, lines: 290..291, bytes: 12604..12631), hits: 156) -> "unsoldRemaining -= quantity"
- Line (location: (source ID: 82, lines: 291..292, bytes: 12641..12674), hits: 156) -> "edition.mint(recipient, tokenIds)"
- Statement (location: (source ID: 82, lines: 291..292, bytes: 12641..12674), hits: 156) -> "edition.mint(recipient, tokenIds)"
- Line (location: (source ID: 82, lines: 292..293, bytes: 12684..12737), hits: 156) -> "emit UnsoldClaimed(recipient, firstTokenId, quantity)"
- Statement (location: (source ID: 82, lines: 292..293, bytes: 12684..12737), hits: 156) -> "emit UnsoldClaimed(recipient, firstTokenId, quantity)"
- Line (location: (source ID: 82, lines: 296..309, bytes: 12856..13542), hits: 177) -> "function claimReserved(uint256 q..., firstTokenId, quantity);\n    }"
- Function "claimReserved" (location: (source ID: 82, lines: 296..309, bytes: 12856..13542), hits: 177) -> "function claimReserved(uint256 q..., firstTokenId, quantity);\n    }"
- Line (location: (source ID: 82, lines: 297..298, bytes: 12952..12978), hits: 176) -> "msg.sender != payoutWallet"
- Statement (location: (source ID: 82, lines: 297..298, bytes: 12952..12978), hits: 176) -> "msg.sender != payoutWallet"
- Statement (location: (source ID: 82, lines: 297..298, bytes: 12980..13001), hits: 3) -> "revert Unauthorized()"
- Branch (branch: 32, path: 0) (location: (source ID: 82, lines: 297..298, bytes: 12980..13001), hits: 3) -> "revert Unauthorized()"
- Line (location: (source ID: 82, lines: 298..299, bytes: 13015..13038), hits: 173) -> "recipient == address(0)"
- Statement (location: (source ID: 82, lines: 298..299, bytes: 13015..13038), hits: 173) -> "recipient == address(0)"
- Statement (location: (source ID: 82, lines: 298..299, bytes: 13040..13065), hits: 1) -> "revert InvalidRecipient()"
- Branch (branch: 33, path: 0) (location: (source ID: 82, lines: 298..299, bytes: 13040..13065), hits: 1) -> "revert InvalidRecipient()"
- Line (location: (source ID: 82, lines: 299..300, bytes: 13079..13092), hits: 172) -> "quantity == 0"
- Statement (location: (source ID: 82, lines: 299..300, bytes: 13079..13092), hits: 172) -> "quantity == 0"
- Statement (location: (source ID: 82, lines: 299..300, bytes: 13079..13124), hits: 172) -> "quantity == 0 || quantity > reservedRemaining"
- Statement (location: (source ID: 82, lines: 299..300, bytes: 13096..13124), hits: 171) -> "quantity > reservedRemaining"
- Statement (location: (source ID: 82, lines: 299..300, bytes: 13126..13147), hits: 3) -> "revert InvalidBatch()"
- Branch (branch: 34, path: 0) (location: (source ID: 82, lines: 299..300, bytes: 13126..13147), hits: 3) -> "revert InvalidBatch()"
- Line (location: (source ID: 82, lines: 300..301, bytes: 13157..13228), hits: 169) -> "uint256 firstTokenId = SUPPLY + ...D_SUPPLY - reservedRemaining + 1"
- Statement (location: (source ID: 82, lines: 300..301, bytes: 13157..13228), hits: 169) -> "uint256 firstTokenId = SUPPLY + ...D_SUPPLY - reservedRemaining + 1"
- Statement (location: (source ID: 82, lines: 300..301, bytes: 13180..13228), hits: 169) -> "SUPPLY + RESERVED_SUPPLY - reservedRemaining + 1"
- Statement (location: (source ID: 82, lines: 300..301, bytes: 13189..13228), hits: 169) -> "RESERVED_SUPPLY - reservedRemaining + 1"
- Statement (location: (source ID: 82, lines: 300..301, bytes: 13207..13228), hits: 169) -> "reservedRemaining + 1"
- Line (location: (source ID: 82, lines: 301..302, bytes: 13238..13289), hits: 169) -> "uint256[] memory tokenIds = new uint256[](quantity)"
- Statement (location: (source ID: 82, lines: 301..302, bytes: 13238..13289), hits: 169) -> "uint256[] memory tokenIds = new uint256[](quantity)"
- Statement (location: (source ID: 82, lines: 301..302, bytes: 13266..13289), hits: 169) -> "new uint256[](quantity)"
- Line (location: (source ID: 82, lines: 302..303, bytes: 13304..13313), hits: 169) -> "uint256 i"
- Statement (location: (source ID: 82, lines: 302..303, bytes: 13304..13313), hits: 169) -> "uint256 i"
- Statement (location: (source ID: 82, lines: 302..303, bytes: 13315..13327), hits: 1749) -> "i < quantity"
- Statement (location: (source ID: 82, lines: 302..303, bytes: 13329..13332), hits: 1580) -> "++i"
- Line (location: (source ID: 82, lines: 303..304, bytes: 13348..13378), hits: 1580) -> "tokenIds[i] = firstTokenId + i"
- Statement (location: (source ID: 82, lines: 303..304, bytes: 13348..13378), hits: 1580) -> "tokenIds[i] = firstTokenId + i"
- Line (location: (source ID: 82, lines: 305..306, bytes: 13398..13427), hits: 169) -> "reservedRemaining -= quantity"
- Statement (location: (source ID: 82, lines: 305..306, bytes: 13398..13427), hits: 169) -> "reservedRemaining -= quantity"
- Line (location: (source ID: 82, lines: 306..307, bytes: 13437..13470), hits: 169) -> "edition.mint(recipient, tokenIds)"
- Statement (location: (source ID: 82, lines: 306..307, bytes: 13437..13470), hits: 169) -> "edition.mint(recipient, tokenIds)"
- Line (location: (source ID: 82, lines: 307..308, bytes: 13480..13535), hits: 168) -> "emit ReservedClaimed(recipient, firstTokenId, quantity)"
- Statement (location: (source ID: 82, lines: 307..308, bytes: 13480..13535), hits: 168) -> "emit ReservedClaimed(recipient, firstTokenId, quantity)"
- Line (location: (source ID: 82, lines: 312..315, bytes: 13754..13887), hits: 43) -> "function recoveryAvailableAt() p...endTime) + RECOVERY_DELAY;\n    }"
- Function "recoveryAvailableAt" (location: (source ID: 82, lines: 312..315, bytes: 13754..13887), hits: 43) -> "function recoveryAvailableAt() p...endTime) + RECOVERY_DELAY;\n    }"
- Line (location: (source ID: 82, lines: 313..314, bytes: 13825..13880), hits: 119) -> "return (settled ? settledAt : endTime) + RECOVERY_DELAY"
- Statement (location: (source ID: 82, lines: 313..314, bytes: 13825..13880), hits: 119) -> "return (settled ? settledAt : endTime) + RECOVERY_DELAY"
- Statement (location: (source ID: 82, lines: 313..314, bytes: 13832..13880), hits: 119) -> "(settled ? settledAt : endTime) + RECOVERY_DELAY"
- Line (location: (source ID: 82, lines: 317..320, bytes: 13997..14122), hits: 1514) -> "function refunds(address bidder)...ed ? 0 : _refunds[bidder];\n    }"
- Function "refunds" (location: (source ID: 82, lines: 317..320, bytes: 13997..14122), hits: 1514) -> "function refunds(address bidder)...ed ? 0 : _refunds[bidder];\n    }"
- Line (location: (source ID: 82, lines: 318..319, bytes: 14072..14115), hits: 1514) -> "return refundsClosed ? 0 : _refunds[bidder]"
- Statement (location: (source ID: 82, lines: 318..319, bytes: 14072..14115), hits: 1514) -> "return refundsClosed ? 0 : _refunds[bidder]"
- Statement (location: (source ID: 82, lines: 318..319, bytes: 14079..14115), hits: 1514) -> "refundsClosed ? 0 : _refunds[bidder]"
- Line (location: (source ID: 82, lines: 321..329, bytes: 14128..14447), hits: 633) -> "function withdrawRefund(address ...ender, recipient, amount);\n    }"
- Function "withdrawRefund" (location: (source ID: 82, lines: 321..329, bytes: 14128..14447), hits: 633) -> "function withdrawRefund(address ...ender, recipient, amount);\n    }"
- Line (location: (source ID: 82, lines: 322..323, bytes: 14211..14232), hits: 632) -> "_requireRefundsOpen()"
- Statement (location: (source ID: 82, lines: 322..323, bytes: 14211..14232), hits: 632) -> "_requireRefundsOpen()"
- Line (location: (source ID: 82, lines: 323..324, bytes: 14242..14279), hits: 631) -> "uint256 amount = _refunds[msg.sender]"
- Statement (location: (source ID: 82, lines: 323..324, bytes: 14242..14279), hits: 631) -> "uint256 amount = _refunds[msg.sender]"
- Line (location: (source ID: 82, lines: 324..325, bytes: 14289..14313), hits: 631) -> "_refunds[msg.sender] = 0"
- Statement (location: (source ID: 82, lines: 324..325, bytes: 14289..14313), hits: 631) -> "_refunds[msg.sender] = 0"
- Line (location: (source ID: 82, lines: 325..326, bytes: 14323..14345), hits: 631) -> "totalRefunds -= amount"
- Statement (location: (source ID: 82, lines: 325..326, bytes: 14323..14345), hits: 631) -> "totalRefunds -= amount"
- Line (location: (source ID: 82, lines: 326..327, bytes: 14355..14379), hits: 631) -> "_send(recipient, amount)"
- Statement (location: (source ID: 82, lines: 326..327, bytes: 14355..14379), hits: 631) -> "_send(recipient, amount)"
- Line (location: (source ID: 82, lines: 327..328, bytes: 14389..14440), hits: 626) -> "emit RefundWithdrawn(msg.sender, recipient, amount)"
- Statement (location: (source ID: 82, lines: 327..328, bytes: 14389..14440), hits: 626) -> "emit RefundWithdrawn(msg.sender, recipient, amount)"
- Line (location: (source ID: 82, lines: 330..337, bytes: 14453..14754), hits: 58) -> "function withdrawProceeds(addres...hdrawn(recipient, amount);\n    }"
- Function "withdrawProceeds" (location: (source ID: 82, lines: 330..337, bytes: 14453..14754), hits: 58) -> "function withdrawProceeds(addres...hdrawn(recipient, amount);\n    }"
- Line (location: (source ID: 82, lines: 331..332, bytes: 14542..14568), hits: 58) -> "msg.sender != payoutWallet"
- Statement (location: (source ID: 82, lines: 331..332, bytes: 14542..14568), hits: 58) -> "msg.sender != payoutWallet"
- Statement (location: (source ID: 82, lines: 331..332, bytes: 14570..14591), hits: 3) -> "revert Unauthorized()"
- Branch (branch: 35, path: 0) (location: (source ID: 82, lines: 331..332, bytes: 14570..14591), hits: 3) -> "revert Unauthorized()"
- Line (location: (source ID: 82, lines: 332..333, bytes: 14601..14633), hits: 55) -> "uint256 amount = pendingProceeds"
- Statement (location: (source ID: 82, lines: 332..333, bytes: 14601..14633), hits: 55) -> "uint256 amount = pendingProceeds"
- Line (location: (source ID: 82, lines: 333..334, bytes: 14643..14662), hits: 55) -> "pendingProceeds = 0"
- Statement (location: (source ID: 82, lines: 333..334, bytes: 14643..14662), hits: 55) -> "pendingProceeds = 0"
- Line (location: (source ID: 82, lines: 334..335, bytes: 14672..14696), hits: 55) -> "_send(recipient, amount)"
- Statement (location: (source ID: 82, lines: 334..335, bytes: 14672..14696), hits: 55) -> "_send(recipient, amount)"
- Line (location: (source ID: 82, lines: 335..336, bytes: 14706..14747), hits: 52) -> "emit ProceedsWithdrawn(recipient, amount)"
- Statement (location: (source ID: 82, lines: 335..336, bytes: 14706..14747), hits: 52) -> "emit ProceedsWithdrawn(recipient, amount)"
- Line (location: (source ID: 82, lines: 340..352, bytes: 14983..15501), hits: 84) -> "function withdrawUnclaimedETH(ad...hdrawn(recipient, amount);\n    }"
- Function "withdrawUnclaimedETH" (location: (source ID: 82, lines: 340..352, bytes: 14983..15501), hits: 84) -> "function withdrawUnclaimedETH(ad...hdrawn(recipient, amount);\n    }"
- Line (location: (source ID: 82, lines: 341..342, bytes: 15076..15102), hits: 82) -> "msg.sender != payoutWallet"
- Statement (location: (source ID: 82, lines: 341..342, bytes: 15076..15102), hits: 82) -> "msg.sender != payoutWallet"
- Statement (location: (source ID: 82, lines: 341..342, bytes: 15104..15125), hits: 4) -> "revert Unauthorized()"
- Branch (branch: 36, path: 0) (location: (source ID: 82, lines: 341..342, bytes: 15104..15125), hits: 4) -> "revert Unauthorized()"
- Line (location: (source ID: 82, lines: 342..343, bytes: 15139..15147), hits: 78) -> "!settled"
- Statement (location: (source ID: 82, lines: 342..343, bytes: 15139..15147), hits: 78) -> "!settled"
- Statement (location: (source ID: 82, lines: 342..343, bytes: 15149..15168), hits: 2) -> "revert NotSettled()"
- Branch (branch: 37, path: 0) (location: (source ID: 82, lines: 342..343, bytes: 15149..15168), hits: 2) -> "revert NotSettled()"
- Line (location: (source ID: 82, lines: 343..344, bytes: 15182..15221), hits: 76) -> "block.timestamp < recoveryAvailableAt()"
- Statement (location: (source ID: 82, lines: 343..344, bytes: 15182..15221), hits: 76) -> "block.timestamp < recoveryAvailableAt()"
- Statement (location: (source ID: 82, lines: 343..344, bytes: 15200..15221), hits: 76) -> "recoveryAvailableAt()"
- Statement (location: (source ID: 82, lines: 343..344, bytes: 15223..15252), hits: 10) -> "revert RecoveryNotAvailable()"
- Branch (branch: 38, path: 0) (location: (source ID: 82, lines: 343..344, bytes: 15223..15252), hits: 10) -> "revert RecoveryNotAvailable()"
- Line (location: (source ID: 82, lines: 344..345, bytes: 15262..15300), hits: 66) -> "uint256 amount = address(this).balance"
- Statement (location: (source ID: 82, lines: 344..345, bytes: 15262..15300), hits: 66) -> "uint256 amount = address(this).balance"
- Line (location: (source ID: 82, lines: 345..346, bytes: 15310..15330), hits: 66) -> "refundsClosed = true"
- Statement (location: (source ID: 82, lines: 345..346, bytes: 15310..15330), hits: 66) -> "refundsClosed = true"
- Line (location: (source ID: 82, lines: 346..347, bytes: 15340..15350), hits: 66) -> "escrow = 0"
- Statement (location: (source ID: 82, lines: 346..347, bytes: 15340..15350), hits: 66) -> "escrow = 0"
- Line (location: (source ID: 82, lines: 347..348, bytes: 15360..15376), hits: 66) -> "totalRefunds = 0"
- Statement (location: (source ID: 82, lines: 347..348, bytes: 15360..15376), hits: 66) -> "totalRefunds = 0"
- Line (location: (source ID: 82, lines: 348..349, bytes: 15386..15405), hits: 66) -> "pendingProceeds = 0"
- Statement (location: (source ID: 82, lines: 348..349, bytes: 15386..15405), hits: 66) -> "pendingProceeds = 0"
- Line (location: (source ID: 82, lines: 349..350, bytes: 15415..15439), hits: 66) -> "_send(recipient, amount)"
- Statement (location: (source ID: 82, lines: 349..350, bytes: 15415..15439), hits: 66) -> "_send(recipient, amount)"
- Line (location: (source ID: 82, lines: 350..351, bytes: 15449..15494), hits: 61) -> "emit UnclaimedETHWithdrawn(recipient, amount)"
- Statement (location: (source ID: 82, lines: 350..351, bytes: 15449..15494), hits: 61) -> "emit UnclaimedETHWithdrawn(recipient, amount)"
- Line (location: (source ID: 82, lines: 355..358, bytes: 15714..15830), hits: 1312) -> "function liabilities() public vi...Refunds + pendingProceeds;\n    }"
- Function "liabilities" (location: (source ID: 82, lines: 355..358, bytes: 15714..15830), hits: 1312) -> "function liabilities() public vi...Refunds + pendingProceeds;\n    }"
- Line (location: (source ID: 82, lines: 356..357, bytes: 15777..15823), hits: 1312) -> "return escrow + totalRefunds + pendingProceeds"
- Statement (location: (source ID: 82, lines: 356..357, bytes: 15777..15823), hits: 1312) -> "return escrow + totalRefunds + pendingProceeds"
- Statement (location: (source ID: 82, lines: 356..357, bytes: 15784..15823), hits: 1312) -> "escrow + totalRefunds + pendingProceeds"
- Statement (location: (source ID: 82, lines: 356..357, bytes: 15793..15823), hits: 1312) -> "totalRefunds + pendingProceeds"
- Line (location: (source ID: 82, lines: 360..376, bytes: 15924..16540), hits: 16) -> "function rankedBids(uint256 firs...bids[next].next;\n        }\n    }"
- Function "rankedBids" (location: (source ID: 82, lines: 360..376, bytes: 15924..16540), hits: 16) -> "function rankedBids(uint256 firs...bids[next].next;\n        }\n    }"
- Line (location: (source ID: 82, lines: 361..362, bytes: 16047..16057), hits: 16) -> "limit == 0"
- Statement (location: (source ID: 82, lines: 361..362, bytes: 16047..16057), hits: 16) -> "limit == 0"
- Statement (location: (source ID: 82, lines: 361..362, bytes: 16047..16075), hits: 16) -> "limit == 0 || limit > SUPPLY"
- Statement (location: (source ID: 82, lines: 361..362, bytes: 16061..16075), hits: 15) -> "limit > SUPPLY"
- Statement (location: (source ID: 82, lines: 361..362, bytes: 16077..16098), hits: 2) -> "revert InvalidBatch()"
- Branch (branch: 39, path: 0) (location: (source ID: 82, lines: 361..362, bytes: 16077..16098), hits: 2) -> "revert InvalidBatch()"
- Line (location: (source ID: 82, lines: 362..363, bytes: 16108..16140), hits: 14) -> "next = first == 0 ? head : first"
- Statement (location: (source ID: 82, lines: 362..363, bytes: 16108..16140), hits: 14) -> "next = first == 0 ? head : first"
- Line (location: (source ID: 82, lines: 363..364, bytes: 16154..16163), hits: 14) -> "next != 0"
- Statement (location: (source ID: 82, lines: 363..364, bytes: 16154..16163), hits: 14) -> "next != 0"
- Statement (location: (source ID: 82, lines: 363..364, bytes: 16154..16185), hits: 14) -> "next != 0 && !bids[next].active"
- Statement (location: (source ID: 82, lines: 363..364, bytes: 16167..16185), hits: 13) -> "!bids[next].active"
- Statement (location: (source ID: 82, lines: 363..364, bytes: 16187..16206), hits: 2) -> "revert InvalidBid()"
- Branch (branch: 40, path: 0) (location: (source ID: 82, lines: 363..364, bytes: 16187..16206), hits: 2) -> "revert InvalidBid()"
- Line (location: (source ID: 82, lines: 364..365, bytes: 16216..16233), hits: 12) -> "uint256 count = 0"
- Statement (location: (source ID: 82, lines: 364..365, bytes: 16216..16233), hits: 12) -> "uint256 count = 0"
- Line (location: (source ID: 82, lines: 365..366, bytes: 16243..16264), hits: 12) -> "uint256 cursor = next"
- Statement (location: (source ID: 82, lines: 365..366, bytes: 16243..16264), hits: 12) -> "uint256 cursor = next"
- Line (location: (source ID: 82, lines: 366..367, bytes: 16281..16292), hits: 313) -> "cursor != 0"
- Statement (location: (source ID: 82, lines: 366..367, bytes: 16281..16292), hits: 313) -> "cursor != 0"
- Statement (location: (source ID: 82, lines: 366..367, bytes: 16281..16309), hits: 313) -> "cursor != 0 && count < limit"
- Statement (location: (source ID: 82, lines: 366..367, bytes: 16296..16309), hits: 302) -> "count < limit"
- Line (location: (source ID: 82, lines: 367..368, bytes: 16325..16332), hits: 301) -> "++count"
- Statement (location: (source ID: 82, lines: 367..368, bytes: 16325..16332), hits: 301) -> "++count"
- Line (location: (source ID: 82, lines: 368..369, bytes: 16346..16372), hits: 301) -> "cursor = bids[cursor].next"
- Statement (location: (source ID: 82, lines: 368..369, bytes: 16346..16372), hits: 301) -> "cursor = bids[cursor].next"
- Line (location: (source ID: 82, lines: 370..371, bytes: 16392..16418), hits: 12) -> "ids = new uint256[](count)"
- Statement (location: (source ID: 82, lines: 370..371, bytes: 16392..16418), hits: 12) -> "ids = new uint256[](count)"
- Line (location: (source ID: 82, lines: 371..372, bytes: 16433..16442), hits: 12) -> "uint256 i"
- Statement (location: (source ID: 82, lines: 371..372, bytes: 16433..16442), hits: 12) -> "uint256 i"
- Statement (location: (source ID: 82, lines: 371..372, bytes: 16444..16453), hits: 313) -> "i < count"
- Statement (location: (source ID: 82, lines: 371..372, bytes: 16455..16458), hits: 301) -> "++i"
- Line (location: (source ID: 82, lines: 372..373, bytes: 16474..16487), hits: 301) -> "ids[i] = next"
- Statement (location: (source ID: 82, lines: 372..373, bytes: 16474..16487), hits: 301) -> "ids[i] = next"
- Line (location: (source ID: 82, lines: 373..374, bytes: 16501..16523), hits: 301) -> "next = bids[next].next"
- Statement (location: (source ID: 82, lines: 373..374, bytes: 16501..16523), hits: 301) -> "next = bids[next].next"
- Line (location: (source ID: 82, lines: 377..380, bytes: 16546..16652), hits: 60) -> "function _tokenRescueAdmin() int...      return payoutWallet;\n    }"
- Function "_tokenRescueAdmin" (location: (source ID: 82, lines: 377..380, bytes: 16546..16652), hits: 60) -> "function _tokenRescueAdmin() int...      return payoutWallet;\n    }"
- Line (location: (source ID: 82, lines: 378..379, bytes: 16626..16645), hits: 60) -> "return payoutWallet"
- Statement (location: (source ID: 82, lines: 378..379, bytes: 16626..16645), hits: 60) -> "return payoutWallet"
- Line (location: (source ID: 82, lines: 381..384, bytes: 16658..16766), hits: 51) -> "function _protectedToken() inter...  return address(edition);\n    }"
- Function "_protectedToken" (location: (source ID: 82, lines: 381..384, bytes: 16658..16766), hits: 51) -> "function _protectedToken() inter...  return address(edition);\n    }"
- Line (location: (source ID: 82, lines: 382..383, bytes: 16736..16759), hits: 51) -> "return address(edition)"
- Statement (location: (source ID: 82, lines: 382..383, bytes: 16736..16759), hits: 51) -> "return address(edition)"
- Line (location: (source ID: 82, lines: 385..407, bytes: 16772..17691), hits: 12989) -> "function _createBid(address bidd...ed(id, bidder, bidAmount);\n    }"
- Function "_createBid" (location: (source ID: 82, lines: 385..407, bytes: 16772..17691), hits: 12989) -> "function _createBid(address bidd...ed(id, bidder, bidAmount);\n    }"
- Line (location: (source ID: 82, lines: 386..387, bytes: 16870..16889), hits: 12989) -> "bidAmount > MAX_BID"
- Statement (location: (source ID: 82, lines: 386..387, bytes: 16870..16889), hits: 12989) -> "bidAmount > MAX_BID"
- Statement (location: (source ID: 82, lines: 386..387, bytes: 16891..16911), hits: 2) -> "revert BidTooLarge()"
- Branch (branch: 41, path: 0) (location: (source ID: 82, lines: 386..387, bytes: 16891..16911), hits: 2) -> "revert BidTooLarge()"
- Line (location: (source ID: 82, lines: 387..388, bytes: 16925..16949), hits: 12987) -> "bidAmount < minimumBid()"
- Statement (location: (source ID: 82, lines: 387..388, bytes: 16925..16949), hits: 12987) -> "bidAmount < minimumBid()"
- Statement (location: (source ID: 82, lines: 387..388, bytes: 16937..16949), hits: 12987) -> "minimumBid()"
- Statement (location: (source ID: 82, lines: 387..388, bytes: 16951..16969), hits: 41) -> "revert BidTooLow()"
- Branch (branch: 42, path: 0) (location: (source ID: 82, lines: 387..388, bytes: 16951..16969), hits: 41) -> "revert BidTooLow()"
- Line (location: (source ID: 82, lines: 388..389, bytes: 16979..16995), hits: 12946) -> "id = nextBidId++"
- Statement (location: (source ID: 82, lines: 388..389, bytes: 16979..16995), hits: 12946) -> "id = nextBidId++"
- Line (location: (source ID: 82, lines: 389..390, bytes: 17005..17076), hits: 12946) -> "bids[id] = Bid(bidder, uint128(b...t), 0, 0, true, false, false, 0)"
- Statement (location: (source ID: 82, lines: 389..390, bytes: 17005..17076), hits: 12946) -> "bids[id] = Bid(bidder, uint128(b...t), 0, 0, true, false, false, 0)"
- Line (location: (source ID: 82, lines: 390..391, bytes: 17086..17105), hits: 12946) -> "escrow += bidAmount"
- Statement (location: (source ID: 82, lines: 390..391, bytes: 17086..17105), hits: 12946) -> "escrow += bidAmount"
- Line (location: (source ID: 82, lines: 391..392, bytes: 17115..17126), hits: 12946) -> "_insert(id)"
- Statement (location: (source ID: 82, lines: 391..392, bytes: 17115..17126), hits: 12946) -> "_insert(id)"
- Line (location: (source ID: 82, lines: 392..393, bytes: 17140..17160), hits: 12946) -> "activeCount > SUPPLY"
- Statement (location: (source ID: 82, lines: 392..393, bytes: 17140..17160), hits: 12946) -> "activeCount > SUPPLY"
- Branch (branch: 43, path: 0) (location: (source ID: 82, lines: 392..404, bytes: 17162..17618), hits: 438) -> "{\n            uint256 displacedI...laced.bidder, amount);\n        }"
- Line (location: (source ID: 82, lines: 393..394, bytes: 17176..17202), hits: 438) -> "uint256 displacedId = tail"
- Statement (location: (source ID: 82, lines: 393..394, bytes: 17176..17202), hits: 438) -> "uint256 displacedId = tail"
- Line (location: (source ID: 82, lines: 394..395, bytes: 17216..17257), hits: 438) -> "Bid storage displaced = bids[displacedId]"
- Statement (location: (source ID: 82, lines: 394..395, bytes: 17216..17257), hits: 438) -> "Bid storage displaced = bids[displacedId]"
- Line (location: (source ID: 82, lines: 395..396, bytes: 17271..17291), hits: 438) -> "_unlink(displacedId)"
- Statement (location: (source ID: 82, lines: 395..396, bytes: 17271..17291), hits: 438) -> "_unlink(displacedId)"
- Line (location: (source ID: 82, lines: 396..397, bytes: 17305..17329), hits: 438) -> "displaced.active = false"
- Statement (location: (source ID: 82, lines: 396..397, bytes: 17305..17329), hits: 438) -> "displaced.active = false"
- Line (location: (source ID: 82, lines: 397..398, bytes: 17343..17374), hits: 438) -> "displaced.refundCredited = true"
- Statement (location: (source ID: 82, lines: 397..398, bytes: 17343..17374), hits: 438) -> "displaced.refundCredited = true"
- Line (location: (source ID: 82, lines: 398..399, bytes: 17388..17421), hits: 438) -> "uint256 amount = displaced.amount"
- Statement (location: (source ID: 82, lines: 398..399, bytes: 17388..17421), hits: 438) -> "uint256 amount = displaced.amount"
- Line (location: (source ID: 82, lines: 399..400, bytes: 17435..17451), hits: 438) -> "escrow -= amount"
- Statement (location: (source ID: 82, lines: 399..400, bytes: 17435..17451), hits: 438) -> "escrow -= amount"
- Line (location: (source ID: 82, lines: 400..401, bytes: 17465..17501), hits: 438) -> "_refunds[displaced.bidder] += amount"
- Statement (location: (source ID: 82, lines: 400..401, bytes: 17465..17501), hits: 438) -> "_refunds[displaced.bidder] += amount"
- Line (location: (source ID: 82, lines: 401..402, bytes: 17515..17537), hits: 438) -> "totalRefunds += amount"
- Statement (location: (source ID: 82, lines: 401..402, bytes: 17515..17537), hits: 438) -> "totalRefunds += amount"
- Line (location: (source ID: 82, lines: 402..403, bytes: 17551..17607), hits: 438) -> "emit BidDisplaced(displacedId, displaced.bidder, amount)"
- Statement (location: (source ID: 82, lines: 402..403, bytes: 17551..17607), hits: 438) -> "emit BidDisplaced(displacedId, displaced.bidder, amount)"
- Line (location: (source ID: 82, lines: 404..405, bytes: 17627..17636), hits: 12946) -> "_extend()"
- Statement (location: (source ID: 82, lines: 404..405, bytes: 17627..17636), hits: 12946) -> "_extend()"
- Line (location: (source ID: 82, lines: 405..406, bytes: 17646..17684), hits: 12946) -> "emit BidCreated(id, bidder, bidAmount)"
- Statement (location: (source ID: 82, lines: 405..406, bytes: 17646..17684), hits: 12946) -> "emit BidCreated(id, bidder, bidAmount)"
- Line (location: (source ID: 82, lines: 408..411, bytes: 17697..17800), hits: 12629) -> "function _requireLive() private ...e) revert BiddingClosed();\n    }"
- Function "_requireLive" (location: (source ID: 82, lines: 408..411, bytes: 17697..17800), hits: 12629) -> "function _requireLive() private ...e) revert BiddingClosed();\n    }"
- Line (location: (source ID: 82, lines: 409..410, bytes: 17748..17755), hits: 12629) -> "phase()"
- Statement (location: (source ID: 82, lines: 409..410, bytes: 17748..17755), hits: 12629) -> "phase()"
- Statement (location: (source ID: 82, lines: 409..410, bytes: 17748..17769), hits: 12629) -> "phase() != Phase.Live"
- Statement (location: (source ID: 82, lines: 409..410, bytes: 17771..17793), hits: 7) -> "revert BiddingClosed()"
- Branch (branch: 44, path: 0) (location: (source ID: 82, lines: 409..410, bytes: 17771..17793), hits: 7) -> "revert BiddingClosed()"
- Line (location: (source ID: 82, lines: 412..415, bytes: 17806..17908), hits: 1895) -> "function _requireRefundsOpen() p...d) revert RefundsClosed();\n    }"
- Function "_requireRefundsOpen" (location: (source ID: 82, lines: 412..415, bytes: 17806..17908), hits: 1895) -> "function _requireRefundsOpen() p...d) revert RefundsClosed();\n    }"
- Line (location: (source ID: 82, lines: 413..414, bytes: 17879..17901), hits: 3) -> "revert RefundsClosed()"
- Statement (location: (source ID: 82, lines: 413..414, bytes: 17879..17901), hits: 3) -> "revert RefundsClosed()"
- Branch (branch: 45, path: 0) (location: (source ID: 82, lines: 413..414, bytes: 17879..17901), hits: 3) -> "revert RefundsClosed()"
- Line (location: (source ID: 82, lines: 416..420, bytes: 17914..18090), hits: 2405) -> "function _requireSettledBatch(ui...LY) revert InvalidBatch();\n    }"
- Function "_requireSettledBatch" (location: (source ID: 82, lines: 416..420, bytes: 17914..18090), hits: 2405) -> "function _requireSettledBatch(ui...LY) revert InvalidBatch();\n    }"
- Line (location: (source ID: 82, lines: 417..418, bytes: 17987..17995), hits: 2405) -> "!settled"
- Statement (location: (source ID: 82, lines: 417..418, bytes: 17987..17995), hits: 2405) -> "!settled"
- Statement (location: (source ID: 82, lines: 417..418, bytes: 17997..18016), hits: 2) -> "revert NotSettled()"
- Branch (branch: 46, path: 0) (location: (source ID: 82, lines: 417..418, bytes: 17997..18016), hits: 2) -> "revert NotSettled()"
- Line (location: (source ID: 82, lines: 418..419, bytes: 18030..18041), hits: 2403) -> "length == 0"
- Statement (location: (source ID: 82, lines: 418..419, bytes: 18030..18041), hits: 2403) -> "length == 0"
- Statement (location: (source ID: 82, lines: 418..419, bytes: 18030..18060), hits: 2403) -> "length == 0 || length > SUPPLY"
- Statement (location: (source ID: 82, lines: 418..419, bytes: 18045..18060), hits: 2402) -> "length > SUPPLY"
- Statement (location: (source ID: 82, lines: 418..419, bytes: 18062..18083), hits: 2) -> "revert InvalidBatch()"
- Branch (branch: 47, path: 0) (location: (source ID: 82, lines: 418..419, bytes: 18062..18083), hits: 2) -> "revert InvalidBatch()"
- Line (location: (source ID: 82, lines: 421..424, bytes: 18096..18236), hits: 718) -> "function minimumIncrement(uint25...nt * bps + BPS - 1) / BPS;\n    }"
- Function "minimumIncrement" (location: (source ID: 82, lines: 421..424, bytes: 18096..18236), hits: 718) -> "function minimumIncrement(uint25...nt * bps + BPS - 1) / BPS;\n    }"
- Line (location: (source ID: 82, lines: 422..423, bytes: 18192..18229), hits: 718) -> "return (amount * bps + BPS - 1) / BPS"
- Statement (location: (source ID: 82, lines: 422..423, bytes: 18192..18229), hits: 718) -> "return (amount * bps + BPS - 1) / BPS"
- Statement (location: (source ID: 82, lines: 422..423, bytes: 18199..18229), hits: 718) -> "(amount * bps + BPS - 1) / BPS"
- Line (location: (source ID: 82, lines: 426..444, bytes: 18349..18971), hits: 13108) -> "function _insert(uint256 id) pri...id;\n        ++activeCount;\n    }"
- Function "_insert" (location: (source ID: 82, lines: 426..444, bytes: 18349..18971), hits: 13108) -> "function _insert(uint256 id) pri...id;\n        ++activeCount;\n    }"
- Line (location: (source ID: 82, lines: 427..428, bytes: 18396..18422), hits: 13108) -> "Bid storage bid = bids[id]"
- Statement (location: (source ID: 82, lines: 427..428, bytes: 18396..18422), hits: 13108) -> "Bid storage bid = bids[id]"
- Line (location: (source ID: 82, lines: 428..429, bytes: 18432..18454), hits: 13108) -> "uint256 current = head"
- Statement (location: (source ID: 82, lines: 428..429, bytes: 18432..18454), hits: 13108) -> "uint256 current = head"
- Line (location: (source ID: 82, lines: 429..430, bytes: 18464..18480), hits: 13108) -> "uint256 previous"
- Statement (location: (source ID: 82, lines: 429..430, bytes: 18464..18480), hits: 13108) -> "uint256 previous"
- Line (location: (source ID: 82, lines: 430..431, bytes: 18497..18509), hits: 428188) -> "current != 0"
- Statement (location: (source ID: 82, lines: 430..431, bytes: 18497..18509), hits: 428188) -> "current != 0"
- Line (location: (source ID: 82, lines: 431..432, bytes: 18525..18558), hits: 420338) -> "Bid storage other = bids[current]"
- Statement (location: (source ID: 82, lines: 431..432, bytes: 18525..18558), hits: 420338) -> "Bid storage other = bids[current]"
- Line (location: (source ID: 82, lines: 432..433, bytes: 18576..18601), hits: 420338) -> "bid.amount > other.amount"
- Statement (location: (source ID: 82, lines: 432..433, bytes: 18576..18601), hits: 420338) -> "bid.amount > other.amount"
- Statement (location: (source ID: 82, lines: 432..433, bytes: 18576..18649), hits: 420338) -> "bid.amount > other.amount || (bi...== other.amount && id < current)"
- Statement (location: (source ID: 82, lines: 432..433, bytes: 18651..18656), hits: 5258) -> "break"
- Branch (branch: 48, path: 0) (location: (source ID: 82, lines: 432..433, bytes: 18651..18656), hits: 5258) -> "break"
- Line (location: (source ID: 82, lines: 433..434, bytes: 18670..18688), hits: 415080) -> "previous = current"
- Statement (location: (source ID: 82, lines: 433..434, bytes: 18670..18688), hits: 415080) -> "previous = current"
- Line (location: (source ID: 82, lines: 434..435, bytes: 18702..18722), hits: 415080) -> "current = other.next"
- Statement (location: (source ID: 82, lines: 434..435, bytes: 18702..18722), hits: 415080) -> "current = other.next"
- Line (location: (source ID: 82, lines: 436..437, bytes: 18742..18761), hits: 13108) -> "bid.prev = previous"
- Statement (location: (source ID: 82, lines: 436..437, bytes: 18742..18761), hits: 13108) -> "bid.prev = previous"
- Line (location: (source ID: 82, lines: 437..438, bytes: 18771..18789), hits: 13108) -> "bid.next = current"
- Statement (location: (source ID: 82, lines: 437..438, bytes: 18771..18789), hits: 13108) -> "bid.next = current"
- Line (location: (source ID: 82, lines: 438..439, bytes: 18803..18816), hits: 13108) -> "previous == 0"
- Statement (location: (source ID: 82, lines: 438..439, bytes: 18803..18816), hits: 13108) -> "previous == 0"
- Statement (location: (source ID: 82, lines: 438..439, bytes: 18818..18827), hits: 2012) -> "head = id"
- Branch (branch: 49, path: 0) (location: (source ID: 82, lines: 438..439, bytes: 18818..18827), hits: 2012) -> "head = id"
- Branch (branch: 49, path: 1) (location: (source ID: 82, lines: 438..440, bytes: 18799..18866), hits: 11096) -> "if (previous == 0) head = id;\n  ...   else bids[previous].next = id"
- Line (location: (source ID: 82, lines: 439..440, bytes: 18842..18866), hits: 11096) -> "bids[previous].next = id"
- Statement (location: (source ID: 82, lines: 439..440, bytes: 18842..18866), hits: 11096) -> "bids[previous].next = id"
- Line (location: (source ID: 82, lines: 440..441, bytes: 18880..18892), hits: 13108) -> "current == 0"
- Statement (location: (source ID: 82, lines: 440..441, bytes: 18880..18892), hits: 13108) -> "current == 0"
- Statement (location: (source ID: 82, lines: 440..441, bytes: 18894..18903), hits: 7850) -> "tail = id"
- Branch (branch: 50, path: 0) (location: (source ID: 82, lines: 440..441, bytes: 18894..18903), hits: 7850) -> "tail = id"
- Branch (branch: 50, path: 1) (location: (source ID: 82, lines: 440..442, bytes: 18876..18941), hits: 5258) -> "if (current == 0) tail = id;\n   ...    else bids[current].prev = id"
- Line (location: (source ID: 82, lines: 441..442, bytes: 18918..18941), hits: 5258) -> "bids[current].prev = id"
- Statement (location: (source ID: 82, lines: 441..442, bytes: 18918..18941), hits: 5258) -> "bids[current].prev = id"
- Line (location: (source ID: 82, lines: 442..443, bytes: 18951..18964), hits: 13108) -> "++activeCount"
- Statement (location: (source ID: 82, lines: 442..443, bytes: 18951..18964), hits: 13108) -> "++activeCount"
- Line (location: (source ID: 82, lines: 445..455, bytes: 18977..19302), hits: 600) -> "function _unlink(uint256 id) pri... 0;\n        --activeCount;\n    }"
- Function "_unlink" (location: (source ID: 82, lines: 445..455, bytes: 18977..19302), hits: 600) -> "function _unlink(uint256 id) pri... 0;\n        --activeCount;\n    }"
- Line (location: (source ID: 82, lines: 446..447, bytes: 19024..19050), hits: 600) -> "Bid storage bid = bids[id]"
- Statement (location: (source ID: 82, lines: 446..447, bytes: 19024..19050), hits: 600) -> "Bid storage bid = bids[id]"
- Line (location: (source ID: 82, lines: 447..448, bytes: 19064..19077), hits: 600) -> "bid.prev == 0"
- Statement (location: (source ID: 82, lines: 447..448, bytes: 19064..19077), hits: 600) -> "bid.prev == 0"
- Statement (location: (source ID: 82, lines: 447..448, bytes: 19079..19094), hits: 4) -> "head = bid.next"
- Branch (branch: 51, path: 0) (location: (source ID: 82, lines: 447..448, bytes: 19079..19094), hits: 4) -> "head = bid.next"
- Branch (branch: 51, path: 1) (location: (source ID: 82, lines: 447..449, bytes: 19060..19139), hits: 596) -> "if (bid.prev == 0) head = bid.ne...e bids[bid.prev].next = bid.next"
- Line (location: (source ID: 82, lines: 448..449, bytes: 19109..19139), hits: 596) -> "bids[bid.prev].next = bid.next"
- Statement (location: (source ID: 82, lines: 448..449, bytes: 19109..19139), hits: 596) -> "bids[bid.prev].next = bid.next"
- Line (location: (source ID: 82, lines: 449..450, bytes: 19153..19166), hits: 600) -> "bid.next == 0"
- Statement (location: (source ID: 82, lines: 449..450, bytes: 19153..19166), hits: 600) -> "bid.next == 0"
- Statement (location: (source ID: 82, lines: 449..450, bytes: 19168..19183), hits: 596) -> "tail = bid.prev"
- Branch (branch: 52, path: 0) (location: (source ID: 82, lines: 449..450, bytes: 19168..19183), hits: 596) -> "tail = bid.prev"
- Branch (branch: 52, path: 1) (location: (source ID: 82, lines: 449..451, bytes: 19149..19228), hits: 4) -> "if (bid.next == 0) tail = bid.pr...e bids[bid.next].prev = bid.prev"
- Line (location: (source ID: 82, lines: 450..451, bytes: 19198..19228), hits: 4) -> "bids[bid.next].prev = bid.prev"
- Statement (location: (source ID: 82, lines: 450..451, bytes: 19198..19228), hits: 4) -> "bids[bid.next].prev = bid.prev"
- Line (location: (source ID: 82, lines: 451..452, bytes: 19238..19250), hits: 600) -> "bid.prev = 0"
- Statement (location: (source ID: 82, lines: 451..452, bytes: 19238..19250), hits: 600) -> "bid.prev = 0"
- Line (location: (source ID: 82, lines: 452..453, bytes: 19260..19272), hits: 600) -> "bid.next = 0"
- Statement (location: (source ID: 82, lines: 452..453, bytes: 19260..19272), hits: 600) -> "bid.next = 0"
- Line (location: (source ID: 82, lines: 453..454, bytes: 19282..19295), hits: 600) -> "--activeCount"
- Statement (location: (source ID: 82, lines: 453..454, bytes: 19282..19295), hits: 600) -> "--activeCount"
- Line (location: (source ID: 82, lines: 456..461, bytes: 19308..19502), hits: 13104) -> "function _extend() private {\n   ... AuctionExtended(endTime);\n    }"
- Function "_extend" (location: (source ID: 82, lines: 456..461, bytes: 19308..19502), hits: 13104) -> "function _extend() private {\n   ... AuctionExtended(endTime);\n    }"
- Line (location: (source ID: 82, lines: 457..458, bytes: 19349..19374), hits: 13104) -> "endTime - block.timestamp"
- Statement (location: (source ID: 82, lines: 457..458, bytes: 19349..19374), hits: 13104) -> "endTime - block.timestamp"
- Statement (location: (source ID: 82, lines: 457..458, bytes: 19349..19394), hits: 13104) -> "endTime - block.timestamp >= EXTENSION_WINDOW"
- Statement (location: (source ID: 82, lines: 457..458, bytes: 19396..19402), hits: 13104) -> "return"
- Branch (branch: 53, path: 0) (location: (source ID: 82, lines: 457..458, bytes: 19396..19402), hits: 13104) -> "return"
- Line (location: (source ID: 82, lines: 458..459, bytes: 19412..19456), hits: 404) -> "endTime = block.timestamp + EXTENSION_WINDOW"
- Statement (location: (source ID: 82, lines: 458..459, bytes: 19412..19456), hits: 404) -> "endTime = block.timestamp + EXTENSION_WINDOW"
- Line (location: (source ID: 82, lines: 459..460, bytes: 19466..19495), hits: 404) -> "emit AuctionExtended(endTime)"
- Statement (location: (source ID: 82, lines: 459..460, bytes: 19466..19495), hits: 404) -> "emit AuctionExtended(endTime)"
- Line (location: (source ID: 82, lines: 462..468, bytes: 19508..19778), hits: 292) -> "function _validatePayoutWallet(a...ert InvalidPayoutWallet();\n    }"
- Function "_validatePayoutWallet" (location: (source ID: 82, lines: 462..468, bytes: 19508..19778), hits: 292) -> "function _validatePayoutWallet(a...ert InvalidPayoutWallet();\n    }"
- Line (location: (source ID: 82, lines: 464..465, bytes: 19595..19615), hits: 292) -> "wallet == address(0)"
- Statement (location: (source ID: 82, lines: 464..465, bytes: 19595..19615), hits: 292) -> "wallet == address(0)"
- Statement (location: (source ID: 82, lines: 464..465, bytes: 19619..19642), hits: 290) -> "wallet == address(this)"
- Statement (location: (source ID: 82, lines: 464..465, bytes: 19646..19672), hits: 288) -> "wallet == address(edition)"
- Statement (location: (source ID: 82, lines: 464..466, bytes: 19595..19732), hits: 292) -> "wallet == address(0) || wallet =...= address(edition.marketplace())"
- Statement (location: (source ID: 82, lines: 464..466, bytes: 19619..19732), hits: 290) -> "wallet == address(this) || walle...= address(edition.marketplace())"
- Statement (location: (source ID: 82, lines: 464..466, bytes: 19646..19732), hits: 288) -> "wallet == address(edition)\n     ...= address(edition.marketplace())"
- Line (location: (source ID: 82, lines: 465..466, bytes: 19692..19732), hits: 286) -> "wallet == address(edition.marketplace())"
- Statement (location: (source ID: 82, lines: 465..466, bytes: 19692..19732), hits: 286) -> "wallet == address(edition.marketplace())"
- Line (location: (source ID: 82, lines: 466..467, bytes: 19743..19771), hits: 9) -> "revert InvalidPayoutWallet()"
- Statement (location: (source ID: 82, lines: 466..467, bytes: 19743..19771), hits: 9) -> "revert InvalidPayoutWallet()"
- Branch (branch: 54, path: 0) (location: (source ID: 82, lines: 466..467, bytes: 19743..19771), hits: 9) -> "revert InvalidPayoutWallet()"
- Line (location: (source ID: 82, lines: 469..475, bytes: 19784..20114), hits: 752) -> "function _send(address payable r...) revert TransferFailed();\n    }"
- Function "_send" (location: (source ID: 82, lines: 469..475, bytes: 19784..20114), hits: 752) -> "function _send(address payable r...) revert TransferFailed();\n    }"
- Line (location: (source ID: 82, lines: 470..471, bytes: 19864..19887), hits: 752) -> "recipient == address(0)"
- Statement (location: (source ID: 82, lines: 470..471, bytes: 19864..19887), hits: 752) -> "recipient == address(0)"
- Statement (location: (source ID: 82, lines: 470..471, bytes: 19864..19917), hits: 752) -> "recipient == address(0) || recipient == address(this)"
- Statement (location: (source ID: 82, lines: 470..471, bytes: 19891..19917), hits: 750) -> "recipient == address(this)"
- Statement (location: (source ID: 82, lines: 470..471, bytes: 19919..19944), hits: 4) -> "revert InvalidRecipient()"
- Branch (branch: 55, path: 0) (location: (source ID: 82, lines: 470..471, bytes: 19919..19944), hits: 4) -> "revert InvalidRecipient()"
- Line (location: (source ID: 82, lines: 471..472, bytes: 19958..19969), hits: 748) -> "amount == 0"
- Statement (location: (source ID: 82, lines: 471..472, bytes: 19958..19969), hits: 748) -> "amount == 0"
- Statement (location: (source ID: 82, lines: 471..472, bytes: 19971..19997), hits: 5) -> "revert NothingToWithdraw()"
- Branch (branch: 56, path: 0) (location: (source ID: 82, lines: 471..472, bytes: 19971..19997), hits: 5) -> "revert NothingToWithdraw()"
- Line (location: (source ID: 82, lines: 472..473, bytes: 20007..20060), hits: 743) -> "(bool success,) = recipient.call{ value: amount }(\"\")"
- Statement (location: (source ID: 82, lines: 472..473, bytes: 20007..20060), hits: 743) -> "(bool success,) = recipient.call{ value: amount }(\"\")"
- Statement (location: (source ID: 82, lines: 472..473, bytes: 20025..20060), hits: 743) -> "recipient.call{ value: amount }(\"\")"
- Line (location: (source ID: 82, lines: 473..474, bytes: 20074..20082), hits: 743) -> "!success"
- Statement (location: (source ID: 82, lines: 473..474, bytes: 20074..20082), hits: 743) -> "!success"
- Statement (location: (source ID: 82, lines: 473..474, bytes: 20084..20107), hits: 4) -> "revert TransferFailed()"
- Branch (branch: 57, path: 0) (location: (source ID: 82, lines: 473..474, bytes: 20084..20107), hits: 4) -> "revert TransferFailed()"

src/RoyaltyMarketplace.sol:
- Line (location: (source ID: 83, lines: 54..57, bytes: 1752..1803), hits: 293) -> "constructor() {\n        edition = msg.sender;\n    }"
- Function "constructor" (location: (source ID: 83, lines: 54..57, bytes: 1752..1803), hits: 293) -> "constructor() {\n        edition = msg.sender;\n    }"
- Line (location: (source ID: 83, lines: 55..56, bytes: 1776..1796), hits: 293) -> "edition = msg.sender"
- Statement (location: (source ID: 83, lines: 55..56, bytes: 1776..1796), hits: 293) -> "edition = msg.sender"
- Line (location: (source ID: 83, lines: 58..68, bytes: 1809..2447), hits: 89) -> "function list(uint256 tokenId, u..., tokenId, price, expiry);\n    }"
- Function "list" (location: (source ID: 83, lines: 58..68, bytes: 1809..2447), hits: 89) -> "function list(uint256 tokenId, u..., tokenId, price, expiry);\n    }"
- Line (location: (source ID: 83, lines: 59..60, bytes: 1927..1939), hits: 89) -> "tokenId == 0"
- Statement (location: (source ID: 83, lines: 59..60, bytes: 1927..1939), hits: 89) -> "tokenId == 0"
- Statement (location: (source ID: 83, lines: 59..60, bytes: 1927..1956), hits: 89) -> "tokenId == 0 || tokenId > 100"
- Statement (location: (source ID: 83, lines: 59..60, bytes: 1943..1956), hits: 88) -> "tokenId > 100"
- Statement (location: (source ID: 83, lines: 59..60, bytes: 1958..1979), hits: 3) -> "revert InvalidToken()"
- Branch (branch: 0, path: 0) (location: (source ID: 83, lines: 59..60, bytes: 1958..1979), hits: 3) -> "revert InvalidToken()"
- Line (location: (source ID: 83, lines: 60..61, bytes: 1993..2003), hits: 86) -> "price == 0"
- Statement (location: (source ID: 83, lines: 60..61, bytes: 1993..2003), hits: 86) -> "price == 0"
- Statement (location: (source ID: 83, lines: 60..61, bytes: 1993..2032), hits: 86) -> "price == 0 || expiry <= block.timestamp"
- Statement (location: (source ID: 83, lines: 60..61, bytes: 2007..2032), hits: 85) -> "expiry <= block.timestamp"
- Statement (location: (source ID: 83, lines: 60..61, bytes: 2034..2057), hits: 2) -> "revert InvalidListing()"
- Branch (branch: 1, path: 0) (location: (source ID: 83, lines: 60..61, bytes: 2034..2057), hits: 2) -> "revert InvalidListing()"
- Line (location: (source ID: 83, lines: 61..62, bytes: 2071..2104), hits: 84) -> "IERC721(edition).ownerOf(tokenId)"
- Statement (location: (source ID: 83, lines: 61..62, bytes: 2071..2104), hits: 84) -> "IERC721(edition).ownerOf(tokenId)"
- Statement (location: (source ID: 83, lines: 61..62, bytes: 2071..2118), hits: 84) -> "IERC721(edition).ownerOf(tokenId) != msg.sender"
- Statement (location: (source ID: 83, lines: 61..62, bytes: 2120..2138), hits: 2) -> "revert NotSeller()"
- Branch (branch: 2, path: 0) (location: (source ID: 83, lines: 61..62, bytes: 2120..2138), hits: 2) -> "revert NotSeller()"
- Line (location: (source ID: 83, lines: 62..63, bytes: 2152..2185), hits: 82) -> "!_isApproved(msg.sender, tokenId)"
- Statement (location: (source ID: 83, lines: 62..63, bytes: 2152..2185), hits: 82) -> "!_isApproved(msg.sender, tokenId)"
- Statement (location: (source ID: 83, lines: 62..63, bytes: 2187..2207), hits: 1) -> "revert NotApproved()"
- Branch (branch: 3, path: 0) (location: (source ID: 83, lines: 62..63, bytes: 2187..2207), hits: 1) -> "revert NotApproved()"
- Line (location: (source ID: 83, lines: 63..64, bytes: 2217..2237), hits: 81) -> "id = nextListingId++"
- Statement (location: (source ID: 83, lines: 63..64, bytes: 2217..2237), hits: 81) -> "id = nextListingId++"
- Line (location: (source ID: 83, lines: 64..66, bytes: 2247..2379), hits: 81) -> "listings[id] =\n            Listi...edition).transferNonce(tokenId))"
- Statement (location: (source ID: 83, lines: 64..66, bytes: 2247..2379), hits: 81) -> "listings[id] =\n            Listi...edition).transferNonce(tokenId))"
- Line (location: (source ID: 83, lines: 66..67, bytes: 2389..2440), hits: 81) -> "emit Listed(id, msg.sender, tokenId, price, expiry)"
- Statement (location: (source ID: 83, lines: 66..67, bytes: 2389..2440), hits: 81) -> "emit Listed(id, msg.sender, tokenId, price, expiry)"
- Line (location: (source ID: 83, lines: 69..76, bytes: 2453..2722), hits: 6) -> "function cancel(uint256 id) exte...       emit Cancelled(id);\n    }"
- Function "cancel" (location: (source ID: 83, lines: 69..76, bytes: 2453..2722), hits: 6) -> "function cancel(uint256 id) exte...       emit Cancelled(id);\n    }"
- Line (location: (source ID: 83, lines: 70..71, bytes: 2513..2548), hits: 5) -> "Listing storage item = listings[id]"
- Statement (location: (source ID: 83, lines: 70..71, bytes: 2513..2548), hits: 5) -> "Listing storage item = listings[id]"
- Line (location: (source ID: 83, lines: 71..72, bytes: 2562..2587), hits: 5) -> "item.seller != msg.sender"
- Statement (location: (source ID: 83, lines: 71..72, bytes: 2562..2587), hits: 5) -> "item.seller != msg.sender"
- Statement (location: (source ID: 83, lines: 71..72, bytes: 2589..2607), hits: 2) -> "revert NotSeller()"
- Branch (branch: 4, path: 0) (location: (source ID: 83, lines: 71..72, bytes: 2589..2607), hits: 2) -> "revert NotSeller()"
- Line (location: (source ID: 83, lines: 72..73, bytes: 2621..2633), hits: 3) -> "!item.active"
- Statement (location: (source ID: 83, lines: 72..73, bytes: 2621..2633), hits: 3) -> "!item.active"
- Statement (location: (source ID: 83, lines: 72..73, bytes: 2635..2658), hits: 1) -> "revert InvalidListing()"
- Branch (branch: 5, path: 0) (location: (source ID: 83, lines: 72..73, bytes: 2635..2658), hits: 1) -> "revert InvalidListing()"
- Line (location: (source ID: 83, lines: 73..74, bytes: 2668..2687), hits: 2) -> "item.active = false"
- Statement (location: (source ID: 83, lines: 73..74, bytes: 2668..2687), hits: 2) -> "item.active = false"
- Line (location: (source ID: 83, lines: 74..75, bytes: 2697..2715), hits: 2) -> "emit Cancelled(id)"
- Statement (location: (source ID: 83, lines: 74..75, bytes: 2697..2715), hits: 2) -> "emit Cancelled(id)"
- Line (location: (source ID: 83, lines: 78..96, bytes: 2819..3822), hits: 89) -> "function buy(uint256 id, address....tokenId, price, royalty);\n    }"
- Function "buy" (location: (source ID: 83, lines: 78..96, bytes: 2819..3822), hits: 89) -> "function buy(uint256 id, address....tokenId, price, royalty);\n    }"
- Line (location: (source ID: 83, lines: 79..80, bytes: 2903..2938), hits: 88) -> "Listing storage item = listings[id]"
- Statement (location: (source ID: 83, lines: 79..80, bytes: 2903..2938), hits: 88) -> "Listing storage item = listings[id]"
- Line (location: (source ID: 83, lines: 80..81, bytes: 2952..2964), hits: 88) -> "!item.active"
- Statement (location: (source ID: 83, lines: 80..81, bytes: 2952..2964), hits: 88) -> "!item.active"
- Statement (location: (source ID: 83, lines: 80..81, bytes: 2952..2998), hits: 88) -> "!item.active || block.timestamp >= item.expiry"
- Statement (location: (source ID: 83, lines: 80..81, bytes: 2968..2998), hits: 86) -> "block.timestamp >= item.expiry"
- Statement (location: (source ID: 83, lines: 80..81, bytes: 3000..3023), hits: 3) -> "revert InvalidListing()"
- Branch (branch: 6, path: 0) (location: (source ID: 83, lines: 80..81, bytes: 3000..3023), hits: 3) -> "revert InvalidListing()"
- Line (location: (source ID: 83, lines: 81..82, bytes: 3037..3088), hits: 85) -> "ITransferNonce(edition).transferNonce(item.tokenId)"
- Statement (location: (source ID: 83, lines: 81..82, bytes: 3037..3088), hits: 85) -> "ITransferNonce(edition).transferNonce(item.tokenId)"
- Statement (location: (source ID: 83, lines: 81..82, bytes: 3037..3110), hits: 85) -> "ITransferNonce(edition).transfer...m.tokenId) != item.transferNonce"
- Statement (location: (source ID: 83, lines: 81..82, bytes: 3112..3135), hits: 4) -> "revert InvalidListing()"
- Branch (branch: 7, path: 0) (location: (source ID: 83, lines: 81..82, bytes: 3112..3135), hits: 4) -> "revert InvalidListing()"
- Line (location: (source ID: 83, lines: 82..83, bytes: 3149..3188), hits: 81) -> "!_isApproved(item.seller, item.tokenId)"
- Statement (location: (source ID: 83, lines: 82..83, bytes: 3149..3188), hits: 81) -> "!_isApproved(item.seller, item.tokenId)"
- Statement (location: (source ID: 83, lines: 82..83, bytes: 3190..3210), hits: 2) -> "revert NotApproved()"
- Branch (branch: 8, path: 0) (location: (source ID: 83, lines: 82..83, bytes: 3190..3210), hits: 2) -> "revert NotApproved()"
- Line (location: (source ID: 83, lines: 83..84, bytes: 3224..3247), hits: 79) -> "recipient == address(0)"
- Statement (location: (source ID: 83, lines: 83..84, bytes: 3224..3247), hits: 79) -> "recipient == address(0)"
- Statement (location: (source ID: 83, lines: 83..84, bytes: 3224..3301), hits: 79) -> "recipient == address(0) || recip...ss(this) || recipient == edition"
- Statement (location: (source ID: 83, lines: 83..84, bytes: 3251..3277), hits: 78) -> "recipient == address(this)"
- Statement (location: (source ID: 83, lines: 83..84, bytes: 3251..3301), hits: 78) -> "recipient == address(this) || recipient == edition"
- Statement (location: (source ID: 83, lines: 83..84, bytes: 3281..3301), hits: 77) -> "recipient == edition"
- Statement (location: (source ID: 83, lines: 83..84, bytes: 3303..3328), hits: 3) -> "revert InvalidRecipient()"
- Branch (branch: 9, path: 0) (location: (source ID: 83, lines: 83..84, bytes: 3303..3328), hits: 3) -> "revert InvalidRecipient()"
- Line (location: (source ID: 83, lines: 84..85, bytes: 3338..3364), hits: 76) -> "uint256 price = item.price"
- Statement (location: (source ID: 83, lines: 84..85, bytes: 3338..3364), hits: 76) -> "uint256 price = item.price"
- Line (location: (source ID: 83, lines: 85..86, bytes: 3378..3396), hits: 76) -> "msg.value != price"
- Statement (location: (source ID: 83, lines: 85..86, bytes: 3378..3396), hits: 76) -> "msg.value != price"
- Statement (location: (source ID: 83, lines: 85..86, bytes: 3398..3423), hits: 3) -> "revert IncorrectPayment()"
- Branch (branch: 10, path: 0) (location: (source ID: 83, lines: 85..86, bytes: 3398..3423), hits: 3) -> "revert IncorrectPayment()"
- Line (location: (source ID: 83, lines: 86..87, bytes: 3433..3505), hits: 73) -> "(, uint256 royalty) = IERC2981(e...royaltyInfo(item.tokenId, price)"
- Statement (location: (source ID: 83, lines: 86..87, bytes: 3433..3505), hits: 73) -> "(, uint256 royalty) = IERC2981(e...royaltyInfo(item.tokenId, price)"
- Statement (location: (source ID: 83, lines: 86..87, bytes: 3455..3505), hits: 73) -> "IERC2981(edition).royaltyInfo(item.tokenId, price)"
- Line (location: (source ID: 83, lines: 88..89, bytes: 3516..3535), hits: 73) -> "item.active = false"
- Statement (location: (source ID: 83, lines: 88..89, bytes: 3516..3535), hits: 73) -> "item.active = false"
- Line (location: (source ID: 83, lines: 89..90, bytes: 3545..3572), hits: 73) -> "pendingRoyalties += royalty"
- Statement (location: (source ID: 83, lines: 89..90, bytes: 3545..3572), hits: 73) -> "pendingRoyalties += royalty"
- Line (location: (source ID: 83, lines: 90..91, bytes: 3582..3621), hits: 73) -> "credits[item.seller] += price - royalty"
- Statement (location: (source ID: 83, lines: 90..91, bytes: 3582..3621), hits: 73) -> "credits[item.seller] += price - royalty"
- Line (location: (source ID: 83, lines: 91..92, bytes: 3631..3652), hits: 73) -> "totalCredits += price"
- Statement (location: (source ID: 83, lines: 91..92, bytes: 3631..3652), hits: 73) -> "totalCredits += price"
- Line (location: (source ID: 83, lines: 93..94, bytes: 3663..3734), hits: 73) -> "IERC721(edition).safeTransferFro...seller, recipient, item.tokenId)"
- Statement (location: (source ID: 83, lines: 93..94, bytes: 3663..3734), hits: 73) -> "IERC721(edition).safeTransferFro...seller, recipient, item.tokenId)"
- Line (location: (source ID: 83, lines: 94..95, bytes: 3744..3815), hits: 71) -> "emit Purchased(id, msg.sender, r...t, item.tokenId, price, royalty)"
- Statement (location: (source ID: 83, lines: 94..95, bytes: 3744..3815), hits: 71) -> "emit Purchased(id, msg.sender, r...t, item.tokenId, price, royalty)"
- Line (location: (source ID: 83, lines: 97..100, bytes: 3828..3969), hits: 47) -> "function _tokenRescueAdmin() int...dition).royaltyInfo(1, 0);\n    }"
- Function "_tokenRescueAdmin" (location: (source ID: 83, lines: 97..100, bytes: 3828..3969), hits: 47) -> "function _tokenRescueAdmin() int...dition).royaltyInfo(1, 0);\n    }"
- Line (location: (source ID: 83, lines: 98..99, bytes: 3915..3962), hits: 47) -> "(wallet,) = IERC2981(edition).royaltyInfo(1, 0)"
- Statement (location: (source ID: 83, lines: 98..99, bytes: 3915..3962), hits: 47) -> "(wallet,) = IERC2981(edition).royaltyInfo(1, 0)"
- Line (location: (source ID: 83, lines: 101..104, bytes: 3975..4074), hits: 38) -> "function _protectedToken() inter... {\n        return edition;\n    }"
- Function "_protectedToken" (location: (source ID: 83, lines: 101..104, bytes: 3975..4074), hits: 38) -> "function _protectedToken() inter... {\n        return edition;\n    }"
- Line (location: (source ID: 83, lines: 102..103, bytes: 4053..4067), hits: 38) -> "return edition"
- Statement (location: (source ID: 83, lines: 102..103, bytes: 4053..4067), hits: 38) -> "return edition"
- Line (location: (source ID: 83, lines: 105..109, bytes: 4080..4312), hits: 163) -> "function _isApproved(address sel...tokenId) == address(this);\n    }"
- Function "_isApproved" (location: (source ID: 83, lines: 105..109, bytes: 4080..4312), hits: 163) -> "function _isApproved(address sel...tokenId) == address(this);\n    }"
- Line (location: (source ID: 83, lines: 106..107, bytes: 4179..4235), hits: 163) -> "IERC721(edition).isApprovedForAll(seller, address(this))"
- Statement (location: (source ID: 83, lines: 106..107, bytes: 4179..4235), hits: 163) -> "IERC721(edition).isApprovedForAll(seller, address(this))"
- Statement (location: (source ID: 83, lines: 106..108, bytes: 4172..4305), hits: 163) -> "return IERC721(edition).isApprov...proved(tokenId) == address(this)"
- Statement (location: (source ID: 83, lines: 106..108, bytes: 4179..4305), hits: 163) -> "IERC721(edition).isApprovedForAl...proved(tokenId) == address(this)"
- Line (location: (source ID: 83, lines: 107..108, bytes: 4251..4288), hits: 25) -> "IERC721(edition).getApproved(tokenId)"
- Statement (location: (source ID: 83, lines: 107..108, bytes: 4251..4288), hits: 25) -> "IERC721(edition).getApproved(tokenId)"
- Statement (location: (source ID: 83, lines: 107..108, bytes: 4251..4305), hits: 25) -> "IERC721(edition).getApproved(tokenId) == address(this)"
- Line (location: (source ID: 83, lines: 111..121, bytes: 4420..4917), hits: 16) -> "function withdraw(address payabl...ender, recipient, amount);\n    }"
- Function "withdraw" (location: (source ID: 83, lines: 111..121, bytes: 4420..4917), hits: 16) -> "function withdraw(address payabl...ender, recipient, amount);\n    }"
- Line (location: (source ID: 83, lines: 112..113, bytes: 4501..4524), hits: 15) -> "recipient == address(0)"
- Statement (location: (source ID: 83, lines: 112..113, bytes: 4501..4524), hits: 15) -> "recipient == address(0)"
- Statement (location: (source ID: 83, lines: 112..113, bytes: 4501..4554), hits: 15) -> "recipient == address(0) || recipient == address(this)"
- Statement (location: (source ID: 83, lines: 112..113, bytes: 4528..4554), hits: 14) -> "recipient == address(this)"
- Statement (location: (source ID: 83, lines: 112..113, bytes: 4556..4581), hits: 2) -> "revert InvalidRecipient()"
- Branch (branch: 11, path: 0) (location: (source ID: 83, lines: 112..113, bytes: 4556..4581), hits: 2) -> "revert InvalidRecipient()"
- Line (location: (source ID: 83, lines: 113..114, bytes: 4591..4627), hits: 13) -> "uint256 amount = credits[msg.sender]"
- Statement (location: (source ID: 83, lines: 113..114, bytes: 4591..4627), hits: 13) -> "uint256 amount = credits[msg.sender]"
- Line (location: (source ID: 83, lines: 114..115, bytes: 4641..4652), hits: 13) -> "amount == 0"
- Statement (location: (source ID: 83, lines: 114..115, bytes: 4641..4652), hits: 13) -> "amount == 0"
- Statement (location: (source ID: 83, lines: 114..115, bytes: 4654..4680), hits: 3) -> "revert NothingToWithdraw()"
- Branch (branch: 12, path: 0) (location: (source ID: 83, lines: 114..115, bytes: 4654..4680), hits: 3) -> "revert NothingToWithdraw()"
- Line (location: (source ID: 83, lines: 115..116, bytes: 4690..4713), hits: 10) -> "credits[msg.sender] = 0"
- Statement (location: (source ID: 83, lines: 115..116, bytes: 4690..4713), hits: 10) -> "credits[msg.sender] = 0"
- Line (location: (source ID: 83, lines: 116..117, bytes: 4723..4745), hits: 10) -> "totalCredits -= amount"
- Statement (location: (source ID: 83, lines: 116..117, bytes: 4723..4745), hits: 10) -> "totalCredits -= amount"
- Line (location: (source ID: 83, lines: 117..118, bytes: 4755..4808), hits: 10) -> "(bool success,) = recipient.call{ value: amount }(\"\")"
- Statement (location: (source ID: 83, lines: 117..118, bytes: 4755..4808), hits: 10) -> "(bool success,) = recipient.call{ value: amount }(\"\")"
- Statement (location: (source ID: 83, lines: 117..118, bytes: 4773..4808), hits: 10) -> "recipient.call{ value: amount }(\"\")"
- Line (location: (source ID: 83, lines: 118..119, bytes: 4822..4830), hits: 10) -> "!success"
- Statement (location: (source ID: 83, lines: 118..119, bytes: 4822..4830), hits: 10) -> "!success"
- Statement (location: (source ID: 83, lines: 118..119, bytes: 4832..4855), hits: 1) -> "revert TransferFailed()"
- Branch (branch: 13, path: 0) (location: (source ID: 83, lines: 118..119, bytes: 4832..4855), hits: 1) -> "revert TransferFailed()"
- Line (location: (source ID: 83, lines: 119..120, bytes: 4865..4910), hits: 9) -> "emit Withdrawn(msg.sender, recipient, amount)"
- Statement (location: (source ID: 83, lines: 119..120, bytes: 4865..4910), hits: 9) -> "emit Withdrawn(msg.sender, recipient, amount)"
- Line (location: (source ID: 83, lines: 123..135, bytes: 5017..5651), hits: 27) -> "function withdrawRoyalties(addre...ender, recipient, amount);\n    }"
- Function "withdrawRoyalties" (location: (source ID: 83, lines: 123..135, bytes: 5017..5651), hits: 27) -> "function withdrawRoyalties(addre...ender, recipient, amount);\n    }"
- Line (location: (source ID: 83, lines: 124..125, bytes: 5103..5158), hits: 23) -> "(address wallet,) = IERC2981(edition).royaltyInfo(1, 0)"
- Statement (location: (source ID: 83, lines: 124..125, bytes: 5103..5158), hits: 23) -> "(address wallet,) = IERC2981(edition).royaltyInfo(1, 0)"
- Statement (location: (source ID: 83, lines: 124..125, bytes: 5123..5158), hits: 23) -> "IERC2981(edition).royaltyInfo(1, 0)"
- Line (location: (source ID: 83, lines: 125..126, bytes: 5172..5192), hits: 23) -> "msg.sender != wallet"
- Statement (location: (source ID: 83, lines: 125..126, bytes: 5172..5192), hits: 23) -> "msg.sender != wallet"
- Statement (location: (source ID: 83, lines: 125..126, bytes: 5194..5218), hits: 5) -> "revert NotPayoutWallet()"
- Branch (branch: 14, path: 0) (location: (source ID: 83, lines: 125..126, bytes: 5194..5218), hits: 5) -> "revert NotPayoutWallet()"
- Line (location: (source ID: 83, lines: 126..127, bytes: 5232..5255), hits: 18) -> "recipient == address(0)"
- Statement (location: (source ID: 83, lines: 126..127, bytes: 5232..5255), hits: 18) -> "recipient == address(0)"
- Statement (location: (source ID: 83, lines: 126..127, bytes: 5232..5285), hits: 18) -> "recipient == address(0) || recipient == address(this)"
- Statement (location: (source ID: 83, lines: 126..127, bytes: 5259..5285), hits: 17) -> "recipient == address(this)"
- Statement (location: (source ID: 83, lines: 126..127, bytes: 5287..5312), hits: 2) -> "revert InvalidRecipient()"
- Branch (branch: 15, path: 0) (location: (source ID: 83, lines: 126..127, bytes: 5287..5312), hits: 2) -> "revert InvalidRecipient()"
- Line (location: (source ID: 83, lines: 127..128, bytes: 5322..5355), hits: 16) -> "uint256 amount = pendingRoyalties"
- Statement (location: (source ID: 83, lines: 127..128, bytes: 5322..5355), hits: 16) -> "uint256 amount = pendingRoyalties"
- Line (location: (source ID: 83, lines: 128..129, bytes: 5369..5380), hits: 16) -> "amount == 0"
- Statement (location: (source ID: 83, lines: 128..129, bytes: 5369..5380), hits: 16) -> "amount == 0"
- Statement (location: (source ID: 83, lines: 128..129, bytes: 5382..5408), hits: 2) -> "revert NothingToWithdraw()"
- Branch (branch: 16, path: 0) (location: (source ID: 83, lines: 128..129, bytes: 5382..5408), hits: 2) -> "revert NothingToWithdraw()"
- Line (location: (source ID: 83, lines: 129..130, bytes: 5418..5438), hits: 14) -> "pendingRoyalties = 0"
- Statement (location: (source ID: 83, lines: 129..130, bytes: 5418..5438), hits: 14) -> "pendingRoyalties = 0"
- Line (location: (source ID: 83, lines: 130..131, bytes: 5448..5470), hits: 14) -> "totalCredits -= amount"
- Statement (location: (source ID: 83, lines: 130..131, bytes: 5448..5470), hits: 14) -> "totalCredits -= amount"
- Line (location: (source ID: 83, lines: 131..132, bytes: 5480..5533), hits: 14) -> "(bool success,) = recipient.call{ value: amount }(\"\")"
- Statement (location: (source ID: 83, lines: 131..132, bytes: 5480..5533), hits: 14) -> "(bool success,) = recipient.call{ value: amount }(\"\")"
- Statement (location: (source ID: 83, lines: 131..132, bytes: 5498..5533), hits: 14) -> "recipient.call{ value: amount }(\"\")"
- Line (location: (source ID: 83, lines: 132..133, bytes: 5547..5555), hits: 14) -> "!success"
- Statement (location: (source ID: 83, lines: 132..133, bytes: 5547..5555), hits: 14) -> "!success"
- Statement (location: (source ID: 83, lines: 132..133, bytes: 5557..5580), hits: 1) -> "revert TransferFailed()"
- Branch (branch: 17, path: 0) (location: (source ID: 83, lines: 132..133, bytes: 5557..5580), hits: 1) -> "revert TransferFailed()"
- Line (location: (source ID: 83, lines: 133..134, bytes: 5590..5644), hits: 13) -> "emit RoyaltiesWithdrawn(msg.sender, recipient, amount)"
- Statement (location: (source ID: 83, lines: 133..134, bytes: 5590..5644), hits: 13) -> "emit RoyaltiesWithdrawn(msg.sender, recipient, amount)"

src/TokenRescue.sol:
- Line (location: (source ID: 84, lines: 24..30, bytes: 1162..1468), hits: 79) -> "function rescueERC20(address tok...token, recipient, amount);\n    }"
- Function "rescueERC20" (location: (source ID: 84, lines: 24..30, bytes: 1162..1468), hits: 79) -> "function rescueERC20(address tok...token, recipient, amount);\n    }"
- Line (location: (source ID: 84, lines: 25..26, bytes: 1265..1298), hits: 77) -> "_validateRescue(token, recipient)"
- Statement (location: (source ID: 84, lines: 25..26, bytes: 1265..1298), hits: 77) -> "_validateRescue(token, recipient)"
- Line (location: (source ID: 84, lines: 26..27, bytes: 1312..1323), hits: 53) -> "amount == 0"
- Statement (location: (source ID: 84, lines: 26..27, bytes: 1312..1323), hits: 53) -> "amount == 0"
- Statement (location: (source ID: 84, lines: 26..27, bytes: 1325..1353), hits: 3) -> "revert InvalidRescueAmount()"
- Branch (branch: 0, path: 0) (location: (source ID: 84, lines: 26..27, bytes: 1325..1353), hits: 3) -> "revert InvalidRescueAmount()"
- Line (location: (source ID: 84, lines: 27..28, bytes: 1363..1408), hits: 50) -> "IERC20(token).safeTransfer(recipient, amount)"
- Statement (location: (source ID: 84, lines: 27..28, bytes: 1363..1408), hits: 50) -> "IERC20(token).safeTransfer(recipient, amount)"
- Line (location: (source ID: 84, lines: 28..29, bytes: 1418..1461), hits: 47) -> "emit ERC20Rescued(token, recipient, amount)"
- Statement (location: (source ID: 84, lines: 28..29, bytes: 1418..1461), hits: 47) -> "emit ERC20Rescued(token, recipient, amount)"
- Line (location: (source ID: 84, lines: 31..36, bytes: 1474..1750), hits: 28) -> "function rescueERC721(address to...oken, recipient, tokenId);\n    }"
- Function "rescueERC721" (location: (source ID: 84, lines: 31..36, bytes: 1474..1750), hits: 28) -> "function rescueERC721(address to...oken, recipient, tokenId);\n    }"
- Line (location: (source ID: 84, lines: 32..33, bytes: 1579..1612), hits: 23) -> "_validateRescue(token, recipient)"
- Statement (location: (source ID: 84, lines: 32..33, bytes: 1579..1612), hits: 23) -> "_validateRescue(token, recipient)"
- Line (location: (source ID: 84, lines: 33..34, bytes: 1622..1688), hits: 11) -> "IERC721(token).safeTransferFrom(...dress(this), recipient, tokenId)"
- Statement (location: (source ID: 84, lines: 33..34, bytes: 1622..1688), hits: 11) -> "IERC721(token).safeTransferFrom(...dress(this), recipient, tokenId)"
- Line (location: (source ID: 84, lines: 34..35, bytes: 1698..1743), hits: 9) -> "emit ERC721Rescued(token, recipient, tokenId)"
- Statement (location: (source ID: 84, lines: 34..35, bytes: 1698..1743), hits: 9) -> "emit ERC721Rescued(token, recipient, tokenId)"
- Line (location: (source ID: 84, lines: 37..43, bytes: 1756..2126), hits: 62) -> "function rescueERC1155(address t...cipient, tokenId, amount);\n    }"
- Function "rescueERC1155" (location: (source ID: 84, lines: 37..43, bytes: 1756..2126), hits: 62) -> "function rescueERC1155(address t...cipient, tokenId, amount);\n    }"
- Line (location: (source ID: 84, lines: 38..39, bytes: 1878..1911), hits: 57) -> "_validateRescue(token, recipient)"
- Statement (location: (source ID: 84, lines: 38..39, bytes: 1878..1911), hits: 57) -> "_validateRescue(token, recipient)"
- Line (location: (source ID: 84, lines: 39..40, bytes: 1925..1936), hits: 45) -> "amount == 0"
- Statement (location: (source ID: 84, lines: 39..40, bytes: 1925..1936), hits: 45) -> "amount == 0"
- Statement (location: (source ID: 84, lines: 39..40, bytes: 1938..1966), hits: 3) -> "revert InvalidRescueAmount()"
- Branch (branch: 1, path: 0) (location: (source ID: 84, lines: 39..40, bytes: 1938..1966), hits: 3) -> "revert InvalidRescueAmount()"
- Line (location: (source ID: 84, lines: 40..41, bytes: 1976..2055), hits: 42) -> "IERC1155(token).safeTransferFrom... recipient, tokenId, amount, \"\")"
- Statement (location: (source ID: 84, lines: 40..41, bytes: 1976..2055), hits: 42) -> "IERC1155(token).safeTransferFrom... recipient, tokenId, amount, \"\")"
- Line (location: (source ID: 84, lines: 41..42, bytes: 2065..2119), hits: 41) -> "emit ERC1155Rescued(token, recipient, tokenId, amount)"
- Statement (location: (source ID: 84, lines: 41..42, bytes: 2065..2119), hits: 41) -> "emit ERC1155Rescued(token, recipient, tokenId, amount)"
- Line (location: (source ID: 84, lines: 44..49, bytes: 2132..2482), hits: 157) -> "function _validateRescue(address... InvalidRescueRecipient();\n    }"
- Function "_validateRescue" (location: (source ID: 84, lines: 44..49, bytes: 2132..2482), hits: 157) -> "function _validateRescue(address... InvalidRescueRecipient();\n    }"
- Line (location: (source ID: 84, lines: 45..46, bytes: 2218..2251), hits: 157) -> "msg.sender != _tokenRescueAdmin()"
- Statement (location: (source ID: 84, lines: 45..46, bytes: 2218..2251), hits: 157) -> "msg.sender != _tokenRescueAdmin()"
- Statement (location: (source ID: 84, lines: 45..46, bytes: 2232..2251), hits: 157) -> "_tokenRescueAdmin()"
- Statement (location: (source ID: 84, lines: 45..46, bytes: 2253..2280), hits: 27) -> "revert RescueUnauthorized()"
- Branch (branch: 2, path: 0) (location: (source ID: 84, lines: 45..46, bytes: 2253..2280), hits: 27) -> "revert RescueUnauthorized()"
- Line (location: (source ID: 84, lines: 46..47, bytes: 2294..2320), hits: 130) -> "token == _protectedToken()"
- Statement (location: (source ID: 84, lines: 46..47, bytes: 2294..2320), hits: 130) -> "token == _protectedToken()"
- Statement (location: (source ID: 84, lines: 46..47, bytes: 2294..2346), hits: 130) -> "token == _protectedToken() || token.code.length == 0"
- Statement (location: (source ID: 84, lines: 46..47, bytes: 2303..2320), hits: 130) -> "_protectedToken()"
- Statement (location: (source ID: 84, lines: 46..47, bytes: 2324..2346), hits: 121) -> "token.code.length == 0"
- Statement (location: (source ID: 84, lines: 46..47, bytes: 2348..2375), hits: 15) -> "revert InvalidRescueToken()"
- Branch (branch: 3, path: 0) (location: (source ID: 84, lines: 46..47, bytes: 2348..2375), hits: 15) -> "revert InvalidRescueToken()"
- Line (location: (source ID: 84, lines: 47..48, bytes: 2389..2412), hits: 115) -> "recipient == address(0)"
- Statement (location: (source ID: 84, lines: 47..48, bytes: 2389..2412), hits: 115) -> "recipient == address(0)"
- Statement (location: (source ID: 84, lines: 47..48, bytes: 2389..2442), hits: 115) -> "recipient == address(0) || recipient == address(this)"
- Statement (location: (source ID: 84, lines: 47..48, bytes: 2416..2442), hits: 112) -> "recipient == address(this)"
- Statement (location: (source ID: 84, lines: 47..48, bytes: 2444..2475), hits: 6) -> "revert InvalidRescueRecipient()"
- Branch (branch: 4, path: 0) (location: (source ID: 84, lines: 47..48, bytes: 2444..2475), hits: 6) -> "revert InvalidRescueRecipient()"

Anchors for Contract "RoyaltyMarketplace" (solc 0.8.28, source ID 83):
- creation IC 9 -> Item 1053: Line (location: (source ID: 83, lines: 54..57, bytes: 1752..1803), hits: 293)
- creation IC 9 -> Item 1054: Function "constructor" (location: (source ID: 83, lines: 54..57, bytes: 1752..1803), hits: 293)
- creation IC 57 -> Item 1055: Line (location: (source ID: 83, lines: 55..56, bytes: 1776..1796), hits: 293)
- creation IC 57 -> Item 1056: Statement (location: (source ID: 83, lines: 55..56, bytes: 1776..1796), hits: 293)
-  runtime IC 494 -> Item 1057: Line (location: (source ID: 83, lines: 58..68, bytes: 1809..2447), hits: 89)
-  runtime IC 494 -> Item 1058: Function "list" (location: (source ID: 83, lines: 58..68, bytes: 1809..2447), hits: 89)
-  runtime IC 4746 -> Item 1059: Line (location: (source ID: 83, lines: 59..60, bytes: 1927..1939), hits: 89)
-  runtime IC 4746 -> Item 1060: Statement (location: (source ID: 83, lines: 59..60, bytes: 1927..1939), hits: 89)
-  runtime IC 4746 -> Item 1061: Statement (location: (source ID: 83, lines: 59..60, bytes: 1927..1956), hits: 89)
-  runtime IC 4755 -> Item 1062: Statement (location: (source ID: 83, lines: 59..60, bytes: 1943..1956), hits: 88)
-  runtime IC 4765 -> Item 1063: Statement (location: (source ID: 83, lines: 59..60, bytes: 1958..1979), hits: 3)
-  runtime IC 4765 -> Item 1064: Branch (branch: 0, path: 0) (location: (source ID: 83, lines: 59..60, bytes: 1958..1979), hits: 3)
-  runtime IC 4815 -> Item 1065: Line (location: (source ID: 83, lines: 60..61, bytes: 1993..2003), hits: 86)
-  runtime IC 4815 -> Item 1066: Statement (location: (source ID: 83, lines: 60..61, bytes: 1993..2003), hits: 86)
-  runtime IC 4815 -> Item 1067: Statement (location: (source ID: 83, lines: 60..61, bytes: 1993..2032), hits: 86)
-  runtime IC 4842 -> Item 1068: Statement (location: (source ID: 83, lines: 60..61, bytes: 2007..2032), hits: 85)
-  runtime IC 4862 -> Item 1069: Statement (location: (source ID: 83, lines: 60..61, bytes: 2034..2057), hits: 2)
-  runtime IC 4862 -> Item 1070: Branch (branch: 1, path: 0) (location: (source ID: 83, lines: 60..61, bytes: 2034..2057), hits: 2)
-  runtime IC 4913 -> Item 1071: Line (location: (source ID: 83, lines: 61..62, bytes: 2071..2104), hits: 84)
-  runtime IC 4913 -> Item 1072: Statement (location: (source ID: 83, lines: 61..62, bytes: 2071..2104), hits: 84)
-  runtime IC 4912 -> Item 1073: Statement (location: (source ID: 83, lines: 61..62, bytes: 2071..2118), hits: 84)
-  runtime IC 5114 -> Item 1074: Statement (location: (source ID: 83, lines: 61..62, bytes: 2120..2138), hits: 2)
-  runtime IC 5114 -> Item 1075: Branch (branch: 2, path: 0) (location: (source ID: 83, lines: 61..62, bytes: 2120..2138), hits: 2)
-  runtime IC 5164 -> Item 1076: Line (location: (source ID: 83, lines: 62..63, bytes: 2152..2185), hits: 82)
-  runtime IC 5164 -> Item 1077: Statement (location: (source ID: 83, lines: 62..63, bytes: 2152..2185), hits: 82)
-  runtime IC 5178 -> Item 1078: Statement (location: (source ID: 83, lines: 62..63, bytes: 2187..2207), hits: 1)
-  runtime IC 5178 -> Item 1079: Branch (branch: 3, path: 0) (location: (source ID: 83, lines: 62..63, bytes: 2187..2207), hits: 1)
-  runtime IC 5228 -> Item 1080: Line (location: (source ID: 83, lines: 63..64, bytes: 2217..2237), hits: 81)
-  runtime IC 5228 -> Item 1081: Statement (location: (source ID: 83, lines: 63..64, bytes: 2217..2237), hits: 81)
-  runtime IC 5251 -> Item 1082: Line (location: (source ID: 83, lines: 64..66, bytes: 2247..2379), hits: 81)
-  runtime IC 5251 -> Item 1083: Statement (location: (source ID: 83, lines: 64..66, bytes: 2247..2379), hits: 81)
-  runtime IC 5778 -> Item 1084: Line (location: (source ID: 83, lines: 66..67, bytes: 2389..2440), hits: 81)
-  runtime IC 5778 -> Item 1085: Statement (location: (source ID: 83, lines: 66..67, bytes: 2389..2440), hits: 81)
-  runtime IC 224 -> Item 1086: Line (location: (source ID: 83, lines: 69..76, bytes: 2453..2722), hits: 6)
-  runtime IC 224 -> Item 1087: Function "cancel" (location: (source ID: 83, lines: 69..76, bytes: 2453..2722), hits: 6)
-  runtime IC 854 -> Item 1088: Line (location: (source ID: 83, lines: 70..71, bytes: 2513..2548), hits: 5)
-  runtime IC 854 -> Item 1089: Statement (location: (source ID: 83, lines: 70..71, bytes: 2513..2548), hits: 5)
-  runtime IC 874 -> Item 1090: Line (location: (source ID: 83, lines: 71..72, bytes: 2562..2587), hits: 5)
-  runtime IC 874 -> Item 1091: Statement (location: (source ID: 83, lines: 71..72, bytes: 2562..2587), hits: 5)
-  runtime IC 959 -> Item 1092: Statement (location: (source ID: 83, lines: 71..72, bytes: 2589..2607), hits: 2)
-  runtime IC 959 -> Item 1093: Branch (branch: 4, path: 0) (location: (source ID: 83, lines: 71..72, bytes: 2589..2607), hits: 2)
-  runtime IC 1009 -> Item 1094: Line (location: (source ID: 83, lines: 72..73, bytes: 2621..2633), hits: 3)
-  runtime IC 1009 -> Item 1095: Statement (location: (source ID: 83, lines: 72..73, bytes: 2621..2633), hits: 3)
-  runtime IC 1031 -> Item 1096: Statement (location: (source ID: 83, lines: 72..73, bytes: 2635..2658), hits: 1)
-  runtime IC 1031 -> Item 1097: Branch (branch: 5, path: 0) (location: (source ID: 83, lines: 72..73, bytes: 2635..2658), hits: 1)
-  runtime IC 1081 -> Item 1098: Line (location: (source ID: 83, lines: 73..74, bytes: 2668..2687), hits: 2)
-  runtime IC 1081 -> Item 1099: Statement (location: (source ID: 83, lines: 73..74, bytes: 2668..2687), hits: 2)
-  runtime IC 1109 -> Item 1100: Line (location: (source ID: 83, lines: 74..75, bytes: 2697..2715), hits: 2)
-  runtime IC 1109 -> Item 1101: Statement (location: (source ID: 83, lines: 74..75, bytes: 2697..2715), hits: 2)
-  runtime IC 344 -> Item 1102: Line (location: (source ID: 83, lines: 78..96, bytes: 2819..3822), hits: 89)
-  runtime IC 344 -> Item 1103: Function "buy" (location: (source ID: 83, lines: 78..96, bytes: 2819..3822), hits: 89)
-  runtime IC 2123 -> Item 1104: Line (location: (source ID: 83, lines: 79..80, bytes: 2903..2938), hits: 88)
-  runtime IC 2123 -> Item 1105: Statement (location: (source ID: 83, lines: 79..80, bytes: 2903..2938), hits: 88)
-  runtime IC 2143 -> Item 1106: Line (location: (source ID: 83, lines: 80..81, bytes: 2952..2964), hits: 88)
-  runtime IC 2143 -> Item 1107: Statement (location: (source ID: 83, lines: 80..81, bytes: 2952..2964), hits: 88)
-  runtime IC 2143 -> Item 1108: Statement (location: (source ID: 83, lines: 80..81, bytes: 2952..2998), hits: 88)
-  runtime IC 2168 -> Item 1109: Statement (location: (source ID: 83, lines: 80..81, bytes: 2968..2998), hits: 86)
-  runtime IC 2212 -> Item 1110: Statement (location: (source ID: 83, lines: 80..81, bytes: 3000..3023), hits: 3)
-  runtime IC 2212 -> Item 1111: Branch (branch: 6, path: 0) (location: (source ID: 83, lines: 80..81, bytes: 3000..3023), hits: 3)
-  runtime IC 2267 -> Item 1112: Line (location: (source ID: 83, lines: 81..82, bytes: 3037..3088), hits: 85)
-  runtime IC 2267 -> Item 1113: Statement (location: (source ID: 83, lines: 81..82, bytes: 3037..3088), hits: 85)
-  runtime IC 2262 -> Item 1114: Statement (location: (source ID: 83, lines: 81..82, bytes: 3037..3110), hits: 85)
-  runtime IC 2442 -> Item 1115: Statement (location: (source ID: 83, lines: 81..82, bytes: 3112..3135), hits: 4)
-  runtime IC 2442 -> Item 1116: Branch (branch: 7, path: 0) (location: (source ID: 83, lines: 81..82, bytes: 3112..3135), hits: 4)
-  runtime IC 2492 -> Item 1117: Line (location: (source ID: 83, lines: 82..83, bytes: 3149..3188), hits: 81)
-  runtime IC 2492 -> Item 1118: Statement (location: (source ID: 83, lines: 82..83, bytes: 3149..3188), hits: 81)
-  runtime IC 2562 -> Item 1119: Statement (location: (source ID: 83, lines: 82..83, bytes: 3190..3210), hits: 2)
-  runtime IC 2562 -> Item 1120: Branch (branch: 8, path: 0) (location: (source ID: 83, lines: 82..83, bytes: 3190..3210), hits: 2)
-  runtime IC 2612 -> Item 1121: Line (location: (source ID: 83, lines: 83..84, bytes: 3224..3247), hits: 79)
-  runtime IC 2612 -> Item 1122: Statement (location: (source ID: 83, lines: 83..84, bytes: 3224..3247), hits: 79)
-  runtime IC 2612 -> Item 1123: Statement (location: (source ID: 83, lines: 83..84, bytes: 3224..3301), hits: 79)
-  runtime IC 2665 -> Item 1124: Statement (location: (source ID: 83, lines: 83..84, bytes: 3251..3277), hits: 78)
-  runtime IC 2665 -> Item 1125: Statement (location: (source ID: 83, lines: 83..84, bytes: 3251..3301), hits: 78)
-  runtime IC 2719 -> Item 1126: Statement (location: (source ID: 83, lines: 83..84, bytes: 3281..3301), hits: 77)
-  runtime IC 2804 -> Item 1127: Statement (location: (source ID: 83, lines: 83..84, bytes: 3303..3328), hits: 3)
-  runtime IC 2804 -> Item 1128: Branch (branch: 9, path: 0) (location: (source ID: 83, lines: 83..84, bytes: 3303..3328), hits: 3)
-  runtime IC 2854 -> Item 1129: Line (location: (source ID: 83, lines: 84..85, bytes: 3338..3364), hits: 76)
-  runtime IC 2854 -> Item 1130: Statement (location: (source ID: 83, lines: 84..85, bytes: 3338..3364), hits: 76)
-  runtime IC 2907 -> Item 1131: Line (location: (source ID: 83, lines: 85..86, bytes: 3378..3396), hits: 76)
-  runtime IC 2907 -> Item 1132: Statement (location: (source ID: 83, lines: 85..86, bytes: 3378..3396), hits: 76)
-  runtime IC 2914 -> Item 1133: Statement (location: (source ID: 83, lines: 85..86, bytes: 3398..3423), hits: 3)
-  runtime IC 2914 -> Item 1134: Branch (branch: 10, path: 0) (location: (source ID: 83, lines: 85..86, bytes: 3398..3423), hits: 3)
-  runtime IC 2964 -> Item 1135: Line (location: (source ID: 83, lines: 86..87, bytes: 3433..3505), hits: 73)
-  runtime IC 2964 -> Item 1136: Statement (location: (source ID: 83, lines: 86..87, bytes: 3433..3505), hits: 73)
-  runtime IC 2965 -> Item 1137: Statement (location: (source ID: 83, lines: 86..87, bytes: 3455..3505), hits: 73)
-  runtime IC 3139 -> Item 1138: Line (location: (source ID: 83, lines: 88..89, bytes: 3516..3535), hits: 73)
-  runtime IC 3139 -> Item 1139: Statement (location: (source ID: 83, lines: 88..89, bytes: 3516..3535), hits: 73)
-  runtime IC 3167 -> Item 1140: Line (location: (source ID: 83, lines: 89..90, bytes: 3545..3572), hits: 73)
-  runtime IC 3167 -> Item 1141: Statement (location: (source ID: 83, lines: 89..90, bytes: 3545..3572), hits: 73)
-  runtime IC 3191 -> Item 1142: Line (location: (source ID: 83, lines: 90..91, bytes: 3582..3621), hits: 73)
-  runtime IC 3191 -> Item 1143: Statement (location: (source ID: 83, lines: 90..91, bytes: 3582..3621), hits: 73)
-  runtime IC 3319 -> Item 1144: Line (location: (source ID: 83, lines: 91..92, bytes: 3631..3652), hits: 73)
-  runtime IC 3319 -> Item 1145: Statement (location: (source ID: 83, lines: 91..92, bytes: 3631..3652), hits: 73)
-  runtime IC 3343 -> Item 1146: Line (location: (source ID: 83, lines: 93..94, bytes: 3663..3734), hits: 73)
-  runtime IC 3343 -> Item 1147: Statement (location: (source ID: 83, lines: 93..94, bytes: 3663..3734), hits: 73)
-  runtime IC 3533 -> Item 1148: Line (location: (source ID: 83, lines: 94..95, bytes: 3744..3815), hits: 71)
-  runtime IC 3533 -> Item 1149: Statement (location: (source ID: 83, lines: 94..95, bytes: 3744..3815), hits: 71)
-  runtime IC 7341 -> Item 1150: Line (location: (source ID: 83, lines: 97..100, bytes: 3828..3969), hits: 47)
-  runtime IC 7341 -> Item 1151: Function "_tokenRescueAdmin" (location: (source ID: 83, lines: 97..100, bytes: 3828..3969), hits: 47)
-  runtime IC 7343 -> Item 1152: Line (location: (source ID: 83, lines: 98..99, bytes: 3915..3962), hits: 47)
-  runtime IC 7343 -> Item 1153: Statement (location: (source ID: 83, lines: 98..99, bytes: 3915..3962), hits: 47)
-  runtime IC 7504 -> Item 1154: Line (location: (source ID: 83, lines: 101..104, bytes: 3975..4074), hits: 38)
-  runtime IC 7504 -> Item 1155: Function "_protectedToken" (location: (source ID: 83, lines: 101..104, bytes: 3975..4074), hits: 38)
-  runtime IC 7506 -> Item 1156: Line (location: (source ID: 83, lines: 102..103, bytes: 4053..4067), hits: 38)
-  runtime IC 7506 -> Item 1157: Statement (location: (source ID: 83, lines: 102..103, bytes: 4053..4067), hits: 38)
-  runtime IC 6775 -> Item 1158: Line (location: (source ID: 83, lines: 105..109, bytes: 4080..4312), hits: 163)
-  runtime IC 6775 -> Item 1159: Function "_isApproved" (location: (source ID: 83, lines: 105..109, bytes: 4080..4312), hits: 163)
-  runtime IC 6777 -> Item 1160: Line (location: (source ID: 83, lines: 106..107, bytes: 4179..4235), hits: 163)
-  runtime IC 6777 -> Item 1161: Statement (location: (source ID: 83, lines: 106..107, bytes: 4179..4235), hits: 163)
-  runtime IC 6777 -> Item 1162: Statement (location: (source ID: 83, lines: 106..108, bytes: 4172..4305), hits: 163)
-  runtime IC 6777 -> Item 1163: Statement (location: (source ID: 83, lines: 106..108, bytes: 4179..4305), hits: 163)
-  runtime IC 6938 -> Item 1164: Line (location: (source ID: 83, lines: 107..108, bytes: 4251..4288), hits: 25)
-  runtime IC 6938 -> Item 1165: Statement (location: (source ID: 83, lines: 107..108, bytes: 4251..4288), hits: 25)
-  runtime IC 6937 -> Item 1166: Statement (location: (source ID: 83, lines: 107..108, bytes: 4251..4305), hits: 25)
-  runtime IC 264 -> Item 1167: Line (location: (source ID: 83, lines: 111..121, bytes: 4420..4917), hits: 16)
-  runtime IC 264 -> Item 1168: Function "withdraw" (location: (source ID: 83, lines: 111..121, bytes: 4420..4917), hits: 16)
-  runtime IC 1174 -> Item 1169: Line (location: (source ID: 83, lines: 112..113, bytes: 4501..4524), hits: 15)
-  runtime IC 1174 -> Item 1170: Statement (location: (source ID: 83, lines: 112..113, bytes: 4501..4524), hits: 15)
-  runtime IC 1174 -> Item 1171: Statement (location: (source ID: 83, lines: 112..113, bytes: 4501..4554), hits: 15)
-  runtime IC 1227 -> Item 1172: Statement (location: (source ID: 83, lines: 112..113, bytes: 4528..4554), hits: 14)
-  runtime IC 1280 -> Item 1173: Statement (location: (source ID: 83, lines: 112..113, bytes: 4556..4581), hits: 2)
-  runtime IC 1280 -> Item 1174: Branch (branch: 11, path: 0) (location: (source ID: 83, lines: 112..113, bytes: 4556..4581), hits: 2)
-  runtime IC 1330 -> Item 1175: Line (location: (source ID: 83, lines: 113..114, bytes: 4591..4627), hits: 13)
-  runtime IC 1330 -> Item 1176: Statement (location: (source ID: 83, lines: 113..114, bytes: 4591..4627), hits: 13)
-  runtime IC 1395 -> Item 1177: Line (location: (source ID: 83, lines: 114..115, bytes: 4641..4652), hits: 13)
-  runtime IC 1395 -> Item 1178: Statement (location: (source ID: 83, lines: 114..115, bytes: 4641..4652), hits: 13)
-  runtime IC 1402 -> Item 1179: Statement (location: (source ID: 83, lines: 114..115, bytes: 4654..4680), hits: 3)
-  runtime IC 1402 -> Item 1180: Branch (branch: 12, path: 0) (location: (source ID: 83, lines: 114..115, bytes: 4654..4680), hits: 3)
-  runtime IC 1452 -> Item 1181: Line (location: (source ID: 83, lines: 115..116, bytes: 4690..4713), hits: 10)
-  runtime IC 1452 -> Item 1182: Statement (location: (source ID: 83, lines: 115..116, bytes: 4690..4713), hits: 10)
-  runtime IC 1518 -> Item 1183: Line (location: (source ID: 83, lines: 116..117, bytes: 4723..4745), hits: 10)
-  runtime IC 1518 -> Item 1184: Statement (location: (source ID: 83, lines: 116..117, bytes: 4723..4745), hits: 10)
-  runtime IC 1542 -> Item 1185: Line (location: (source ID: 83, lines: 117..118, bytes: 4755..4808), hits: 10)
-  runtime IC 1542 -> Item 1186: Statement (location: (source ID: 83, lines: 117..118, bytes: 4755..4808), hits: 10)
-  runtime IC 1543 -> Item 1187: Statement (location: (source ID: 83, lines: 117..118, bytes: 4773..4808), hits: 10)
-  runtime IC 1646 -> Item 1188: Line (location: (source ID: 83, lines: 118..119, bytes: 4822..4830), hits: 10)
-  runtime IC 1646 -> Item 1189: Statement (location: (source ID: 83, lines: 118..119, bytes: 4822..4830), hits: 10)
-  runtime IC 1651 -> Item 1190: Statement (location: (source ID: 83, lines: 118..119, bytes: 4832..4855), hits: 1)
-  runtime IC 1651 -> Item 1191: Branch (branch: 13, path: 0) (location: (source ID: 83, lines: 118..119, bytes: 4832..4855), hits: 1)
-  runtime IC 1701 -> Item 1192: Line (location: (source ID: 83, lines: 119..120, bytes: 4865..4910), hits: 9)
-  runtime IC 1701 -> Item 1193: Statement (location: (source ID: 83, lines: 119..120, bytes: 4865..4910), hits: 9)
-  runtime IC 454 -> Item 1194: Line (location: (source ID: 83, lines: 123..135, bytes: 5017..5651), hits: 27)
-  runtime IC 454 -> Item 1195: Function "withdrawRoyalties" (location: (source ID: 83, lines: 123..135, bytes: 5017..5651), hits: 27)
-  runtime IC 3954 -> Item 1196: Line (location: (source ID: 83, lines: 124..125, bytes: 5103..5158), hits: 23)
-  runtime IC 3954 -> Item 1197: Statement (location: (source ID: 83, lines: 124..125, bytes: 5103..5158), hits: 23)
-  runtime IC 3955 -> Item 1198: Statement (location: (source ID: 83, lines: 124..125, bytes: 5123..5158), hits: 23)
-  runtime IC 4112 -> Item 1199: Line (location: (source ID: 83, lines: 125..126, bytes: 5172..5192), hits: 23)
-  runtime IC 4112 -> Item 1200: Statement (location: (source ID: 83, lines: 125..126, bytes: 5172..5192), hits: 23)
-  runtime IC 4163 -> Item 1201: Statement (location: (source ID: 83, lines: 125..126, bytes: 5194..5218), hits: 5)
-  runtime IC 4163 -> Item 1202: Branch (branch: 14, path: 0) (location: (source ID: 83, lines: 125..126, bytes: 5194..5218), hits: 5)
-  runtime IC 4213 -> Item 1203: Line (location: (source ID: 83, lines: 126..127, bytes: 5232..5255), hits: 18)
-  runtime IC 4213 -> Item 1204: Statement (location: (source ID: 83, lines: 126..127, bytes: 5232..5255), hits: 18)
-  runtime IC 4213 -> Item 1205: Statement (location: (source ID: 83, lines: 126..127, bytes: 5232..5285), hits: 18)
-  runtime IC 4266 -> Item 1206: Statement (location: (source ID: 83, lines: 126..127, bytes: 5259..5285), hits: 17)
-  runtime IC 4319 -> Item 1207: Statement (location: (source ID: 83, lines: 126..127, bytes: 5287..5312), hits: 2)
-  runtime IC 4319 -> Item 1208: Branch (branch: 15, path: 0) (location: (source ID: 83, lines: 126..127, bytes: 5287..5312), hits: 2)
-  runtime IC 4369 -> Item 1209: Line (location: (source ID: 83, lines: 127..128, bytes: 5322..5355), hits: 16)
-  runtime IC 4369 -> Item 1210: Statement (location: (source ID: 83, lines: 127..128, bytes: 5322..5355), hits: 16)
-  runtime IC 4375 -> Item 1211: Line (location: (source ID: 83, lines: 128..129, bytes: 5369..5380), hits: 16)
-  runtime IC 4375 -> Item 1212: Statement (location: (source ID: 83, lines: 128..129, bytes: 5369..5380), hits: 16)
-  runtime IC 4382 -> Item 1213: Statement (location: (source ID: 83, lines: 128..129, bytes: 5382..5408), hits: 2)
-  runtime IC 4382 -> Item 1214: Branch (branch: 16, path: 0) (location: (source ID: 83, lines: 128..129, bytes: 5382..5408), hits: 2)
-  runtime IC 4432 -> Item 1215: Line (location: (source ID: 83, lines: 129..130, bytes: 5418..5438), hits: 14)
-  runtime IC 4432 -> Item 1216: Statement (location: (source ID: 83, lines: 129..130, bytes: 5418..5438), hits: 14)
-  runtime IC 4439 -> Item 1217: Line (location: (source ID: 83, lines: 130..131, bytes: 5448..5470), hits: 14)
-  runtime IC 4439 -> Item 1218: Statement (location: (source ID: 83, lines: 130..131, bytes: 5448..5470), hits: 14)
-  runtime IC 4463 -> Item 1219: Line (location: (source ID: 83, lines: 131..132, bytes: 5480..5533), hits: 14)
-  runtime IC 4463 -> Item 1220: Statement (location: (source ID: 83, lines: 131..132, bytes: 5480..5533), hits: 14)
-  runtime IC 4464 -> Item 1221: Statement (location: (source ID: 83, lines: 131..132, bytes: 5498..5533), hits: 14)
-  runtime IC 4567 -> Item 1222: Line (location: (source ID: 83, lines: 132..133, bytes: 5547..5555), hits: 14)
-  runtime IC 4567 -> Item 1223: Statement (location: (source ID: 83, lines: 132..133, bytes: 5547..5555), hits: 14)
-  runtime IC 4572 -> Item 1224: Statement (location: (source ID: 83, lines: 132..133, bytes: 5557..5580), hits: 1)
-  runtime IC 4572 -> Item 1225: Branch (branch: 17, path: 0) (location: (source ID: 83, lines: 132..133, bytes: 5557..5580), hits: 1)
-  runtime IC 4622 -> Item 1226: Line (location: (source ID: 83, lines: 133..134, bytes: 5590..5644), hits: 13)
-  runtime IC 4622 -> Item 1227: Statement (location: (source ID: 83, lines: 133..134, bytes: 5590..5644), hits: 13)
-  runtime IC 638 -> Item 1228: Line (location: (source ID: 84, lines: 24..30, bytes: 1162..1468), hits: 79)
-  runtime IC 638 -> Item 1229: Function "rescueERC20" (location: (source ID: 84, lines: 24..30, bytes: 1162..1468), hits: 79)
-  runtime IC 5894 -> Item 1230: Line (location: (source ID: 84, lines: 25..26, bytes: 1265..1298), hits: 77)
-  runtime IC 5894 -> Item 1231: Statement (location: (source ID: 84, lines: 25..26, bytes: 1265..1298), hits: 77)
-  runtime IC 5904 -> Item 1232: Line (location: (source ID: 84, lines: 26..27, bytes: 1312..1323), hits: 53)
-  runtime IC 5904 -> Item 1233: Statement (location: (source ID: 84, lines: 26..27, bytes: 1312..1323), hits: 53)
-  runtime IC 5911 -> Item 1234: Statement (location: (source ID: 84, lines: 26..27, bytes: 1325..1353), hits: 3)
-  runtime IC 5911 -> Item 1235: Branch (branch: 0, path: 0) (location: (source ID: 84, lines: 26..27, bytes: 1325..1353), hits: 3)
-  runtime IC 5961 -> Item 1236: Line (location: (source ID: 84, lines: 27..28, bytes: 1363..1408), hits: 50)
-  runtime IC 5961 -> Item 1237: Statement (location: (source ID: 84, lines: 27..28, bytes: 1363..1408), hits: 50)
-  runtime IC 6004 -> Item 1238: Line (location: (source ID: 84, lines: 28..29, bytes: 1418..1461), hits: 47)
-  runtime IC 6004 -> Item 1239: Statement (location: (source ID: 84, lines: 28..29, bytes: 1418..1461), hits: 47)
-  runtime IC 372 -> Item 1240: Line (location: (source ID: 84, lines: 31..36, bytes: 1474..1750), hits: 28)
-  runtime IC 372 -> Item 1241: Function "rescueERC721" (location: (source ID: 84, lines: 31..36, bytes: 1474..1750), hits: 28)
-  runtime IC 3680 -> Item 1242: Line (location: (source ID: 84, lines: 32..33, bytes: 1579..1612), hits: 23)
-  runtime IC 3680 -> Item 1243: Statement (location: (source ID: 84, lines: 32..33, bytes: 1579..1612), hits: 23)
-  runtime IC 3690 -> Item 1244: Line (location: (source ID: 84, lines: 33..34, bytes: 1622..1688), hits: 11)
-  runtime IC 3690 -> Item 1245: Statement (location: (source ID: 84, lines: 33..34, bytes: 1622..1688), hits: 11)
-  runtime IC 3796 -> Item 1246: Line (location: (source ID: 84, lines: 34..35, bytes: 1698..1743), hits: 9)
-  runtime IC 3796 -> Item 1247: Statement (location: (source ID: 84, lines: 34..35, bytes: 1698..1743), hits: 9)
-  runtime IC 304 -> Item 1248: Line (location: (source ID: 84, lines: 37..43, bytes: 1756..2126), hits: 62)
-  runtime IC 304 -> Item 1249: Function "rescueERC1155" (location: (source ID: 84, lines: 37..43, bytes: 1756..2126), hits: 62)
-  runtime IC 1823 -> Item 1250: Line (location: (source ID: 84, lines: 38..39, bytes: 1878..1911), hits: 57)
-  runtime IC 1823 -> Item 1251: Statement (location: (source ID: 84, lines: 38..39, bytes: 1878..1911), hits: 57)
-  runtime IC 1833 -> Item 1252: Line (location: (source ID: 84, lines: 39..40, bytes: 1925..1936), hits: 45)
-  runtime IC 1833 -> Item 1253: Statement (location: (source ID: 84, lines: 39..40, bytes: 1925..1936), hits: 45)
-  runtime IC 1840 -> Item 1254: Statement (location: (source ID: 84, lines: 39..40, bytes: 1938..1966), hits: 3)
-  runtime IC 1840 -> Item 1255: Branch (branch: 1, path: 0) (location: (source ID: 84, lines: 39..40, bytes: 1938..1966), hits: 3)
-  runtime IC 1890 -> Item 1256: Line (location: (source ID: 84, lines: 40..41, bytes: 1976..2055), hits: 42)
-  runtime IC 1890 -> Item 1257: Statement (location: (source ID: 84, lines: 40..41, bytes: 1976..2055), hits: 42)
-  runtime IC 1998 -> Item 1258: Line (location: (source ID: 84, lines: 41..42, bytes: 2065..2119), hits: 41)
-  runtime IC 1998 -> Item 1259: Statement (location: (source ID: 84, lines: 41..42, bytes: 2065..2119), hits: 41)
-  runtime IC 6365 -> Item 1260: Line (location: (source ID: 84, lines: 44..49, bytes: 2132..2482), hits: 157)
-  runtime IC 6365 -> Item 1261: Function "_validateRescue" (location: (source ID: 84, lines: 44..49, bytes: 2132..2482), hits: 157)
-  runtime IC 6366 -> Item 1262: Line (location: (source ID: 84, lines: 45..46, bytes: 2218..2251), hits: 157)
-  runtime IC 6366 -> Item 1263: Statement (location: (source ID: 84, lines: 45..46, bytes: 2218..2251), hits: 157)
-  runtime IC 6366 -> Item 1264: Statement (location: (source ID: 84, lines: 45..46, bytes: 2232..2251), hits: 157)
-  runtime IC 6424 -> Item 1265: Statement (location: (source ID: 84, lines: 45..46, bytes: 2253..2280), hits: 27)
-  runtime IC 6424 -> Item 1266: Branch (branch: 2, path: 0) (location: (source ID: 84, lines: 45..46, bytes: 2253..2280), hits: 27)
-  runtime IC 6474 -> Item 1267: Line (location: (source ID: 84, lines: 46..47, bytes: 2294..2320), hits: 130)
-  runtime IC 6474 -> Item 1268: Statement (location: (source ID: 84, lines: 46..47, bytes: 2294..2320), hits: 130)
-  runtime IC 6474 -> Item 1269: Statement (location: (source ID: 84, lines: 46..47, bytes: 2294..2346), hits: 130)
-  runtime IC 6474 -> Item 1270: Statement (location: (source ID: 84, lines: 46..47, bytes: 2303..2320), hits: 130)
-  runtime IC 6534 -> Item 1271: Statement (location: (source ID: 84, lines: 46..47, bytes: 2324..2346), hits: 121)
-  runtime IC 6566 -> Item 1272: Statement (location: (source ID: 84, lines: 46..47, bytes: 2348..2375), hits: 15)
-  runtime IC 6566 -> Item 1273: Branch (branch: 3, path: 0) (location: (source ID: 84, lines: 46..47, bytes: 2348..2375), hits: 15)
-  runtime IC 6616 -> Item 1274: Line (location: (source ID: 84, lines: 47..48, bytes: 2389..2412), hits: 115)
-  runtime IC 6616 -> Item 1275: Statement (location: (source ID: 84, lines: 47..48, bytes: 2389..2412), hits: 115)
-  runtime IC 6616 -> Item 1276: Statement (location: (source ID: 84, lines: 47..48, bytes: 2389..2442), hits: 115)
-  runtime IC 6669 -> Item 1277: Statement (location: (source ID: 84, lines: 47..48, bytes: 2416..2442), hits: 112)
-  runtime IC 6722 -> Item 1278: Statement (location: (source ID: 84, lines: 47..48, bytes: 2444..2475), hits: 6)
-  runtime IC 6722 -> Item 1279: Branch (branch: 4, path: 0) (location: (source ID: 84, lines: 47..48, bytes: 2444..2475), hits: 6)

Anchors for Contract "RankedAuction" (solc 0.8.28, source ID 82):
- creation IC 16 -> Item 362: Line (location: (source ID: 82, lines: 112..123, bytes: 4250..4819), hits: 265)
- creation IC 16 -> Item 363: Function "constructor" (location: (source ID: 82, lines: 112..123, bytes: 4250..4819), hits: 265)
- creation IC 97 -> Item 364: Line (location: (source ID: 82, lines: 113..114, bytes: 4298..4322), hits: 265)
- creation IC 97 -> Item 365: Statement (location: (source ID: 82, lines: 113..114, bytes: 4298..4322), hits: 265)
- creation IC 97 -> Item 366: Statement (location: (source ID: 82, lines: 113..114, bytes: 4298..4361), hits: 265)
- creation IC 128 -> Item 367: Statement (location: (source ID: 82, lines: 113..114, bytes: 4326..4361), hits: 264)
- creation IC 152 -> Item 368: Statement (location: (source ID: 82, lines: 113..114, bytes: 4363..4392), hits: 2)
- creation IC 152 -> Item 369: Branch (branch: 0, path: 0) (location: (source ID: 82, lines: 113..114, bytes: 4363..4392), hits: 2)
- creation IC 202 -> Item 370: Line (location: (source ID: 82, lines: 114..115, bytes: 4402..4436), hits: 263)
- creation IC 202 -> Item 371: Statement (location: (source ID: 82, lines: 114..115, bytes: 4402..4436), hits: 263)
- creation IC 268 -> Item 372: Line (location: (source ID: 82, lines: 115..116, bytes: 4446..4480), hits: 263)
- creation IC 268 -> Item 373: Statement (location: (source ID: 82, lines: 115..116, bytes: 4446..4480), hits: 263)
- creation IC 316 -> Item 374: Line (location: (source ID: 82, lines: 116..117, bytes: 4490..4518), hits: 263)
- creation IC 316 -> Item 375: Statement (location: (source ID: 82, lines: 116..117, bytes: 4490..4518), hits: 263)
- creation IC 352 -> Item 376: Line (location: (source ID: 82, lines: 117..118, bytes: 4528..4589), hits: 263)
- creation IC 352 -> Item 377: Statement (location: (source ID: 82, lines: 117..118, bytes: 4528..4589), hits: 263)
- creation IC 384 -> Item 378: Line (location: (source ID: 82, lines: 118..119, bytes: 4599..4623), hits: 263)
- creation IC 384 -> Item 379: Statement (location: (source ID: 82, lines: 118..119, bytes: 4599..4623), hits: 263)
- creation IC 393 -> Item 380: Line (location: (source ID: 82, lines: 119..121, bytes: 4633..4760), hits: 263)
- creation IC 393 -> Item 381: Statement (location: (source ID: 82, lines: 119..121, bytes: 4633..4760), hits: 263)
- creation IC 515 -> Item 382: Line (location: (source ID: 82, lines: 121..122, bytes: 4770..4812), hits: 257)
- creation IC 515 -> Item 383: Statement (location: (source ID: 82, lines: 121..122, bytes: 4770..4812), hits: 257)
- creation IC 588 -> Item 1020: Line (location: (source ID: 82, lines: 462..468, bytes: 19508..19778), hits: 292)
- creation IC 588 -> Item 1021: Function "_validatePayoutWallet" (location: (source ID: 82, lines: 462..468, bytes: 19508..19778), hits: 292)
- creation IC 589 -> Item 1022: Line (location: (source ID: 82, lines: 464..465, bytes: 19595..19615), hits: 292)
- creation IC 589 -> Item 1023: Statement (location: (source ID: 82, lines: 464..465, bytes: 19595..19615), hits: 292)
- creation IC 642 -> Item 1024: Statement (location: (source ID: 82, lines: 464..465, bytes: 19619..19642), hits: 290)
- creation IC 696 -> Item 1025: Statement (location: (source ID: 82, lines: 464..465, bytes: 19646..19672), hits: 288)
- creation IC 589 -> Item 1026: Statement (location: (source ID: 82, lines: 464..466, bytes: 19595..19732), hits: 292)
- creation IC 642 -> Item 1027: Statement (location: (source ID: 82, lines: 464..466, bytes: 19619..19732), hits: 290)
- creation IC 696 -> Item 1028: Statement (location: (source ID: 82, lines: 464..466, bytes: 19646..19732), hits: 288)
- creation IC 752 -> Item 1029: Line (location: (source ID: 82, lines: 465..466, bytes: 19692..19732), hits: 286)
- creation IC 752 -> Item 1030: Statement (location: (source ID: 82, lines: 465..466, bytes: 19692..19732), hits: 286)
- creation IC 915 -> Item 1031: Line (location: (source ID: 82, lines: 466..467, bytes: 19743..19771), hits: 9)
- creation IC 915 -> Item 1032: Statement (location: (source ID: 82, lines: 466..467, bytes: 19743..19771), hits: 9)
- creation IC 915 -> Item 1033: Branch (branch: 54, path: 0) (location: (source ID: 82, lines: 466..467, bytes: 19743..19771), hits: 9)
-  runtime IC 3017 -> Item 384: Line (location: (source ID: 82, lines: 125..132, bytes: 4926..5273), hits: 48)
-  runtime IC 3017 -> Item 385: Function "proposePayoutWallet" (location: (source ID: 82, lines: 125..132, bytes: 4926..5273), hits: 48)
-  runtime IC 12544 -> Item 386: Line (location: (source ID: 82, lines: 126..127, bytes: 5009..5035), hits: 37)
-  runtime IC 12544 -> Item 387: Statement (location: (source ID: 82, lines: 126..127, bytes: 5009..5035), hits: 37)
-  runtime IC 12627 -> Item 388: Statement (location: (source ID: 82, lines: 126..127, bytes: 5037..5058), hits: 2)
-  runtime IC 12627 -> Item 389: Branch (branch: 1, path: 0) (location: (source ID: 82, lines: 126..127, bytes: 5037..5058), hits: 2)
-  runtime IC 12677 -> Item 390: Line (location: (source ID: 82, lines: 127..128, bytes: 5068..5099), hits: 35)
-  runtime IC 12677 -> Item 391: Statement (location: (source ID: 82, lines: 127..128, bytes: 5068..5099), hits: 35)
-  runtime IC 12686 -> Item 392: Line (location: (source ID: 82, lines: 128..129, bytes: 5113..5137), hits: 30)
-  runtime IC 12686 -> Item 393: Statement (location: (source ID: 82, lines: 128..129, bytes: 5113..5137), hits: 30)
-  runtime IC 12769 -> Item 394: Statement (location: (source ID: 82, lines: 128..129, bytes: 5139..5167), hits: 1)
-  runtime IC 12769 -> Item 395: Branch (branch: 2, path: 0) (location: (source ID: 82, lines: 128..129, bytes: 5139..5167), hits: 1)
-  runtime IC 12819 -> Item 396: Line (location: (source ID: 82, lines: 129..130, bytes: 5177..5207), hits: 29)
-  runtime IC 12819 -> Item 397: Statement (location: (source ID: 82, lines: 129..130, bytes: 5177..5207), hits: 29)
-  runtime IC 12883 -> Item 398: Line (location: (source ID: 82, lines: 130..131, bytes: 5217..5266), hits: 29)
-  runtime IC 12883 -> Item 399: Statement (location: (source ID: 82, lines: 130..131, bytes: 5217..5266), hits: 29)
-  runtime IC 2583 -> Item 400: Line (location: (source ID: 82, lines: 134..141, bytes: 5381..5719), hits: 5)
-  runtime IC 2583 -> Item 401: Function "cancelPayoutWalletChange" (location: (source ID: 82, lines: 134..141, bytes: 5381..5719), hits: 5)
-  runtime IC 9797 -> Item 402: Line (location: (source ID: 82, lines: 135..136, bytes: 5453..5479), hits: 5)
-  runtime IC 9797 -> Item 403: Statement (location: (source ID: 82, lines: 135..136, bytes: 5453..5479), hits: 5)
-  runtime IC 9880 -> Item 404: Statement (location: (source ID: 82, lines: 135..136, bytes: 5481..5502), hits: 2)
-  runtime IC 9880 -> Item 405: Branch (branch: 3, path: 0) (location: (source ID: 82, lines: 135..136, bytes: 5481..5502), hits: 2)
-  runtime IC 9930 -> Item 406: Line (location: (source ID: 82, lines: 136..137, bytes: 5512..5550), hits: 3)
-  runtime IC 9930 -> Item 407: Statement (location: (source ID: 82, lines: 136..137, bytes: 5512..5550), hits: 3)
-  runtime IC 9967 -> Item 408: Line (location: (source ID: 82, lines: 137..138, bytes: 5564..5586), hits: 3)
-  runtime IC 9967 -> Item 409: Statement (location: (source ID: 82, lines: 137..138, bytes: 5564..5586), hits: 3)
-  runtime IC 10018 -> Item 410: Statement (location: (source ID: 82, lines: 137..138, bytes: 5588..5618), hits: 2)
-  runtime IC 10018 -> Item 411: Branch (branch: 4, path: 0) (location: (source ID: 82, lines: 137..138, bytes: 5588..5618), hits: 2)
-  runtime IC 10068 -> Item 412: Line (location: (source ID: 82, lines: 138..139, bytes: 5628..5660), hits: 1)
-  runtime IC 10068 -> Item 413: Statement (location: (source ID: 82, lines: 138..139, bytes: 5628..5660), hits: 1)
-  runtime IC 10132 -> Item 414: Line (location: (source ID: 82, lines: 139..140, bytes: 5670..5712), hits: 1)
-  runtime IC 10132 -> Item 415: Statement (location: (source ID: 82, lines: 139..140, bytes: 5670..5712), hits: 1)
-  runtime IC 2995 -> Item 416: Line (location: (source ID: 82, lines: 144..152, bytes: 5918..6280), hits: 31)
-  runtime IC 2995 -> Item 417: Function "acceptPayoutWallet" (location: (source ID: 82, lines: 144..152, bytes: 5918..6280), hits: 31)
-  runtime IC 12077 -> Item 418: Line (location: (source ID: 82, lines: 145..146, bytes: 5980..6018), hits: 31)
-  runtime IC 12077 -> Item 419: Statement (location: (source ID: 82, lines: 145..146, bytes: 5980..6018), hits: 31)
-  runtime IC 12114 -> Item 420: Line (location: (source ID: 82, lines: 146..147, bytes: 6032..6054), hits: 31)
-  runtime IC 12114 -> Item 421: Statement (location: (source ID: 82, lines: 146..147, bytes: 6032..6054), hits: 31)
-  runtime IC 12114 -> Item 422: Statement (location: (source ID: 82, lines: 146..147, bytes: 6032..6080), hits: 31)
-  runtime IC 12167 -> Item 423: Statement (location: (source ID: 82, lines: 146..147, bytes: 6058..6080), hits: 28)
-  runtime IC 12221 -> Item 424: Statement (location: (source ID: 82, lines: 146..147, bytes: 6082..6103), hits: 5)
-  runtime IC 12221 -> Item 425: Branch (branch: 5, path: 0) (location: (source ID: 82, lines: 146..147, bytes: 6082..6103), hits: 5)
-  runtime IC 12271 -> Item 426: Line (location: (source ID: 82, lines: 147..148, bytes: 6113..6144), hits: 26)
-  runtime IC 12271 -> Item 427: Statement (location: (source ID: 82, lines: 147..148, bytes: 6113..6144), hits: 26)
-  runtime IC 12307 -> Item 428: Line (location: (source ID: 82, lines: 148..149, bytes: 6154..6177), hits: 26)
-  runtime IC 12307 -> Item 429: Statement (location: (source ID: 82, lines: 148..149, bytes: 6154..6177), hits: 26)
-  runtime IC 12370 -> Item 430: Line (location: (source ID: 82, lines: 149..150, bytes: 6187..6219), hits: 26)
-  runtime IC 12370 -> Item 431: Statement (location: (source ID: 82, lines: 149..150, bytes: 6187..6219), hits: 26)
-  runtime IC 12434 -> Item 432: Line (location: (source ID: 82, lines: 150..151, bytes: 6229..6273), hits: 26)
-  runtime IC 12434 -> Item 433: Statement (location: (source ID: 82, lines: 150..151, bytes: 6229..6273), hits: 26)
-  runtime IC 2687 -> Item 434: Line (location: (source ID: 82, lines: 153..159, bytes: 6286..6532), hits: 4)
-  runtime IC 2687 -> Item 435: Function "phase" (location: (source ID: 82, lines: 153..159, bytes: 6286..6532), hits: 4)
-  runtime IC 10986 -> Item 436: Line (location: (source ID: 82, lines: 154..155, bytes: 6354..6374), hits: 3)
-  runtime IC 10986 -> Item 437: Statement (location: (source ID: 82, lines: 154..155, bytes: 6354..6374), hits: 3)
-  runtime IC 10986 -> Item 438: Branch (branch: 6, path: 0) (location: (source ID: 82, lines: 154..155, bytes: 6354..6374), hits: 3)
-  runtime IC 10995 -> Item 439: Line (location: (source ID: 82, lines: 155..156, bytes: 6388..6415), hits: 12630)
-  runtime IC 10995 -> Item 440: Statement (location: (source ID: 82, lines: 155..156, bytes: 6388..6415), hits: 12630)
-  runtime IC 11045 -> Item 441: Statement (location: (source ID: 82, lines: 155..156, bytes: 6417..6439), hits: 3)
-  runtime IC 11045 -> Item 442: Branch (branch: 7, path: 0) (location: (source ID: 82, lines: 155..156, bytes: 6417..6439), hits: 3)
-  runtime IC 11053 -> Item 443: Line (location: (source ID: 82, lines: 156..157, bytes: 6453..6478), hits: 12627)
-  runtime IC 11053 -> Item 444: Statement (location: (source ID: 82, lines: 156..157, bytes: 6453..6478), hits: 12627)
-  runtime IC 11063 -> Item 445: Statement (location: (source ID: 82, lines: 156..157, bytes: 6480..6497), hits: 12623)
-  runtime IC 11063 -> Item 446: Branch (branch: 8, path: 0) (location: (source ID: 82, lines: 156..157, bytes: 6480..6497), hits: 12623)
-  runtime IC 11072 -> Item 447: Line (location: (source ID: 82, lines: 157..158, bytes: 6507..6525), hits: 4)
-  runtime IC 11072 -> Item 448: Statement (location: (source ID: 82, lines: 157..158, bytes: 6507..6525), hits: 4)
-  runtime IC 3057 -> Item 449: Line (location: (source ID: 82, lines: 162..167, bytes: 6728..6945), hits: 220)
-  runtime IC 3057 -> Item 450: Function "minimumBid" (location: (source ID: 82, lines: 162..167, bytes: 6728..6945), hits: 220)
-  runtime IC 13019 -> Item 451: Line (location: (source ID: 82, lines: 163..164, bytes: 6794..6814), hits: 13207)
-  runtime IC 13019 -> Item 452: Statement (location: (source ID: 82, lines: 163..164, bytes: 6794..6814), hits: 13207)
-  runtime IC 13028 -> Item 453: Statement (location: (source ID: 82, lines: 163..164, bytes: 6816..6835), hits: 12661)
-  runtime IC 13028 -> Item 454: Branch (branch: 9, path: 0) (location: (source ID: 82, lines: 163..164, bytes: 6816..6835), hits: 12661)
-  runtime IC 13086 -> Item 455: Line (location: (source ID: 82, lines: 164..165, bytes: 6845..6878), hits: 546)
-  runtime IC 13086 -> Item 456: Statement (location: (source ID: 82, lines: 164..165, bytes: 6845..6878), hits: 546)
-  runtime IC 13157 -> Item 457: Line (location: (source ID: 82, lines: 165..166, bytes: 6888..6938), hits: 546)
-  runtime IC 13157 -> Item 458: Statement (location: (source ID: 82, lines: 165..166, bytes: 6888..6938), hits: 546)
-  runtime IC 13157 -> Item 459: Statement (location: (source ID: 82, lines: 165..166, bytes: 6895..6938), hits: 546)
-  runtime IC 13157 -> Item 460: Statement (location: (source ID: 82, lines: 165..166, bytes: 6903..6938), hits: 546)
-  runtime IC 1112 -> Item 461: Line (location: (source ID: 82, lines: 168..172, bytes: 6951..7142), hits: 6)
-  runtime IC 1112 -> Item 462: Function "minimumIncrease" (location: (source ID: 82, lines: 168..172, bytes: 6951..7142), hits: 6)
-  runtime IC 5505 -> Item 463: Line (location: (source ID: 82, lines: 169..170, bytes: 7034..7050), hits: 6)
-  runtime IC 5505 -> Item 464: Statement (location: (source ID: 82, lines: 169..170, bytes: 7034..7050), hits: 6)
-  runtime IC 5542 -> Item 465: Statement (location: (source ID: 82, lines: 169..170, bytes: 7052..7071), hits: 1)
-  runtime IC 5542 -> Item 466: Branch (branch: 10, path: 0) (location: (source ID: 82, lines: 169..170, bytes: 7052..7071), hits: 1)
-  runtime IC 5592 -> Item 467: Line (location: (source ID: 82, lines: 170..171, bytes: 7081..7135), hits: 5)
-  runtime IC 5592 -> Item 468: Statement (location: (source ID: 82, lines: 170..171, bytes: 7081..7135), hits: 5)
-  runtime IC 5592 -> Item 469: Statement (location: (source ID: 82, lines: 170..171, bytes: 7088..7135), hits: 5)
-  runtime IC 2171 -> Item 470: Line (location: (source ID: 82, lines: 174..178, bytes: 7204..7357), hits: 12359)
-  runtime IC 2171 -> Item 471: Function "createBid" (location: (source ID: 82, lines: 174..178, bytes: 7204..7357), hits: 12359)
-  runtime IC 8926 -> Item 472: Line (location: (source ID: 82, lines: 175..176, bytes: 7286..7300), hits: 12358)
-  runtime IC 8926 -> Item 473: Statement (location: (source ID: 82, lines: 175..176, bytes: 7286..7300), hits: 12358)
-  runtime IC 8934 -> Item 474: Line (location: (source ID: 82, lines: 176..177, bytes: 7310..7350), hits: 12355)
-  runtime IC 8934 -> Item 475: Statement (location: (source ID: 82, lines: 176..177, bytes: 7310..7350), hits: 12355)
-  runtime IC 8934 -> Item 476: Statement (location: (source ID: 82, lines: 176..177, bytes: 7317..7350), hits: 12355)
-  runtime IC 2285 -> Item 477: Line (location: (source ID: 82, lines: 182..196, bytes: 7626..8183), hits: 100)
-  runtime IC 2285 -> Item 478: Function "createBids" (location: (source ID: 82, lines: 182..196, bytes: 7626..8183), hits: 100)
-  runtime IC 9009 -> Item 479: Line (location: (source ID: 82, lines: 183..184, bytes: 7745..7759), hits: 98)
-  runtime IC 9009 -> Item 480: Statement (location: (source ID: 82, lines: 183..184, bytes: 7745..7759), hits: 98)
-  runtime IC 9017 -> Item 481: Line (location: (source ID: 82, lines: 184..185, bytes: 7769..7799), hits: 95)
-  runtime IC 9017 -> Item 482: Statement (location: (source ID: 82, lines: 184..185, bytes: 7769..7799), hits: 95)
-  runtime IC 9024 -> Item 483: Line (location: (source ID: 82, lines: 185..186, bytes: 7813..7823), hits: 95)
-  runtime IC 9024 -> Item 484: Statement (location: (source ID: 82, lines: 185..186, bytes: 7813..7823), hits: 95)
-  runtime IC 9024 -> Item 485: Statement (location: (source ID: 82, lines: 185..186, bytes: 7813..7841), hits: 95)
-  runtime IC 9035 -> Item 486: Statement (location: (source ID: 82, lines: 185..186, bytes: 7827..7841), hits: 94)
-  runtime IC 9043 -> Item 487: Statement (location: (source ID: 82, lines: 185..186, bytes: 7843..7864), hits: 2)
-  runtime IC 9043 -> Item 488: Branch (branch: 11, path: 0) (location: (source ID: 82, lines: 185..186, bytes: 7843..7864), hits: 2)
-  runtime IC 9093 -> Item 489: Line (location: (source ID: 82, lines: 186..187, bytes: 7874..7887), hits: 93)
-  runtime IC 9093 -> Item 490: Statement (location: (source ID: 82, lines: 186..187, bytes: 7874..7887), hits: 93)
-  runtime IC 9094 -> Item 491: Line (location: (source ID: 82, lines: 187..188, bytes: 7902..7911), hits: 93)
-  runtime IC 9094 -> Item 492: Statement (location: (source ID: 82, lines: 187..188, bytes: 7902..7911), hits: 93)
-  runtime IC 9096 -> Item 493: Statement (location: (source ID: 82, lines: 187..188, bytes: 7913..7922), hits: 736)
-  runtime IC 9143 -> Item 494: Statement (location: (source ID: 82, lines: 187..188, bytes: 7924..7927), hits: 643)
-  runtime IC 9104 -> Item 495: Line (location: (source ID: 82, lines: 188..189, bytes: 7943..7962), hits: 644)
-  runtime IC 9104 -> Item 496: Statement (location: (source ID: 82, lines: 188..189, bytes: 7943..7962), hits: 644)
-  runtime IC 9155 -> Item 497: Line (location: (source ID: 82, lines: 190..191, bytes: 7986..8004), hits: 92)
-  runtime IC 9155 -> Item 498: Statement (location: (source ID: 82, lines: 190..191, bytes: 7986..8004), hits: 92)
-  runtime IC 9162 -> Item 499: Statement (location: (source ID: 82, lines: 190..191, bytes: 8006..8031), hits: 4)
-  runtime IC 9162 -> Item 500: Branch (branch: 12, path: 0) (location: (source ID: 82, lines: 190..191, bytes: 8006..8031), hits: 4)
-  runtime IC 9212 -> Item 501: Line (location: (source ID: 82, lines: 191..192, bytes: 8041..8067), hits: 88)
-  runtime IC 9212 -> Item 502: Statement (location: (source ID: 82, lines: 191..192, bytes: 8041..8067), hits: 88)
-  runtime IC 9287 -> Item 503: Line (location: (source ID: 82, lines: 192..193, bytes: 8082..8091), hits: 88)
-  runtime IC 9287 -> Item 504: Statement (location: (source ID: 82, lines: 192..193, bytes: 8082..8091), hits: 88)
-  runtime IC 9289 -> Item 505: Statement (location: (source ID: 82, lines: 192..193, bytes: 8093..8102), hits: 685)
-  runtime IC 9363 -> Item 506: Statement (location: (source ID: 82, lines: 192..193, bytes: 8104..8107), hits: 597)
-  runtime IC 9297 -> Item 507: Line (location: (source ID: 82, lines: 193..194, bytes: 8123..8166), hits: 634)
-  runtime IC 9297 -> Item 508: Statement (location: (source ID: 82, lines: 193..194, bytes: 8123..8166), hits: 634)
-  runtime IC 877 -> Item 509: Line (location: (source ID: 82, lines: 198..213, bytes: 8282..8911), hits: 173)
-  runtime IC 877 -> Item 510: Function "increaseBid" (location: (source ID: 82, lines: 198..213, bytes: 8282..8911), hits: 173)
-  runtime IC 3234 -> Item 511: Line (location: (source ID: 82, lines: 199..200, bytes: 8355..8369), hits: 173)
-  runtime IC 3234 -> Item 512: Statement (location: (source ID: 82, lines: 199..200, bytes: 8355..8369), hits: 173)
-  runtime IC 3242 -> Item 513: Line (location: (source ID: 82, lines: 200..201, bytes: 8379..8405), hits: 172)
-  runtime IC 3242 -> Item 514: Statement (location: (source ID: 82, lines: 200..201, bytes: 8379..8405), hits: 172)
-  runtime IC 3262 -> Item 515: Line (location: (source ID: 82, lines: 201..202, bytes: 8419..8430), hits: 172)
-  runtime IC 3262 -> Item 516: Statement (location: (source ID: 82, lines: 201..202, bytes: 8419..8430), hits: 172)
-  runtime IC 3283 -> Item 517: Statement (location: (source ID: 82, lines: 201..202, bytes: 8432..8451), hits: 2)
-  runtime IC 3283 -> Item 518: Branch (branch: 13, path: 0) (location: (source ID: 82, lines: 201..202, bytes: 8432..8451), hits: 2)
-  runtime IC 3333 -> Item 519: Line (location: (source ID: 82, lines: 202..203, bytes: 8465..8489), hits: 170)
-  runtime IC 3333 -> Item 520: Statement (location: (source ID: 82, lines: 202..203, bytes: 8465..8489), hits: 170)
-  runtime IC 3418 -> Item 521: Statement (location: (source ID: 82, lines: 202..203, bytes: 8491..8512), hits: 2)
-  runtime IC 3418 -> Item 522: Branch (branch: 14, path: 0) (location: (source ID: 82, lines: 202..203, bytes: 8491..8512), hits: 2)
-  runtime IC 3468 -> Item 523: Line (location: (source ID: 82, lines: 203..204, bytes: 8526..8558), hits: 168)
-  runtime IC 3468 -> Item 524: Statement (location: (source ID: 82, lines: 203..204, bytes: 8526..8558), hits: 168)
-  runtime IC 3468 -> Item 525: Statement (location: (source ID: 82, lines: 203..204, bytes: 8538..8558), hits: 168)
-  runtime IC 3554 -> Item 526: Statement (location: (source ID: 82, lines: 203..204, bytes: 8560..8580), hits: 1)
-  runtime IC 3554 -> Item 527: Branch (branch: 15, path: 0) (location: (source ID: 82, lines: 203..204, bytes: 8560..8580), hits: 1)
-  runtime IC 3604 -> Item 528: Line (location: (source ID: 82, lines: 204..205, bytes: 8594..8648), hits: 167)
-  runtime IC 3604 -> Item 529: Statement (location: (source ID: 82, lines: 204..205, bytes: 8594..8648), hits: 167)
-  runtime IC 3604 -> Item 530: Statement (location: (source ID: 82, lines: 204..205, bytes: 8606..8648), hits: 167)
-  runtime IC 3671 -> Item 531: Statement (location: (source ID: 82, lines: 204..205, bytes: 8650..8668), hits: 5)
-  runtime IC 3671 -> Item 532: Branch (branch: 16, path: 0) (location: (source ID: 82, lines: 204..205, bytes: 8650..8668), hits: 5)
-  runtime IC 3721 -> Item 533: Line (location: (source ID: 82, lines: 205..206, bytes: 8678..8704), hits: 162)
-  runtime IC 3721 -> Item 534: Statement (location: (source ID: 82, lines: 205..206, bytes: 8678..8704), hits: 162)
-  runtime IC 3729 -> Item 535: Line (location: (source ID: 82, lines: 206..207, bytes: 8714..8725), hits: 162)
-  runtime IC 3729 -> Item 536: Statement (location: (source ID: 82, lines: 206..207, bytes: 8714..8725), hits: 162)
-  runtime IC 3738 -> Item 537: Line (location: (source ID: 82, lines: 207..208, bytes: 8735..8767), hits: 162)
-  runtime IC 3738 -> Item 538: Statement (location: (source ID: 82, lines: 207..208, bytes: 8735..8767), hits: 162)
-  runtime IC 3838 -> Item 539: Line (location: (source ID: 82, lines: 208..209, bytes: 8777..8796), hits: 162)
-  runtime IC 3838 -> Item 540: Statement (location: (source ID: 82, lines: 208..209, bytes: 8777..8796), hits: 162)
-  runtime IC 3862 -> Item 541: Line (location: (source ID: 82, lines: 209..210, bytes: 8806..8817), hits: 162)
-  runtime IC 3862 -> Item 542: Statement (location: (source ID: 82, lines: 209..210, bytes: 8806..8817), hits: 162)
-  runtime IC 3871 -> Item 543: Line (location: (source ID: 82, lines: 210..211, bytes: 8831..8850), hits: 162)
-  runtime IC 3871 -> Item 544: Statement (location: (source ID: 82, lines: 210..211, bytes: 8831..8850), hits: 162)
-  runtime IC 3882 -> Item 545: Statement (location: (source ID: 82, lines: 210..211, bytes: 8852..8861), hits: 158)
-  runtime IC 3882 -> Item 546: Branch (branch: 17, path: 0) (location: (source ID: 82, lines: 210..211, bytes: 8852..8861), hits: 158)
-  runtime IC 3891 -> Item 547: Line (location: (source ID: 82, lines: 211..212, bytes: 8871..8904), hits: 162)
-  runtime IC 3891 -> Item 548: Statement (location: (source ID: 82, lines: 211..212, bytes: 8871..8904), hits: 162)
-  runtime IC 1006 -> Item 549: Line (location: (source ID: 82, lines: 215..232, bytes: 9032..9777), hits: 311)
-  runtime IC 1006 -> Item 550: Function "settle" (location: (source ID: 82, lines: 215..232, bytes: 9032..9777), hits: 311)
-  runtime IC 4867 -> Item 551: Line (location: (source ID: 82, lines: 216..217, bytes: 9095..9118), hits: 3)
-  runtime IC 4867 -> Item 552: Statement (location: (source ID: 82, lines: 216..217, bytes: 9095..9118), hits: 3)
-  runtime IC 4867 -> Item 553: Branch (branch: 18, path: 0) (location: (source ID: 82, lines: 216..217, bytes: 9095..9118), hits: 3)
-  runtime IC 4917 -> Item 554: Line (location: (source ID: 82, lines: 217..218, bytes: 9132..9157), hits: 308)
-  runtime IC 4917 -> Item 555: Statement (location: (source ID: 82, lines: 217..218, bytes: 9132..9157), hits: 308)
-  runtime IC 4927 -> Item 556: Statement (location: (source ID: 82, lines: 217..218, bytes: 9159..9183), hits: 5)
-  runtime IC 4927 -> Item 557: Branch (branch: 19, path: 0) (location: (source ID: 82, lines: 217..218, bytes: 9159..9183), hits: 5)
-  runtime IC 4977 -> Item 558: Line (location: (source ID: 82, lines: 218..219, bytes: 9193..9207), hits: 303)
-  runtime IC 4977 -> Item 559: Statement (location: (source ID: 82, lines: 218..219, bytes: 9193..9207), hits: 303)
-  runtime IC 5003 -> Item 560: Line (location: (source ID: 82, lines: 219..220, bytes: 9217..9244), hits: 303)
-  runtime IC 5003 -> Item 561: Statement (location: (source ID: 82, lines: 219..220, bytes: 9217..9244), hits: 303)
-  runtime IC 5012 -> Item 562: Line (location: (source ID: 82, lines: 220..221, bytes: 9254..9325), hits: 303)
-  runtime IC 5012 -> Item 563: Statement (location: (source ID: 82, lines: 220..221, bytes: 9254..9325), hits: 303)
-  runtime IC 5133 -> Item 564: Line (location: (source ID: 82, lines: 221..222, bytes: 9335..9436), hits: 303)
-  runtime IC 5133 -> Item 565: Statement (location: (source ID: 82, lines: 221..222, bytes: 9335..9436), hits: 303)
-  runtime IC 5134 -> Item 566: Statement (location: (source ID: 82, lines: 221..222, bytes: 9351..9436), hits: 303)
-  runtime IC 5258 -> Item 567: Line (location: (source ID: 82, lines: 222..223, bytes: 9446..9469), hits: 303)
-  runtime IC 5258 -> Item 568: Statement (location: (source ID: 82, lines: 222..223, bytes: 9446..9469), hits: 303)
-  runtime IC 5265 -> Item 569: Line (location: (source ID: 82, lines: 223..224, bytes: 9479..9494), hits: 303)
-  runtime IC 5265 -> Item 570: Statement (location: (source ID: 82, lines: 223..224, bytes: 9479..9494), hits: 303)
-  runtime IC 5289 -> Item 571: Line (location: (source ID: 82, lines: 224..225, bytes: 9504..9542), hits: 303)
-  runtime IC 5289 -> Item 572: Statement (location: (source ID: 82, lines: 224..225, bytes: 9504..9542), hits: 303)
-  runtime IC 5310 -> Item 573: Line (location: (source ID: 82, lines: 225..226, bytes: 9552..9569), hits: 303)
-  runtime IC 5310 -> Item 574: Statement (location: (source ID: 82, lines: 225..226, bytes: 9552..9569), hits: 303)
-  runtime IC 5316 -> Item 575: Line (location: (source ID: 82, lines: 226..227, bytes: 9584..9600), hits: 303)
-  runtime IC 5316 -> Item 576: Statement (location: (source ID: 82, lines: 226..227, bytes: 9584..9600), hits: 303)
-  runtime IC 5322 -> Item 577: Statement (location: (source ID: 82, lines: 226..227, bytes: 9602..9609), hits: 9080)
-  runtime IC 5399 -> Item 578: Statement (location: (source ID: 82, lines: 226..227, bytes: 9611..9617), hits: 8777)
-  runtime IC 5329 -> Item 579: Line (location: (source ID: 82, lines: 227..228, bytes: 9633..9664), hits: 8777)
-  runtime IC 5329 -> Item 580: Statement (location: (source ID: 82, lines: 227..228, bytes: 9633..9664), hits: 8777)
-  runtime IC 5376 -> Item 581: Line (location: (source ID: 82, lines: 228..229, bytes: 9678..9696), hits: 8777)
-  runtime IC 5376 -> Item 582: Statement (location: (source ID: 82, lines: 228..229, bytes: 9678..9696), hits: 8777)
-  runtime IC 5417 -> Item 583: Line (location: (source ID: 82, lines: 230..231, bytes: 9716..9770), hits: 303)
-  runtime IC 5417 -> Item 584: Statement (location: (source ID: 82, lines: 230..231, bytes: 9716..9770), hits: 303)
-  runtime IC 1903 -> Item 585: Line (location: (source ID: 82, lines: 234..239, bytes: 9898..10126), hits: 13)
-  runtime IC 1903 -> Item 586: Function "winningBidCost" (location: (source ID: 82, lines: 234..239, bytes: 9898..10126), hits: 13)
-  runtime IC 8333 -> Item 587: Line (location: (source ID: 82, lines: 235..236, bytes: 9978..9986), hits: 2528)
-  runtime IC 8333 -> Item 588: Statement (location: (source ID: 82, lines: 235..236, bytes: 9978..9986), hits: 2528)
-  runtime IC 8352 -> Item 589: Statement (location: (source ID: 82, lines: 235..236, bytes: 9988..10007), hits: 1)
-  runtime IC 8352 -> Item 590: Branch (branch: 20, path: 0) (location: (source ID: 82, lines: 235..236, bytes: 9988..10007), hits: 1)
-  runtime IC 8402 -> Item 591: Line (location: (source ID: 82, lines: 236..237, bytes: 10021..10037), hits: 2527)
-  runtime IC 8402 -> Item 592: Statement (location: (source ID: 82, lines: 236..237, bytes: 10021..10037), hits: 2527)
-  runtime IC 8439 -> Item 593: Statement (location: (source ID: 82, lines: 236..237, bytes: 10039..10058), hits: 3)
-  runtime IC 8439 -> Item 594: Branch (branch: 21, path: 0) (location: (source ID: 82, lines: 236..237, bytes: 10039..10058), hits: 3)
-  runtime IC 8489 -> Item 595: Line (location: (source ID: 82, lines: 237..238, bytes: 10068..10119), hits: 2524)
-  runtime IC 8489 -> Item 596: Statement (location: (source ID: 82, lines: 237..238, bytes: 10068..10119), hits: 2524)
-  runtime IC 8489 -> Item 597: Statement (location: (source ID: 82, lines: 237..238, bytes: 10075..10119), hits: 2524)
-  runtime IC 2955 -> Item 598: Line (location: (source ID: 82, lines: 242..260, bytes: 10349..11055), hits: 1265)
-  runtime IC 2955 -> Item 599: Function "creditRefunds" (location: (source ID: 82, lines: 242..260, bytes: 10349..11055), hits: 1265)
-  runtime IC 11463 -> Item 600: Line (location: (source ID: 82, lines: 243..244, bytes: 10428..10460), hits: 1265)
-  runtime IC 11463 -> Item 601: Statement (location: (source ID: 82, lines: 243..244, bytes: 10428..10460), hits: 1265)
-  runtime IC 11475 -> Item 602: Line (location: (source ID: 82, lines: 244..245, bytes: 10470..10491), hits: 1263)
-  runtime IC 11475 -> Item 603: Statement (location: (source ID: 82, lines: 244..245, bytes: 10470..10491), hits: 1263)
-  runtime IC 11483 -> Item 604: Line (location: (source ID: 82, lines: 245..246, bytes: 10501..10517), hits: 1261)
-  runtime IC 11483 -> Item 605: Statement (location: (source ID: 82, lines: 245..246, bytes: 10501..10517), hits: 1261)
-  runtime IC 11484 -> Item 606: Line (location: (source ID: 82, lines: 246..247, bytes: 10532..10541), hits: 1261)
-  runtime IC 11484 -> Item 607: Statement (location: (source ID: 82, lines: 246..247, bytes: 10532..10541), hits: 1261)
-  runtime IC 11486 -> Item 608: Statement (location: (source ID: 82, lines: 246..247, bytes: 10543..10557), hits: 4873)
-  runtime IC 11996 -> Item 609: Statement (location: (source ID: 82, lines: 246..247, bytes: 10559..10562), hits: 3612)
-  runtime IC 11497 -> Item 610: Line (location: (source ID: 82, lines: 247..248, bytes: 10578..10597), hits: 3614)
-  runtime IC 11497 -> Item 611: Statement (location: (source ID: 82, lines: 247..248, bytes: 10578..10597), hits: 3614)
-  runtime IC 11526 -> Item 612: Line (location: (source ID: 82, lines: 248..249, bytes: 10611..10637), hits: 3614)
-  runtime IC 11526 -> Item 613: Statement (location: (source ID: 82, lines: 248..249, bytes: 10611..10637), hits: 3614)
-  runtime IC 11546 -> Item 614: Line (location: (source ID: 82, lines: 249..250, bytes: 10655..10666), hits: 3614)
-  runtime IC 11546 -> Item 615: Statement (location: (source ID: 82, lines: 249..250, bytes: 10655..10666), hits: 3614)
-  runtime IC 11567 -> Item 616: Statement (location: (source ID: 82, lines: 249..250, bytes: 10668..10687), hits: 2)
-  runtime IC 11567 -> Item 617: Branch (branch: 22, path: 0) (location: (source ID: 82, lines: 249..250, bytes: 10668..10687), hits: 2)
-  runtime IC 11640 -> Item 618: Line (location: (source ID: 82, lines: 250..251, bytes: 10725..10733), hits: 1097)
-  runtime IC 11640 -> Item 619: Statement (location: (source ID: 82, lines: 250..251, bytes: 10725..10733), hits: 1097)
-  runtime IC 11640 -> Item 620: Branch (branch: 23, path: 0) (location: (source ID: 82, lines: 250..251, bytes: 10725..10733), hits: 1097)
-  runtime IC 11647 -> Item 621: Line (location: (source ID: 82, lines: 251..252, bytes: 10747..10772), hits: 2515)
-  runtime IC 11647 -> Item 622: Statement (location: (source ID: 82, lines: 251..252, bytes: 10747..10772), hits: 2515)
-  runtime IC 11676 -> Item 623: Line (location: (source ID: 82, lines: 252..253, bytes: 10786..10843), hits: 2515)
-  runtime IC 11676 -> Item 624: Statement (location: (source ID: 82, lines: 252..253, bytes: 10786..10843), hits: 2515)
-  runtime IC 11677 -> Item 625: Statement (location: (source ID: 82, lines: 252..253, bytes: 10803..10843), hits: 2515)
-  runtime IC 11677 -> Item 626: Statement (location: (source ID: 82, lines: 252..253, bytes: 10825..10843), hits: 2515)
-  runtime IC 11748 -> Item 627: Line (location: (source ID: 82, lines: 253..254, bytes: 10857..10875), hits: 2515)
-  runtime IC 11748 -> Item 628: Statement (location: (source ID: 82, lines: 253..254, bytes: 10857..10875), hits: 2515)
-  runtime IC 11762 -> Item 629: Line (location: (source ID: 82, lines: 254..255, bytes: 10889..10919), hits: 2515)
-  runtime IC 11762 -> Item 630: Statement (location: (source ID: 82, lines: 254..255, bytes: 10889..10919), hits: 2515)
-  runtime IC 11879 -> Item 631: Line (location: (source ID: 82, lines: 255..256, bytes: 10933..10976), hits: 2515)
-  runtime IC 11879 -> Item 632: Statement (location: (source ID: 82, lines: 255..256, bytes: 10933..10976), hits: 2515)
-  runtime IC 12008 -> Item 633: Line (location: (source ID: 82, lines: 257..258, bytes: 10996..11014), hits: 1259)
-  runtime IC 12008 -> Item 634: Statement (location: (source ID: 82, lines: 257..258, bytes: 10996..11014), hits: 1259)
-  runtime IC 12032 -> Item 635: Line (location: (source ID: 82, lines: 258..259, bytes: 11024..11048), hits: 1259)
-  runtime IC 12032 -> Item 636: Statement (location: (source ID: 82, lines: 258..259, bytes: 11024..11048), hits: 1259)
-  runtime IC 1214 -> Item 637: Line (location: (source ID: 82, lines: 263..279, bytes: 11268..12037), hits: 1141)
-  runtime IC 1214 -> Item 638: Function "claimTokens" (location: (source ID: 82, lines: 263..279, bytes: 11268..12037), hits: 1141)
-  runtime IC 5689 -> Item 639: Line (location: (source ID: 82, lines: 264..265, bytes: 11364..11396), hits: 1140)
-  runtime IC 5689 -> Item 640: Statement (location: (source ID: 82, lines: 264..265, bytes: 11364..11396), hits: 1140)
-  runtime IC 5701 -> Item 641: Line (location: (source ID: 82, lines: 265..266, bytes: 11410..11433), hits: 1138)
-  runtime IC 5701 -> Item 642: Statement (location: (source ID: 82, lines: 265..266, bytes: 11410..11433), hits: 1138)
-  runtime IC 5752 -> Item 643: Statement (location: (source ID: 82, lines: 265..266, bytes: 11435..11460), hits: 1)
-  runtime IC 5752 -> Item 644: Branch (branch: 24, path: 0) (location: (source ID: 82, lines: 265..266, bytes: 11435..11460), hits: 1)
-  runtime IC 5802 -> Item 645: Line (location: (source ID: 82, lines: 266..267, bytes: 11470..11523), hits: 1137)
-  runtime IC 5802 -> Item 646: Statement (location: (source ID: 82, lines: 266..267, bytes: 11470..11523), hits: 1137)
-  runtime IC 5803 -> Item 647: Statement (location: (source ID: 82, lines: 266..267, bytes: 11498..11523), hits: 1137)
-  runtime IC 5881 -> Item 648: Line (location: (source ID: 82, lines: 267..268, bytes: 11538..11547), hits: 1137)
-  runtime IC 5881 -> Item 649: Statement (location: (source ID: 82, lines: 267..268, bytes: 11538..11547), hits: 1137)
-  runtime IC 5883 -> Item 650: Statement (location: (source ID: 82, lines: 267..268, bytes: 11549..11563), hits: 2545)
-  runtime IC 6481 -> Item 651: Statement (location: (source ID: 82, lines: 267..268, bytes: 11565..11568), hits: 1408)
-  runtime IC 5894 -> Item 652: Line (location: (source ID: 82, lines: 268..269, bytes: 11584..11614), hits: 1417)
-  runtime IC 5894 -> Item 653: Statement (location: (source ID: 82, lines: 268..269, bytes: 11584..11614), hits: 1417)
-  runtime IC 5939 -> Item 654: Line (location: (source ID: 82, lines: 269..270, bytes: 11632..11643), hits: 1417)
-  runtime IC 5939 -> Item 655: Statement (location: (source ID: 82, lines: 269..270, bytes: 11632..11643), hits: 1417)
-  runtime IC 5960 -> Item 656: Statement (location: (source ID: 82, lines: 269..270, bytes: 11645..11664), hits: 2)
-  runtime IC 5960 -> Item 657: Branch (branch: 25, path: 0) (location: (source ID: 82, lines: 269..270, bytes: 11645..11664), hits: 2)
-  runtime IC 6033 -> Item 658: Line (location: (source ID: 82, lines: 270..271, bytes: 11700..11723), hits: 2)
-  runtime IC 6033 -> Item 659: Statement (location: (source ID: 82, lines: 270..271, bytes: 11700..11723), hits: 2)
-  runtime IC 6033 -> Item 660: Branch (branch: 26, path: 0) (location: (source ID: 82, lines: 270..271, bytes: 11700..11723), hits: 2)
-  runtime IC 6083 -> Item 661: Line (location: (source ID: 82, lines: 271..272, bytes: 11741..11765), hits: 1413)
-  runtime IC 6083 -> Item 662: Statement (location: (source ID: 82, lines: 271..272, bytes: 11741..11765), hits: 1413)
-  runtime IC 6168 -> Item 663: Statement (location: (source ID: 82, lines: 271..272, bytes: 11767..11788), hits: 5)
-  runtime IC 6168 -> Item 664: Branch (branch: 27, path: 0) (location: (source ID: 82, lines: 271..272, bytes: 11767..11788), hits: 5)
-  runtime IC 6218 -> Item 665: Line (location: (source ID: 82, lines: 272..273, bytes: 11802..11825), hits: 1408)
-  runtime IC 6218 -> Item 666: Statement (location: (source ID: 82, lines: 272..273, bytes: 11802..11825), hits: 1408)
-  runtime IC 6247 -> Item 667: Line (location: (source ID: 82, lines: 273..274, bytes: 11839..11864), hits: 1408)
-  runtime IC 6247 -> Item 668: Statement (location: (source ID: 82, lines: 273..274, bytes: 11839..11864), hits: 1408)
-  runtime IC 6301 -> Item 669: Line (location: (source ID: 82, lines: 274..275, bytes: 11878..11940), hits: 1408)
-  runtime IC 6301 -> Item 670: Statement (location: (source ID: 82, lines: 274..275, bytes: 11878..11940), hits: 1408)
-  runtime IC 6493 -> Item 671: Line (location: (source ID: 82, lines: 276..277, bytes: 11960..11987), hits: 1128)
-  runtime IC 6493 -> Item 672: Statement (location: (source ID: 82, lines: 276..277, bytes: 11960..11987), hits: 1128)
-  runtime IC 6520 -> Item 673: Line (location: (source ID: 82, lines: 277..278, bytes: 11997..12030), hits: 1128)
-  runtime IC 6520 -> Item 674: Statement (location: (source ID: 82, lines: 277..278, bytes: 11997..12030), hits: 1128)
-  runtime IC 1615 -> Item 675: Line (location: (source ID: 82, lines: 280..294, bytes: 12043..12744), hits: 162)
-  runtime IC 1615 -> Item 676: Function "claimUnsold" (location: (source ID: 82, lines: 280..294, bytes: 12043..12744), hits: 162)
-  runtime IC 6940 -> Item 677: Line (location: (source ID: 82, lines: 281..282, bytes: 12137..12145), hits: 162)
-  runtime IC 6940 -> Item 678: Statement (location: (source ID: 82, lines: 281..282, bytes: 12137..12145), hits: 162)
-  runtime IC 6959 -> Item 679: Statement (location: (source ID: 82, lines: 281..282, bytes: 12147..12166), hits: 1)
-  runtime IC 6959 -> Item 680: Branch (branch: 28, path: 0) (location: (source ID: 82, lines: 281..282, bytes: 12147..12166), hits: 1)
-  runtime IC 7009 -> Item 681: Line (location: (source ID: 82, lines: 282..283, bytes: 12180..12206), hits: 161)
-  runtime IC 7009 -> Item 682: Statement (location: (source ID: 82, lines: 282..283, bytes: 12180..12206), hits: 161)
-  runtime IC 7092 -> Item 683: Statement (location: (source ID: 82, lines: 282..283, bytes: 12208..12229), hits: 2)
-  runtime IC 7092 -> Item 684: Branch (branch: 29, path: 0) (location: (source ID: 82, lines: 282..283, bytes: 12208..12229), hits: 2)
-  runtime IC 7142 -> Item 685: Line (location: (source ID: 82, lines: 283..284, bytes: 12243..12266), hits: 159)
-  runtime IC 7142 -> Item 686: Statement (location: (source ID: 82, lines: 283..284, bytes: 12243..12266), hits: 159)
-  runtime IC 7193 -> Item 687: Statement (location: (source ID: 82, lines: 283..284, bytes: 12268..12293), hits: 1)
-  runtime IC 7193 -> Item 688: Branch (branch: 30, path: 0) (location: (source ID: 82, lines: 283..284, bytes: 12268..12293), hits: 1)
-  runtime IC 7243 -> Item 689: Line (location: (source ID: 82, lines: 284..285, bytes: 12307..12320), hits: 158)
-  runtime IC 7243 -> Item 690: Statement (location: (source ID: 82, lines: 284..285, bytes: 12307..12320), hits: 158)
-  runtime IC 7243 -> Item 691: Statement (location: (source ID: 82, lines: 284..285, bytes: 12307..12350), hits: 158)
-  runtime IC 7252 -> Item 692: Statement (location: (source ID: 82, lines: 284..285, bytes: 12324..12350), hits: 157)
-  runtime IC 7263 -> Item 693: Statement (location: (source ID: 82, lines: 284..285, bytes: 12352..12373), hits: 2)
-  runtime IC 7263 -> Item 694: Branch (branch: 31, path: 0) (location: (source ID: 82, lines: 284..285, bytes: 12352..12373), hits: 2)
-  runtime IC 7313 -> Item 695: Line (location: (source ID: 82, lines: 285..286, bytes: 12383..12434), hits: 156)
-  runtime IC 7313 -> Item 696: Statement (location: (source ID: 82, lines: 285..286, bytes: 12383..12434), hits: 156)
-  runtime IC 7314 -> Item 697: Statement (location: (source ID: 82, lines: 285..286, bytes: 12406..12434), hits: 156)
-  runtime IC 7314 -> Item 698: Statement (location: (source ID: 82, lines: 285..286, bytes: 12415..12434), hits: 156)
-  runtime IC 7343 -> Item 699: Line (location: (source ID: 82, lines: 286..287, bytes: 12444..12495), hits: 156)
-  runtime IC 7343 -> Item 700: Statement (location: (source ID: 82, lines: 286..287, bytes: 12444..12495), hits: 156)
-  runtime IC 7344 -> Item 701: Statement (location: (source ID: 82, lines: 286..287, bytes: 12472..12495), hits: 156)
-  runtime IC 7419 -> Item 702: Line (location: (source ID: 82, lines: 287..288, bytes: 12510..12519), hits: 156)
-  runtime IC 7419 -> Item 703: Statement (location: (source ID: 82, lines: 287..288, bytes: 12510..12519), hits: 156)
-  runtime IC 7421 -> Item 704: Statement (location: (source ID: 82, lines: 287..288, bytes: 12521..12533), hits: 13008)
-  runtime IC 7472 -> Item 705: Statement (location: (source ID: 82, lines: 287..288, bytes: 12535..12538), hits: 12852)
-  runtime IC 7429 -> Item 706: Line (location: (source ID: 82, lines: 288..289, bytes: 12554..12584), hits: 12852)
-  runtime IC 7429 -> Item 707: Statement (location: (source ID: 82, lines: 288..289, bytes: 12554..12584), hits: 12852)
-  runtime IC 7484 -> Item 708: Line (location: (source ID: 82, lines: 290..291, bytes: 12604..12631), hits: 156)
-  runtime IC 7484 -> Item 709: Statement (location: (source ID: 82, lines: 290..291, bytes: 12604..12631), hits: 156)
-  runtime IC 7508 -> Item 710: Line (location: (source ID: 82, lines: 291..292, bytes: 12641..12674), hits: 156)
-  runtime IC 7508 -> Item 711: Statement (location: (source ID: 82, lines: 291..292, bytes: 12641..12674), hits: 156)
-  runtime IC 7644 -> Item 712: Line (location: (source ID: 82, lines: 292..293, bytes: 12684..12737), hits: 156)
-  runtime IC 7644 -> Item 713: Statement (location: (source ID: 82, lines: 292..293, bytes: 12684..12737), hits: 156)
-  runtime IC 2647 -> Item 714: Line (location: (source ID: 82, lines: 296..309, bytes: 12856..13542), hits: 177)
-  runtime IC 2647 -> Item 715: Function "claimReserved" (location: (source ID: 82, lines: 296..309, bytes: 12856..13542), hits: 177)
-  runtime IC 10224 -> Item 716: Line (location: (source ID: 82, lines: 297..298, bytes: 12952..12978), hits: 176)
-  runtime IC 10224 -> Item 717: Statement (location: (source ID: 82, lines: 297..298, bytes: 12952..12978), hits: 176)
-  runtime IC 10307 -> Item 718: Statement (location: (source ID: 82, lines: 297..298, bytes: 12980..13001), hits: 3)
-  runtime IC 10307 -> Item 719: Branch (branch: 32, path: 0) (location: (source ID: 82, lines: 297..298, bytes: 12980..13001), hits: 3)
-  runtime IC 10357 -> Item 720: Line (location: (source ID: 82, lines: 298..299, bytes: 13015..13038), hits: 173)
-  runtime IC 10357 -> Item 721: Statement (location: (source ID: 82, lines: 298..299, bytes: 13015..13038), hits: 173)
-  runtime IC 10408 -> Item 722: Statement (location: (source ID: 82, lines: 298..299, bytes: 13040..13065), hits: 1)
-  runtime IC 10408 -> Item 723: Branch (branch: 33, path: 0) (location: (source ID: 82, lines: 298..299, bytes: 13040..13065), hits: 1)
-  runtime IC 10458 -> Item 724: Line (location: (source ID: 82, lines: 299..300, bytes: 13079..13092), hits: 172)
-  runtime IC 10458 -> Item 725: Statement (location: (source ID: 82, lines: 299..300, bytes: 13079..13092), hits: 172)
-  runtime IC 10458 -> Item 726: Statement (location: (source ID: 82, lines: 299..300, bytes: 13079..13124), hits: 172)
-  runtime IC 10467 -> Item 727: Statement (location: (source ID: 82, lines: 299..300, bytes: 13096..13124), hits: 171)
-  runtime IC 10478 -> Item 728: Statement (location: (source ID: 82, lines: 299..300, bytes: 13126..13147), hits: 3)
-  runtime IC 10478 -> Item 729: Branch (branch: 34, path: 0) (location: (source ID: 82, lines: 299..300, bytes: 13126..13147), hits: 3)
-  runtime IC 10528 -> Item 730: Line (location: (source ID: 82, lines: 300..301, bytes: 13157..13228), hits: 169)
-  runtime IC 10528 -> Item 731: Statement (location: (source ID: 82, lines: 300..301, bytes: 13157..13228), hits: 169)
-  runtime IC 10529 -> Item 732: Statement (location: (source ID: 82, lines: 300..301, bytes: 13180..13228), hits: 169)
-  runtime IC 10529 -> Item 733: Statement (location: (source ID: 82, lines: 300..301, bytes: 13189..13228), hits: 169)
-  runtime IC 10529 -> Item 734: Statement (location: (source ID: 82, lines: 300..301, bytes: 13207..13228), hits: 169)
-  runtime IC 10570 -> Item 735: Line (location: (source ID: 82, lines: 301..302, bytes: 13238..13289), hits: 169)
-  runtime IC 10570 -> Item 736: Statement (location: (source ID: 82, lines: 301..302, bytes: 13238..13289), hits: 169)
-  runtime IC 10571 -> Item 737: Statement (location: (source ID: 82, lines: 301..302, bytes: 13266..13289), hits: 169)
-  runtime IC 10646 -> Item 738: Line (location: (source ID: 82, lines: 302..303, bytes: 13304..13313), hits: 169)
-  runtime IC 10646 -> Item 739: Statement (location: (source ID: 82, lines: 302..303, bytes: 13304..13313), hits: 169)
-  runtime IC 10648 -> Item 740: Statement (location: (source ID: 82, lines: 302..303, bytes: 13315..13327), hits: 1749)
-  runtime IC 10699 -> Item 741: Statement (location: (source ID: 82, lines: 302..303, bytes: 13329..13332), hits: 1580)
-  runtime IC 10656 -> Item 742: Line (location: (source ID: 82, lines: 303..304, bytes: 13348..13378), hits: 1580)
-  runtime IC 10656 -> Item 743: Statement (location: (source ID: 82, lines: 303..304, bytes: 13348..13378), hits: 1580)
-  runtime IC 10711 -> Item 744: Line (location: (source ID: 82, lines: 305..306, bytes: 13398..13427), hits: 169)
-  runtime IC 10711 -> Item 745: Statement (location: (source ID: 82, lines: 305..306, bytes: 13398..13427), hits: 169)
-  runtime IC 10735 -> Item 746: Line (location: (source ID: 82, lines: 306..307, bytes: 13437..13470), hits: 169)
-  runtime IC 10735 -> Item 747: Statement (location: (source ID: 82, lines: 306..307, bytes: 13437..13470), hits: 169)
-  runtime IC 10871 -> Item 748: Line (location: (source ID: 82, lines: 307..308, bytes: 13480..13535), hits: 168)
-  runtime IC 10871 -> Item 749: Statement (location: (source ID: 82, lines: 307..308, bytes: 13480..13535), hits: 168)
-  runtime IC 2129 -> Item 750: Line (location: (source ID: 82, lines: 312..315, bytes: 13754..13887), hits: 43)
-  runtime IC 2129 -> Item 751: Function "recoveryAvailableAt" (location: (source ID: 82, lines: 312..315, bytes: 13754..13887), hits: 43)
-  runtime IC 8871 -> Item 752: Line (location: (source ID: 82, lines: 313..314, bytes: 13825..13880), hits: 119)
-  runtime IC 8871 -> Item 753: Statement (location: (source ID: 82, lines: 313..314, bytes: 13825..13880), hits: 119)
-  runtime IC 8871 -> Item 754: Statement (location: (source ID: 82, lines: 313..314, bytes: 13832..13880), hits: 119)
-  runtime IC 2853 -> Item 755: Line (location: (source ID: 82, lines: 317..320, bytes: 13997..14122), hits: 1514)
-  runtime IC 2853 -> Item 756: Function "refunds" (location: (source ID: 82, lines: 317..320, bytes: 13997..14122), hits: 1514)
-  runtime IC 11354 -> Item 757: Line (location: (source ID: 82, lines: 318..319, bytes: 14072..14115), hits: 1514)
-  runtime IC 11354 -> Item 758: Statement (location: (source ID: 82, lines: 318..319, bytes: 14072..14115), hits: 1514)
-  runtime IC 11354 -> Item 759: Statement (location: (source ID: 82, lines: 318..319, bytes: 14079..14115), hits: 1514)
-  runtime IC 2501 -> Item 760: Line (location: (source ID: 82, lines: 321..329, bytes: 14128..14447), hits: 633)
-  runtime IC 2501 -> Item 761: Function "withdrawRefund" (location: (source ID: 82, lines: 321..329, bytes: 14128..14447), hits: 633)
-  runtime IC 9496 -> Item 762: Line (location: (source ID: 82, lines: 322..323, bytes: 14211..14232), hits: 632)
-  runtime IC 9496 -> Item 763: Statement (location: (source ID: 82, lines: 322..323, bytes: 14211..14232), hits: 632)
-  runtime IC 9504 -> Item 764: Line (location: (source ID: 82, lines: 323..324, bytes: 14242..14279), hits: 631)
-  runtime IC 9504 -> Item 765: Statement (location: (source ID: 82, lines: 323..324, bytes: 14242..14279), hits: 631)
-  runtime IC 9569 -> Item 766: Line (location: (source ID: 82, lines: 324..325, bytes: 14289..14313), hits: 631)
-  runtime IC 9569 -> Item 767: Statement (location: (source ID: 82, lines: 324..325, bytes: 14289..14313), hits: 631)
-  runtime IC 9635 -> Item 768: Line (location: (source ID: 82, lines: 325..326, bytes: 14323..14345), hits: 631)
-  runtime IC 9635 -> Item 769: Statement (location: (source ID: 82, lines: 325..326, bytes: 14323..14345), hits: 631)
-  runtime IC 9659 -> Item 770: Line (location: (source ID: 82, lines: 326..327, bytes: 14355..14379), hits: 631)
-  runtime IC 9659 -> Item 771: Statement (location: (source ID: 82, lines: 326..327, bytes: 14355..14379), hits: 631)
-  runtime IC 9669 -> Item 772: Line (location: (source ID: 82, lines: 327..328, bytes: 14389..14440), hits: 626)
-  runtime IC 9669 -> Item 773: Statement (location: (source ID: 82, lines: 327..328, bytes: 14389..14440), hits: 626)
-  runtime IC 1781 -> Item 774: Line (location: (source ID: 82, lines: 330..337, bytes: 14453..14754), hits: 58)
-  runtime IC 1781 -> Item 775: Function "withdrawProceeds" (location: (source ID: 82, lines: 330..337, bytes: 14453..14754), hits: 58)
-  runtime IC 7781 -> Item 776: Line (location: (source ID: 82, lines: 331..332, bytes: 14542..14568), hits: 58)
-  runtime IC 7781 -> Item 777: Statement (location: (source ID: 82, lines: 331..332, bytes: 14542..14568), hits: 58)
-  runtime IC 7864 -> Item 778: Statement (location: (source ID: 82, lines: 331..332, bytes: 14570..14591), hits: 3)
-  runtime IC 7864 -> Item 779: Branch (branch: 35, path: 0) (location: (source ID: 82, lines: 331..332, bytes: 14570..14591), hits: 3)
-  runtime IC 7914 -> Item 780: Line (location: (source ID: 82, lines: 332..333, bytes: 14601..14633), hits: 55)
-  runtime IC 7914 -> Item 781: Statement (location: (source ID: 82, lines: 332..333, bytes: 14601..14633), hits: 55)
-  runtime IC 7920 -> Item 782: Line (location: (source ID: 82, lines: 333..334, bytes: 14643..14662), hits: 55)
-  runtime IC 7920 -> Item 783: Statement (location: (source ID: 82, lines: 333..334, bytes: 14643..14662), hits: 55)
-  runtime IC 7927 -> Item 784: Line (location: (source ID: 82, lines: 334..335, bytes: 14672..14696), hits: 55)
-  runtime IC 7927 -> Item 785: Statement (location: (source ID: 82, lines: 334..335, bytes: 14672..14696), hits: 55)
-  runtime IC 7937 -> Item 786: Line (location: (source ID: 82, lines: 335..336, bytes: 14706..14747), hits: 52)
-  runtime IC 7937 -> Item 787: Statement (location: (source ID: 82, lines: 335..336, bytes: 14706..14747), hits: 52)
-  runtime IC 905 -> Item 788: Line (location: (source ID: 82, lines: 340..352, bytes: 14983..15501), hits: 84)
-  runtime IC 905 -> Item 789: Function "withdrawUnclaimedETH" (location: (source ID: 82, lines: 340..352, bytes: 14983..15501), hits: 84)
-  runtime IC 3998 -> Item 790: Line (location: (source ID: 82, lines: 341..342, bytes: 15076..15102), hits: 82)
-  runtime IC 3998 -> Item 791: Statement (location: (source ID: 82, lines: 341..342, bytes: 15076..15102), hits: 82)
-  runtime IC 4081 -> Item 792: Statement (location: (source ID: 82, lines: 341..342, bytes: 15104..15125), hits: 4)
-  runtime IC 4081 -> Item 793: Branch (branch: 36, path: 0) (location: (source ID: 82, lines: 341..342, bytes: 15104..15125), hits: 4)
-  runtime IC 4131 -> Item 794: Line (location: (source ID: 82, lines: 342..343, bytes: 15139..15147), hits: 78)
-  runtime IC 4131 -> Item 795: Statement (location: (source ID: 82, lines: 342..343, bytes: 15139..15147), hits: 78)
-  runtime IC 4150 -> Item 796: Statement (location: (source ID: 82, lines: 342..343, bytes: 15149..15168), hits: 2)
-  runtime IC 4150 -> Item 797: Branch (branch: 37, path: 0) (location: (source ID: 82, lines: 342..343, bytes: 15149..15168), hits: 2)
-  runtime IC 4200 -> Item 798: Line (location: (source ID: 82, lines: 343..344, bytes: 15182..15221), hits: 76)
-  runtime IC 4200 -> Item 799: Statement (location: (source ID: 82, lines: 343..344, bytes: 15182..15221), hits: 76)
-  runtime IC 4200 -> Item 800: Statement (location: (source ID: 82, lines: 343..344, bytes: 15200..15221), hits: 76)
-  runtime IC 4215 -> Item 801: Statement (location: (source ID: 82, lines: 343..344, bytes: 15223..15252), hits: 10)
-  runtime IC 4215 -> Item 802: Branch (branch: 38, path: 0) (location: (source ID: 82, lines: 343..344, bytes: 15223..15252), hits: 10)
-  runtime IC 4265 -> Item 803: Line (location: (source ID: 82, lines: 344..345, bytes: 15262..15300), hits: 66)
-  runtime IC 4265 -> Item 804: Statement (location: (source ID: 82, lines: 344..345, bytes: 15262..15300), hits: 66)
-  runtime IC 4269 -> Item 805: Line (location: (source ID: 82, lines: 345..346, bytes: 15310..15330), hits: 66)
-  runtime IC 4269 -> Item 806: Statement (location: (source ID: 82, lines: 345..346, bytes: 15310..15330), hits: 66)
-  runtime IC 4296 -> Item 807: Line (location: (source ID: 82, lines: 346..347, bytes: 15340..15350), hits: 66)
-  runtime IC 4296 -> Item 808: Statement (location: (source ID: 82, lines: 346..347, bytes: 15340..15350), hits: 66)
-  runtime IC 4303 -> Item 809: Line (location: (source ID: 82, lines: 347..348, bytes: 15360..15376), hits: 66)
-  runtime IC 4303 -> Item 810: Statement (location: (source ID: 82, lines: 347..348, bytes: 15360..15376), hits: 66)
-  runtime IC 4310 -> Item 811: Line (location: (source ID: 82, lines: 348..349, bytes: 15386..15405), hits: 66)
-  runtime IC 4310 -> Item 812: Statement (location: (source ID: 82, lines: 348..349, bytes: 15386..15405), hits: 66)
-  runtime IC 4317 -> Item 813: Line (location: (source ID: 82, lines: 349..350, bytes: 15415..15439), hits: 66)
-  runtime IC 4317 -> Item 814: Statement (location: (source ID: 82, lines: 349..350, bytes: 15415..15439), hits: 66)
-  runtime IC 4327 -> Item 815: Line (location: (source ID: 82, lines: 350..351, bytes: 15449..15494), hits: 61)
-  runtime IC 4327 -> Item 816: Statement (location: (source ID: 82, lines: 350..351, bytes: 15449..15494), hits: 61)
-  runtime IC 2811 -> Item 817: Line (location: (source ID: 82, lines: 355..358, bytes: 15714..15830), hits: 1312)
-  runtime IC 2811 -> Item 818: Function "liabilities" (location: (source ID: 82, lines: 355..358, bytes: 15714..15830), hits: 1312)
-  runtime IC 11319 -> Item 819: Line (location: (source ID: 82, lines: 356..357, bytes: 15777..15823), hits: 1312)
-  runtime IC 11319 -> Item 820: Statement (location: (source ID: 82, lines: 356..357, bytes: 15777..15823), hits: 1312)
-  runtime IC 11319 -> Item 821: Statement (location: (source ID: 82, lines: 356..357, bytes: 15784..15823), hits: 1312)
-  runtime IC 11319 -> Item 822: Statement (location: (source ID: 82, lines: 356..357, bytes: 15793..15823), hits: 1312)
-  runtime IC 945 -> Item 823: Line (location: (source ID: 82, lines: 360..376, bytes: 15924..16540), hits: 16)
-  runtime IC 945 -> Item 824: Function "rankedBids" (location: (source ID: 82, lines: 360..376, bytes: 15924..16540), hits: 16)
-  runtime IC 4420 -> Item 825: Line (location: (source ID: 82, lines: 361..362, bytes: 16047..16057), hits: 16)
-  runtime IC 4420 -> Item 826: Statement (location: (source ID: 82, lines: 361..362, bytes: 16047..16057), hits: 16)
-  runtime IC 4420 -> Item 827: Statement (location: (source ID: 82, lines: 361..362, bytes: 16047..16075), hits: 16)
-  runtime IC 4431 -> Item 828: Statement (location: (source ID: 82, lines: 361..362, bytes: 16061..16075), hits: 15)
-  runtime IC 4439 -> Item 829: Statement (location: (source ID: 82, lines: 361..362, bytes: 16077..16098), hits: 2)
-  runtime IC 4439 -> Item 830: Branch (branch: 39, path: 0) (location: (source ID: 82, lines: 361..362, bytes: 16077..16098), hits: 2)
-  runtime IC 4489 -> Item 831: Line (location: (source ID: 82, lines: 362..363, bytes: 16108..16140), hits: 14)
-  runtime IC 4489 -> Item 832: Statement (location: (source ID: 82, lines: 362..363, bytes: 16108..16140), hits: 14)
-  runtime IC 4508 -> Item 833: Line (location: (source ID: 82, lines: 363..364, bytes: 16154..16163), hits: 14)
-  runtime IC 4508 -> Item 834: Statement (location: (source ID: 82, lines: 363..364, bytes: 16154..16163), hits: 14)
-  runtime IC 4508 -> Item 835: Statement (location: (source ID: 82, lines: 363..364, bytes: 16154..16185), hits: 14)
-  runtime IC 4519 -> Item 836: Statement (location: (source ID: 82, lines: 363..364, bytes: 16167..16185), hits: 13)
-  runtime IC 4559 -> Item 837: Statement (location: (source ID: 82, lines: 363..364, bytes: 16187..16206), hits: 2)
-  runtime IC 4559 -> Item 838: Branch (branch: 40, path: 0) (location: (source ID: 82, lines: 363..364, bytes: 16187..16206), hits: 2)
-  runtime IC 4609 -> Item 839: Line (location: (source ID: 82, lines: 364..365, bytes: 16216..16233), hits: 12)
-  runtime IC 4609 -> Item 840: Statement (location: (source ID: 82, lines: 364..365, bytes: 16216..16233), hits: 12)
-  runtime IC 4613 -> Item 841: Line (location: (source ID: 82, lines: 365..366, bytes: 16243..16264), hits: 12)
-  runtime IC 4613 -> Item 842: Statement (location: (source ID: 82, lines: 365..366, bytes: 16243..16264), hits: 12)
-  runtime IC 4618 -> Item 843: Line (location: (source ID: 82, lines: 366..367, bytes: 16281..16292), hits: 313)
-  runtime IC 4618 -> Item 844: Statement (location: (source ID: 82, lines: 366..367, bytes: 16281..16292), hits: 313)
-  runtime IC 4618 -> Item 845: Statement (location: (source ID: 82, lines: 366..367, bytes: 16281..16309), hits: 313)
-  runtime IC 4629 -> Item 846: Statement (location: (source ID: 82, lines: 366..367, bytes: 16296..16309), hits: 302)
-  runtime IC 4638 -> Item 847: Line (location: (source ID: 82, lines: 367..368, bytes: 16325..16332), hits: 301)
-  runtime IC 4638 -> Item 848: Statement (location: (source ID: 82, lines: 367..368, bytes: 16325..16332), hits: 301)
-  runtime IC 4650 -> Item 849: Line (location: (source ID: 82, lines: 368..369, bytes: 16346..16372), hits: 301)
-  runtime IC 4650 -> Item 850: Statement (location: (source ID: 82, lines: 368..369, bytes: 16346..16372), hits: 301)
-  runtime IC 4678 -> Item 851: Line (location: (source ID: 82, lines: 370..371, bytes: 16392..16418), hits: 12)
-  runtime IC 4678 -> Item 852: Statement (location: (source ID: 82, lines: 370..371, bytes: 16392..16418), hits: 12)
-  runtime IC 4753 -> Item 853: Line (location: (source ID: 82, lines: 371..372, bytes: 16433..16442), hits: 12)
-  runtime IC 4753 -> Item 854: Statement (location: (source ID: 82, lines: 371..372, bytes: 16433..16442), hits: 12)
-  runtime IC 4755 -> Item 855: Statement (location: (source ID: 82, lines: 371..372, bytes: 16444..16453), hits: 313)
-  runtime IC 4818 -> Item 856: Statement (location: (source ID: 82, lines: 371..372, bytes: 16455..16458), hits: 301)
-  runtime IC 4763 -> Item 857: Line (location: (source ID: 82, lines: 372..373, bytes: 16474..16487), hits: 301)
-  runtime IC 4763 -> Item 858: Statement (location: (source ID: 82, lines: 372..373, bytes: 16474..16487), hits: 301)
-  runtime IC 4795 -> Item 859: Line (location: (source ID: 82, lines: 373..374, bytes: 16501..16523), hits: 301)
-  runtime IC 4795 -> Item 860: Statement (location: (source ID: 82, lines: 373..374, bytes: 16501..16523), hits: 301)
-  runtime IC 16957 -> Item 861: Line (location: (source ID: 82, lines: 377..380, bytes: 16546..16652), hits: 60)
-  runtime IC 16957 -> Item 862: Function "_tokenRescueAdmin" (location: (source ID: 82, lines: 377..380, bytes: 16546..16652), hits: 60)
-  runtime IC 16959 -> Item 863: Line (location: (source ID: 82, lines: 378..379, bytes: 16626..16645), hits: 60)
-  runtime IC 16959 -> Item 864: Statement (location: (source ID: 82, lines: 378..379, bytes: 16626..16645), hits: 60)
-  runtime IC 16996 -> Item 865: Line (location: (source ID: 82, lines: 381..384, bytes: 16658..16766), hits: 51)
-  runtime IC 16996 -> Item 866: Function "_protectedToken" (location: (source ID: 82, lines: 381..384, bytes: 16658..16766), hits: 51)
-  runtime IC 16998 -> Item 867: Line (location: (source ID: 82, lines: 382..383, bytes: 16736..16759), hits: 51)
-  runtime IC 16998 -> Item 868: Statement (location: (source ID: 82, lines: 382..383, bytes: 16736..16759), hits: 51)
-  runtime IC 15109 -> Item 869: Line (location: (source ID: 82, lines: 385..407, bytes: 16772..17691), hits: 12989)
-  runtime IC 15109 -> Item 870: Function "_createBid" (location: (source ID: 82, lines: 385..407, bytes: 16772..17691), hits: 12989)
-  runtime IC 15128 -> Item 871: Line (location: (source ID: 82, lines: 386..387, bytes: 16870..16889), hits: 12989)
-  runtime IC 15128 -> Item 872: Statement (location: (source ID: 82, lines: 386..387, bytes: 16870..16889), hits: 12989)
-  runtime IC 15137 -> Item 873: Statement (location: (source ID: 82, lines: 386..387, bytes: 16891..16911), hits: 2)
-  runtime IC 15137 -> Item 874: Branch (branch: 41, path: 0) (location: (source ID: 82, lines: 386..387, bytes: 16891..16911), hits: 2)
-  runtime IC 15187 -> Item 875: Line (location: (source ID: 82, lines: 387..388, bytes: 16925..16949), hits: 12987)
-  runtime IC 15187 -> Item 876: Statement (location: (source ID: 82, lines: 387..388, bytes: 16925..16949), hits: 12987)
-  runtime IC 15187 -> Item 877: Statement (location: (source ID: 82, lines: 387..388, bytes: 16937..16949), hits: 12987)
-  runtime IC 15202 -> Item 878: Statement (location: (source ID: 82, lines: 387..388, bytes: 16951..16969), hits: 41)
-  runtime IC 15202 -> Item 879: Branch (branch: 42, path: 0) (location: (source ID: 82, lines: 387..388, bytes: 16951..16969), hits: 41)
-  runtime IC 15252 -> Item 880: Line (location: (source ID: 82, lines: 388..389, bytes: 16979..16995), hits: 12946)
-  runtime IC 15252 -> Item 881: Statement (location: (source ID: 82, lines: 388..389, bytes: 16979..16995), hits: 12946)
-  runtime IC 15276 -> Item 882: Line (location: (source ID: 82, lines: 389..390, bytes: 17005..17076), hits: 12946)
-  runtime IC 15276 -> Item 883: Statement (location: (source ID: 82, lines: 389..390, bytes: 17005..17076), hits: 12946)
-  runtime IC 15685 -> Item 884: Line (location: (source ID: 82, lines: 390..391, bytes: 17086..17105), hits: 12946)
-  runtime IC 15685 -> Item 885: Statement (location: (source ID: 82, lines: 390..391, bytes: 17086..17105), hits: 12946)
-  runtime IC 15709 -> Item 886: Line (location: (source ID: 82, lines: 391..392, bytes: 17115..17126), hits: 12946)
-  runtime IC 15709 -> Item 887: Statement (location: (source ID: 82, lines: 391..392, bytes: 17115..17126), hits: 12946)
-  runtime IC 15720 -> Item 888: Line (location: (source ID: 82, lines: 392..393, bytes: 17140..17160), hits: 12946)
-  runtime IC 15720 -> Item 889: Statement (location: (source ID: 82, lines: 392..393, bytes: 17140..17160), hits: 12946)
-  runtime IC 15729 -> Item 890: Branch (branch: 43, path: 0) (location: (source ID: 82, lines: 392..404, bytes: 17162..17618), hits: 438)
-  runtime IC 15729 -> Item 891: Line (location: (source ID: 82, lines: 393..394, bytes: 17176..17202), hits: 438)
-  runtime IC 15729 -> Item 892: Statement (location: (source ID: 82, lines: 393..394, bytes: 17176..17202), hits: 438)
-  runtime IC 15735 -> Item 893: Line (location: (source ID: 82, lines: 394..395, bytes: 17216..17257), hits: 438)
-  runtime IC 15735 -> Item 894: Statement (location: (source ID: 82, lines: 394..395, bytes: 17216..17257), hits: 438)
-  runtime IC 15755 -> Item 895: Line (location: (source ID: 82, lines: 395..396, bytes: 17271..17291), hits: 438)
-  runtime IC 15755 -> Item 896: Statement (location: (source ID: 82, lines: 395..396, bytes: 17271..17291), hits: 438)
-  runtime IC 15764 -> Item 897: Line (location: (source ID: 82, lines: 396..397, bytes: 17305..17329), hits: 438)
-  runtime IC 15764 -> Item 898: Statement (location: (source ID: 82, lines: 396..397, bytes: 17305..17329), hits: 438)
-  runtime IC 15791 -> Item 899: Line (location: (source ID: 82, lines: 397..398, bytes: 17343..17374), hits: 438)
-  runtime IC 15791 -> Item 900: Statement (location: (source ID: 82, lines: 397..398, bytes: 17343..17374), hits: 438)
-  runtime IC 15820 -> Item 901: Line (location: (source ID: 82, lines: 398..399, bytes: 17388..17421), hits: 438)
-  runtime IC 15820 -> Item 902: Statement (location: (source ID: 82, lines: 398..399, bytes: 17388..17421), hits: 438)
-  runtime IC 15873 -> Item 903: Line (location: (source ID: 82, lines: 399..400, bytes: 17435..17451), hits: 438)
-  runtime IC 15873 -> Item 904: Statement (location: (source ID: 82, lines: 399..400, bytes: 17435..17451), hits: 438)
-  runtime IC 15897 -> Item 905: Line (location: (source ID: 82, lines: 400..401, bytes: 17465..17501), hits: 438)
-  runtime IC 15897 -> Item 906: Statement (location: (source ID: 82, lines: 400..401, bytes: 17465..17501), hits: 438)
-  runtime IC 16014 -> Item 907: Line (location: (source ID: 82, lines: 401..402, bytes: 17515..17537), hits: 438)
-  runtime IC 16014 -> Item 908: Statement (location: (source ID: 82, lines: 401..402, bytes: 17515..17537), hits: 438)
-  runtime IC 16038 -> Item 909: Line (location: (source ID: 82, lines: 402..403, bytes: 17551..17607), hits: 438)
-  runtime IC 16038 -> Item 910: Statement (location: (source ID: 82, lines: 402..403, bytes: 17551..17607), hits: 438)
-  runtime IC 16155 -> Item 911: Line (location: (source ID: 82, lines: 404..405, bytes: 17627..17636), hits: 12946)
-  runtime IC 16155 -> Item 912: Statement (location: (source ID: 82, lines: 404..405, bytes: 17627..17636), hits: 12946)
-  runtime IC 16163 -> Item 913: Line (location: (source ID: 82, lines: 405..406, bytes: 17646..17684), hits: 12946)
-  runtime IC 16163 -> Item 914: Statement (location: (source ID: 82, lines: 405..406, bytes: 17646..17684), hits: 12946)
-  runtime IC 13268 -> Item 915: Line (location: (source ID: 82, lines: 408..411, bytes: 17697..17800), hits: 12629)
-  runtime IC 13268 -> Item 916: Function "_requireLive" (location: (source ID: 82, lines: 408..411, bytes: 17697..17800), hits: 12629)
-  runtime IC 13271 -> Item 917: Line (location: (source ID: 82, lines: 409..410, bytes: 17748..17755), hits: 12629)
-  runtime IC 13271 -> Item 918: Statement (location: (source ID: 82, lines: 409..410, bytes: 17748..17755), hits: 12629)
-  runtime IC 13269 -> Item 919: Statement (location: (source ID: 82, lines: 409..410, bytes: 17748..17769), hits: 12629)
-  runtime IC 13320 -> Item 920: Statement (location: (source ID: 82, lines: 409..410, bytes: 17771..17793), hits: 7)
-  runtime IC 13320 -> Item 921: Branch (branch: 44, path: 0) (location: (source ID: 82, lines: 409..410, bytes: 17771..17793), hits: 7)
-  runtime IC 16247 -> Item 922: Line (location: (source ID: 82, lines: 412..415, bytes: 17806..17908), hits: 1895)
-  runtime IC 16247 -> Item 923: Function "_requireRefundsOpen" (location: (source ID: 82, lines: 412..415, bytes: 17806..17908), hits: 1895)
-  runtime IC 16269 -> Item 924: Line (location: (source ID: 82, lines: 413..414, bytes: 17879..17901), hits: 3)
-  runtime IC 16269 -> Item 925: Statement (location: (source ID: 82, lines: 413..414, bytes: 17879..17901), hits: 3)
-  runtime IC 16269 -> Item 926: Branch (branch: 45, path: 0) (location: (source ID: 82, lines: 413..414, bytes: 17879..17901), hits: 3)
-  runtime IC 14558 -> Item 927: Line (location: (source ID: 82, lines: 416..420, bytes: 17914..18090), hits: 2405)
-  runtime IC 14558 -> Item 928: Function "_requireSettledBatch" (location: (source ID: 82, lines: 416..420, bytes: 17914..18090), hits: 2405)
-  runtime IC 14559 -> Item 929: Line (location: (source ID: 82, lines: 417..418, bytes: 17987..17995), hits: 2405)
-  runtime IC 14559 -> Item 930: Statement (location: (source ID: 82, lines: 417..418, bytes: 17987..17995), hits: 2405)
-  runtime IC 14578 -> Item 931: Statement (location: (source ID: 82, lines: 417..418, bytes: 17997..18016), hits: 2)
-  runtime IC 14578 -> Item 932: Branch (branch: 46, path: 0) (location: (source ID: 82, lines: 417..418, bytes: 17997..18016), hits: 2)
-  runtime IC 14628 -> Item 933: Line (location: (source ID: 82, lines: 418..419, bytes: 18030..18041), hits: 2403)
-  runtime IC 14628 -> Item 934: Statement (location: (source ID: 82, lines: 418..419, bytes: 18030..18041), hits: 2403)
-  runtime IC 14628 -> Item 935: Statement (location: (source ID: 82, lines: 418..419, bytes: 18030..18060), hits: 2403)
-  runtime IC 14639 -> Item 936: Statement (location: (source ID: 82, lines: 418..419, bytes: 18045..18060), hits: 2402)
-  runtime IC 14647 -> Item 937: Statement (location: (source ID: 82, lines: 418..419, bytes: 18062..18083), hits: 2)
-  runtime IC 14647 -> Item 938: Branch (branch: 47, path: 0) (location: (source ID: 82, lines: 418..419, bytes: 18062..18083), hits: 2)
-  runtime IC 13371 -> Item 939: Line (location: (source ID: 82, lines: 421..424, bytes: 18096..18236), hits: 718)
-  runtime IC 13371 -> Item 940: Function "minimumIncrement" (location: (source ID: 82, lines: 421..424, bytes: 18096..18236), hits: 718)
-  runtime IC 13376 -> Item 941: Line (location: (source ID: 82, lines: 422..423, bytes: 18192..18229), hits: 718)
-  runtime IC 13376 -> Item 942: Statement (location: (source ID: 82, lines: 422..423, bytes: 18192..18229), hits: 718)
-  runtime IC 13376 -> Item 943: Statement (location: (source ID: 82, lines: 422..423, bytes: 18199..18229), hits: 718)
-  runtime IC 13615 -> Item 944: Line (location: (source ID: 82, lines: 426..444, bytes: 18349..18971), hits: 13108)
-  runtime IC 13615 -> Item 945: Function "_insert" (location: (source ID: 82, lines: 426..444, bytes: 18349..18971), hits: 13108)
-  runtime IC 13616 -> Item 946: Line (location: (source ID: 82, lines: 427..428, bytes: 18396..18422), hits: 13108)
-  runtime IC 13616 -> Item 947: Statement (location: (source ID: 82, lines: 427..428, bytes: 18396..18422), hits: 13108)
-  runtime IC 13636 -> Item 948: Line (location: (source ID: 82, lines: 428..429, bytes: 18432..18454), hits: 13108)
-  runtime IC 13636 -> Item 949: Statement (location: (source ID: 82, lines: 428..429, bytes: 18432..18454), hits: 13108)
-  runtime IC 13642 -> Item 950: Line (location: (source ID: 82, lines: 429..430, bytes: 18464..18480), hits: 13108)
-  runtime IC 13642 -> Item 951: Statement (location: (source ID: 82, lines: 429..430, bytes: 18464..18480), hits: 13108)
-  runtime IC 13644 -> Item 952: Line (location: (source ID: 82, lines: 430..431, bytes: 18497..18509), hits: 428188)
-  runtime IC 13644 -> Item 953: Statement (location: (source ID: 82, lines: 430..431, bytes: 18497..18509), hits: 428188)
-  runtime IC 13651 -> Item 954: Line (location: (source ID: 82, lines: 431..432, bytes: 18525..18558), hits: 420338)
-  runtime IC 13651 -> Item 955: Statement (location: (source ID: 82, lines: 431..432, bytes: 18525..18558), hits: 420338)
-  runtime IC 13671 -> Item 956: Line (location: (source ID: 82, lines: 432..433, bytes: 18576..18601), hits: 420338)
-  runtime IC 13671 -> Item 957: Statement (location: (source ID: 82, lines: 432..433, bytes: 18576..18601), hits: 420338)
-  runtime IC 13671 -> Item 958: Statement (location: (source ID: 82, lines: 432..433, bytes: 18576..18649), hits: 420338)
-  runtime IC 13896 -> Item 959: Statement (location: (source ID: 82, lines: 432..433, bytes: 18651..18656), hits: 5258)
-  runtime IC 13896 -> Item 960: Branch (branch: 48, path: 0) (location: (source ID: 82, lines: 432..433, bytes: 18651..18656), hits: 5258)
-  runtime IC 13902 -> Item 961: Line (location: (source ID: 82, lines: 433..434, bytes: 18670..18688), hits: 415080)
-  runtime IC 13902 -> Item 962: Statement (location: (source ID: 82, lines: 433..434, bytes: 18670..18688), hits: 415080)
-  runtime IC 13905 -> Item 963: Line (location: (source ID: 82, lines: 434..435, bytes: 18702..18722), hits: 415080)
-  runtime IC 13905 -> Item 964: Statement (location: (source ID: 82, lines: 434..435, bytes: 18702..18722), hits: 415080)
-  runtime IC 13918 -> Item 965: Line (location: (source ID: 82, lines: 436..437, bytes: 18742..18761), hits: 13108)
-  runtime IC 13918 -> Item 966: Statement (location: (source ID: 82, lines: 436..437, bytes: 18742..18761), hits: 13108)
-  runtime IC 13927 -> Item 967: Line (location: (source ID: 82, lines: 437..438, bytes: 18771..18789), hits: 13108)
-  runtime IC 13927 -> Item 968: Statement (location: (source ID: 82, lines: 437..438, bytes: 18771..18789), hits: 13108)
-  runtime IC 13936 -> Item 969: Line (location: (source ID: 82, lines: 438..439, bytes: 18803..18816), hits: 13108)
-  runtime IC 13936 -> Item 970: Statement (location: (source ID: 82, lines: 438..439, bytes: 18803..18816), hits: 13108)
-  runtime IC 13943 -> Item 971: Statement (location: (source ID: 82, lines: 438..439, bytes: 18818..18827), hits: 2012)
-  runtime IC 13943 -> Item 972: Branch (branch: 49, path: 0) (location: (source ID: 82, lines: 438..439, bytes: 18818..18827), hits: 2012)
-  runtime IC 13954 -> Item 973: Branch (branch: 49, path: 1) (location: (source ID: 82, lines: 438..440, bytes: 18799..18866), hits: 11096)
-  runtime IC 13955 -> Item 974: Line (location: (source ID: 82, lines: 439..440, bytes: 18842..18866), hits: 11096)
-  runtime IC 13955 -> Item 975: Statement (location: (source ID: 82, lines: 439..440, bytes: 18842..18866), hits: 11096)
-  runtime IC 13981 -> Item 976: Line (location: (source ID: 82, lines: 440..441, bytes: 18880..18892), hits: 13108)
-  runtime IC 13981 -> Item 977: Statement (location: (source ID: 82, lines: 440..441, bytes: 18880..18892), hits: 13108)
-  runtime IC 13988 -> Item 978: Statement (location: (source ID: 82, lines: 440..441, bytes: 18894..18903), hits: 7850)
-  runtime IC 13988 -> Item 979: Branch (branch: 50, path: 0) (location: (source ID: 82, lines: 440..441, bytes: 18894..18903), hits: 7850)
-  runtime IC 13999 -> Item 980: Branch (branch: 50, path: 1) (location: (source ID: 82, lines: 440..442, bytes: 18876..18941), hits: 5258)
-  runtime IC 14000 -> Item 981: Line (location: (source ID: 82, lines: 441..442, bytes: 18918..18941), hits: 5258)
-  runtime IC 14000 -> Item 982: Statement (location: (source ID: 82, lines: 441..442, bytes: 18918..18941), hits: 5258)
-  runtime IC 14026 -> Item 983: Line (location: (source ID: 82, lines: 442..443, bytes: 18951..18964), hits: 13108)
-  runtime IC 14026 -> Item 984: Statement (location: (source ID: 82, lines: 442..443, bytes: 18951..18964), hits: 13108)
-  runtime IC 13430 -> Item 985: Line (location: (source ID: 82, lines: 445..455, bytes: 18977..19302), hits: 600)
-  runtime IC 13430 -> Item 986: Function "_unlink" (location: (source ID: 82, lines: 445..455, bytes: 18977..19302), hits: 600)
-  runtime IC 13431 -> Item 987: Line (location: (source ID: 82, lines: 446..447, bytes: 19024..19050), hits: 600)
-  runtime IC 13431 -> Item 988: Statement (location: (source ID: 82, lines: 446..447, bytes: 19024..19050), hits: 600)
-  runtime IC 13451 -> Item 989: Line (location: (source ID: 82, lines: 447..448, bytes: 19064..19077), hits: 600)
-  runtime IC 13451 -> Item 990: Statement (location: (source ID: 82, lines: 447..448, bytes: 19064..19077), hits: 600)
-  runtime IC 13462 -> Item 991: Statement (location: (source ID: 82, lines: 447..448, bytes: 19079..19094), hits: 4)
-  runtime IC 13462 -> Item 992: Branch (branch: 51, path: 0) (location: (source ID: 82, lines: 447..448, bytes: 19079..19094), hits: 4)
-  runtime IC 13477 -> Item 993: Branch (branch: 51, path: 1) (location: (source ID: 82, lines: 447..449, bytes: 19060..19139), hits: 596)
-  runtime IC 13478 -> Item 994: Line (location: (source ID: 82, lines: 448..449, bytes: 19109..19139), hits: 596)
-  runtime IC 13478 -> Item 995: Statement (location: (source ID: 82, lines: 448..449, bytes: 19109..19139), hits: 596)
-  runtime IC 13512 -> Item 996: Line (location: (source ID: 82, lines: 449..450, bytes: 19153..19166), hits: 600)
-  runtime IC 13512 -> Item 997: Statement (location: (source ID: 82, lines: 449..450, bytes: 19153..19166), hits: 600)
-  runtime IC 13523 -> Item 998: Statement (location: (source ID: 82, lines: 449..450, bytes: 19168..19183), hits: 596)
-  runtime IC 13523 -> Item 999: Branch (branch: 52, path: 0) (location: (source ID: 82, lines: 449..450, bytes: 19168..19183), hits: 596)
-  runtime IC 13538 -> Item 1000: Branch (branch: 52, path: 1) (location: (source ID: 82, lines: 449..451, bytes: 19149..19228), hits: 4)
-  runtime IC 13539 -> Item 1001: Line (location: (source ID: 82, lines: 450..451, bytes: 19198..19228), hits: 4)
-  runtime IC 13539 -> Item 1002: Statement (location: (source ID: 82, lines: 450..451, bytes: 19198..19228), hits: 4)
-  runtime IC 13573 -> Item 1003: Line (location: (source ID: 82, lines: 451..452, bytes: 19238..19250), hits: 600)
-  runtime IC 13573 -> Item 1004: Statement (location: (source ID: 82, lines: 451..452, bytes: 19238..19250), hits: 600)
-  runtime IC 13582 -> Item 1005: Line (location: (source ID: 82, lines: 452..453, bytes: 19260..19272), hits: 600)
-  runtime IC 13582 -> Item 1006: Statement (location: (source ID: 82, lines: 452..453, bytes: 19260..19272), hits: 600)
-  runtime IC 13591 -> Item 1007: Line (location: (source ID: 82, lines: 453..454, bytes: 19282..19295), hits: 600)
-  runtime IC 13591 -> Item 1008: Statement (location: (source ID: 82, lines: 453..454, bytes: 19282..19295), hits: 600)
-  runtime IC 14052 -> Item 1009: Line (location: (source ID: 82, lines: 456..461, bytes: 19308..19502), hits: 13104)
-  runtime IC 14052 -> Item 1010: Function "_extend" (location: (source ID: 82, lines: 456..461, bytes: 19308..19502), hits: 13104)
-  runtime IC 14056 -> Item 1011: Line (location: (source ID: 82, lines: 457..458, bytes: 19349..19374), hits: 13104)
-  runtime IC 14056 -> Item 1012: Statement (location: (source ID: 82, lines: 457..458, bytes: 19349..19374), hits: 13104)
-  runtime IC 14056 -> Item 1013: Statement (location: (source ID: 82, lines: 457..458, bytes: 19349..19394), hits: 13104)
-  runtime IC 14072 -> Item 1014: Statement (location: (source ID: 82, lines: 457..458, bytes: 19396..19402), hits: 13104)
-  runtime IC 14072 -> Item 1015: Branch (branch: 53, path: 0) (location: (source ID: 82, lines: 457..458, bytes: 19396..19402), hits: 13104)
-  runtime IC 14079 -> Item 1016: Line (location: (source ID: 82, lines: 458..459, bytes: 19412..19456), hits: 404)
-  runtime IC 14079 -> Item 1017: Statement (location: (source ID: 82, lines: 458..459, bytes: 19412..19456), hits: 404)
-  runtime IC 14096 -> Item 1018: Line (location: (source ID: 82, lines: 459..460, bytes: 19466..19495), hits: 404)
-  runtime IC 14096 -> Item 1019: Statement (location: (source ID: 82, lines: 459..460, bytes: 19466..19495), hits: 404)
-  runtime IC 16403 -> Item 1020: Line (location: (source ID: 82, lines: 462..468, bytes: 19508..19778), hits: 292)
-  runtime IC 16403 -> Item 1021: Function "_validatePayoutWallet" (location: (source ID: 82, lines: 462..468, bytes: 19508..19778), hits: 292)
-  runtime IC 16404 -> Item 1022: Line (location: (source ID: 82, lines: 464..465, bytes: 19595..19615), hits: 292)
-  runtime IC 16404 -> Item 1023: Statement (location: (source ID: 82, lines: 464..465, bytes: 19595..19615), hits: 292)
-  runtime IC 16457 -> Item 1024: Statement (location: (source ID: 82, lines: 464..465, bytes: 19619..19642), hits: 290)
-  runtime IC 16511 -> Item 1025: Statement (location: (source ID: 82, lines: 464..465, bytes: 19646..19672), hits: 288)
-  runtime IC 16404 -> Item 1026: Statement (location: (source ID: 82, lines: 464..466, bytes: 19595..19732), hits: 292)
-  runtime IC 16457 -> Item 1027: Statement (location: (source ID: 82, lines: 464..466, bytes: 19619..19732), hits: 290)
-  runtime IC 16511 -> Item 1028: Statement (location: (source ID: 82, lines: 464..466, bytes: 19646..19732), hits: 288)
-  runtime IC 16597 -> Item 1029: Line (location: (source ID: 82, lines: 465..466, bytes: 19692..19732), hits: 286)
-  runtime IC 16597 -> Item 1030: Statement (location: (source ID: 82, lines: 465..466, bytes: 19692..19732), hits: 286)
-  runtime IC 16790 -> Item 1031: Line (location: (source ID: 82, lines: 466..467, bytes: 19743..19771), hits: 9)
-  runtime IC 16790 -> Item 1032: Statement (location: (source ID: 82, lines: 466..467, bytes: 19743..19771), hits: 9)
-  runtime IC 16790 -> Item 1033: Branch (branch: 54, path: 0) (location: (source ID: 82, lines: 466..467, bytes: 19743..19771), hits: 9)
-  runtime IC 14181 -> Item 1034: Line (location: (source ID: 82, lines: 469..475, bytes: 19784..20114), hits: 752)
-  runtime IC 14181 -> Item 1035: Function "_send" (location: (source ID: 82, lines: 469..475, bytes: 19784..20114), hits: 752)
-  runtime IC 14182 -> Item 1036: Line (location: (source ID: 82, lines: 470..471, bytes: 19864..19887), hits: 752)
-  runtime IC 14182 -> Item 1037: Statement (location: (source ID: 82, lines: 470..471, bytes: 19864..19887), hits: 752)
-  runtime IC 14182 -> Item 1038: Statement (location: (source ID: 82, lines: 470..471, bytes: 19864..19917), hits: 752)
-  runtime IC 14235 -> Item 1039: Statement (location: (source ID: 82, lines: 470..471, bytes: 19891..19917), hits: 750)
-  runtime IC 14288 -> Item 1040: Statement (location: (source ID: 82, lines: 470..471, bytes: 19919..19944), hits: 4)
-  runtime IC 14288 -> Item 1041: Branch (branch: 55, path: 0) (location: (source ID: 82, lines: 470..471, bytes: 19919..19944), hits: 4)
-  runtime IC 14338 -> Item 1042: Line (location: (source ID: 82, lines: 471..472, bytes: 19958..19969), hits: 748)
-  runtime IC 14338 -> Item 1043: Statement (location: (source ID: 82, lines: 471..472, bytes: 19958..19969), hits: 748)
-  runtime IC 14345 -> Item 1044: Statement (location: (source ID: 82, lines: 471..472, bytes: 19971..19997), hits: 5)
-  runtime IC 14345 -> Item 1045: Branch (branch: 56, path: 0) (location: (source ID: 82, lines: 471..472, bytes: 19971..19997), hits: 5)
-  runtime IC 14395 -> Item 1046: Line (location: (source ID: 82, lines: 472..473, bytes: 20007..20060), hits: 743)
-  runtime IC 14395 -> Item 1047: Statement (location: (source ID: 82, lines: 472..473, bytes: 20007..20060), hits: 743)
-  runtime IC 14396 -> Item 1048: Statement (location: (source ID: 82, lines: 472..473, bytes: 20025..20060), hits: 743)
-  runtime IC 14499 -> Item 1049: Line (location: (source ID: 82, lines: 473..474, bytes: 20074..20082), hits: 743)
-  runtime IC 14499 -> Item 1050: Statement (location: (source ID: 82, lines: 473..474, bytes: 20074..20082), hits: 743)
-  runtime IC 14504 -> Item 1051: Statement (location: (source ID: 82, lines: 473..474, bytes: 20084..20107), hits: 4)
-  runtime IC 14504 -> Item 1052: Branch (branch: 57, path: 0) (location: (source ID: 82, lines: 473..474, bytes: 20084..20107), hits: 4)
-  runtime IC 2729 -> Item 1228: Line (location: (source ID: 84, lines: 24..30, bytes: 1162..1468), hits: 79)
-  runtime IC 2729 -> Item 1229: Function "rescueERC20" (location: (source ID: 84, lines: 24..30, bytes: 1162..1468), hits: 79)
-  runtime IC 11088 -> Item 1230: Line (location: (source ID: 84, lines: 25..26, bytes: 1265..1298), hits: 77)
-  runtime IC 11088 -> Item 1231: Statement (location: (source ID: 84, lines: 25..26, bytes: 1265..1298), hits: 77)
-  runtime IC 11098 -> Item 1232: Line (location: (source ID: 84, lines: 26..27, bytes: 1312..1323), hits: 53)
-  runtime IC 11098 -> Item 1233: Statement (location: (source ID: 84, lines: 26..27, bytes: 1312..1323), hits: 53)
-  runtime IC 11105 -> Item 1234: Statement (location: (source ID: 84, lines: 26..27, bytes: 1325..1353), hits: 3)
-  runtime IC 11105 -> Item 1235: Branch (branch: 0, path: 0) (location: (source ID: 84, lines: 26..27, bytes: 1325..1353), hits: 3)
-  runtime IC 11155 -> Item 1236: Line (location: (source ID: 84, lines: 27..28, bytes: 1363..1408), hits: 50)
-  runtime IC 11155 -> Item 1237: Statement (location: (source ID: 84, lines: 27..28, bytes: 1363..1408), hits: 50)
-  runtime IC 11198 -> Item 1238: Line (location: (source ID: 84, lines: 28..29, bytes: 1418..1461), hits: 47)
-  runtime IC 11198 -> Item 1239: Statement (location: (source ID: 84, lines: 28..29, bytes: 1418..1461), hits: 47)
-  runtime IC 2047 -> Item 1240: Line (location: (source ID: 84, lines: 31..36, bytes: 1474..1750), hits: 28)
-  runtime IC 2047 -> Item 1241: Function "rescueERC721" (location: (source ID: 84, lines: 31..36, bytes: 1474..1750), hits: 28)
-  runtime IC 8630 -> Item 1242: Line (location: (source ID: 84, lines: 32..33, bytes: 1579..1612), hits: 23)
-  runtime IC 8630 -> Item 1243: Statement (location: (source ID: 84, lines: 32..33, bytes: 1579..1612), hits: 23)
-  runtime IC 8640 -> Item 1244: Line (location: (source ID: 84, lines: 33..34, bytes: 1622..1688), hits: 11)
-  runtime IC 8640 -> Item 1245: Statement (location: (source ID: 84, lines: 33..34, bytes: 1622..1688), hits: 11)
-  runtime IC 8746 -> Item 1246: Line (location: (source ID: 84, lines: 34..35, bytes: 1698..1743), hits: 9)
-  runtime IC 8746 -> Item 1247: Statement (location: (source ID: 84, lines: 34..35, bytes: 1698..1743), hits: 9)
-  runtime IC 1863 -> Item 1248: Line (location: (source ID: 84, lines: 37..43, bytes: 1756..2126), hits: 62)
-  runtime IC 1863 -> Item 1249: Function "rescueERC1155" (location: (source ID: 84, lines: 37..43, bytes: 1756..2126), hits: 62)
-  runtime IC 8040 -> Item 1250: Line (location: (source ID: 84, lines: 38..39, bytes: 1878..1911), hits: 57)
-  runtime IC 8040 -> Item 1251: Statement (location: (source ID: 84, lines: 38..39, bytes: 1878..1911), hits: 57)
-  runtime IC 8050 -> Item 1252: Line (location: (source ID: 84, lines: 39..40, bytes: 1925..1936), hits: 45)
-  runtime IC 8050 -> Item 1253: Statement (location: (source ID: 84, lines: 39..40, bytes: 1925..1936), hits: 45)
-  runtime IC 8057 -> Item 1254: Statement (location: (source ID: 84, lines: 39..40, bytes: 1938..1966), hits: 3)
-  runtime IC 8057 -> Item 1255: Branch (branch: 1, path: 0) (location: (source ID: 84, lines: 39..40, bytes: 1938..1966), hits: 3)
-  runtime IC 8107 -> Item 1256: Line (location: (source ID: 84, lines: 40..41, bytes: 1976..2055), hits: 42)
-  runtime IC 8107 -> Item 1257: Statement (location: (source ID: 84, lines: 40..41, bytes: 1976..2055), hits: 42)
-  runtime IC 8215 -> Item 1258: Line (location: (source ID: 84, lines: 41..42, bytes: 2065..2119), hits: 41)
-  runtime IC 8215 -> Item 1259: Statement (location: (source ID: 84, lines: 41..42, bytes: 2065..2119), hits: 41)
-  runtime IC 14699 -> Item 1260: Line (location: (source ID: 84, lines: 44..49, bytes: 2132..2482), hits: 157)
-  runtime IC 14699 -> Item 1261: Function "_validateRescue" (location: (source ID: 84, lines: 44..49, bytes: 2132..2482), hits: 157)
-  runtime IC 14700 -> Item 1262: Line (location: (source ID: 84, lines: 45..46, bytes: 2218..2251), hits: 157)
-  runtime IC 14700 -> Item 1263: Statement (location: (source ID: 84, lines: 45..46, bytes: 2218..2251), hits: 157)
-  runtime IC 14700 -> Item 1264: Statement (location: (source ID: 84, lines: 45..46, bytes: 2232..2251), hits: 157)
-  runtime IC 14758 -> Item 1265: Statement (location: (source ID: 84, lines: 45..46, bytes: 2253..2280), hits: 27)
-  runtime IC 14758 -> Item 1266: Branch (branch: 2, path: 0) (location: (source ID: 84, lines: 45..46, bytes: 2253..2280), hits: 27)
-  runtime IC 14808 -> Item 1267: Line (location: (source ID: 84, lines: 46..47, bytes: 2294..2320), hits: 130)
-  runtime IC 14808 -> Item 1268: Statement (location: (source ID: 84, lines: 46..47, bytes: 2294..2320), hits: 130)
-  runtime IC 14808 -> Item 1269: Statement (location: (source ID: 84, lines: 46..47, bytes: 2294..2346), hits: 130)
-  runtime IC 14808 -> Item 1270: Statement (location: (source ID: 84, lines: 46..47, bytes: 2303..2320), hits: 130)
-  runtime IC 14868 -> Item 1271: Statement (location: (source ID: 84, lines: 46..47, bytes: 2324..2346), hits: 121)
-  runtime IC 14900 -> Item 1272: Statement (location: (source ID: 84, lines: 46..47, bytes: 2348..2375), hits: 15)
-  runtime IC 14900 -> Item 1273: Branch (branch: 3, path: 0) (location: (source ID: 84, lines: 46..47, bytes: 2348..2375), hits: 15)
-  runtime IC 14950 -> Item 1274: Line (location: (source ID: 84, lines: 47..48, bytes: 2389..2412), hits: 115)
-  runtime IC 14950 -> Item 1275: Statement (location: (source ID: 84, lines: 47..48, bytes: 2389..2412), hits: 115)
-  runtime IC 14950 -> Item 1276: Statement (location: (source ID: 84, lines: 47..48, bytes: 2389..2442), hits: 115)
-  runtime IC 15003 -> Item 1277: Statement (location: (source ID: 84, lines: 47..48, bytes: 2416..2442), hits: 112)
-  runtime IC 15056 -> Item 1278: Statement (location: (source ID: 84, lines: 47..48, bytes: 2444..2475), hits: 6)
-  runtime IC 15056 -> Item 1279: Branch (branch: 4, path: 0) (location: (source ID: 84, lines: 47..48, bytes: 2444..2475), hits: 6)

Anchors for Contract "AuctionEdition" (solc 0.8.28, source ID 81):
- creation IC 5 -> Item 165: Line (location: (source ID: 81, lines: 54..69, bytes: 2750..3375), hits: 300)
- creation IC 5 -> Item 166: Function "constructor" (location: (source ID: 81, lines: 54..69, bytes: 2750..3375), hits: 300)
- creation IC 218 -> Item 167: Line (location: (source ID: 81, lines: 58..59, bytes: 2920..2944), hits: 300)
- creation IC 218 -> Item 168: Statement (location: (source ID: 81, lines: 58..59, bytes: 2920..2944), hits: 300)
- creation IC 228 -> Item 169: Statement (location: (source ID: 81, lines: 58..59, bytes: 2948..2974), hits: 299)
- creation IC 239 -> Item 170: Statement (location: (source ID: 81, lines: 58..59, bytes: 2978..3009), hits: 298)
- creation IC 250 -> Item 171: Statement (location: (source ID: 81, lines: 58..59, bytes: 3013..3021), hits: 297)
- creation IC 218 -> Item 172: Statement (location: (source ID: 81, lines: 58..60, bytes: 2920..3053), hits: 300)
- creation IC 228 -> Item 173: Statement (location: (source ID: 81, lines: 58..60, bytes: 2948..3053), hits: 299)
- creation IC 239 -> Item 174: Statement (location: (source ID: 81, lines: 58..60, bytes: 2978..3053), hits: 298)
- creation IC 250 -> Item 175: Statement (location: (source ID: 81, lines: 58..60, bytes: 3013..3053), hits: 297)
- creation IC 274 -> Item 176: Line (location: (source ID: 81, lines: 59..60, bytes: 3041..3053), hits: 296)
- creation IC 274 -> Item 177: Statement (location: (source ID: 81, lines: 59..60, bytes: 3041..3053), hits: 296)
- creation IC 299 -> Item 178: Line (location: (source ID: 81, lines: 60..63, bytes: 3064..3118), hits: 5)
- creation IC 299 -> Item 179: Branch (branch: 0, path: 0) (location: (source ID: 81, lines: 60..63, bytes: 3064..3118), hits: 5)
- creation IC 299 -> Item 180: Line (location: (source ID: 81, lines: 61..62, bytes: 3078..3107), hits: 5)
- creation IC 299 -> Item 181: Statement (location: (source ID: 81, lines: 61..62, bytes: 3078..3107), hits: 5)
- creation IC 349 -> Item 182: Line (location: (source ID: 81, lines: 63..64, bytes: 3131..3197), hits: 295)
- creation IC 349 -> Item 183: Statement (location: (source ID: 81, lines: 63..64, bytes: 3131..3197), hits: 295)
- creation IC 498 -> Item 184: Statement (location: (source ID: 81, lines: 63..64, bytes: 3199..3228), hits: 2)
- creation IC 498 -> Item 185: Branch (branch: 1, path: 0) (location: (source ID: 81, lines: 63..64, bytes: 3199..3228), hits: 2)
- creation IC 548 -> Item 186: Line (location: (source ID: 81, lines: 64..65, bytes: 3238..3258), hits: 293)
- creation IC 548 -> Item 187: Statement (location: (source ID: 81, lines: 64..65, bytes: 3238..3258), hits: 293)
- creation IC 600 -> Item 188: Line (location: (source ID: 81, lines: 65..66, bytes: 3268..3294), hits: 293)
- creation IC 600 -> Item 189: Statement (location: (source ID: 81, lines: 65..66, bytes: 3268..3294), hits: 293)
- creation IC 616 -> Item 190: Line (location: (source ID: 81, lines: 66..67, bytes: 3304..3320), hits: 293)
- creation IC 616 -> Item 191: Statement (location: (source ID: 81, lines: 66..67, bytes: 3304..3320), hits: 293)
- creation IC 652 -> Item 192: Line (location: (source ID: 81, lines: 67..68, bytes: 3330..3368), hits: 293)
- creation IC 652 -> Item 193: Statement (location: (source ID: 81, lines: 67..68, bytes: 3330..3368), hits: 293)
-  runtime IC 1752 -> Item 194: Line (location: (source ID: 81, lines: 71..81, bytes: 3484..3983), hits: 1470)
-  runtime IC 1752 -> Item 195: Function "mint" (location: (source ID: 81, lines: 71..81, bytes: 3484..3983), hits: 1470)
-  runtime IC 7015 -> Item 196: Line (location: (source ID: 81, lines: 72..73, bytes: 3569..3590), hits: 1470)
-  runtime IC 7015 -> Item 197: Statement (location: (source ID: 81, lines: 72..73, bytes: 3569..3590), hits: 1470)
-  runtime IC 7098 -> Item 198: Statement (location: (source ID: 81, lines: 72..73, bytes: 3592..3613), hits: 2)
-  runtime IC 7098 -> Item 199: Branch (branch: 2, path: 0) (location: (source ID: 81, lines: 72..73, bytes: 3592..3613), hits: 2)
-  runtime IC 7148 -> Item 200: Line (location: (source ID: 81, lines: 73..74, bytes: 3627..3647), hits: 1468)
-  runtime IC 7148 -> Item 201: Statement (location: (source ID: 81, lines: 73..74, bytes: 3627..3647), hits: 1468)
-  runtime IC 7148 -> Item 202: Statement (location: (source ID: 81, lines: 73..74, bytes: 3627..3693), hits: 1468)
-  runtime IC 7160 -> Item 203: Statement (location: (source ID: 81, lines: 73..74, bytes: 3651..3693), hits: 1467)
-  runtime IC 7160 -> Item 204: Statement (location: (source ID: 81, lines: 73..74, bytes: 3669..3693), hits: 1467)
-  runtime IC 7186 -> Item 205: Statement (location: (source ID: 81, lines: 73..74, bytes: 3695..3715), hits: 3)
-  runtime IC 7186 -> Item 206: Branch (branch: 3, path: 0) (location: (source ID: 81, lines: 73..74, bytes: 3695..3715), hits: 3)
-  runtime IC 7236 -> Item 207: Line (location: (source ID: 81, lines: 74..75, bytes: 3730..3739), hits: 1465)
-  runtime IC 7236 -> Item 208: Statement (location: (source ID: 81, lines: 74..75, bytes: 3730..3739), hits: 1465)
-  runtime IC 7238 -> Item 209: Statement (location: (source ID: 81, lines: 74..75, bytes: 3741..3760), hits: 17502)
-  runtime IC 7442 -> Item 210: Statement (location: (source ID: 81, lines: 74..75, bytes: 3762..3765), hits: 16037)
-  runtime IC 7249 -> Item 211: Line (location: (source ID: 81, lines: 75..76, bytes: 3781..3805), hits: 16048)
-  runtime IC 7249 -> Item 212: Statement (location: (source ID: 81, lines: 75..76, bytes: 3781..3805), hits: 16048)
-  runtime IC 7278 -> Item 213: Line (location: (source ID: 81, lines: 76..77, bytes: 3823..3830), hits: 16048)
-  runtime IC 7278 -> Item 214: Statement (location: (source ID: 81, lines: 76..77, bytes: 3823..3830), hits: 16048)
-  runtime IC 7278 -> Item 215: Statement (location: (source ID: 81, lines: 76..77, bytes: 3823..3879), hits: 16048)
-  runtime IC 7289 -> Item 216: Statement (location: (source ID: 81, lines: 76..77, bytes: 3834..3849), hits: 16047)
-  runtime IC 7289 -> Item 217: Statement (location: (source ID: 81, lines: 76..77, bytes: 3834..3879), hits: 16047)
-  runtime IC 7299 -> Item 218: Statement (location: (source ID: 81, lines: 76..77, bytes: 3853..3865), hits: 16045)
-  runtime IC 7298 -> Item 219: Statement (location: (source ID: 81, lines: 76..77, bytes: 3853..3879), hits: 16045)
-  runtime IC 7360 -> Item 220: Statement (location: (source ID: 81, lines: 76..77, bytes: 3881..3901), hits: 5)
-  runtime IC 7360 -> Item 221: Branch (branch: 4, path: 0) (location: (source ID: 81, lines: 76..77, bytes: 3881..3901), hits: 5)
-  runtime IC 7410 -> Item 222: Line (location: (source ID: 81, lines: 77..78, bytes: 3915..3928), hits: 16043)
-  runtime IC 7410 -> Item 223: Statement (location: (source ID: 81, lines: 77..78, bytes: 3915..3928), hits: 16043)
-  runtime IC 7431 -> Item 224: Line (location: (source ID: 81, lines: 78..79, bytes: 3942..3966), hits: 16043)
-  runtime IC 7431 -> Item 225: Statement (location: (source ID: 81, lines: 78..79, bytes: 3942..3966), hits: 16043)
-  runtime IC 1298 -> Item 226: Line (location: (source ID: 81, lines: 84..94, bytes: 4205..4717), hits: 10)
-  runtime IC 1298 -> Item 227: Function "setMetadataURI" (location: (source ID: 81, lines: 84..94, bytes: 4205..4717), hits: 10)
-  runtime IC 4922 -> Item 228: Line (location: (source ID: 81, lines: 85..86, bytes: 4289..4321), hits: 9)
-  runtime IC 4922 -> Item 229: Statement (location: (source ID: 81, lines: 85..86, bytes: 4289..4321), hits: 9)
-  runtime IC 4922 -> Item 230: Statement (location: (source ID: 81, lines: 85..86, bytes: 4303..4321), hits: 9)
-  runtime IC 4980 -> Item 231: Statement (location: (source ID: 81, lines: 85..86, bytes: 4323..4344), hits: 3)
-  runtime IC 4980 -> Item 232: Branch (branch: 5, path: 0) (location: (source ID: 81, lines: 85..86, bytes: 4323..4344), hits: 3)
-  runtime IC 5030 -> Item 233: Line (location: (source ID: 81, lines: 86..87, bytes: 4354..4386), hits: 6)
-  runtime IC 5030 -> Item 234: Statement (location: (source ID: 81, lines: 86..87, bytes: 4354..4386), hits: 6)
-  runtime IC 5101 -> Item 235: Line (location: (source ID: 81, lines: 87..88, bytes: 4400..4415), hits: 6)
-  runtime IC 5101 -> Item 236: Statement (location: (source ID: 81, lines: 87..88, bytes: 4400..4415), hits: 6)
-  runtime IC 5101 -> Item 237: Statement (location: (source ID: 81, lines: 87..88, bytes: 4400..4453), hits: 6)
-  runtime IC 5111 -> Item 238: Statement (location: (source ID: 81, lines: 87..88, bytes: 4419..4453), hits: 5)
-  runtime IC 5263 -> Item 239: Statement (location: (source ID: 81, lines: 87..88, bytes: 4455..4484), hits: 2)
-  runtime IC 5263 -> Item 240: Branch (branch: 6, path: 0) (location: (source ID: 81, lines: 87..88, bytes: 4455..4484), hits: 2)
-  runtime IC 5313 -> Item 241: Line (location: (source ID: 81, lines: 88..89, bytes: 4494..4533), hits: 4)
-  runtime IC 5313 -> Item 242: Statement (location: (source ID: 81, lines: 88..89, bytes: 4494..4533), hits: 4)
-  runtime IC 5453 -> Item 243: Line (location: (source ID: 81, lines: 89..90, bytes: 4543..4563), hits: 4)
-  runtime IC 5453 -> Item 244: Statement (location: (source ID: 81, lines: 89..90, bytes: 4543..4563), hits: 4)
-  runtime IC 5471 -> Item 245: Line (location: (source ID: 81, lines: 90..91, bytes: 4573..4617), hits: 4)
-  runtime IC 5471 -> Item 246: Statement (location: (source ID: 81, lines: 90..91, bytes: 4573..4617), hits: 4)
-  runtime IC 5530 -> Item 247: Line (location: (source ID: 81, lines: 91..92, bytes: 4627..4675), hits: 4)
-  runtime IC 5530 -> Item 248: Statement (location: (source ID: 81, lines: 91..92, bytes: 4627..4675), hits: 4)
-  runtime IC 5589 -> Item 249: Line (location: (source ID: 81, lines: 92..93, bytes: 4685..4710), hits: 4)
-  runtime IC 5589 -> Item 250: Statement (location: (source ID: 81, lines: 92..93, bytes: 4685..4710), hits: 4)
-  runtime IC 11521 -> Item 251: Line (location: (source ID: 81, lines: 95..98, bytes: 4723..4835), hits: 50)
-  runtime IC 11521 -> Item 252: Function "_tokenRescueAdmin" (location: (source ID: 81, lines: 95..98, bytes: 4723..4835), hits: 50)
-  runtime IC 11523 -> Item 253: Line (location: (source ID: 81, lines: 96..97, bytes: 4803..4828), hits: 50)
-  runtime IC 11523 -> Item 254: Statement (location: (source ID: 81, lines: 96..97, bytes: 4803..4828), hits: 50)
-  runtime IC 11523 -> Item 255: Statement (location: (source ID: 81, lines: 96..97, bytes: 4810..4828), hits: 50)
-  runtime IC 11535 -> Item 256: Line (location: (source ID: 81, lines: 99..102, bytes: 4841..4946), hits: 41)
-  runtime IC 11535 -> Item 257: Function "_protectedToken" (location: (source ID: 81, lines: 99..102, bytes: 4841..4946), hits: 41)
-  runtime IC 11537 -> Item 258: Line (location: (source ID: 81, lines: 100..101, bytes: 4919..4939), hits: 41)
-  runtime IC 11537 -> Item 259: Statement (location: (source ID: 81, lines: 100..101, bytes: 4919..4939), hits: 41)
-  runtime IC 1704 -> Item 260: Line (location: (source ID: 81, lines: 103..107, bytes: 4952..5151), hits: 14)
-  runtime IC 1704 -> Item 261: Function "tokenURI" (location: (source ID: 81, lines: 103..107, bytes: 4952..5151), hits: 14)
-  runtime IC 6956 -> Item 262: Line (location: (source ID: 81, lines: 104..105, bytes: 5042..5065), hits: 14)
-  runtime IC 6956 -> Item 263: Statement (location: (source ID: 81, lines: 104..105, bytes: 5042..5065), hits: 14)
-  runtime IC 6965 -> Item 264: Line (location: (source ID: 81, lines: 105..106, bytes: 5075..5144), hits: 13)
-  runtime IC 6965 -> Item 265: Statement (location: (source ID: 81, lines: 105..106, bytes: 5075..5144), hits: 13)
-  runtime IC 6965 -> Item 266: Statement (location: (source ID: 81, lines: 105..106, bytes: 5082..5144), hits: 13)
-  runtime IC 1056 -> Item 267: Line (location: (source ID: 81, lines: 108..111, bytes: 5157..5277), hits: 18)
-  runtime IC 1056 -> Item 268: Function "royaltyRecipient" (location: (source ID: 81, lines: 108..111, bytes: 5157..5277), hits: 18)
-  runtime IC 3158 -> Item 269: Line (location: (source ID: 81, lines: 109..110, bytes: 5225..5270), hits: 836)
-  runtime IC 3158 -> Item 270: Statement (location: (source ID: 81, lines: 109..110, bytes: 5225..5270), hits: 836)
-  runtime IC 3158 -> Item 271: Statement (location: (source ID: 81, lines: 109..110, bytes: 5232..5270), hits: 836)
-  runtime IC 949 -> Item 272: Line (location: (source ID: 81, lines: 113..119, bytes: 5375..5680), hits: 181)
-  runtime IC 949 -> Item 273: Function "royaltyInfo" (location: (source ID: 81, lines: 113..119, bytes: 5375..5680), hits: 181)
-  runtime IC 3019 -> Item 274: Line (location: (source ID: 81, lines: 114..115, bytes: 5497..5526), hits: 181)
-  runtime IC 3019 -> Item 275: Statement (location: (source ID: 81, lines: 114..115, bytes: 5497..5526), hits: 181)
-  runtime IC 3029 -> Item 276: Line (location: (source ID: 81, lines: 115..116, bytes: 5540..5551), hits: 181)
-  runtime IC 3029 -> Item 277: Statement (location: (source ID: 81, lines: 115..116, bytes: 5540..5551), hits: 181)
-  runtime IC 3029 -> Item 278: Statement (location: (source ID: 81, lines: 115..116, bytes: 5540..5576), hits: 181)
-  runtime IC 3041 -> Item 279: Statement (location: (source ID: 81, lines: 115..116, bytes: 5555..5576), hits: 180)
-  runtime IC 3050 -> Item 280: Branch (branch: 7, path: 0) (location: (source ID: 81, lines: 115..118, bytes: 5578..5674), hits: 179)
-  runtime IC 3050 -> Item 281: Line (location: (source ID: 81, lines: 116..117, bytes: 5592..5663), hits: 179)
-  runtime IC 3050 -> Item 282: Statement (location: (source ID: 81, lines: 116..117, bytes: 5592..5663), hits: 179)
-  runtime IC 1840 -> Item 283: Line (location: (source ID: 81, lines: 123..126, bytes: 6001..6162), hits: 171)
-  runtime IC 1840 -> Item 284: Function "isApprovedForAll" (location: (source ID: 81, lines: 123..126, bytes: 6001..6162), hits: 171)
-  runtime IC 7532 -> Item 285: Line (location: (source ID: 81, lines: 124..125, bytes: 6107..6155), hits: 402)
-  runtime IC 7532 -> Item 286: Statement (location: (source ID: 81, lines: 124..125, bytes: 6107..6155), hits: 402)
-  runtime IC 7532 -> Item 287: Statement (location: (source ID: 81, lines: 124..125, bytes: 6114..6155), hits: 402)
-  runtime IC 616 -> Item 288: Line (location: (source ID: 81, lines: 127..132, bytes: 6168..6431), hits: 12)
-  runtime IC 616 -> Item 289: Function "supportsInterface" (location: (source ID: 81, lines: 127..132, bytes: 6168..6431), hits: 12)
-  runtime IC 1914 -> Item 290: Line (location: (source ID: 81, lines: 128..131, bytes: 6279..6424), hits: 12)
-  runtime IC 1914 -> Item 291: Statement (location: (source ID: 81, lines: 128..131, bytes: 6279..6424), hits: 12)
-  runtime IC 1914 -> Item 292: Line (location: (source ID: 81, lines: 129..130, bytes: 6298..6323), hits: 12)
-  runtime IC 1914 -> Item 293: Statement (location: (source ID: 81, lines: 129..130, bytes: 6298..6323), hits: 12)
-  runtime IC 1961 -> Item 294: Statement (location: (source ID: 81, lines: 129..130, bytes: 6327..6368), hits: 9)
-  runtime IC 1914 -> Item 295: Statement (location: (source ID: 81, lines: 129..131, bytes: 6298..6424), hits: 12)
-  runtime IC 1961 -> Item 296: Statement (location: (source ID: 81, lines: 129..131, bytes: 6327..6424), hits: 9)
-  runtime IC 2065 -> Item 297: Line (location: (source ID: 81, lines: 130..131, bytes: 6388..6424), hits: 7)
-  runtime IC 2065 -> Item 298: Statement (location: (source ID: 81, lines: 130..131, bytes: 6388..6424), hits: 7)
-  runtime IC 1384 -> Item 299: Line (location: (source ID: 81, lines: 135..138, bytes: 6633..6722), hits: 3)
-  runtime IC 1384 -> Item 300: Function "owner" (location: (source ID: 81, lines: 135..138, bytes: 6633..6722), hits: 3)
-  runtime IC 5922 -> Item 301: Line (location: (source ID: 81, lines: 136..137, bytes: 6690..6715), hits: 578)
-  runtime IC 5922 -> Item 302: Statement (location: (source ID: 81, lines: 136..137, bytes: 6690..6715), hits: 578)
-  runtime IC 5922 -> Item 303: Statement (location: (source ID: 81, lines: 136..137, bytes: 6697..6715), hits: 578)
-  runtime IC 1810 -> Item 304: Line (location: (source ID: 81, lines: 140..143, bytes: 6826..6954), hits: 1)
-  runtime IC 1810 -> Item 305: Function "contractURI" (location: (source ID: 81, lines: 140..143, bytes: 6826..6954), hits: 1)
-  runtime IC 7493 -> Item 306: Line (location: (source ID: 81, lines: 141..142, bytes: 6897..6947), hits: 1)
-  runtime IC 7493 -> Item 307: Statement (location: (source ID: 81, lines: 141..142, bytes: 6897..6947), hits: 1)
-  runtime IC 7493 -> Item 308: Statement (location: (source ID: 81, lines: 141..142, bytes: 6904..6947), hits: 1)
-  runtime IC 9045 -> Item 309: Line (location: (source ID: 81, lines: 144..147, bytes: 6960..7089), hits: 575)
-  runtime IC 9045 -> Item 310: Function "_requireCallerIsContractOwner" (location: (source ID: 81, lines: 144..147, bytes: 6960..7089), hits: 575)
-  runtime IC 9046 -> Item 311: Line (location: (source ID: 81, lines: 145..146, bytes: 7038..7059), hits: 575)
-  runtime IC 9046 -> Item 312: Statement (location: (source ID: 81, lines: 145..146, bytes: 7038..7059), hits: 575)
-  runtime IC 9046 -> Item 313: Statement (location: (source ID: 81, lines: 145..146, bytes: 7052..7059), hits: 575)
-  runtime IC 9104 -> Item 314: Statement (location: (source ID: 81, lines: 145..146, bytes: 7061..7082), hits: 5)
-  runtime IC 9104 -> Item 315: Branch (branch: 8, path: 0) (location: (source ID: 81, lines: 145..146, bytes: 7061..7082), hits: 5)
-  runtime IC 1086 -> Item 316: Line (location: (source ID: 81, lines: 153..167, bytes: 7623..8461), hits: 247)
-  runtime IC 1086 -> Item 317: Function "configureEnforcedTrading" (location: (source ID: 81, lines: 153..167, bytes: 7623..8461), hits: 247)
-  runtime IC 3312 -> Item 318: Line (location: (source ID: 81, lines: 154..155, bytes: 7691..7722), hits: 247)
-  runtime IC 3312 -> Item 319: Statement (location: (source ID: 81, lines: 154..155, bytes: 7691..7722), hits: 247)
-  runtime IC 3320 -> Item 320: Line (location: (source ID: 81, lines: 155..156, bytes: 7732..7816), hits: 245)
-  runtime IC 3320 -> Item 321: Statement (location: (source ID: 81, lines: 155..156, bytes: 7732..7816), hits: 245)
-  runtime IC 3344 -> Item 323: Line (location: (source ID: 81, lines: 156..157, bytes: 7830..7873), hits: 245)
-  runtime IC 3344 -> Item 324: Statement (location: (source ID: 81, lines: 156..157, bytes: 7830..7873), hits: 245)
-  runtime IC 3394 -> Item 325: Statement (location: (source ID: 81, lines: 156..157, bytes: 7875..7904), hits: 1)
-  runtime IC 3394 -> Item 326: Branch (branch: 9, path: 0) (location: (source ID: 81, lines: 156..157, bytes: 7875..7904), hits: 1)
-  runtime IC 3444 -> Item 327: Line (location: (source ID: 81, lines: 157..158, bytes: 7914..7985), hits: 244)
-  runtime IC 3444 -> Item 328: Statement (location: (source ID: 81, lines: 157..158, bytes: 7914..7985), hits: 244)
-  runtime IC 3445 -> Item 329: Statement (location: (source ID: 81, lines: 157..158, bytes: 7931..7985), hits: 244)
-  runtime IC 3568 -> Item 330: Line (location: (source ID: 81, lines: 158..159, bytes: 7995..8056), hits: 244)
-  runtime IC 3568 -> Item 331: Statement (location: (source ID: 81, lines: 158..159, bytes: 7995..8056), hits: 244)
-  runtime IC 3690 -> Item 332: Line (location: (source ID: 81, lines: 159..160, bytes: 8066..8126), hits: 244)
-  runtime IC 3690 -> Item 333: Statement (location: (source ID: 81, lines: 159..160, bytes: 8066..8126), hits: 244)
-  runtime IC 3826 -> Item 334: Line (location: (source ID: 81, lines: 160..161, bytes: 8136..8189), hits: 244)
-  runtime IC 3826 -> Item 335: Statement (location: (source ID: 81, lines: 160..161, bytes: 8136..8189), hits: 244)
-  runtime IC 3930 -> Item 336: Line (location: (source ID: 81, lines: 161..162, bytes: 8199..8262), hits: 244)
-  runtime IC 3930 -> Item 337: Statement (location: (source ID: 81, lines: 161..162, bytes: 8199..8262), hits: 244)
-  runtime IC 4035 -> Item 338: Line (location: (source ID: 81, lines: 162..163, bytes: 8272..8320), hits: 244)
-  runtime IC 4035 -> Item 339: Statement (location: (source ID: 81, lines: 162..163, bytes: 8272..8320), hits: 244)
-  runtime IC 4064 -> Item 340: Line (location: (source ID: 81, lines: 163..164, bytes: 8330..8352), hits: 244)
-  runtime IC 4064 -> Item 341: Statement (location: (source ID: 81, lines: 163..164, bytes: 8330..8352), hits: 244)
-  runtime IC 4118 -> Item 342: Line (location: (source ID: 81, lines: 164..165, bytes: 8362..8386), hits: 244)
-  runtime IC 4118 -> Item 343: Statement (location: (source ID: 81, lines: 164..165, bytes: 8362..8386), hits: 244)
-  runtime IC 4145 -> Item 344: Line (location: (source ID: 81, lines: 165..166, bytes: 8396..8454), hits: 244)
-  runtime IC 4145 -> Item 345: Statement (location: (source ID: 81, lines: 165..166, bytes: 8396..8454), hits: 244)
-  runtime IC 13751 -> Item 346: Line (location: (source ID: 81, lines: 168..176, bytes: 8467..8895), hits: 97)
-  runtime IC 13751 -> Item 347: Function "_preValidateTransfer" (location: (source ID: 81, lines: 168..176, bytes: 8467..8895), hits: 97)
-  runtime IC 13752 -> Item 348: Line (location: (source ID: 81, lines: 173..174, bytes: 8723..8741), hits: 97)
-  runtime IC 13752 -> Item 349: Statement (location: (source ID: 81, lines: 173..174, bytes: 8723..8741), hits: 97)
-  runtime IC 13752 -> Item 350: Statement (location: (source ID: 81, lines: 173..174, bytes: 8723..8784), hits: 97)
-  runtime IC 13775 -> Item 351: Statement (location: (source ID: 81, lines: 173..174, bytes: 8745..8784), hits: 96)
-  runtime IC 13814 -> Item 352: Statement (location: (source ID: 81, lines: 173..174, bytes: 8786..8818), hits: 3)
-  runtime IC 13814 -> Item 353: Branch (branch: 10, path: 0) (location: (source ID: 81, lines: 173..174, bytes: 8786..8818), hits: 3)
-  runtime IC 13864 -> Item 354: Line (location: (source ID: 81, lines: 174..175, bytes: 8828..8888), hits: 94)
-  runtime IC 13864 -> Item 355: Statement (location: (source ID: 81, lines: 174..175, bytes: 8828..8888), hits: 94)
-  runtime IC 13895 -> Item 356: Line (location: (source ID: 81, lines: 177..184, bytes: 8901..9156), hits: 85)
-  runtime IC 13895 -> Item 357: Function "_postValidateTransfer" (location: (source ID: 81, lines: 177..184, bytes: 8901..9156), hits: 85)
-  runtime IC 13896 -> Item 358: Line (location: (source ID: 81, lines: 181..182, bytes: 9054..9115), hits: 85)
-  runtime IC 13896 -> Item 359: Statement (location: (source ID: 81, lines: 181..182, bytes: 9054..9115), hits: 85)
-  runtime IC 13909 -> Item 360: Line (location: (source ID: 81, lines: 182..183, bytes: 9125..9149), hits: 85)
-  runtime IC 13909 -> Item 361: Statement (location: (source ID: 81, lines: 182..183, bytes: 9125..9149), hits: 85)
-  runtime IC 1618 -> Item 1228: Line (location: (source ID: 84, lines: 24..30, bytes: 1162..1468), hits: 79)
-  runtime IC 1618 -> Item 1229: Function "rescueERC20" (location: (source ID: 84, lines: 24..30, bytes: 1162..1468), hits: 79)
-  runtime IC 6596 -> Item 1230: Line (location: (source ID: 84, lines: 25..26, bytes: 1265..1298), hits: 77)
-  runtime IC 6596 -> Item 1231: Statement (location: (source ID: 84, lines: 25..26, bytes: 1265..1298), hits: 77)
-  runtime IC 6606 -> Item 1232: Line (location: (source ID: 84, lines: 26..27, bytes: 1312..1323), hits: 53)
-  runtime IC 6606 -> Item 1233: Statement (location: (source ID: 84, lines: 26..27, bytes: 1312..1323), hits: 53)
-  runtime IC 6613 -> Item 1234: Statement (location: (source ID: 84, lines: 26..27, bytes: 1325..1353), hits: 3)
-  runtime IC 6613 -> Item 1235: Branch (branch: 0, path: 0) (location: (source ID: 84, lines: 26..27, bytes: 1325..1353), hits: 3)
-  runtime IC 6663 -> Item 1236: Line (location: (source ID: 84, lines: 27..28, bytes: 1363..1408), hits: 50)
-  runtime IC 6663 -> Item 1237: Statement (location: (source ID: 84, lines: 27..28, bytes: 1363..1408), hits: 50)
-  runtime IC 6706 -> Item 1238: Line (location: (source ID: 84, lines: 28..29, bytes: 1418..1461), hits: 47)
-  runtime IC 6706 -> Item 1239: Statement (location: (source ID: 84, lines: 28..29, bytes: 1418..1461), hits: 47)
-  runtime IC 1356 -> Item 1240: Line (location: (source ID: 84, lines: 31..36, bytes: 1474..1750), hits: 28)
-  runtime IC 1356 -> Item 1241: Function "rescueERC721" (location: (source ID: 84, lines: 31..36, bytes: 1474..1750), hits: 28)
-  runtime IC 5691 -> Item 1242: Line (location: (source ID: 84, lines: 32..33, bytes: 1579..1612), hits: 23)
-  runtime IC 5691 -> Item 1243: Statement (location: (source ID: 84, lines: 32..33, bytes: 1579..1612), hits: 23)
-  runtime IC 5701 -> Item 1244: Line (location: (source ID: 84, lines: 33..34, bytes: 1622..1688), hits: 11)
-  runtime IC 5701 -> Item 1245: Statement (location: (source ID: 84, lines: 33..34, bytes: 1622..1688), hits: 11)
-  runtime IC 5807 -> Item 1246: Line (location: (source ID: 84, lines: 34..35, bytes: 1698..1743), hits: 9)
-  runtime IC 5807 -> Item 1247: Statement (location: (source ID: 84, lines: 34..35, bytes: 1698..1743), hits: 9)
-  runtime IC 1174 -> Item 1248: Line (location: (source ID: 84, lines: 37..43, bytes: 1756..2126), hits: 62)
-  runtime IC 1174 -> Item 1249: Function "rescueERC1155" (location: (source ID: 84, lines: 37..43, bytes: 1756..2126), hits: 62)
-  runtime IC 4421 -> Item 1250: Line (location: (source ID: 84, lines: 38..39, bytes: 1878..1911), hits: 57)
-  runtime IC 4421 -> Item 1251: Statement (location: (source ID: 84, lines: 38..39, bytes: 1878..1911), hits: 57)
-  runtime IC 4431 -> Item 1252: Line (location: (source ID: 84, lines: 39..40, bytes: 1925..1936), hits: 45)
-  runtime IC 4431 -> Item 1253: Statement (location: (source ID: 84, lines: 39..40, bytes: 1925..1936), hits: 45)
-  runtime IC 4438 -> Item 1254: Statement (location: (source ID: 84, lines: 39..40, bytes: 1938..1966), hits: 3)
-  runtime IC 4438 -> Item 1255: Branch (branch: 1, path: 0) (location: (source ID: 84, lines: 39..40, bytes: 1938..1966), hits: 3)
-  runtime IC 4488 -> Item 1256: Line (location: (source ID: 84, lines: 40..41, bytes: 1976..2055), hits: 42)
-  runtime IC 4488 -> Item 1257: Statement (location: (source ID: 84, lines: 40..41, bytes: 1976..2055), hits: 42)
-  runtime IC 4596 -> Item 1258: Line (location: (source ID: 84, lines: 41..42, bytes: 2065..2119), hits: 41)
-  runtime IC 4596 -> Item 1259: Statement (location: (source ID: 84, lines: 41..42, bytes: 2065..2119), hits: 41)
-  runtime IC 9238 -> Item 1260: Line (location: (source ID: 84, lines: 44..49, bytes: 2132..2482), hits: 157)
-  runtime IC 9238 -> Item 1261: Function "_validateRescue" (location: (source ID: 84, lines: 44..49, bytes: 2132..2482), hits: 157)
-  runtime IC 9239 -> Item 1262: Line (location: (source ID: 84, lines: 45..46, bytes: 2218..2251), hits: 157)
-  runtime IC 9239 -> Item 1263: Statement (location: (source ID: 84, lines: 45..46, bytes: 2218..2251), hits: 157)
-  runtime IC 9239 -> Item 1264: Statement (location: (source ID: 84, lines: 45..46, bytes: 2232..2251), hits: 157)
-  runtime IC 9297 -> Item 1265: Statement (location: (source ID: 84, lines: 45..46, bytes: 2253..2280), hits: 27)
-  runtime IC 9297 -> Item 1266: Branch (branch: 2, path: 0) (location: (source ID: 84, lines: 45..46, bytes: 2253..2280), hits: 27)
-  runtime IC 9347 -> Item 1267: Line (location: (source ID: 84, lines: 46..47, bytes: 2294..2320), hits: 130)
-  runtime IC 9347 -> Item 1268: Statement (location: (source ID: 84, lines: 46..47, bytes: 2294..2320), hits: 130)
-  runtime IC 9347 -> Item 1269: Statement (location: (source ID: 84, lines: 46..47, bytes: 2294..2346), hits: 130)
-  runtime IC 9347 -> Item 1270: Statement (location: (source ID: 84, lines: 46..47, bytes: 2303..2320), hits: 130)
-  runtime IC 9407 -> Item 1271: Statement (location: (source ID: 84, lines: 46..47, bytes: 2324..2346), hits: 121)
-  runtime IC 9439 -> Item 1272: Statement (location: (source ID: 84, lines: 46..47, bytes: 2348..2375), hits: 15)
-  runtime IC 9439 -> Item 1273: Branch (branch: 3, path: 0) (location: (source ID: 84, lines: 46..47, bytes: 2348..2375), hits: 15)
-  runtime IC 9489 -> Item 1274: Line (location: (source ID: 84, lines: 47..48, bytes: 2389..2412), hits: 115)
-  runtime IC 9489 -> Item 1275: Statement (location: (source ID: 84, lines: 47..48, bytes: 2389..2412), hits: 115)
-  runtime IC 9489 -> Item 1276: Statement (location: (source ID: 84, lines: 47..48, bytes: 2389..2442), hits: 115)
-  runtime IC 9542 -> Item 1277: Statement (location: (source ID: 84, lines: 47..48, bytes: 2416..2442), hits: 112)
-  runtime IC 9595 -> Item 1278: Statement (location: (source ID: 84, lines: 47..48, bytes: 2444..2475), hits: 6)
-  runtime IC 9595 -> Item 1279: Branch (branch: 4, path: 0) (location: (source ID: 84, lines: 47..48, bytes: 2444..2475), hits: 6)

Anchors for Contract "Deploy" (solc 0.8.28, source ID 80):
-  runtime IC 78 -> Item 51: Line (location: (source ID: 80, lines: 22..34, bytes: 683..1276), hits: 0)
-  runtime IC 78 -> Item 52: Function "loadConfig" (location: (source ID: 80, lines: 22..34, bytes: 683..1276), hits: 0)
-  runtime IC 225 -> Item 53: Line (location: (source ID: 80, lines: 23..24, bytes: 765..794), hits: 1)
-  runtime IC 225 -> Item 54: Statement (location: (source ID: 80, lines: 23..24, bytes: 765..794), hits: 1)
-  runtime IC 254 -> Item 55: Line (location: (source ID: 80, lines: 24..25, bytes: 804..842), hits: 1)
-  runtime IC 254 -> Item 56: Statement (location: (source ID: 80, lines: 24..25, bytes: 804..842), hits: 1)
-  runtime IC 400 -> Item 57: Line (location: (source ID: 80, lines: 25..26, bytes: 852..890), hits: 1)
-  runtime IC 400 -> Item 58: Statement (location: (source ID: 80, lines: 25..26, bytes: 852..890), hits: 1)
-  runtime IC 547 -> Item 59: Line (location: (source ID: 80, lines: 26..27, bytes: 900..941), hits: 1)
-  runtime IC 547 -> Item 60: Statement (location: (source ID: 80, lines: 26..27, bytes: 900..941), hits: 1)
-  runtime IC 694 -> Item 61: Line (location: (source ID: 80, lines: 27..28, bytes: 951..988), hits: 1)
-  runtime IC 694 -> Item 62: Statement (location: (source ID: 80, lines: 27..28, bytes: 951..988), hits: 1)
-  runtime IC 841 -> Item 63: Line (location: (source ID: 80, lines: 28..29, bytes: 998..1049), hits: 1)
-  runtime IC 841 -> Item 64: Statement (location: (source ID: 80, lines: 28..29, bytes: 998..1049), hits: 1)
-  runtime IC 1034 -> Item 65: Line (location: (source ID: 80, lines: 29..30, bytes: 1059..1099), hits: 1)
-  runtime IC 1034 -> Item 66: Statement (location: (source ID: 80, lines: 29..30, bytes: 1059..1099), hits: 1)
-  runtime IC 1183 -> Item 67: Line (location: (source ID: 80, lines: 30..31, bytes: 1109..1163), hits: 1)
-  runtime IC 1183 -> Item 68: Statement (location: (source ID: 80, lines: 30..31, bytes: 1109..1163), hits: 1)
-  runtime IC 1332 -> Item 69: Line (location: (source ID: 80, lines: 31..32, bytes: 1173..1231), hits: 1)
-  runtime IC 1332 -> Item 70: Statement (location: (source ID: 80, lines: 31..32, bytes: 1173..1231), hits: 1)
-  runtime IC 1460 -> Item 71: Line (location: (source ID: 80, lines: 32..33, bytes: 1241..1269), hits: 1)
-  runtime IC 1460 -> Item 72: Statement (location: (source ID: 80, lines: 32..33, bytes: 1241..1269), hits: 1)
-  runtime IC 1460 -> Item 73: Statement (location: (source ID: 80, lines: 32..33, bytes: 1248..1269), hits: 1)
-  runtime IC 108 -> Item 74: Line (location: (source ID: 80, lines: 35..62, bytes: 1282..2765), hits: 14)
-  runtime IC 108 -> Item 75: Function "validateConfig" (location: (source ID: 80, lines: 35..62, bytes: 1282..2765), hits: 14)
-  runtime IC 1483 -> Item 76: Line (location: (source ID: 80, lines: 36..37, bytes: 1399..1469), hits: 15)
-  runtime IC 1483 -> Item 77: Statement (location: (source ID: 80, lines: 36..37, bytes: 1399..1469), hits: 15)
-  runtime IC 1493 -> Item 78: Branch (branch: 0, path: 0) (location: (source ID: 80, lines: 36..37, bytes: 1399..1469), hits: 1)
-  runtime IC 1551 -> Item 79: Branch (branch: 0, path: 1) (location: (source ID: 80, lines: 36..37, bytes: 1399..1469), hits: 14)
-  runtime IC 1552 -> Item 80: Line (location: (source ID: 80, lines: 37..38, bytes: 1479..1591), hits: 14)
-  runtime IC 1552 -> Item 81: Statement (location: (source ID: 80, lines: 37..38, bytes: 1479..1591), hits: 14)
-  runtime IC 1594 -> Item 82: Branch (branch: 1, path: 0) (location: (source ID: 80, lines: 37..38, bytes: 1479..1591), hits: 1)
-  runtime IC 1652 -> Item 83: Branch (branch: 1, path: 1) (location: (source ID: 80, lines: 37..38, bytes: 1479..1591), hits: 13)
-  runtime IC 1653 -> Item 84: Line (location: (source ID: 80, lines: 38..39, bytes: 1601..1697), hits: 13)
-  runtime IC 1653 -> Item 85: Statement (location: (source ID: 80, lines: 38..39, bytes: 1601..1697), hits: 13)
-  runtime IC 1678 -> Item 86: Branch (branch: 2, path: 0) (location: (source ID: 80, lines: 38..39, bytes: 1601..1697), hits: 1)
-  runtime IC 1736 -> Item 87: Branch (branch: 2, path: 1) (location: (source ID: 80, lines: 38..39, bytes: 1601..1697), hits: 12)
-  runtime IC 1737 -> Item 88: Line (location: (source ID: 80, lines: 39..40, bytes: 1707..1776), hits: 12)
-  runtime IC 1737 -> Item 89: Statement (location: (source ID: 80, lines: 39..40, bytes: 1707..1776), hits: 12)
-  runtime IC 1759 -> Item 90: Branch (branch: 3, path: 0) (location: (source ID: 80, lines: 39..40, bytes: 1707..1776), hits: 1)
-  runtime IC 1817 -> Item 91: Branch (branch: 3, path: 1) (location: (source ID: 80, lines: 39..40, bytes: 1707..1776), hits: 11)
-  runtime IC 1818 -> Item 92: Line (location: (source ID: 80, lines: 40..41, bytes: 1786..1869), hits: 11)
-  runtime IC 1818 -> Item 93: Statement (location: (source ID: 80, lines: 40..41, bytes: 1786..1869), hits: 11)
-  runtime IC 1863 -> Item 94: Branch (branch: 4, path: 0) (location: (source ID: 80, lines: 40..41, bytes: 1786..1869), hits: 1)
-  runtime IC 1921 -> Item 95: Branch (branch: 4, path: 1) (location: (source ID: 80, lines: 40..41, bytes: 1786..1869), hits: 10)
-  runtime IC 1922 -> Item 96: Line (location: (source ID: 80, lines: 41..42, bytes: 1879..1955), hits: 10)
-  runtime IC 1922 -> Item 97: Statement (location: (source ID: 80, lines: 41..42, bytes: 1879..1955), hits: 10)
-  runtime IC 1951 -> Item 98: Branch (branch: 5, path: 0) (location: (source ID: 80, lines: 41..42, bytes: 1879..1955), hits: 1)
-  runtime IC 2009 -> Item 99: Branch (branch: 5, path: 1) (location: (source ID: 80, lines: 41..42, bytes: 1879..1955), hits: 9)
-  runtime IC 2010 -> Item 100: Line (location: (source ID: 80, lines: 42..43, bytes: 1965..2040), hits: 9)
-  runtime IC 2010 -> Item 101: Statement (location: (source ID: 80, lines: 42..43, bytes: 1965..2040), hits: 9)
-  runtime IC 2023 -> Item 102: Branch (branch: 6, path: 0) (location: (source ID: 80, lines: 42..43, bytes: 1965..2040), hits: 1)
-  runtime IC 2081 -> Item 103: Branch (branch: 6, path: 1) (location: (source ID: 80, lines: 42..43, bytes: 1965..2040), hits: 8)
-  runtime IC 2082 -> Item 104: Line (location: (source ID: 80, lines: 43..52, bytes: 2050..2309), hits: 8)
-  runtime IC 2082 -> Item 105: Statement (location: (source ID: 80, lines: 43..52, bytes: 2050..2309), hits: 8)
-  runtime IC 2227 -> Item 106: Line (location: (source ID: 80, lines: 52..53, bytes: 2319..2378), hits: 8)
-  runtime IC 2227 -> Item 107: Statement (location: (source ID: 80, lines: 52..53, bytes: 2319..2378), hits: 8)
-  runtime IC 2281 -> Item 108: Branch (branch: 7, path: 0) (location: (source ID: 80, lines: 52..53, bytes: 2319..2378), hits: 1)
-  runtime IC 2339 -> Item 109: Branch (branch: 7, path: 1) (location: (source ID: 80, lines: 52..53, bytes: 2319..2378), hits: 7)
-  runtime IC 2340 -> Item 110: Line (location: (source ID: 80, lines: 53..54, bytes: 2388..2450), hits: 7)
-  runtime IC 2340 -> Item 111: Statement (location: (source ID: 80, lines: 53..54, bytes: 2388..2450), hits: 7)
-  runtime IC 2352 -> Item 112: Branch (branch: 8, path: 0) (location: (source ID: 80, lines: 53..54, bytes: 2388..2450), hits: 1)
-  runtime IC 2410 -> Item 113: Branch (branch: 8, path: 1) (location: (source ID: 80, lines: 53..54, bytes: 2388..2450), hits: 6)
-  runtime IC 2411 -> Item 114: Line (location: (source ID: 80, lines: 54..57, bytes: 2460..2596), hits: 6)
-  runtime IC 2411 -> Item 115: Statement (location: (source ID: 80, lines: 54..57, bytes: 2460..2596), hits: 6)
-  runtime IC 2568 -> Item 116: Branch (branch: 9, path: 0) (location: (source ID: 80, lines: 54..57, bytes: 2460..2596), hits: 0)
-  runtime IC 2626 -> Item 117: Branch (branch: 9, path: 1) (location: (source ID: 80, lines: 54..57, bytes: 2460..2596), hits: 6)
-  runtime IC 2627 -> Item 118: Line (location: (source ID: 80, lines: 57..61, bytes: 2606..2758), hits: 6)
-  runtime IC 2627 -> Item 119: Statement (location: (source ID: 80, lines: 57..61, bytes: 2606..2758), hits: 6)
-  runtime IC 2655 -> Item 120: Branch (branch: 10, path: 0) (location: (source ID: 80, lines: 57..61, bytes: 2606..2758), hits: 2)
-  runtime IC 2713 -> Item 121: Branch (branch: 10, path: 1) (location: (source ID: 80, lines: 57..61, bytes: 2606..2758), hits: 4)
-  runtime IC 156 -> Item 122: Line (location: (source ID: 80, lines: 63..85, bytes: 2771..3995), hits: 1)
-  runtime IC 156 -> Item 123: Function "run" (location: (source ID: 80, lines: 63..85, bytes: 2771..3995), hits: 1)
-  runtime IC 2720 -> Item 124: Line (location: (source ID: 80, lines: 64..65, bytes: 2838..2882), hits: 1)
-  runtime IC 2720 -> Item 125: Statement (location: (source ID: 80, lines: 64..65, bytes: 2838..2882), hits: 1)
-  runtime IC 2721 -> Item 126: Statement (location: (source ID: 80, lines: 64..65, bytes: 2870..2882), hits: 1)
-  runtime IC 2731 -> Item 127: Line (location: (source ID: 80, lines: 65..66, bytes: 2892..2931), hits: 1)
-  runtime IC 2731 -> Item 128: Statement (location: (source ID: 80, lines: 65..66, bytes: 2892..2931), hits: 1)
-  runtime IC 2794 -> Item 129: Line (location: (source ID: 80, lines: 66..67, bytes: 2941..2993), hits: 1)
-  runtime IC 2794 -> Item 130: Statement (location: (source ID: 80, lines: 66..67, bytes: 2941..2993), hits: 1)
-  runtime IC 2860 -> Item 131: Line (location: (source ID: 80, lines: 67..68, bytes: 3003..3044), hits: 1)
-  runtime IC 2860 -> Item 132: Statement (location: (source ID: 80, lines: 67..68, bytes: 3003..3044), hits: 1)
-  runtime IC 2941 -> Item 133: Line (location: (source ID: 80, lines: 68..69, bytes: 3054..3099), hits: 1)
-  runtime IC 2941 -> Item 134: Statement (location: (source ID: 80, lines: 68..69, bytes: 3054..3099), hits: 1)
-  runtime IC 3026 -> Item 135: Line (location: (source ID: 80, lines: 69..70, bytes: 3109..3158), hits: 1)
-  runtime IC 3026 -> Item 136: Statement (location: (source ID: 80, lines: 69..70, bytes: 3109..3158), hits: 1)
-  runtime IC 3103 -> Item 137: Line (location: (source ID: 80, lines: 70..71, bytes: 3168..3243), hits: 1)
-  runtime IC 3103 -> Item 138: Statement (location: (source ID: 80, lines: 70..71, bytes: 3168..3243), hits: 1)
-  runtime IC 3194 -> Item 139: Line (location: (source ID: 80, lines: 71..72, bytes: 3253..3319), hits: 1)
-  runtime IC 3194 -> Item 140: Statement (location: (source ID: 80, lines: 71..72, bytes: 3253..3319), hits: 1)
-  runtime IC 3233 -> Item 141: Line (location: (source ID: 80, lines: 72..73, bytes: 3329..3386), hits: 1)
-  runtime IC 3233 -> Item 142: Statement (location: (source ID: 80, lines: 72..73, bytes: 3329..3386), hits: 1)
-  runtime IC 3300 -> Item 143: Line (location: (source ID: 80, lines: 73..74, bytes: 3396..3446), hits: 1)
-  runtime IC 3300 -> Item 144: Statement (location: (source ID: 80, lines: 73..74, bytes: 3396..3446), hits: 1)
-  runtime IC 3388 -> Item 145: Line (location: (source ID: 80, lines: 74..75, bytes: 3456..3475), hits: 1)
-  runtime IC 3388 -> Item 146: Statement (location: (source ID: 80, lines: 74..75, bytes: 3456..3475), hits: 1)
-  runtime IC 3478 -> Item 147: Line (location: (source ID: 80, lines: 75..76, bytes: 3485..3516), hits: 1)
-  runtime IC 3478 -> Item 148: Statement (location: (source ID: 80, lines: 75..76, bytes: 3485..3516), hits: 1)
-  runtime IC 3550 -> Item 149: Line (location: (source ID: 80, lines: 76..77, bytes: 3526..3544), hits: 1)
-  runtime IC 3550 -> Item 150: Statement (location: (source ID: 80, lines: 76..77, bytes: 3526..3544), hits: 1)
-  runtime IC 3640 -> Item 151: Line (location: (source ID: 80, lines: 77..78, bytes: 3554..3640), hits: 1)
-  runtime IC 3640 -> Item 152: Statement (location: (source ID: 80, lines: 77..78, bytes: 3554..3640), hits: 1)
-  runtime IC 3907 -> Item 153: Branch (branch: 11, path: 0) (location: (source ID: 80, lines: 77..78, bytes: 3554..3640), hits: 0)
-  runtime IC 3965 -> Item 154: Branch (branch: 11, path: 1) (location: (source ID: 80, lines: 77..78, bytes: 3554..3640), hits: 1)
-  runtime IC 3966 -> Item 155: Line (location: (source ID: 80, lines: 78..81, bytes: 3650..3786), hits: 1)
-  runtime IC 3966 -> Item 156: Statement (location: (source ID: 80, lines: 78..81, bytes: 3650..3786), hits: 1)
-  runtime IC 4449 -> Item 157: Branch (branch: 12, path: 0) (location: (source ID: 80, lines: 78..81, bytes: 3650..3786), hits: 0)
-  runtime IC 4507 -> Item 158: Branch (branch: 12, path: 1) (location: (source ID: 80, lines: 78..81, bytes: 3650..3786), hits: 1)
-  runtime IC 4508 -> Item 159: Line (location: (source ID: 80, lines: 81..82, bytes: 3796..3838), hits: 1)
-  runtime IC 4508 -> Item 160: Statement (location: (source ID: 80, lines: 81..82, bytes: 3796..3838), hits: 1)
-  runtime IC 4571 -> Item 161: Line (location: (source ID: 80, lines: 82..83, bytes: 3848..3900), hits: 1)
-  runtime IC 4571 -> Item 162: Statement (location: (source ID: 80, lines: 82..83, bytes: 3848..3900), hits: 1)
-  runtime IC 4742 -> Item 163: Line (location: (source ID: 80, lines: 83..84, bytes: 3910..3988), hits: 1)
-  runtime IC 4742 -> Item 164: Statement (location: (source ID: 80, lines: 83..84, bytes: 3910..3988), hits: 1)

Anchors for Contract "ConfigureTrading" (solc 0.8.28, source ID 79):
-  runtime IC 56 -> Item 0: Line (location: (source ID: 79, lines: 11..32, bytes: 469..1849), hits: 0)
-  runtime IC 56 -> Item 1: Function "run" (location: (source ID: 79, lines: 11..32, bytes: 469..1849), hits: 0)
-  runtime IC 97 -> Item 2: Line (location: (source ID: 79, lines: 12..13, bytes: 503..582), hits: 0)
-  runtime IC 97 -> Item 3: Statement (location: (source ID: 79, lines: 12..13, bytes: 503..582), hits: 0)
-  runtime IC 241 -> Item 4: Branch (branch: 0, path: 0) (location: (source ID: 79, lines: 12..13, bytes: 503..582), hits: 0)
-  runtime IC 299 -> Item 5: Branch (branch: 0, path: 1) (location: (source ID: 79, lines: 12..13, bytes: 503..582), hits: 0)
-  runtime IC 300 -> Item 6: Line (location: (source ID: 79, lines: 13..14, bytes: 592..704), hits: 0)
-  runtime IC 300 -> Item 7: Statement (location: (source ID: 79, lines: 13..14, bytes: 592..704), hits: 0)
-  runtime IC 333 -> Item 8: Branch (branch: 1, path: 0) (location: (source ID: 79, lines: 13..14, bytes: 592..704), hits: 0)
-  runtime IC 391 -> Item 9: Branch (branch: 1, path: 1) (location: (source ID: 79, lines: 13..14, bytes: 592..704), hits: 0)
-  runtime IC 392 -> Item 10: Line (location: (source ID: 79, lines: 14..15, bytes: 714..787), hits: 0)
-  runtime IC 392 -> Item 11: Statement (location: (source ID: 79, lines: 14..15, bytes: 714..787), hits: 0)
-  runtime IC 414 -> Item 12: Statement (location: (source ID: 79, lines: 14..15, bytes: 739..787), hits: 0)
-  runtime IC 554 -> Item 13: Line (location: (source ID: 79, lines: 15..16, bytes: 797..883), hits: 0)
-  runtime IC 554 -> Item 14: Statement (location: (source ID: 79, lines: 15..16, bytes: 797..883), hits: 0)
-  runtime IC 829 -> Item 15: Branch (branch: 2, path: 0) (location: (source ID: 79, lines: 15..16, bytes: 797..883), hits: 0)
-  runtime IC 887 -> Item 16: Branch (branch: 2, path: 1) (location: (source ID: 79, lines: 15..16, bytes: 797..883), hits: 0)
-  runtime IC 888 -> Item 17: Line (location: (source ID: 79, lines: 16..17, bytes: 893..979), hits: 0)
-  runtime IC 888 -> Item 18: Statement (location: (source ID: 79, lines: 16..17, bytes: 893..979), hits: 0)
-  runtime IC 1019 -> Item 19: Branch (branch: 3, path: 0) (location: (source ID: 79, lines: 16..17, bytes: 893..979), hits: 0)
-  runtime IC 1077 -> Item 20: Branch (branch: 3, path: 1) (location: (source ID: 79, lines: 16..17, bytes: 893..979), hits: 0)
-  runtime IC 1078 -> Item 21: Line (location: (source ID: 79, lines: 17..20, bytes: 989..1124), hits: 0)
-  runtime IC 1078 -> Item 22: Statement (location: (source ID: 79, lines: 17..20, bytes: 989..1124), hits: 0)
-  runtime IC 1216 -> Item 23: Branch (branch: 4, path: 0) (location: (source ID: 79, lines: 17..20, bytes: 989..1124), hits: 0)
-  runtime IC 1274 -> Item 24: Branch (branch: 4, path: 1) (location: (source ID: 79, lines: 17..20, bytes: 989..1124), hits: 0)
-  runtime IC 1296 -> Item 25: Line (location: (source ID: 79, lines: 20..21, bytes: 1134..1153), hits: 0)
-  runtime IC 1296 -> Item 26: Statement (location: (source ID: 79, lines: 20..21, bytes: 1134..1153), hits: 0)
-  runtime IC 1386 -> Item 27: Line (location: (source ID: 79, lines: 21..22, bytes: 1163..1197), hits: 0)
-  runtime IC 1386 -> Item 28: Statement (location: (source ID: 79, lines: 21..22, bytes: 1163..1197), hits: 0)
-  runtime IC 1498 -> Item 29: Line (location: (source ID: 79, lines: 22..23, bytes: 1207..1225), hits: 0)
-  runtime IC 1498 -> Item 30: Statement (location: (source ID: 79, lines: 22..23, bytes: 1207..1225), hits: 0)
-  runtime IC 1588 -> Item 31: Line (location: (source ID: 79, lines: 23..24, bytes: 1235..1303), hits: 0)
-  runtime IC 1588 -> Item 32: Statement (location: (source ID: 79, lines: 23..24, bytes: 1235..1303), hits: 0)
-  runtime IC 1701 -> Item 33: Branch (branch: 5, path: 0) (location: (source ID: 79, lines: 23..24, bytes: 1235..1303), hits: 0)
-  runtime IC 1759 -> Item 34: Branch (branch: 5, path: 1) (location: (source ID: 79, lines: 23..24, bytes: 1235..1303), hits: 0)
-  runtime IC 1760 -> Item 35: Line (location: (source ID: 79, lines: 24..25, bytes: 1313..1416), hits: 0)
-  runtime IC 1760 -> Item 36: Statement (location: (source ID: 79, lines: 24..25, bytes: 1313..1416), hits: 0)
-  runtime IC 2027 -> Item 37: Branch (branch: 6, path: 0) (location: (source ID: 79, lines: 24..25, bytes: 1313..1416), hits: 0)
-  runtime IC 2085 -> Item 38: Branch (branch: 6, path: 1) (location: (source ID: 79, lines: 24..25, bytes: 1313..1416), hits: 0)
-  runtime IC 2086 -> Item 39: Line (location: (source ID: 79, lines: 25..26, bytes: 1426..1467), hits: 0)
-  runtime IC 2086 -> Item 40: Statement (location: (source ID: 79, lines: 25..26, bytes: 1426..1467), hits: 0)
-  runtime IC 2149 -> Item 41: Line (location: (source ID: 79, lines: 26..27, bytes: 1477..1538), hits: 0)
-  runtime IC 2149 -> Item 42: Statement (location: (source ID: 79, lines: 26..27, bytes: 1477..1538), hits: 0)
-  runtime IC 2320 -> Item 43: Line (location: (source ID: 79, lines: 27..28, bytes: 1548..1597), hits: 0)
-  runtime IC 2320 -> Item 44: Statement (location: (source ID: 79, lines: 27..28, bytes: 1548..1597), hits: 0)
-  runtime IC 2505 -> Item 45: Line (location: (source ID: 79, lines: 28..29, bytes: 1607..1673), hits: 0)
-  runtime IC 2505 -> Item 46: Statement (location: (source ID: 79, lines: 28..29, bytes: 1607..1673), hits: 0)
-  runtime IC 2676 -> Item 47: Line (location: (source ID: 79, lines: 29..30, bytes: 1683..1736), hits: 0)
-  runtime IC 2676 -> Item 48: Statement (location: (source ID: 79, lines: 29..30, bytes: 1683..1736), hits: 0)
-  runtime IC 2864 -> Item 49: Line (location: (source ID: 79, lines: 30..31, bytes: 1746..1842), hits: 0)
-  runtime IC 2864 -> Item 50: Statement (location: (source ID: 79, lines: 30..31, bytes: 1746..1842), hits: 0)

2026-09-08T15:33:42.030046Z  WARN evm::traces: failed to flush signature cache err=failed to create file "/Users/aaa/.foundry/cache/signatures": Operation not permitted (os error 1)
