Warning: optimizer settings and `viaIR` have been disabled for accurate coverage reports.
If you encounter "stack too deep" errors, consider using `--ir-minimum` which enables `viaIR` with minimum optimization resolving most of the errors.
See more: https://book.getfoundry.sh/guides/best-practices/stack-too-deep
Compiling 76 files with Solc 0.8.28
Solc 0.8.28 finished in 6.06s
Compiler run successful with warnings:
Warning (5159): "selfdestruct" has been deprecated. Note that, starting from the Cancun hard fork, the underlying opcode no longer deletes the code and data associated with an account and only transfers its Ether to the beneficiary, unless executed in the same transaction in which the contract was created (see EIP-6780). Any use in newly deployed contracts is strongly discouraged even if the new behavior is taken into account. Future changes to the EVM might further reduce the functionality of the opcode.
   --> test/TestBase.sol:146:9:
    |
146 |         selfdestruct(to);
    |         ^^^^^^^^^^^^

Analysing contracts...
2026-09-08T12:56:57.504175Z  WARN foundry_evm_coverage::anchors: could not find anchor item=Line (location: (source ID: 57, lines: 55..65, bytes: 2403..2902), hits: 0) err=Could not find anchor: No matching instruction in range source ID: 57, lines: 55..65, bytes: 2403..2902
2026-09-08T12:56:57.504177Z  WARN foundry_evm_coverage::anchors: could not find anchor item=Line (location: (source ID: 59, lines: 58..68, bytes: 1809..2447), hits: 0) err=Could not find anchor: No matching instruction in range source ID: 59, lines: 58..68, bytes: 1809..2447
2026-09-08T12:56:57.504178Z  WARN foundry_evm_coverage::anchors: could not find anchor item=Line (location: (source ID: 58, lines: 125..132, bytes: 4926..5273), hits: 0) err=Could not find anchor: No matching instruction in range source ID: 58, lines: 125..132, bytes: 4926..5273
2026-09-08T12:56:57.504179Z  WARN foundry_evm_coverage::anchors: could not find anchor item=Line (location: (source ID: 56, lines: 22..34, bytes: 683..1276), hits: 0) err=Could not find anchor: No matching instruction in range source ID: 56, lines: 22..34, bytes: 683..1276
2026-09-08T12:56:57.504476Z  WARN foundry_evm_coverage::anchors: could not find anchor item=Function "mint" (location: (source ID: 57, lines: 55..65, bytes: 2403..2902), hits: 0) err=Could not find anchor: No matching instruction in range source ID: 57, lines: 55..65, bytes: 2403..2902
2026-09-08T12:56:57.504514Z  WARN foundry_evm_coverage::anchors: could not find anchor item=Function "list" (location: (source ID: 59, lines: 58..68, bytes: 1809..2447), hits: 0) err=Could not find anchor: No matching instruction in range source ID: 59, lines: 58..68, bytes: 1809..2447
2026-09-08T12:56:57.504527Z  WARN foundry_evm_coverage::anchors: could not find anchor item=Function "proposePayoutWallet" (location: (source ID: 58, lines: 125..132, bytes: 4926..5273), hits: 0) err=Could not find anchor: No matching instruction in range source ID: 58, lines: 125..132, bytes: 4926..5273
2026-09-08T12:56:57.504541Z  WARN foundry_evm_coverage::anchors: could not find anchor item=Function "loadConfig" (location: (source ID: 56, lines: 22..34, bytes: 683..1276), hits: 0) err=Could not find anchor: No matching instruction in range source ID: 56, lines: 22..34, bytes: 683..1276
2026-09-08T12:56:57.504552Z  WARN foundry_evm_coverage::anchors: could not find anchor item=Line (location: (source ID: 57, lines: 56..57, bytes: 2488..2509), hits: 0) err=Could not find anchor: No matching instruction in range source ID: 57, lines: 56..57, bytes: 2488..2509
2026-09-08T12:56:57.504561Z  WARN foundry_evm_coverage::anchors: could not find anchor item=Line (location: (source ID: 59, lines: 59..60, bytes: 1927..1939), hits: 0) err=Could not find anchor: No matching instruction in range source ID: 59, lines: 59..60, bytes: 1927..1939
2026-09-08T12:56:57.504572Z  WARN foundry_evm_coverage::anchors: could not find anchor item=Line (location: (source ID: 58, lines: 126..127, bytes: 5009..5035), hits: 0) err=Could not find anchor: No matching instruction in range source ID: 58, lines: 126..127, bytes: 5009..5035
2026-09-08T12:56:57.504580Z  WARN foundry_evm_coverage::anchors: could not find anchor item=Line (location: (source ID: 56, lines: 23..24, bytes: 765..794), hits: 0) err=Could not find anchor: No matching instruction in range source ID: 56, lines: 23..24, bytes: 765..794
2026-09-08T12:56:57.504635Z  WARN foundry_evm_coverage::anchors: could not find anchor item=Statement (location: (source ID: 56, lines: 23..24, bytes: 765..794), hits: 0) err=Could not find anchor: No matching instruction in range source ID: 56, lines: 23..24, bytes: 765..794
2026-09-08T12:56:57.504643Z  WARN foundry_evm_coverage::anchors: could not find anchor item=Line (location: (source ID: 56, lines: 24..25, bytes: 804..842), hits: 0) err=Could not find anchor: No matching instruction in range source ID: 56, lines: 24..25, bytes: 804..842
2026-09-08T12:56:57.504651Z  WARN foundry_evm_coverage::anchors: could not find anchor item=Statement (location: (source ID: 56, lines: 24..25, bytes: 804..842), hits: 0) err=Could not find anchor: No matching instruction in range source ID: 56, lines: 24..25, bytes: 804..842
2026-09-08T12:56:57.504658Z  WARN foundry_evm_coverage::anchors: could not find anchor item=Line (location: (source ID: 56, lines: 25..26, bytes: 852..890), hits: 0) err=Could not find anchor: No matching instruction in range source ID: 56, lines: 25..26, bytes: 852..890
2026-09-08T12:56:57.504599Z  WARN foundry_evm_coverage::anchors: could not find anchor item=Statement (location: (source ID: 59, lines: 59..60, bytes: 1927..1939), hits: 0) err=Could not find anchor: No matching instruction in range source ID: 59, lines: 59..60, bytes: 1927..1939
2026-09-08T12:56:57.504628Z  WARN foundry_evm_coverage::anchors: could not find anchor item=Statement (location: (source ID: 58, lines: 126..127, bytes: 5009..5035), hits: 0) err=Could not find anchor: No matching instruction in range source ID: 58, lines: 126..127, bytes: 5009..5035
2026-09-08T12:56:57.504591Z  WARN foundry_evm_coverage::anchors: could not find anchor item=Statement (location: (source ID: 57, lines: 56..57, bytes: 2488..2509), hits: 0) err=Could not find anchor: No matching instruction in range source ID: 57, lines: 56..57, bytes: 2488..2509
2026-09-08T12:56:57.504666Z  WARN foundry_evm_coverage::anchors: could not find anchor item=Statement (location: (source ID: 56, lines: 25..26, bytes: 852..890), hits: 0) err=Could not find anchor: No matching instruction in range source ID: 56, lines: 25..26, bytes: 852..890
2026-09-08T12:56:57.504701Z  WARN foundry_evm_coverage::anchors: could not find anchor item=Line (location: (source ID: 56, lines: 26..27, bytes: 900..941), hits: 0) err=Could not find anchor: No matching instruction in range source ID: 56, lines: 26..27, bytes: 900..941
2026-09-08T12:56:57.504709Z  WARN foundry_evm_coverage::anchors: could not find anchor item=Statement (location: (source ID: 56, lines: 26..27, bytes: 900..941), hits: 0) err=Could not find anchor: No matching instruction in range source ID: 56, lines: 26..27, bytes: 900..941
2026-09-08T12:56:57.504716Z  WARN foundry_evm_coverage::anchors: could not find anchor item=Line (location: (source ID: 56, lines: 27..28, bytes: 951..988), hits: 0) err=Could not find anchor: No matching instruction in range source ID: 56, lines: 27..28, bytes: 951..988
2026-09-08T12:56:57.504724Z  WARN foundry_evm_coverage::anchors: could not find anchor item=Statement (location: (source ID: 56, lines: 27..28, bytes: 951..988), hits: 0) err=Could not find anchor: No matching instruction in range source ID: 56, lines: 27..28, bytes: 951..988
2026-09-08T12:56:57.504732Z  WARN foundry_evm_coverage::anchors: could not find anchor item=Line (location: (source ID: 56, lines: 28..29, bytes: 998..1049), hits: 0) err=Could not find anchor: No matching instruction in range source ID: 56, lines: 28..29, bytes: 998..1049
2026-09-08T12:56:57.504739Z  WARN foundry_evm_coverage::anchors: could not find anchor item=Statement (location: (source ID: 56, lines: 28..29, bytes: 998..1049), hits: 0) err=Could not find anchor: No matching instruction in range source ID: 56, lines: 28..29, bytes: 998..1049
2026-09-08T12:56:57.504675Z  WARN foundry_evm_coverage::anchors: could not find anchor item=Statement (location: (source ID: 59, lines: 59..60, bytes: 1927..1956), hits: 0) err=Could not find anchor: No matching instruction in range source ID: 59, lines: 59..60, bytes: 1927..1956
2026-09-08T12:56:57.504766Z  WARN foundry_evm_coverage::anchors: could not find anchor item=Statement (location: (source ID: 59, lines: 59..60, bytes: 1943..1956), hits: 0) err=Could not find anchor: No matching instruction in range source ID: 59, lines: 59..60, bytes: 1943..1956
2026-09-08T12:56:57.504774Z  WARN foundry_evm_coverage::anchors: could not find anchor item=Statement (location: (source ID: 59, lines: 59..60, bytes: 1958..1979), hits: 0) err=Could not find anchor: No matching instruction in range source ID: 59, lines: 59..60, bytes: 1958..1979
2026-09-08T12:56:57.504757Z  WARN foundry_evm_coverage::anchors: could not find anchor item=Line (location: (source ID: 56, lines: 29..30, bytes: 1059..1099), hits: 0) err=Could not find anchor: No matching instruction in range source ID: 56, lines: 29..30, bytes: 1059..1099
2026-09-08T12:56:57.504782Z  WARN foundry_evm_coverage::anchors: could not find anchor item=Branch (branch: 0, path: 0) (location: (source ID: 59, lines: 59..60, bytes: 1958..1979), hits: 0) err=Could not find anchor: No matching instruction in range source ID: 59, lines: 59..60, bytes: 1958..1979
2026-09-08T12:56:57.504797Z  WARN foundry_evm_coverage::anchors: could not find anchor item=Line (location: (source ID: 59, lines: 60..61, bytes: 1993..2003), hits: 0) err=Could not find anchor: No matching instruction in range source ID: 59, lines: 60..61, bytes: 1993..2003
2026-09-08T12:56:57.504805Z  WARN foundry_evm_coverage::anchors: could not find anchor item=Statement (location: (source ID: 59, lines: 60..61, bytes: 1993..2003), hits: 0) err=Could not find anchor: No matching instruction in range source ID: 59, lines: 60..61, bytes: 1993..2003
2026-09-08T12:56:57.504813Z  WARN foundry_evm_coverage::anchors: could not find anchor item=Statement (location: (source ID: 59, lines: 60..61, bytes: 1993..2032), hits: 0) err=Could not find anchor: No matching instruction in range source ID: 59, lines: 60..61, bytes: 1993..2032
2026-09-08T12:56:57.504693Z  WARN foundry_evm_coverage::anchors: could not find anchor item=Statement (location: (source ID: 57, lines: 56..57, bytes: 2511..2532), hits: 0) err=Could not find anchor: No matching instruction in range source ID: 57, lines: 56..57, bytes: 2511..2532
2026-09-08T12:56:57.504790Z  WARN foundry_evm_coverage::anchors: could not find anchor item=Statement (location: (source ID: 56, lines: 29..30, bytes: 1059..1099), hits: 0) err=Could not find anchor: No matching instruction in range source ID: 56, lines: 29..30, bytes: 1059..1099
2026-09-08T12:56:57.504838Z  WARN foundry_evm_coverage::anchors: could not find anchor item=Line (location: (source ID: 56, lines: 30..31, bytes: 1109..1163), hits: 0) err=Could not find anchor: No matching instruction in range source ID: 56, lines: 30..31, bytes: 1109..1163
2026-09-08T12:56:57.504821Z  WARN foundry_evm_coverage::anchors: could not find anchor item=Statement (location: (source ID: 59, lines: 60..61, bytes: 2007..2032), hits: 0) err=Could not find anchor: No matching instruction in range source ID: 59, lines: 60..61, bytes: 2007..2032
2026-09-08T12:56:57.504830Z  WARN foundry_evm_coverage::anchors: could not find anchor item=Branch (branch: 2, path: 0) (location: (source ID: 57, lines: 56..57, bytes: 2511..2532), hits: 0) err=Could not find anchor: No matching instruction in range source ID: 57, lines: 56..57, bytes: 2511..2532
2026-09-08T12:56:57.504685Z  WARN foundry_evm_coverage::anchors: could not find anchor item=Statement (location: (source ID: 58, lines: 126..127, bytes: 5037..5058), hits: 0) err=Could not find anchor: No matching instruction in range source ID: 58, lines: 126..127, bytes: 5037..5058
2026-09-08T12:56:57.504845Z  WARN foundry_evm_coverage::anchors: could not find anchor item=Statement (location: (source ID: 56, lines: 30..31, bytes: 1109..1163), hits: 0) err=Could not find anchor: No matching instruction in range source ID: 56, lines: 30..31, bytes: 1109..1163
2026-09-08T12:56:57.504887Z  WARN foundry_evm_coverage::anchors: could not find anchor item=Line (location: (source ID: 56, lines: 31..32, bytes: 1173..1231), hits: 0) err=Could not find anchor: No matching instruction in range source ID: 56, lines: 31..32, bytes: 1173..1231
2026-09-08T12:56:57.504894Z  WARN foundry_evm_coverage::anchors: could not find anchor item=Statement (location: (source ID: 56, lines: 31..32, bytes: 1173..1231), hits: 0) err=Could not find anchor: No matching instruction in range source ID: 56, lines: 31..32, bytes: 1173..1231
2026-09-08T12:56:57.504901Z  WARN foundry_evm_coverage::anchors: could not find anchor item=Line (location: (source ID: 56, lines: 32..33, bytes: 1241..1269), hits: 0) err=Could not find anchor: No matching instruction in range source ID: 56, lines: 32..33, bytes: 1241..1269
2026-09-08T12:56:57.504854Z  WARN foundry_evm_coverage::anchors: could not find anchor item=Statement (location: (source ID: 59, lines: 60..61, bytes: 2034..2057), hits: 0) err=Could not find anchor: No matching instruction in range source ID: 59, lines: 60..61, bytes: 2034..2057
2026-09-08T12:56:57.504863Z  WARN foundry_evm_coverage::anchors: could not find anchor item=Line (location: (source ID: 57, lines: 57..58, bytes: 2546..2566), hits: 0) err=Could not find anchor: No matching instruction in range source ID: 57, lines: 57..58, bytes: 2546..2566
2026-09-08T12:56:57.504872Z  WARN foundry_evm_coverage::anchors: could not find anchor item=Branch (branch: 1, path: 0) (location: (source ID: 58, lines: 126..127, bytes: 5037..5058), hits: 0) err=Could not find anchor: No matching instruction in range source ID: 58, lines: 126..127, bytes: 5037..5058
2026-09-08T12:56:57.504909Z  WARN foundry_evm_coverage::anchors: could not find anchor item=Statement (location: (source ID: 56, lines: 32..33, bytes: 1241..1269), hits: 0) err=Could not find anchor: No matching instruction in range source ID: 56, lines: 32..33, bytes: 1241..1269
2026-09-08T12:56:57.504943Z  WARN foundry_evm_coverage::anchors: could not find anchor item=Statement (location: (source ID: 56, lines: 32..33, bytes: 1248..1269), hits: 0) err=Could not find anchor: No matching instruction in range source ID: 56, lines: 32..33, bytes: 1248..1269
2026-09-08T12:56:57.504950Z  WARN foundry_evm_coverage::anchors: could not find anchor item=Line (location: (source ID: 56, lines: 35..61, bytes: 1282..2680), hits: 0) err=Could not find anchor: No matching instruction in range source ID: 56, lines: 35..61, bytes: 1282..2680
2026-09-08T12:56:57.504936Z  WARN foundry_evm_coverage::anchors: could not find anchor item=Line (location: (source ID: 58, lines: 127..128, bytes: 5068..5099), hits: 0) err=Could not find anchor: No matching instruction in range source ID: 58, lines: 127..128, bytes: 5068..5099
2026-09-08T12:56:57.504917Z  WARN foundry_evm_coverage::anchors: could not find anchor item=Branch (branch: 1, path: 0) (location: (source ID: 59, lines: 60..61, bytes: 2034..2057), hits: 0) err=Could not find anchor: No matching instruction in range source ID: 59, lines: 60..61, bytes: 2034..2057
2026-09-08T12:56:57.504974Z  WARN foundry_evm_coverage::anchors: could not find anchor item=Line (location: (source ID: 59, lines: 61..62, bytes: 2071..2104), hits: 0) err=Could not find anchor: No matching instruction in range source ID: 59, lines: 61..62, bytes: 2071..2104
2026-09-08T12:56:57.504957Z  WARN foundry_evm_coverage::anchors: could not find anchor item=Function "validateConfig" (location: (source ID: 56, lines: 35..61, bytes: 1282..2680), hits: 0) err=Could not find anchor: No matching instruction in range source ID: 56, lines: 35..61, bytes: 1282..2680
2026-09-08T12:56:57.504990Z  WARN foundry_evm_coverage::anchors: could not find anchor item=Line (location: (source ID: 56, lines: 36..37, bytes: 1399..1469), hits: 0) err=Could not find anchor: No matching instruction in range source ID: 56, lines: 36..37, bytes: 1399..1469
2026-09-08T12:56:57.504927Z  WARN foundry_evm_coverage::anchors: could not find anchor item=Statement (location: (source ID: 57, lines: 57..58, bytes: 2546..2566), hits: 0) err=Could not find anchor: No matching instruction in range source ID: 57, lines: 57..58, bytes: 2546..2566
2026-09-08T12:56:57.504982Z  WARN foundry_evm_coverage::anchors: could not find anchor item=Statement (location: (source ID: 59, lines: 61..62, bytes: 2071..2104), hits: 0) err=Could not find anchor: No matching instruction in range source ID: 59, lines: 61..62, bytes: 2071..2104
2026-09-08T12:56:57.505025Z  WARN foundry_evm_coverage::anchors: could not find anchor item=Statement (location: (source ID: 59, lines: 61..62, bytes: 2071..2118), hits: 0) err=Could not find anchor: No matching instruction in range source ID: 59, lines: 61..62, bytes: 2071..2118
2026-09-08T12:56:57.505032Z  WARN foundry_evm_coverage::anchors: could not find anchor item=Statement (location: (source ID: 59, lines: 61..62, bytes: 2120..2138), hits: 0) err=Could not find anchor: No matching instruction in range source ID: 59, lines: 61..62, bytes: 2120..2138
2026-09-08T12:56:57.505018Z  WARN foundry_evm_coverage::anchors: could not find anchor item=Statement (location: (source ID: 57, lines: 57..58, bytes: 2546..2612), hits: 0) err=Could not find anchor: No matching instruction in range source ID: 57, lines: 57..58, bytes: 2546..2612
2026-09-08T12:56:57.504967Z  WARN foundry_evm_coverage::anchors: could not find anchor item=Statement (location: (source ID: 58, lines: 127..128, bytes: 5068..5099), hits: 0) err=Could not find anchor: No matching instruction in range source ID: 58, lines: 127..128, bytes: 5068..5099
2026-09-08T12:56:57.505008Z  WARN foundry_evm_coverage::anchors: could not find anchor item=Statement (location: (source ID: 56, lines: 36..37, bytes: 1399..1469), hits: 0) err=Could not find anchor: No matching instruction in range source ID: 56, lines: 36..37, bytes: 1399..1469
2026-09-08T12:56:57.505040Z  WARN foundry_evm_coverage::anchors: could not find anchor item=Branch (branch: 2, path: 0) (location: (source ID: 59, lines: 61..62, bytes: 2120..2138), hits: 0) err=Could not find anchor: No matching instruction in range source ID: 59, lines: 61..62, bytes: 2120..2138
2026-09-08T12:56:57.505074Z  WARN foundry_evm_coverage::anchors: could not find anchor item=Branch (branch: 0, path: 0) (location: (source ID: 56, lines: 36..37, bytes: 1399..1469), hits: 0) err=Could not detect branches in source: source ID: 56, lines: 36..37, bytes: 1399..1469
2026-09-08T12:56:57.505058Z  WARN foundry_evm_coverage::anchors: could not find anchor item=Line (location: (source ID: 58, lines: 128..129, bytes: 5113..5137), hits: 0) err=Could not find anchor: No matching instruction in range source ID: 58, lines: 128..129, bytes: 5113..5137
2026-09-08T12:56:57.505081Z  WARN foundry_evm_coverage::anchors: could not find anchor item=Line (location: (source ID: 59, lines: 62..63, bytes: 2152..2185), hits: 0) err=Could not find anchor: No matching instruction in range source ID: 59, lines: 62..63, bytes: 2152..2185
2026-09-08T12:56:57.505049Z  WARN foundry_evm_coverage::anchors: could not find anchor item=Statement (location: (source ID: 57, lines: 57..58, bytes: 2570..2612), hits: 0) err=Could not find anchor: No matching instruction in range source ID: 57, lines: 57..58, bytes: 2570..2612
2026-09-08T12:56:57.505089Z  WARN foundry_evm_coverage::anchors: could not find anchor item=Branch (branch: 0, path: 1) (location: (source ID: 56, lines: 36..37, bytes: 1399..1469), hits: 0) err=Could not detect branches in source: source ID: 56, lines: 36..37, bytes: 1399..1469
2026-09-08T12:56:57.505122Z  WARN foundry_evm_coverage::anchors: could not find anchor item=Line (location: (source ID: 56, lines: 37..38, bytes: 1479..1591), hits: 0) err=Could not find anchor: No matching instruction in range source ID: 56, lines: 37..38, bytes: 1479..1591
2026-09-08T12:56:57.505130Z  WARN foundry_evm_coverage::anchors: could not find anchor item=Statement (location: (source ID: 56, lines: 37..38, bytes: 1479..1591), hits: 0) err=Could not find anchor: No matching instruction in range source ID: 56, lines: 37..38, bytes: 1479..1591
2026-09-08T12:56:57.505115Z  WARN foundry_evm_coverage::anchors: could not find anchor item=Statement (location: (source ID: 57, lines: 57..58, bytes: 2588..2612), hits: 0) err=Could not find anchor: No matching instruction in range source ID: 57, lines: 57..58, bytes: 2588..2612
2026-09-08T12:56:57.505098Z  WARN foundry_evm_coverage::anchors: could not find anchor item=Statement (location: (source ID: 58, lines: 128..129, bytes: 5113..5137), hits: 0) err=Could not find anchor: No matching instruction in range source ID: 58, lines: 128..129, bytes: 5113..5137
2026-09-08T12:56:57.505106Z  WARN foundry_evm_coverage::anchors: could not find anchor item=Statement (location: (source ID: 59, lines: 62..63, bytes: 2152..2185), hits: 0) err=Could not find anchor: No matching instruction in range source ID: 59, lines: 62..63, bytes: 2152..2185
2026-09-08T12:56:57.505169Z  WARN foundry_evm_coverage::anchors: could not find anchor item=Statement (location: (source ID: 59, lines: 62..63, bytes: 2187..2207), hits: 0) err=Could not find anchor: No matching instruction in range source ID: 59, lines: 62..63, bytes: 2187..2207
2026-09-08T12:56:57.505154Z  WARN foundry_evm_coverage::anchors: could not find anchor item=Statement (location: (source ID: 57, lines: 57..58, bytes: 2614..2634), hits: 0) err=Could not find anchor: No matching instruction in range source ID: 57, lines: 57..58, bytes: 2614..2634
2026-09-08T12:56:57.505162Z  WARN foundry_evm_coverage::anchors: could not find anchor item=Statement (location: (source ID: 58, lines: 128..129, bytes: 5139..5167), hits: 0) err=Could not find anchor: No matching instruction in range source ID: 58, lines: 128..129, bytes: 5139..5167
2026-09-08T12:56:57.505145Z  WARN foundry_evm_coverage::anchors: could not find anchor item=Branch (branch: 1, path: 0) (location: (source ID: 56, lines: 37..38, bytes: 1479..1591), hits: 0) err=Could not detect branches in source: source ID: 56, lines: 37..38, bytes: 1479..1591
2026-09-08T12:56:57.505176Z  WARN foundry_evm_coverage::anchors: could not find anchor item=Branch (branch: 3, path: 0) (location: (source ID: 59, lines: 62..63, bytes: 2187..2207), hits: 0) err=Could not find anchor: No matching instruction in range source ID: 59, lines: 62..63, bytes: 2187..2207
2026-09-08T12:56:57.505186Z  WARN foundry_evm_coverage::anchors: could not find anchor item=Branch (branch: 3, path: 0) (location: (source ID: 57, lines: 57..58, bytes: 2614..2634), hits: 0) err=Could not find anchor: No matching instruction in range source ID: 57, lines: 57..58, bytes: 2614..2634
2026-09-08T12:56:57.505194Z  WARN foundry_evm_coverage::anchors: could not find anchor item=Branch (branch: 2, path: 0) (location: (source ID: 58, lines: 128..129, bytes: 5139..5167), hits: 0) err=Could not find anchor: No matching instruction in range source ID: 58, lines: 128..129, bytes: 5139..5167
2026-09-08T12:56:57.505202Z  WARN foundry_evm_coverage::anchors: could not find anchor item=Branch (branch: 1, path: 1) (location: (source ID: 56, lines: 37..38, bytes: 1479..1591), hits: 0) err=Could not detect branches in source: source ID: 56, lines: 37..38, bytes: 1479..1591
2026-09-08T12:56:57.505210Z  WARN foundry_evm_coverage::anchors: could not find anchor item=Line (location: (source ID: 59, lines: 63..64, bytes: 2217..2237), hits: 0) err=Could not find anchor: No matching instruction in range source ID: 59, lines: 63..64, bytes: 2217..2237
2026-09-08T12:56:57.505219Z  WARN foundry_evm_coverage::anchors: could not find anchor item=Line (location: (source ID: 57, lines: 58..59, bytes: 2649..2658), hits: 0) err=Could not find anchor: No matching instruction in range source ID: 57, lines: 58..59, bytes: 2649..2658
2026-09-08T12:56:57.505227Z  WARN foundry_evm_coverage::anchors: could not find anchor item=Line (location: (source ID: 58, lines: 129..130, bytes: 5177..5207), hits: 0) err=Could not find anchor: No matching instruction in range source ID: 58, lines: 129..130, bytes: 5177..5207
2026-09-08T12:56:57.505235Z  WARN foundry_evm_coverage::anchors: could not find anchor item=Line (location: (source ID: 56, lines: 38..39, bytes: 1601..1697), hits: 0) err=Could not find anchor: No matching instruction in range source ID: 56, lines: 38..39, bytes: 1601..1697
2026-09-08T12:56:57.505275Z  WARN foundry_evm_coverage::anchors: could not find anchor item=Statement (location: (source ID: 56, lines: 38..39, bytes: 1601..1697), hits: 0) err=Could not find anchor: No matching instruction in range source ID: 56, lines: 38..39, bytes: 1601..1697
2026-09-08T12:56:57.505252Z  WARN foundry_evm_coverage::anchors: could not find anchor item=Statement (location: (source ID: 57, lines: 58..59, bytes: 2649..2658), hits: 0) err=Could not find anchor: No matching instruction in range source ID: 57, lines: 58..59, bytes: 2649..2658
2026-09-08T12:56:57.505268Z  WARN foundry_evm_coverage::anchors: could not find anchor item=Statement (location: (source ID: 58, lines: 129..130, bytes: 5177..5207), hits: 0) err=Could not find anchor: No matching instruction in range source ID: 58, lines: 129..130, bytes: 5177..5207
2026-09-08T12:56:57.505243Z  WARN foundry_evm_coverage::anchors: could not find anchor item=Statement (location: (source ID: 59, lines: 63..64, bytes: 2217..2237), hits: 0) err=Could not find anchor: No matching instruction in range source ID: 59, lines: 63..64, bytes: 2217..2237
2026-09-08T12:56:57.505307Z  WARN foundry_evm_coverage::anchors: could not find anchor item=Line (location: (source ID: 59, lines: 64..66, bytes: 2247..2379), hits: 0) err=Could not find anchor: No matching instruction in range source ID: 59, lines: 64..66, bytes: 2247..2379
2026-09-08T12:56:57.505314Z  WARN foundry_evm_coverage::anchors: could not find anchor item=Statement (location: (source ID: 59, lines: 64..66, bytes: 2247..2379), hits: 0) err=Could not find anchor: No matching instruction in range source ID: 59, lines: 64..66, bytes: 2247..2379
2026-09-08T12:56:57.505300Z  WARN foundry_evm_coverage::anchors: could not find anchor item=Line (location: (source ID: 58, lines: 130..131, bytes: 5217..5266), hits: 0) err=Could not find anchor: No matching instruction in range source ID: 58, lines: 130..131, bytes: 5217..5266
2026-09-08T12:56:57.505282Z  WARN foundry_evm_coverage::anchors: could not find anchor item=Branch (branch: 2, path: 0) (location: (source ID: 56, lines: 38..39, bytes: 1601..1697), hits: 0) err=Could not detect branches in source: source ID: 56, lines: 38..39, bytes: 1601..1697
2026-09-08T12:56:57.505292Z  WARN foundry_evm_coverage::anchors: could not find anchor item=Statement (location: (source ID: 57, lines: 58..59, bytes: 2660..2679), hits: 0) err=Could not find anchor: No matching instruction in range source ID: 57, lines: 58..59, bytes: 2660..2679
2026-09-08T12:56:57.505321Z  WARN foundry_evm_coverage::anchors: could not find anchor item=Line (location: (source ID: 59, lines: 66..67, bytes: 2389..2440), hits: 0) err=Could not find anchor: No matching instruction in range source ID: 59, lines: 66..67, bytes: 2389..2440
2026-09-08T12:56:57.505331Z  WARN foundry_evm_coverage::anchors: could not find anchor item=Statement (location: (source ID: 58, lines: 130..131, bytes: 5217..5266), hits: 0) err=Could not find anchor: No matching instruction in range source ID: 58, lines: 130..131, bytes: 5217..5266
2026-09-08T12:56:57.505339Z  WARN foundry_evm_coverage::anchors: could not find anchor item=Branch (branch: 2, path: 1) (location: (source ID: 56, lines: 38..39, bytes: 1601..1697), hits: 0) err=Could not detect branches in source: source ID: 56, lines: 38..39, bytes: 1601..1697
2026-09-08T12:56:57.505371Z  WARN foundry_evm_coverage::anchors: could not find anchor item=Line (location: (source ID: 56, lines: 39..40, bytes: 1707..1776), hits: 0) err=Could not find anchor: No matching instruction in range source ID: 56, lines: 39..40, bytes: 1707..1776
2026-09-08T12:56:57.505378Z  WARN foundry_evm_coverage::anchors: could not find anchor item=Statement (location: (source ID: 56, lines: 39..40, bytes: 1707..1776), hits: 0) err=Could not find anchor: No matching instruction in range source ID: 56, lines: 39..40, bytes: 1707..1776
2026-09-08T12:56:57.505364Z  WARN foundry_evm_coverage::anchors: could not find anchor item=Line (location: (source ID: 58, lines: 134..141, bytes: 5381..5719), hits: 0) err=Could not find anchor: No matching instruction in range source ID: 58, lines: 134..141, bytes: 5381..5719
2026-09-08T12:56:57.505347Z  WARN foundry_evm_coverage::anchors: could not find anchor item=Statement (location: (source ID: 57, lines: 58..59, bytes: 2681..2684), hits: 0) err=Could not find anchor: No matching instruction in range source ID: 57, lines: 58..59, bytes: 2681..2684
2026-09-08T12:56:57.505355Z  WARN foundry_evm_coverage::anchors: could not find anchor item=Statement (location: (source ID: 59, lines: 66..67, bytes: 2389..2440), hits: 0) err=Could not find anchor: No matching instruction in range source ID: 59, lines: 66..67, bytes: 2389..2440
2026-09-08T12:56:57.505393Z  WARN foundry_evm_coverage::anchors: could not find anchor item=Branch (branch: 3, path: 0) (location: (source ID: 56, lines: 39..40, bytes: 1707..1776), hits: 0) err=Could not detect branches in source: source ID: 56, lines: 39..40, bytes: 1707..1776
2026-09-08T12:56:57.505402Z  WARN foundry_evm_coverage::anchors: could not find anchor item=Function "cancelPayoutWalletChange" (location: (source ID: 58, lines: 134..141, bytes: 5381..5719), hits: 0) err=Could not find anchor: No matching instruction in range source ID: 58, lines: 134..141, bytes: 5381..5719
2026-09-08T12:56:57.505410Z  WARN foundry_evm_coverage::anchors: could not find anchor item=Line (location: (source ID: 57, lines: 59..60, bytes: 2700..2724), hits: 0) err=Could not find anchor: No matching instruction in range source ID: 57, lines: 59..60, bytes: 2700..2724
2026-09-08T12:56:57.505418Z  WARN foundry_evm_coverage::anchors: could not find anchor item=Line (location: (source ID: 59, lines: 69..76, bytes: 2453..2722), hits: 0) err=Could not find anchor: No matching instruction in range source ID: 59, lines: 69..76, bytes: 2453..2722
2026-09-08T12:56:57.505426Z  WARN foundry_evm_coverage::anchors: could not find anchor item=Branch (branch: 3, path: 1) (location: (source ID: 56, lines: 39..40, bytes: 1707..1776), hits: 0) err=Could not detect branches in source: source ID: 56, lines: 39..40, bytes: 1707..1776
2026-09-08T12:56:57.505459Z  WARN foundry_evm_coverage::anchors: could not find anchor item=Line (location: (source ID: 56, lines: 40..41, bytes: 1786..1869), hits: 0) err=Could not find anchor: No matching instruction in range source ID: 56, lines: 40..41, bytes: 1786..1869
2026-09-08T12:56:57.505466Z  WARN foundry_evm_coverage::anchors: could not find anchor item=Statement (location: (source ID: 56, lines: 40..41, bytes: 1786..1869), hits: 0) err=Could not find anchor: No matching instruction in range source ID: 56, lines: 40..41, bytes: 1786..1869
2026-09-08T12:56:57.505451Z  WARN foundry_evm_coverage::anchors: could not find anchor item=Function "cancel" (location: (source ID: 59, lines: 69..76, bytes: 2453..2722), hits: 0) err=Could not find anchor: No matching instruction in range source ID: 59, lines: 69..76, bytes: 2453..2722
2026-09-08T12:56:57.505435Z  WARN foundry_evm_coverage::anchors: could not find anchor item=Line (location: (source ID: 58, lines: 135..136, bytes: 5453..5479), hits: 0) err=Could not find anchor: No matching instruction in range source ID: 58, lines: 135..136, bytes: 5453..5479
2026-09-08T12:56:57.505443Z  WARN foundry_evm_coverage::anchors: could not find anchor item=Statement (location: (source ID: 57, lines: 59..60, bytes: 2700..2724), hits: 0) err=Could not find anchor: No matching instruction in range source ID: 57, lines: 59..60, bytes: 2700..2724
2026-09-08T12:56:57.505473Z  WARN foundry_evm_coverage::anchors: could not find anchor item=Branch (branch: 4, path: 0) (location: (source ID: 56, lines: 40..41, bytes: 1786..1869), hits: 0) err=Could not detect branches in source: source ID: 56, lines: 40..41, bytes: 1786..1869
2026-09-08T12:56:57.505481Z  WARN foundry_evm_coverage::anchors: could not find anchor item=Line (location: (source ID: 59, lines: 70..71, bytes: 2513..2548), hits: 0) err=Could not find anchor: No matching instruction in range source ID: 59, lines: 70..71, bytes: 2513..2548
2026-09-08T12:56:57.505523Z  WARN foundry_evm_coverage::anchors: could not find anchor item=Statement (location: (source ID: 59, lines: 70..71, bytes: 2513..2548), hits: 0) err=Could not find anchor: No matching instruction in range source ID: 59, lines: 70..71, bytes: 2513..2548
2026-09-08T12:56:57.505499Z  WARN foundry_evm_coverage::anchors: could not find anchor item=Line (location: (source ID: 57, lines: 60..61, bytes: 2742..2749), hits: 0) err=Could not find anchor: No matching instruction in range source ID: 57, lines: 60..61, bytes: 2742..2749
2026-09-08T12:56:57.505515Z  WARN foundry_evm_coverage::anchors: could not find anchor item=Branch (branch: 4, path: 1) (location: (source ID: 56, lines: 40..41, bytes: 1786..1869), hits: 0) err=Could not detect branches in source: source ID: 56, lines: 40..41, bytes: 1786..1869
2026-09-08T12:56:57.505547Z  WARN foundry_evm_coverage::anchors: could not find anchor item=Line (location: (source ID: 56, lines: 41..42, bytes: 1879..1955), hits: 0) err=Could not find anchor: No matching instruction in range source ID: 56, lines: 41..42, bytes: 1879..1955
2026-09-08T12:56:57.505554Z  WARN foundry_evm_coverage::anchors: could not find anchor item=Statement (location: (source ID: 56, lines: 41..42, bytes: 1879..1955), hits: 0) err=Could not find anchor: No matching instruction in range source ID: 56, lines: 41..42, bytes: 1879..1955
2026-09-08T12:56:57.505540Z  WARN foundry_evm_coverage::anchors: could not find anchor item=Statement (location: (source ID: 57, lines: 60..61, bytes: 2742..2749), hits: 0) err=Could not find anchor: No matching instruction in range source ID: 57, lines: 60..61, bytes: 2742..2749
2026-09-08T12:56:57.505491Z  WARN foundry_evm_coverage::anchors: could not find anchor item=Statement (location: (source ID: 58, lines: 135..136, bytes: 5453..5479), hits: 0) err=Could not find anchor: No matching instruction in range source ID: 58, lines: 135..136, bytes: 5453..5479
2026-09-08T12:56:57.505530Z  WARN foundry_evm_coverage::anchors: could not find anchor item=Line (location: (source ID: 59, lines: 71..72, bytes: 2562..2587), hits: 0) err=Could not find anchor: No matching instruction in range source ID: 59, lines: 71..72, bytes: 2562..2587
2026-09-08T12:56:57.505586Z  WARN foundry_evm_coverage::anchors: could not find anchor item=Statement (location: (source ID: 59, lines: 71..72, bytes: 2562..2587), hits: 0) err=Could not find anchor: No matching instruction in range source ID: 59, lines: 71..72, bytes: 2562..2587
2026-09-08T12:56:57.505593Z  WARN foundry_evm_coverage::anchors: could not find anchor item=Statement (location: (source ID: 59, lines: 71..72, bytes: 2589..2607), hits: 0) err=Could not find anchor: No matching instruction in range source ID: 59, lines: 71..72, bytes: 2589..2607
2026-09-08T12:56:57.505579Z  WARN foundry_evm_coverage::anchors: could not find anchor item=Statement (location: (source ID: 58, lines: 135..136, bytes: 5481..5502), hits: 0) err=Could not find anchor: No matching instruction in range source ID: 58, lines: 135..136, bytes: 5481..5502
2026-09-08T12:56:57.505561Z  WARN foundry_evm_coverage::anchors: could not find anchor item=Branch (branch: 5, path: 0) (location: (source ID: 56, lines: 41..42, bytes: 1879..1955), hits: 0) err=Could not detect branches in source: source ID: 56, lines: 41..42, bytes: 1879..1955
2026-09-08T12:56:57.505570Z  WARN foundry_evm_coverage::anchors: could not find anchor item=Statement (location: (source ID: 57, lines: 60..61, bytes: 2742..2798), hits: 0) err=Could not find anchor: No matching instruction in range source ID: 57, lines: 60..61, bytes: 2742..2798
2026-09-08T12:56:57.505600Z  WARN foundry_evm_coverage::anchors: could not find anchor item=Branch (branch: 4, path: 0) (location: (source ID: 59, lines: 71..72, bytes: 2589..2607), hits: 0) err=Could not find anchor: No matching instruction in range source ID: 59, lines: 71..72, bytes: 2589..2607
2026-09-08T12:56:57.505610Z  WARN foundry_evm_coverage::anchors: could not find anchor item=Branch (branch: 3, path: 0) (location: (source ID: 58, lines: 135..136, bytes: 5481..5502), hits: 0) err=Could not find anchor: No matching instruction in range source ID: 58, lines: 135..136, bytes: 5481..5502
2026-09-08T12:56:57.505617Z  WARN foundry_evm_coverage::anchors: could not find anchor item=Branch (branch: 5, path: 1) (location: (source ID: 56, lines: 41..42, bytes: 1879..1955), hits: 0) err=Could not detect branches in source: source ID: 56, lines: 41..42, bytes: 1879..1955
2026-09-08T12:56:57.505657Z  WARN foundry_evm_coverage::anchors: could not find anchor item=Line (location: (source ID: 56, lines: 42..51, bytes: 1965..2224), hits: 0) err=Could not find anchor: No matching instruction in range source ID: 56, lines: 42..51, bytes: 1965..2224
2026-09-08T12:56:57.505664Z  WARN foundry_evm_coverage::anchors: could not find anchor item=Statement (location: (source ID: 56, lines: 42..51, bytes: 1965..2224), hits: 0) err=Could not find anchor: No matching instruction in range source ID: 56, lines: 42..51, bytes: 1965..2224
2026-09-08T12:56:57.505650Z  WARN foundry_evm_coverage::anchors: could not find anchor item=Line (location: (source ID: 58, lines: 136..137, bytes: 5512..5550), hits: 0) err=Could not find anchor: No matching instruction in range source ID: 58, lines: 136..137, bytes: 5512..5550
2026-09-08T12:56:57.505626Z  WARN foundry_evm_coverage::anchors: could not find anchor item=Statement (location: (source ID: 57, lines: 60..61, bytes: 2753..2768), hits: 0) err=Could not find anchor: No matching instruction in range source ID: 57, lines: 60..61, bytes: 2753..2768
2026-09-08T12:56:57.505640Z  WARN foundry_evm_coverage::anchors: could not find anchor item=Line (location: (source ID: 59, lines: 72..73, bytes: 2621..2633), hits: 0) err=Could not find anchor: No matching instruction in range source ID: 59, lines: 72..73, bytes: 2621..2633
2026-09-08T12:56:57.505672Z  WARN foundry_evm_coverage::anchors: could not find anchor item=Line (location: (source ID: 56, lines: 51..52, bytes: 2234..2293), hits: 0) err=Could not find anchor: No matching instruction in range source ID: 56, lines: 51..52, bytes: 2234..2293
2026-09-08T12:56:57.505704Z  WARN foundry_evm_coverage::anchors: could not find anchor item=Statement (location: (source ID: 56, lines: 51..52, bytes: 2234..2293), hits: 0) err=Could not find anchor: No matching instruction in range source ID: 56, lines: 51..52, bytes: 2234..2293
2026-09-08T12:56:57.505689Z  WARN foundry_evm_coverage::anchors: could not find anchor item=Statement (location: (source ID: 57, lines: 60..61, bytes: 2753..2798), hits: 0) err=Could not find anchor: No matching instruction in range source ID: 57, lines: 60..61, bytes: 2753..2798
2026-09-08T12:56:57.505696Z  WARN foundry_evm_coverage::anchors: could not find anchor item=Statement (location: (source ID: 59, lines: 72..73, bytes: 2621..2633), hits: 0) err=Could not find anchor: No matching instruction in range source ID: 59, lines: 72..73, bytes: 2621..2633
2026-09-08T12:56:57.505728Z  WARN foundry_evm_coverage::anchors: could not find anchor item=Statement (location: (source ID: 59, lines: 72..73, bytes: 2635..2658), hits: 0) err=Could not find anchor: No matching instruction in range source ID: 59, lines: 72..73, bytes: 2635..2658
2026-09-08T12:56:57.505736Z  WARN foundry_evm_coverage::anchors: could not find anchor item=Branch (branch: 5, path: 0) (location: (source ID: 59, lines: 72..73, bytes: 2635..2658), hits: 0) err=Could not find anchor: No matching instruction in range source ID: 59, lines: 72..73, bytes: 2635..2658
2026-09-08T12:56:57.505712Z  WARN foundry_evm_coverage::anchors: could not find anchor item=Branch (branch: 6, path: 0) (location: (source ID: 56, lines: 51..52, bytes: 2234..2293), hits: 0) err=Could not detect branches in source: source ID: 56, lines: 51..52, bytes: 2234..2293
2026-09-08T12:56:57.505681Z  WARN foundry_evm_coverage::anchors: could not find anchor item=Statement (location: (source ID: 58, lines: 136..137, bytes: 5512..5550), hits: 0) err=Could not find anchor: No matching instruction in range source ID: 58, lines: 136..137, bytes: 5512..5550
2026-09-08T12:56:57.505745Z  WARN foundry_evm_coverage::anchors: could not find anchor item=Line (location: (source ID: 59, lines: 73..74, bytes: 2668..2687), hits: 0) err=Could not find anchor: No matching instruction in range source ID: 59, lines: 73..74, bytes: 2668..2687
2026-09-08T12:56:57.505721Z  WARN foundry_evm_coverage::anchors: could not find anchor item=Statement (location: (source ID: 57, lines: 60..61, bytes: 2772..2784), hits: 0) err=Could not find anchor: No matching instruction in range source ID: 57, lines: 60..61, bytes: 2772..2784
2026-09-08T12:56:57.505764Z  WARN foundry_evm_coverage::anchors: could not find anchor item=Branch (branch: 6, path: 1) (location: (source ID: 56, lines: 51..52, bytes: 2234..2293), hits: 0) err=Could not detect branches in source: source ID: 56, lines: 51..52, bytes: 2234..2293
2026-09-08T12:56:57.505805Z  WARN foundry_evm_coverage::anchors: could not find anchor item=Line (location: (source ID: 56, lines: 52..53, bytes: 2303..2365), hits: 0) err=Could not find anchor: No matching instruction in range source ID: 56, lines: 52..53, bytes: 2303..2365
2026-09-08T12:56:57.505813Z  WARN foundry_evm_coverage::anchors: could not find anchor item=Statement (location: (source ID: 56, lines: 52..53, bytes: 2303..2365), hits: 0) err=Could not find anchor: No matching instruction in range source ID: 56, lines: 52..53, bytes: 2303..2365
2026-09-08T12:56:57.505797Z  WARN foundry_evm_coverage::anchors: could not find anchor item=Statement (location: (source ID: 57, lines: 60..61, bytes: 2772..2798), hits: 0) err=Could not find anchor: No matching instruction in range source ID: 57, lines: 60..61, bytes: 2772..2798
2026-09-08T12:56:57.505774Z  WARN foundry_evm_coverage::anchors: could not find anchor item=Line (location: (source ID: 58, lines: 137..138, bytes: 5564..5586), hits: 0) err=Could not find anchor: No matching instruction in range source ID: 58, lines: 137..138, bytes: 5564..5586
2026-09-08T12:56:57.505788Z  WARN foundry_evm_coverage::anchors: could not find anchor item=Statement (location: (source ID: 59, lines: 73..74, bytes: 2668..2687), hits: 0) err=Could not find anchor: No matching instruction in range source ID: 59, lines: 73..74, bytes: 2668..2687
2026-09-08T12:56:57.505821Z  WARN foundry_evm_coverage::anchors: could not find anchor item=Branch (branch: 7, path: 0) (location: (source ID: 56, lines: 52..53, bytes: 2303..2365), hits: 0) err=Could not detect branches in source: source ID: 56, lines: 52..53, bytes: 2303..2365
2026-09-08T12:56:57.505831Z  WARN foundry_evm_coverage::anchors: could not find anchor item=Statement (location: (source ID: 57, lines: 60..61, bytes: 2800..2820), hits: 0) err=Could not find anchor: No matching instruction in range source ID: 57, lines: 60..61, bytes: 2800..2820
2026-09-08T12:56:57.505839Z  WARN foundry_evm_coverage::anchors: could not find anchor item=Statement (location: (source ID: 58, lines: 137..138, bytes: 5564..5586), hits: 0) err=Could not find anchor: No matching instruction in range source ID: 58, lines: 137..138, bytes: 5564..5586
2026-09-08T12:56:57.505846Z  WARN foundry_evm_coverage::anchors: could not find anchor item=Line (location: (source ID: 59, lines: 74..75, bytes: 2697..2715), hits: 0) err=Could not find anchor: No matching instruction in range source ID: 59, lines: 74..75, bytes: 2697..2715
2026-09-08T12:56:57.505858Z  WARN foundry_evm_coverage::anchors: could not find anchor item=Branch (branch: 7, path: 1) (location: (source ID: 56, lines: 52..53, bytes: 2303..2365), hits: 0) err=Could not detect branches in source: source ID: 56, lines: 52..53, bytes: 2303..2365
2026-09-08T12:56:57.505893Z  WARN foundry_evm_coverage::anchors: could not find anchor item=Line (location: (source ID: 56, lines: 53..56, bytes: 2375..2511), hits: 0) err=Could not find anchor: No matching instruction in range source ID: 56, lines: 53..56, bytes: 2375..2511
2026-09-08T12:56:57.505908Z  WARN foundry_evm_coverage::anchors: could not find anchor item=Statement (location: (source ID: 56, lines: 53..56, bytes: 2375..2511), hits: 0) err=Could not find anchor: No matching instruction in range source ID: 56, lines: 53..56, bytes: 2375..2511
2026-09-08T12:56:57.505885Z  WARN foundry_evm_coverage::anchors: could not find anchor item=Statement (location: (source ID: 59, lines: 74..75, bytes: 2697..2715), hits: 0) err=Could not find anchor: No matching instruction in range source ID: 59, lines: 74..75, bytes: 2697..2715
2026-09-08T12:56:57.505869Z  WARN foundry_evm_coverage::anchors: could not find anchor item=Branch (branch: 4, path: 0) (location: (source ID: 57, lines: 60..61, bytes: 2800..2820), hits: 0) err=Could not find anchor: No matching instruction in range source ID: 57, lines: 60..61, bytes: 2800..2820
2026-09-08T12:56:57.505877Z  WARN foundry_evm_coverage::anchors: could not find anchor item=Statement (location: (source ID: 58, lines: 137..138, bytes: 5588..5618), hits: 0) err=Could not find anchor: No matching instruction in range source ID: 58, lines: 137..138, bytes: 5588..5618
2026-09-08T12:56:57.505915Z  WARN foundry_evm_coverage::anchors: could not find anchor item=Branch (branch: 8, path: 0) (location: (source ID: 56, lines: 53..56, bytes: 2375..2511), hits: 0) err=Could not detect branches in source: source ID: 56, lines: 53..56, bytes: 2375..2511
2026-09-08T12:56:57.505924Z  WARN foundry_evm_coverage::anchors: could not find anchor item=Line (location: (source ID: 59, lines: 78..96, bytes: 2819..3822), hits: 0) err=Could not find anchor: No matching instruction in range source ID: 59, lines: 78..96, bytes: 2819..3822
2026-09-08T12:56:57.505933Z  WARN foundry_evm_coverage::anchors: could not find anchor item=Line (location: (source ID: 57, lines: 61..62, bytes: 2834..2847), hits: 0) err=Could not find anchor: No matching instruction in range source ID: 57, lines: 61..62, bytes: 2834..2847
2026-09-08T12:56:57.505942Z  WARN foundry_evm_coverage::anchors: could not find anchor item=Branch (branch: 4, path: 0) (location: (source ID: 58, lines: 137..138, bytes: 5588..5618), hits: 0) err=Could not find anchor: No matching instruction in range source ID: 58, lines: 137..138, bytes: 5588..5618
2026-09-08T12:56:57.505949Z  WARN foundry_evm_coverage::anchors: could not find anchor item=Branch (branch: 8, path: 1) (location: (source ID: 56, lines: 53..56, bytes: 2375..2511), hits: 0) err=Could not detect branches in source: source ID: 56, lines: 53..56, bytes: 2375..2511
2026-09-08T12:56:57.505982Z  WARN foundry_evm_coverage::anchors: could not find anchor item=Line (location: (source ID: 56, lines: 56..60, bytes: 2521..2673), hits: 0) err=Could not find anchor: No matching instruction in range source ID: 56, lines: 56..60, bytes: 2521..2673
2026-09-08T12:56:57.505989Z  WARN foundry_evm_coverage::anchors: could not find anchor item=Statement (location: (source ID: 56, lines: 56..60, bytes: 2521..2673), hits: 0) err=Could not find anchor: No matching instruction in range source ID: 56, lines: 56..60, bytes: 2521..2673
2026-09-08T12:56:57.505975Z  WARN foundry_evm_coverage::anchors: could not find anchor item=Line (location: (source ID: 58, lines: 138..139, bytes: 5628..5660), hits: 0) err=Could not find anchor: No matching instruction in range source ID: 58, lines: 138..139, bytes: 5628..5660
2026-09-08T12:56:57.505957Z  WARN foundry_evm_coverage::anchors: could not find anchor item=Function "buy" (location: (source ID: 59, lines: 78..96, bytes: 2819..3822), hits: 0) err=Could not find anchor: No matching instruction in range source ID: 59, lines: 78..96, bytes: 2819..3822
2026-09-08T12:56:57.505967Z  WARN foundry_evm_coverage::anchors: could not find anchor item=Statement (location: (source ID: 57, lines: 61..62, bytes: 2834..2847), hits: 0) err=Could not find anchor: No matching instruction in range source ID: 57, lines: 61..62, bytes: 2834..2847
2026-09-08T12:56:57.505996Z  WARN foundry_evm_coverage::anchors: could not find anchor item=Branch (branch: 9, path: 0) (location: (source ID: 56, lines: 56..60, bytes: 2521..2673), hits: 0) err=Could not detect branches in source: source ID: 56, lines: 56..60, bytes: 2521..2673
2026-09-08T12:56:57.506006Z  WARN foundry_evm_coverage::anchors: could not find anchor item=Statement (location: (source ID: 58, lines: 138..139, bytes: 5628..5660), hits: 0) err=Could not find anchor: No matching instruction in range source ID: 58, lines: 138..139, bytes: 5628..5660
2026-09-08T12:56:57.506013Z  WARN foundry_evm_coverage::anchors: could not find anchor item=Line (location: (source ID: 59, lines: 79..80, bytes: 2903..2938), hits: 0) err=Could not find anchor: No matching instruction in range source ID: 59, lines: 79..80, bytes: 2903..2938
2026-09-08T12:56:57.506031Z  WARN foundry_evm_coverage::anchors: could not find anchor item=Line (location: (source ID: 57, lines: 62..63, bytes: 2861..2885), hits: 0) err=Could not find anchor: No matching instruction in range source ID: 57, lines: 62..63, bytes: 2861..2885
2026-09-08T12:56:57.506064Z  WARN foundry_evm_coverage::anchors: could not find anchor item=Statement (location: (source ID: 57, lines: 62..63, bytes: 2861..2885), hits: 0) err=Could not find anchor: No matching instruction in range source ID: 57, lines: 62..63, bytes: 2861..2885
2026-09-08T12:56:57.506038Z  WARN foundry_evm_coverage::anchors: could not find anchor item=Branch (branch: 9, path: 1) (location: (source ID: 56, lines: 56..60, bytes: 2521..2673), hits: 0) err=Could not detect branches in source: source ID: 56, lines: 56..60, bytes: 2521..2673
2026-09-08T12:56:57.506080Z  WARN foundry_evm_coverage::anchors: could not find anchor item=Line (location: (source ID: 56, lines: 62..84, bytes: 2686..3910), hits: 0) err=Could not find anchor: No matching instruction in range source ID: 56, lines: 62..84, bytes: 2686..3910
2026-09-08T12:56:57.506087Z  WARN foundry_evm_coverage::anchors: could not find anchor item=Function "run" (location: (source ID: 56, lines: 62..84, bytes: 2686..3910), hits: 0) err=Could not find anchor: No matching instruction in range source ID: 56, lines: 62..84, bytes: 2686..3910
2026-09-08T12:56:57.506095Z  WARN foundry_evm_coverage::anchors: could not find anchor item=Line (location: (source ID: 56, lines: 63..64, bytes: 2753..2797), hits: 0) err=Could not find anchor: No matching instruction in range source ID: 56, lines: 63..64, bytes: 2753..2797
2026-09-08T12:56:57.506102Z  WARN foundry_evm_coverage::anchors: could not find anchor item=Statement (location: (source ID: 56, lines: 63..64, bytes: 2753..2797), hits: 0) err=Could not find anchor: No matching instruction in range source ID: 56, lines: 63..64, bytes: 2753..2797
2026-09-08T12:56:57.506109Z  WARN foundry_evm_coverage::anchors: could not find anchor item=Statement (location: (source ID: 56, lines: 63..64, bytes: 2785..2797), hits: 0) err=Could not find anchor: No matching instruction in range source ID: 56, lines: 63..64, bytes: 2785..2797
2026-09-08T12:56:57.506116Z  WARN foundry_evm_coverage::anchors: could not find anchor item=Line (location: (source ID: 56, lines: 64..65, bytes: 2807..2846), hits: 0) err=Could not find anchor: No matching instruction in range source ID: 56, lines: 64..65, bytes: 2807..2846
2026-09-08T12:56:57.506123Z  WARN foundry_evm_coverage::anchors: could not find anchor item=Statement (location: (source ID: 56, lines: 64..65, bytes: 2807..2846), hits: 0) err=Could not find anchor: No matching instruction in range source ID: 56, lines: 64..65, bytes: 2807..2846
2026-09-08T12:56:57.506130Z  WARN foundry_evm_coverage::anchors: could not find anchor item=Line (location: (source ID: 56, lines: 65..66, bytes: 2856..2908), hits: 0) err=Could not find anchor: No matching instruction in range source ID: 56, lines: 65..66, bytes: 2856..2908
2026-09-08T12:56:57.506137Z  WARN foundry_evm_coverage::anchors: could not find anchor item=Statement (location: (source ID: 56, lines: 65..66, bytes: 2856..2908), hits: 0) err=Could not find anchor: No matching instruction in range source ID: 56, lines: 65..66, bytes: 2856..2908
2026-09-08T12:56:57.506151Z  WARN foundry_evm_coverage::anchors: could not find anchor item=Line (location: (source ID: 56, lines: 66..67, bytes: 2918..2959), hits: 0) err=Could not find anchor: No matching instruction in range source ID: 56, lines: 66..67, bytes: 2918..2959
2026-09-08T12:56:57.506159Z  WARN foundry_evm_coverage::anchors: could not find anchor item=Statement (location: (source ID: 56, lines: 66..67, bytes: 2918..2959), hits: 0) err=Could not find anchor: No matching instruction in range source ID: 56, lines: 66..67, bytes: 2918..2959
2026-09-08T12:56:57.506166Z  WARN foundry_evm_coverage::anchors: could not find anchor item=Line (location: (source ID: 56, lines: 67..68, bytes: 2969..3014), hits: 0) err=Could not find anchor: No matching instruction in range source ID: 56, lines: 67..68, bytes: 2969..3014
2026-09-08T12:56:57.506173Z  WARN foundry_evm_coverage::anchors: could not find anchor item=Statement (location: (source ID: 56, lines: 67..68, bytes: 2969..3014), hits: 0) err=Could not find anchor: No matching instruction in range source ID: 56, lines: 67..68, bytes: 2969..3014
2026-09-08T12:56:57.506180Z  WARN foundry_evm_coverage::anchors: could not find anchor item=Line (location: (source ID: 56, lines: 68..69, bytes: 3024..3073), hits: 0) err=Could not find anchor: No matching instruction in range source ID: 56, lines: 68..69, bytes: 3024..3073
2026-09-08T12:56:57.506187Z  WARN foundry_evm_coverage::anchors: could not find anchor item=Statement (location: (source ID: 56, lines: 68..69, bytes: 3024..3073), hits: 0) err=Could not find anchor: No matching instruction in range source ID: 56, lines: 68..69, bytes: 3024..3073
2026-09-08T12:56:57.506194Z  WARN foundry_evm_coverage::anchors: could not find anchor item=Line (location: (source ID: 56, lines: 69..70, bytes: 3083..3158), hits: 0) err=Could not find anchor: No matching instruction in range source ID: 56, lines: 69..70, bytes: 3083..3158
2026-09-08T12:56:57.506201Z  WARN foundry_evm_coverage::anchors: could not find anchor item=Statement (location: (source ID: 56, lines: 69..70, bytes: 3083..3158), hits: 0) err=Could not find anchor: No matching instruction in range source ID: 56, lines: 69..70, bytes: 3083..3158
2026-09-08T12:56:57.506208Z  WARN foundry_evm_coverage::anchors: could not find anchor item=Line (location: (source ID: 56, lines: 70..71, bytes: 3168..3234), hits: 0) err=Could not find anchor: No matching instruction in range source ID: 56, lines: 70..71, bytes: 3168..3234
2026-09-08T12:56:57.506215Z  WARN foundry_evm_coverage::anchors: could not find anchor item=Statement (location: (source ID: 56, lines: 70..71, bytes: 3168..3234), hits: 0) err=Could not find anchor: No matching instruction in range source ID: 56, lines: 70..71, bytes: 3168..3234
2026-09-08T12:56:57.506221Z  WARN foundry_evm_coverage::anchors: could not find anchor item=Line (location: (source ID: 56, lines: 71..72, bytes: 3244..3301), hits: 0) err=Could not find anchor: No matching instruction in range source ID: 56, lines: 71..72, bytes: 3244..3301
2026-09-08T12:56:57.506229Z  WARN foundry_evm_coverage::anchors: could not find anchor item=Statement (location: (source ID: 56, lines: 71..72, bytes: 3244..3301), hits: 0) err=Could not find anchor: No matching instruction in range source ID: 56, lines: 71..72, bytes: 3244..3301
2026-09-08T12:56:57.506235Z  WARN foundry_evm_coverage::anchors: could not find anchor item=Line (location: (source ID: 56, lines: 72..73, bytes: 3311..3361), hits: 0) err=Could not find anchor: No matching instruction in range source ID: 56, lines: 72..73, bytes: 3311..3361
2026-09-08T12:56:57.506243Z  WARN foundry_evm_coverage::anchors: could not find anchor item=Statement (location: (source ID: 56, lines: 72..73, bytes: 3311..3361), hits: 0) err=Could not find anchor: No matching instruction in range source ID: 56, lines: 72..73, bytes: 3311..3361
2026-09-08T12:56:57.506249Z  WARN foundry_evm_coverage::anchors: could not find anchor item=Line (location: (source ID: 56, lines: 73..74, bytes: 3371..3390), hits: 0) err=Could not find anchor: No matching instruction in range source ID: 56, lines: 73..74, bytes: 3371..3390
2026-09-08T12:56:57.506055Z  WARN foundry_evm_coverage::anchors: could not find anchor item=Statement (location: (source ID: 59, lines: 79..80, bytes: 2903..2938), hits: 0) err=Could not find anchor: No matching instruction in range source ID: 59, lines: 79..80, bytes: 2903..2938
2026-09-08T12:56:57.506048Z  WARN foundry_evm_coverage::anchors: could not find anchor item=Line (location: (source ID: 58, lines: 139..140, bytes: 5670..5712), hits: 0) err=Could not find anchor: No matching instruction in range source ID: 58, lines: 139..140, bytes: 5670..5712
2026-09-08T12:56:57.506073Z  WARN foundry_evm_coverage::anchors: could not find anchor item=Line (location: (source ID: 57, lines: 68..77, bytes: 3124..3601), hits: 0) err=Could not find anchor: No matching instruction in range source ID: 57, lines: 68..77, bytes: 3124..3601
2026-09-08T12:56:57.506263Z  WARN foundry_evm_coverage::anchors: could not find anchor item=Statement (location: (source ID: 56, lines: 73..74, bytes: 3371..3390), hits: 0) err=Could not find anchor: No matching instruction in range source ID: 56, lines: 73..74, bytes: 3371..3390
2026-09-08T12:56:57.506297Z  WARN foundry_evm_coverage::anchors: could not find anchor item=Line (location: (source ID: 56, lines: 74..75, bytes: 3400..3431), hits: 0) err=Could not find anchor: No matching instruction in range source ID: 56, lines: 74..75, bytes: 3400..3431
2026-09-08T12:56:57.506304Z  WARN foundry_evm_coverage::anchors: could not find anchor item=Statement (location: (source ID: 56, lines: 74..75, bytes: 3400..3431), hits: 0) err=Could not find anchor: No matching instruction in range source ID: 56, lines: 74..75, bytes: 3400..3431
2026-09-08T12:56:57.506311Z  WARN foundry_evm_coverage::anchors: could not find anchor item=Line (location: (source ID: 56, lines: 75..76, bytes: 3441..3459), hits: 0) err=Could not find anchor: No matching instruction in range source ID: 56, lines: 75..76, bytes: 3441..3459
2026-09-08T12:56:57.506318Z  WARN foundry_evm_coverage::anchors: could not find anchor item=Statement (location: (source ID: 56, lines: 75..76, bytes: 3441..3459), hits: 0) err=Could not find anchor: No matching instruction in range source ID: 56, lines: 75..76, bytes: 3441..3459
2026-09-08T12:56:57.506282Z  WARN foundry_evm_coverage::anchors: could not find anchor item=Statement (location: (source ID: 58, lines: 139..140, bytes: 5670..5712), hits: 0) err=Could not find anchor: No matching instruction in range source ID: 58, lines: 139..140, bytes: 5670..5712
2026-09-08T12:56:57.506290Z  WARN foundry_evm_coverage::anchors: could not find anchor item=Function "setMetadataURI" (location: (source ID: 57, lines: 68..77, bytes: 3124..3601), hits: 0) err=Could not find anchor: No matching instruction in range source ID: 57, lines: 68..77, bytes: 3124..3601
2026-09-08T12:56:57.506272Z  WARN foundry_evm_coverage::anchors: could not find anchor item=Line (location: (source ID: 59, lines: 80..81, bytes: 2952..2964), hits: 0) err=Could not find anchor: No matching instruction in range source ID: 59, lines: 80..81, bytes: 2952..2964
2026-09-08T12:56:57.506326Z  WARN foundry_evm_coverage::anchors: could not find anchor item=Line (location: (source ID: 56, lines: 76..77, bytes: 3469..3555), hits: 0) err=Could not find anchor: No matching instruction in range source ID: 56, lines: 76..77, bytes: 3469..3555
2026-09-08T12:56:57.506359Z  WARN foundry_evm_coverage::anchors: could not find anchor item=Statement (location: (source ID: 56, lines: 76..77, bytes: 3469..3555), hits: 0) err=Could not find anchor: No matching instruction in range source ID: 56, lines: 76..77, bytes: 3469..3555
2026-09-08T12:56:57.506343Z  WARN foundry_evm_coverage::anchors: could not find anchor item=Line (location: (source ID: 57, lines: 69..70, bytes: 3208..3240), hits: 0) err=Could not find anchor: No matching instruction in range source ID: 57, lines: 69..70, bytes: 3208..3240
2026-09-08T12:56:57.506351Z  WARN foundry_evm_coverage::anchors: could not find anchor item=Statement (location: (source ID: 59, lines: 80..81, bytes: 2952..2964), hits: 0) err=Could not find anchor: No matching instruction in range source ID: 59, lines: 80..81, bytes: 2952..2964
2026-09-08T12:56:57.506390Z  WARN foundry_evm_coverage::anchors: could not find anchor item=Statement (location: (source ID: 59, lines: 80..81, bytes: 2952..2998), hits: 0) err=Could not find anchor: No matching instruction in range source ID: 59, lines: 80..81, bytes: 2952..2998
2026-09-08T12:56:57.506397Z  WARN foundry_evm_coverage::anchors: could not find anchor item=Statement (location: (source ID: 59, lines: 80..81, bytes: 2968..2998), hits: 0) err=Could not find anchor: No matching instruction in range source ID: 59, lines: 80..81, bytes: 2968..2998
2026-09-08T12:56:57.506383Z  WARN foundry_evm_coverage::anchors: could not find anchor item=Statement (location: (source ID: 57, lines: 69..70, bytes: 3208..3240), hits: 0) err=Could not find anchor: No matching instruction in range source ID: 57, lines: 69..70, bytes: 3208..3240
2026-09-08T12:56:57.506336Z  WARN foundry_evm_coverage::anchors: could not find anchor item=Line (location: (source ID: 58, lines: 144..152, bytes: 5918..6280), hits: 0) err=Could not find anchor: No matching instruction in range source ID: 58, lines: 144..152, bytes: 5918..6280
2026-09-08T12:56:57.506367Z  WARN foundry_evm_coverage::anchors: could not find anchor item=Branch (branch: 10, path: 0) (location: (source ID: 56, lines: 76..77, bytes: 3469..3555), hits: 0) err=Could not detect branches in source: source ID: 56, lines: 76..77, bytes: 3469..3555
2026-09-08T12:56:57.506404Z  WARN foundry_evm_coverage::anchors: could not find anchor item=Statement (location: (source ID: 59, lines: 80..81, bytes: 3000..3023), hits: 0) err=Could not find anchor: No matching instruction in range source ID: 59, lines: 80..81, bytes: 3000..3023
2026-09-08T12:56:57.506437Z  WARN foundry_evm_coverage::anchors: could not find anchor item=Branch (branch: 6, path: 0) (location: (source ID: 59, lines: 80..81, bytes: 3000..3023), hits: 0) err=Could not find anchor: No matching instruction in range source ID: 59, lines: 80..81, bytes: 3000..3023
2026-09-08T12:56:57.506445Z  WARN foundry_evm_coverage::anchors: could not find anchor item=Line (location: (source ID: 59, lines: 81..82, bytes: 3037..3088), hits: 0) err=Could not find anchor: No matching instruction in range source ID: 59, lines: 81..82, bytes: 3037..3088
2026-09-08T12:56:57.506452Z  WARN foundry_evm_coverage::anchors: could not find anchor item=Statement (location: (source ID: 59, lines: 81..82, bytes: 3037..3088), hits: 0) err=Could not find anchor: No matching instruction in range source ID: 59, lines: 81..82, bytes: 3037..3088
2026-09-08T12:56:57.506459Z  WARN foundry_evm_coverage::anchors: could not find anchor item=Statement (location: (source ID: 59, lines: 81..82, bytes: 3037..3110), hits: 0) err=Could not find anchor: No matching instruction in range source ID: 59, lines: 81..82, bytes: 3037..3110
2026-09-08T12:56:57.506467Z  WARN foundry_evm_coverage::anchors: could not find anchor item=Statement (location: (source ID: 59, lines: 81..82, bytes: 3112..3135), hits: 0) err=Could not find anchor: No matching instruction in range source ID: 59, lines: 81..82, bytes: 3112..3135
2026-09-08T12:56:57.506429Z  WARN foundry_evm_coverage::anchors: could not find anchor item=Branch (branch: 10, path: 1) (location: (source ID: 56, lines: 76..77, bytes: 3469..3555), hits: 0) err=Could not detect branches in source: source ID: 56, lines: 76..77, bytes: 3469..3555
2026-09-08T12:56:57.506483Z  WARN foundry_evm_coverage::anchors: could not find anchor item=Line (location: (source ID: 56, lines: 77..80, bytes: 3565..3701), hits: 0) err=Could not find anchor: No matching instruction in range source ID: 56, lines: 77..80, bytes: 3565..3701
2026-09-08T12:56:57.506490Z  WARN foundry_evm_coverage::anchors: could not find anchor item=Statement (location: (source ID: 56, lines: 77..80, bytes: 3565..3701), hits: 0) err=Could not find anchor: No matching instruction in range source ID: 56, lines: 77..80, bytes: 3565..3701
2026-09-08T12:56:57.506474Z  WARN foundry_evm_coverage::anchors: could not find anchor item=Branch (branch: 7, path: 0) (location: (source ID: 59, lines: 81..82, bytes: 3112..3135), hits: 0) err=Could not find anchor: No matching instruction in range source ID: 59, lines: 81..82, bytes: 3112..3135
2026-09-08T12:56:57.506515Z  WARN foundry_evm_coverage::anchors: could not find anchor item=Line (location: (source ID: 59, lines: 82..83, bytes: 3149..3188), hits: 0) err=Could not find anchor: No matching instruction in range source ID: 59, lines: 82..83, bytes: 3149..3188
2026-09-08T12:56:57.506522Z  WARN foundry_evm_coverage::anchors: could not find anchor item=Statement (location: (source ID: 59, lines: 82..83, bytes: 3149..3188), hits: 0) err=Could not find anchor: No matching instruction in range source ID: 59, lines: 82..83, bytes: 3149..3188
2026-09-08T12:56:57.506506Z  WARN foundry_evm_coverage::anchors: could not find anchor item=Branch (branch: 11, path: 0) (location: (source ID: 56, lines: 77..80, bytes: 3565..3701), hits: 0) err=Could not detect branches in source: source ID: 56, lines: 77..80, bytes: 3565..3701
2026-09-08T12:56:57.506414Z  WARN foundry_evm_coverage::anchors: could not find anchor item=Statement (location: (source ID: 57, lines: 69..70, bytes: 3222..3240), hits: 0) err=Could not find anchor: No matching instruction in range source ID: 57, lines: 69..70, bytes: 3222..3240
2026-09-08T12:56:57.506422Z  WARN foundry_evm_coverage::anchors: could not find anchor item=Function "acceptPayoutWallet" (location: (source ID: 58, lines: 144..152, bytes: 5918..6280), hits: 0) err=Could not find anchor: No matching instruction in range source ID: 58, lines: 144..152, bytes: 5918..6280
2026-09-08T12:56:57.506530Z  WARN foundry_evm_coverage::anchors: could not find anchor item=Statement (location: (source ID: 59, lines: 82..83, bytes: 3190..3210), hits: 0) err=Could not find anchor: No matching instruction in range source ID: 59, lines: 82..83, bytes: 3190..3210
2026-09-08T12:56:57.506539Z  WARN foundry_evm_coverage::anchors: could not find anchor item=Branch (branch: 11, path: 1) (location: (source ID: 56, lines: 77..80, bytes: 3565..3701), hits: 0) err=Could not detect branches in source: source ID: 56, lines: 77..80, bytes: 3565..3701
2026-09-08T12:56:57.506572Z  WARN foundry_evm_coverage::anchors: could not find anchor item=Line (location: (source ID: 56, lines: 80..81, bytes: 3711..3753), hits: 0) err=Could not find anchor: No matching instruction in range source ID: 56, lines: 80..81, bytes: 3711..3753
2026-09-08T12:56:57.506579Z  WARN foundry_evm_coverage::anchors: could not find anchor item=Statement (location: (source ID: 56, lines: 80..81, bytes: 3711..3753), hits: 0) err=Could not find anchor: No matching instruction in range source ID: 56, lines: 80..81, bytes: 3711..3753
2026-09-08T12:56:57.506564Z  WARN foundry_evm_coverage::anchors: could not find anchor item=Branch (branch: 8, path: 0) (location: (source ID: 59, lines: 82..83, bytes: 3190..3210), hits: 0) err=Could not find anchor: No matching instruction in range source ID: 59, lines: 82..83, bytes: 3190..3210
2026-09-08T12:56:57.506595Z  WARN foundry_evm_coverage::anchors: could not find anchor item=Line (location: (source ID: 59, lines: 83..84, bytes: 3224..3247), hits: 0) err=Could not find anchor: No matching instruction in range source ID: 59, lines: 83..84, bytes: 3224..3247
2026-09-08T12:56:57.506602Z  WARN foundry_evm_coverage::anchors: could not find anchor item=Statement (location: (source ID: 59, lines: 83..84, bytes: 3224..3247), hits: 0) err=Could not find anchor: No matching instruction in range source ID: 59, lines: 83..84, bytes: 3224..3247
2026-09-08T12:56:57.506609Z  WARN foundry_evm_coverage::anchors: could not find anchor item=Statement (location: (source ID: 59, lines: 83..84, bytes: 3224..3301), hits: 0) err=Could not find anchor: No matching instruction in range source ID: 59, lines: 83..84, bytes: 3224..3301
2026-09-08T12:56:57.506548Z  WARN foundry_evm_coverage::anchors: could not find anchor item=Statement (location: (source ID: 57, lines: 69..70, bytes: 3242..3263), hits: 0) err=Could not find anchor: No matching instruction in range source ID: 57, lines: 69..70, bytes: 3242..3263
2026-09-08T12:56:57.506557Z  WARN foundry_evm_coverage::anchors: could not find anchor item=Line (location: (source ID: 58, lines: 145..146, bytes: 5980..6018), hits: 0) err=Could not find anchor: No matching instruction in range source ID: 58, lines: 145..146, bytes: 5980..6018
2026-09-08T12:56:57.506587Z  WARN foundry_evm_coverage::anchors: could not find anchor item=Line (location: (source ID: 56, lines: 81..82, bytes: 3763..3815), hits: 0) err=Could not find anchor: No matching instruction in range source ID: 56, lines: 81..82, bytes: 3763..3815
2026-09-08T12:56:57.506648Z  WARN foundry_evm_coverage::anchors: could not find anchor item=Statement (location: (source ID: 56, lines: 81..82, bytes: 3763..3815), hits: 0) err=Could not find anchor: No matching instruction in range source ID: 56, lines: 81..82, bytes: 3763..3815
2026-09-08T12:56:57.506655Z  WARN foundry_evm_coverage::anchors: could not find anchor item=Line (location: (source ID: 56, lines: 82..83, bytes: 3825..3903), hits: 0) err=Could not find anchor: No matching instruction in range source ID: 56, lines: 82..83, bytes: 3825..3903
2026-09-08T12:56:57.506663Z  WARN foundry_evm_coverage::anchors: could not find anchor item=Statement (location: (source ID: 56, lines: 82..83, bytes: 3825..3903), hits: 0) err=Could not find anchor: No matching instruction in range source ID: 56, lines: 82..83, bytes: 3825..3903
2026-09-08T12:56:57.506624Z  WARN foundry_evm_coverage::anchors: could not find anchor item=Statement (location: (source ID: 59, lines: 83..84, bytes: 3251..3277), hits: 0) err=Could not find anchor: No matching instruction in range source ID: 59, lines: 83..84, bytes: 3251..3277
2026-09-08T12:56:57.506678Z  WARN foundry_evm_coverage::anchors: could not find anchor item=Statement (location: (source ID: 59, lines: 83..84, bytes: 3251..3301), hits: 0) err=Could not find anchor: No matching instruction in range source ID: 59, lines: 83..84, bytes: 3251..3301
2026-09-08T12:56:57.506686Z  WARN foundry_evm_coverage::anchors: could not find anchor item=Statement (location: (source ID: 59, lines: 83..84, bytes: 3281..3301), hits: 0) err=Could not find anchor: No matching instruction in range source ID: 59, lines: 83..84, bytes: 3281..3301
2026-09-08T12:56:57.506693Z  WARN foundry_evm_coverage::anchors: could not find anchor item=Statement (location: (source ID: 59, lines: 83..84, bytes: 3303..3328), hits: 0) err=Could not find anchor: No matching instruction in range source ID: 59, lines: 83..84, bytes: 3303..3328
2026-09-08T12:56:57.506641Z  WARN foundry_evm_coverage::anchors: could not find anchor item=Statement (location: (source ID: 58, lines: 145..146, bytes: 5980..6018), hits: 0) err=Could not find anchor: No matching instruction in range source ID: 58, lines: 145..146, bytes: 5980..6018
2026-09-08T12:56:57.506633Z  WARN foundry_evm_coverage::anchors: could not find anchor item=Branch (branch: 5, path: 0) (location: (source ID: 57, lines: 69..70, bytes: 3242..3263), hits: 0) err=Could not find anchor: No matching instruction in range source ID: 57, lines: 69..70, bytes: 3242..3263
2026-09-08T12:56:57.506700Z  WARN foundry_evm_coverage::anchors: could not find anchor item=Branch (branch: 9, path: 0) (location: (source ID: 59, lines: 83..84, bytes: 3303..3328), hits: 0) err=Could not find anchor: No matching instruction in range source ID: 59, lines: 83..84, bytes: 3303..3328
2026-09-08T12:56:57.506713Z  WARN foundry_evm_coverage::anchors: could not find anchor item=Line (location: (source ID: 58, lines: 146..147, bytes: 6032..6054), hits: 0) err=Could not find anchor: No matching instruction in range source ID: 58, lines: 146..147, bytes: 6032..6054
2026-09-08T12:56:57.506720Z  WARN foundry_evm_coverage::anchors: could not find anchor item=Line (location: (source ID: 57, lines: 70..71, bytes: 3273..3305), hits: 0) err=Could not find anchor: No matching instruction in range source ID: 57, lines: 70..71, bytes: 3273..3305
2026-09-08T12:56:57.506729Z  WARN foundry_evm_coverage::anchors: could not find anchor item=Line (location: (source ID: 59, lines: 84..85, bytes: 3338..3364), hits: 0) err=Could not find anchor: No matching instruction in range source ID: 59, lines: 84..85, bytes: 3338..3364
2026-09-08T12:56:57.506755Z  WARN foundry_evm_coverage::anchors: could not find anchor item=Statement (location: (source ID: 59, lines: 84..85, bytes: 3338..3364), hits: 0) err=Could not find anchor: No matching instruction in range source ID: 59, lines: 84..85, bytes: 3338..3364
2026-09-08T12:56:57.506762Z  WARN foundry_evm_coverage::anchors: could not find anchor item=Line (location: (source ID: 59, lines: 85..86, bytes: 3378..3396), hits: 0) err=Could not find anchor: No matching instruction in range source ID: 59, lines: 85..86, bytes: 3378..3396
2026-09-08T12:56:57.506770Z  WARN foundry_evm_coverage::anchors: could not find anchor item=Statement (location: (source ID: 59, lines: 85..86, bytes: 3378..3396), hits: 0) err=Could not find anchor: No matching instruction in range source ID: 59, lines: 85..86, bytes: 3378..3396
2026-09-08T12:56:57.506748Z  WARN foundry_evm_coverage::anchors: could not find anchor item=Statement (location: (source ID: 57, lines: 70..71, bytes: 3273..3305), hits: 0) err=Could not find anchor: No matching instruction in range source ID: 57, lines: 70..71, bytes: 3273..3305
2026-09-08T12:56:57.506739Z  WARN foundry_evm_coverage::anchors: could not find anchor item=Statement (location: (source ID: 58, lines: 146..147, bytes: 6032..6054), hits: 0) err=Could not find anchor: No matching instruction in range source ID: 58, lines: 146..147, bytes: 6032..6054
2026-09-08T12:56:57.506777Z  WARN foundry_evm_coverage::anchors: could not find anchor item=Statement (location: (source ID: 59, lines: 85..86, bytes: 3398..3423), hits: 0) err=Could not find anchor: No matching instruction in range source ID: 59, lines: 85..86, bytes: 3398..3423
2026-09-08T12:56:57.506787Z  WARN foundry_evm_coverage::anchors: could not find anchor item=Line (location: (source ID: 57, lines: 71..72, bytes: 3319..3334), hits: 0) err=Could not find anchor: No matching instruction in range source ID: 57, lines: 71..72, bytes: 3319..3334
2026-09-08T12:56:57.506796Z  WARN foundry_evm_coverage::anchors: could not find anchor item=Statement (location: (source ID: 58, lines: 146..147, bytes: 6032..6080), hits: 0) err=Could not find anchor: No matching instruction in range source ID: 58, lines: 146..147, bytes: 6032..6080
2026-09-08T12:56:57.506803Z  WARN foundry_evm_coverage::anchors: could not find anchor item=Branch (branch: 10, path: 0) (location: (source ID: 59, lines: 85..86, bytes: 3398..3423), hits: 0) err=Could not find anchor: No matching instruction in range source ID: 59, lines: 85..86, bytes: 3398..3423
2026-09-08T12:56:57.506829Z  WARN foundry_evm_coverage::anchors: could not find anchor item=Line (location: (source ID: 59, lines: 86..87, bytes: 3433..3505), hits: 0) err=Could not find anchor: No matching instruction in range source ID: 59, lines: 86..87, bytes: 3433..3505
2026-09-08T12:56:57.506837Z  WARN foundry_evm_coverage::anchors: could not find anchor item=Statement (location: (source ID: 59, lines: 86..87, bytes: 3433..3505), hits: 0) err=Could not find anchor: No matching instruction in range source ID: 59, lines: 86..87, bytes: 3433..3505
2026-09-08T12:56:57.506844Z  WARN foundry_evm_coverage::anchors: could not find anchor item=Statement (location: (source ID: 59, lines: 86..87, bytes: 3455..3505), hits: 0) err=Could not find anchor: No matching instruction in range source ID: 59, lines: 86..87, bytes: 3455..3505
2026-09-08T12:56:57.506822Z  WARN foundry_evm_coverage::anchors: could not find anchor item=Statement (location: (source ID: 58, lines: 146..147, bytes: 6058..6080), hits: 0) err=Could not find anchor: No matching instruction in range source ID: 58, lines: 146..147, bytes: 6058..6080
2026-09-08T12:56:57.506813Z  WARN foundry_evm_coverage::anchors: could not find anchor item=Statement (location: (source ID: 57, lines: 71..72, bytes: 3319..3334), hits: 0) err=Could not find anchor: No matching instruction in range source ID: 57, lines: 71..72, bytes: 3319..3334
2026-09-08T12:56:57.506851Z  WARN foundry_evm_coverage::anchors: could not find anchor item=Line (location: (source ID: 59, lines: 88..89, bytes: 3516..3535), hits: 0) err=Could not find anchor: No matching instruction in range source ID: 59, lines: 88..89, bytes: 3516..3535
2026-09-08T12:56:57.506877Z  WARN foundry_evm_coverage::anchors: could not find anchor item=Statement (location: (source ID: 59, lines: 88..89, bytes: 3516..3535), hits: 0) err=Could not find anchor: No matching instruction in range source ID: 59, lines: 88..89, bytes: 3516..3535
2026-09-08T12:56:57.506869Z  WARN foundry_evm_coverage::anchors: could not find anchor item=Statement (location: (source ID: 57, lines: 71..72, bytes: 3319..3372), hits: 0) err=Could not find anchor: No matching instruction in range source ID: 57, lines: 71..72, bytes: 3319..3372
2026-09-08T12:56:57.506861Z  WARN foundry_evm_coverage::anchors: could not find anchor item=Statement (location: (source ID: 58, lines: 146..147, bytes: 6082..6103), hits: 0) err=Could not find anchor: No matching instruction in range source ID: 58, lines: 146..147, bytes: 6082..6103
2026-09-08T12:56:57.506885Z  WARN foundry_evm_coverage::anchors: could not find anchor item=Line (location: (source ID: 59, lines: 89..90, bytes: 3545..3572), hits: 0) err=Could not find anchor: No matching instruction in range source ID: 59, lines: 89..90, bytes: 3545..3572
2026-09-08T12:56:57.506910Z  WARN foundry_evm_coverage::anchors: could not find anchor item=Statement (location: (source ID: 59, lines: 89..90, bytes: 3545..3572), hits: 0) err=Could not find anchor: No matching instruction in range source ID: 59, lines: 89..90, bytes: 3545..3572
2026-09-08T12:56:57.506917Z  WARN foundry_evm_coverage::anchors: could not find anchor item=Line (location: (source ID: 59, lines: 90..91, bytes: 3582..3621), hits: 0) err=Could not find anchor: No matching instruction in range source ID: 59, lines: 90..91, bytes: 3582..3621
2026-09-08T12:56:57.506925Z  WARN foundry_evm_coverage::anchors: could not find anchor item=Statement (location: (source ID: 59, lines: 90..91, bytes: 3582..3621), hits: 0) err=Could not find anchor: No matching instruction in range source ID: 59, lines: 90..91, bytes: 3582..3621
2026-09-08T12:56:57.506903Z  WARN foundry_evm_coverage::anchors: could not find anchor item=Branch (branch: 5, path: 0) (location: (source ID: 58, lines: 146..147, bytes: 6082..6103), hits: 0) err=Could not find anchor: No matching instruction in range source ID: 58, lines: 146..147, bytes: 6082..6103
2026-09-08T12:56:57.506894Z  WARN foundry_evm_coverage::anchors: could not find anchor item=Statement (location: (source ID: 57, lines: 71..72, bytes: 3338..3372), hits: 0) err=Could not find anchor: No matching instruction in range source ID: 57, lines: 71..72, bytes: 3338..3372
2026-09-08T12:56:57.506932Z  WARN foundry_evm_coverage::anchors: could not find anchor item=Line (location: (source ID: 59, lines: 91..92, bytes: 3631..3652), hits: 0) err=Could not find anchor: No matching instruction in range source ID: 59, lines: 91..92, bytes: 3631..3652
2026-09-08T12:56:57.506958Z  WARN foundry_evm_coverage::anchors: could not find anchor item=Statement (location: (source ID: 59, lines: 91..92, bytes: 3631..3652), hits: 0) err=Could not find anchor: No matching instruction in range source ID: 59, lines: 91..92, bytes: 3631..3652
2026-09-08T12:56:57.506950Z  WARN foundry_evm_coverage::anchors: could not find anchor item=Statement (location: (source ID: 57, lines: 71..72, bytes: 3374..3403), hits: 0) err=Could not find anchor: No matching instruction in range source ID: 57, lines: 71..72, bytes: 3374..3403
2026-09-08T12:56:57.506942Z  WARN foundry_evm_coverage::anchors: could not find anchor item=Line (location: (source ID: 58, lines: 147..148, bytes: 6113..6144), hits: 0) err=Could not find anchor: No matching instruction in range source ID: 58, lines: 147..148, bytes: 6113..6144
2026-09-08T12:56:57.506966Z  WARN foundry_evm_coverage::anchors: could not find anchor item=Line (location: (source ID: 59, lines: 93..94, bytes: 3663..3734), hits: 0) err=Could not find anchor: No matching instruction in range source ID: 59, lines: 93..94, bytes: 3663..3734
2026-09-08T12:56:57.506993Z  WARN foundry_evm_coverage::anchors: could not find anchor item=Statement (location: (source ID: 59, lines: 93..94, bytes: 3663..3734), hits: 0) err=Could not find anchor: No matching instruction in range source ID: 59, lines: 93..94, bytes: 3663..3734
2026-09-08T12:56:57.507000Z  WARN foundry_evm_coverage::anchors: could not find anchor item=Line (location: (source ID: 59, lines: 94..95, bytes: 3744..3815), hits: 0) err=Could not find anchor: No matching instruction in range source ID: 59, lines: 94..95, bytes: 3744..3815
2026-09-08T12:56:57.507008Z  WARN foundry_evm_coverage::anchors: could not find anchor item=Statement (location: (source ID: 59, lines: 94..95, bytes: 3744..3815), hits: 0) err=Could not find anchor: No matching instruction in range source ID: 59, lines: 94..95, bytes: 3744..3815
2026-09-08T12:56:57.507015Z  WARN foundry_evm_coverage::anchors: could not find anchor item=Line (location: (source ID: 59, lines: 97..100, bytes: 3828..3969), hits: 0) err=Could not find anchor: No matching instruction in range source ID: 59, lines: 97..100, bytes: 3828..3969
2026-09-08T12:56:57.506975Z  WARN foundry_evm_coverage::anchors: could not find anchor item=Branch (branch: 6, path: 0) (location: (source ID: 57, lines: 71..72, bytes: 3374..3403), hits: 0) err=Could not find anchor: No matching instruction in range source ID: 57, lines: 71..72, bytes: 3374..3403
2026-09-08T12:56:57.507032Z  WARN foundry_evm_coverage::anchors: could not find anchor item=Line (location: (source ID: 57, lines: 72..73, bytes: 3413..3452), hits: 0) err=Could not find anchor: No matching instruction in range source ID: 57, lines: 72..73, bytes: 3413..3452
2026-09-08T12:56:57.506986Z  WARN foundry_evm_coverage::anchors: could not find anchor item=Statement (location: (source ID: 58, lines: 147..148, bytes: 6113..6144), hits: 0) err=Could not find anchor: No matching instruction in range source ID: 58, lines: 147..148, bytes: 6113..6144
2026-09-08T12:56:57.507041Z  WARN foundry_evm_coverage::anchors: could not find anchor item=Statement (location: (source ID: 57, lines: 72..73, bytes: 3413..3452), hits: 0) err=Could not find anchor: No matching instruction in range source ID: 57, lines: 72..73, bytes: 3413..3452
2026-09-08T12:56:57.507022Z  WARN foundry_evm_coverage::anchors: could not find anchor item=Function "_tokenRescueAdmin" (location: (source ID: 59, lines: 97..100, bytes: 3828..3969), hits: 0) err=Could not find anchor: No matching instruction in range source ID: 59, lines: 97..100, bytes: 3828..3969
2026-09-08T12:56:57.507078Z  WARN foundry_evm_coverage::anchors: could not find anchor item=Line (location: (source ID: 59, lines: 98..99, bytes: 3915..3962), hits: 0) err=Could not find anchor: No matching instruction in range source ID: 59, lines: 98..99, bytes: 3915..3962
2026-09-08T12:56:57.507071Z  WARN foundry_evm_coverage::anchors: could not find anchor item=Line (location: (source ID: 57, lines: 73..74, bytes: 3462..3482), hits: 0) err=Could not find anchor: No matching instruction in range source ID: 57, lines: 73..74, bytes: 3462..3482
2026-09-08T12:56:57.507056Z  WARN foundry_evm_coverage::anchors: could not find anchor item=Line (location: (source ID: 58, lines: 148..149, bytes: 6154..6177), hits: 0) err=Could not find anchor: No matching instruction in range source ID: 58, lines: 148..149, bytes: 6154..6177
2026-09-08T12:56:57.507085Z  WARN foundry_evm_coverage::anchors: could not find anchor item=Statement (location: (source ID: 59, lines: 98..99, bytes: 3915..3962), hits: 0) err=Could not find anchor: No matching instruction in range source ID: 59, lines: 98..99, bytes: 3915..3962
2026-09-08T12:56:57.507097Z  WARN foundry_evm_coverage::anchors: could not find anchor item=Statement (location: (source ID: 57, lines: 73..74, bytes: 3462..3482), hits: 0) err=Could not find anchor: No matching instruction in range source ID: 57, lines: 73..74, bytes: 3462..3482
2026-09-08T12:56:57.507106Z  WARN foundry_evm_coverage::anchors: could not find anchor item=Statement (location: (source ID: 58, lines: 148..149, bytes: 6154..6177), hits: 0) err=Could not find anchor: No matching instruction in range source ID: 58, lines: 148..149, bytes: 6154..6177
2026-09-08T12:56:57.507114Z  WARN foundry_evm_coverage::anchors: could not find anchor item=Line (location: (source ID: 59, lines: 101..104, bytes: 3975..4074), hits: 0) err=Could not find anchor: No matching instruction in range source ID: 59, lines: 101..104, bytes: 3975..4074
2026-09-08T12:56:57.507123Z  WARN foundry_evm_coverage::anchors: could not find anchor item=Line (location: (source ID: 57, lines: 74..75, bytes: 3492..3536), hits: 0) err=Could not find anchor: No matching instruction in range source ID: 57, lines: 74..75, bytes: 3492..3536
2026-09-08T12:56:57.507133Z  WARN foundry_evm_coverage::anchors: could not find anchor item=Line (location: (source ID: 58, lines: 149..150, bytes: 6187..6219), hits: 0) err=Could not find anchor: No matching instruction in range source ID: 58, lines: 149..150, bytes: 6187..6219
2026-09-08T12:56:57.507140Z  WARN foundry_evm_coverage::anchors: could not find anchor item=Function "_protectedToken" (location: (source ID: 59, lines: 101..104, bytes: 3975..4074), hits: 0) err=Could not find anchor: No matching instruction in range source ID: 59, lines: 101..104, bytes: 3975..4074
2026-09-08T12:56:57.507150Z  WARN foundry_evm_coverage::anchors: could not find anchor item=Statement (location: (source ID: 57, lines: 74..75, bytes: 3492..3536), hits: 0) err=Could not find anchor: No matching instruction in range source ID: 57, lines: 74..75, bytes: 3492..3536
2026-09-08T12:56:57.507158Z  WARN foundry_evm_coverage::anchors: could not find anchor item=Statement (location: (source ID: 58, lines: 149..150, bytes: 6187..6219), hits: 0) err=Could not find anchor: No matching instruction in range source ID: 58, lines: 149..150, bytes: 6187..6219
2026-09-08T12:56:57.507166Z  WARN foundry_evm_coverage::anchors: could not find anchor item=Line (location: (source ID: 59, lines: 102..103, bytes: 4053..4067), hits: 0) err=Could not find anchor: No matching instruction in range source ID: 59, lines: 102..103, bytes: 4053..4067
2026-09-08T12:56:57.507175Z  WARN foundry_evm_coverage::anchors: could not find anchor item=Line (location: (source ID: 57, lines: 75..76, bytes: 3546..3594), hits: 0) err=Could not find anchor: No matching instruction in range source ID: 57, lines: 75..76, bytes: 3546..3594
2026-09-08T12:56:57.507184Z  WARN foundry_evm_coverage::anchors: could not find anchor item=Line (location: (source ID: 58, lines: 150..151, bytes: 6229..6273), hits: 0) err=Could not find anchor: No matching instruction in range source ID: 58, lines: 150..151, bytes: 6229..6273
2026-09-08T12:56:57.507191Z  WARN foundry_evm_coverage::anchors: could not find anchor item=Statement (location: (source ID: 59, lines: 102..103, bytes: 4053..4067), hits: 0) err=Could not find anchor: No matching instruction in range source ID: 59, lines: 102..103, bytes: 4053..4067
2026-09-08T12:56:57.507201Z  WARN foundry_evm_coverage::anchors: could not find anchor item=Statement (location: (source ID: 57, lines: 75..76, bytes: 3546..3594), hits: 0) err=Could not find anchor: No matching instruction in range source ID: 57, lines: 75..76, bytes: 3546..3594
2026-09-08T12:56:57.507209Z  WARN foundry_evm_coverage::anchors: could not find anchor item=Statement (location: (source ID: 58, lines: 150..151, bytes: 6229..6273), hits: 0) err=Could not find anchor: No matching instruction in range source ID: 58, lines: 150..151, bytes: 6229..6273
2026-09-08T12:56:57.507216Z  WARN foundry_evm_coverage::anchors: could not find anchor item=Line (location: (source ID: 59, lines: 105..109, bytes: 4080..4312), hits: 0) err=Could not find anchor: No matching instruction in range source ID: 59, lines: 105..109, bytes: 4080..4312
2026-09-08T12:56:57.507244Z  WARN foundry_evm_coverage::anchors: could not find anchor item=Function "_isApproved" (location: (source ID: 59, lines: 105..109, bytes: 4080..4312), hits: 0) err=Could not find anchor: No matching instruction in range source ID: 59, lines: 105..109, bytes: 4080..4312
2026-09-08T12:56:57.507252Z  WARN foundry_evm_coverage::anchors: could not find anchor item=Line (location: (source ID: 59, lines: 106..107, bytes: 4179..4235), hits: 0) err=Could not find anchor: No matching instruction in range source ID: 59, lines: 106..107, bytes: 4179..4235
2026-09-08T12:56:57.507225Z  WARN foundry_evm_coverage::anchors: could not find anchor item=Line (location: (source ID: 57, lines: 78..81, bytes: 3607..3719), hits: 0) err=Could not find anchor: No matching instruction in range source ID: 57, lines: 78..81, bytes: 3607..3719
2026-09-08T12:56:57.507237Z  WARN foundry_evm_coverage::anchors: could not find anchor item=Line (location: (source ID: 58, lines: 153..159, bytes: 6286..6532), hits: 0) err=Could not find anchor: No matching instruction in range source ID: 58, lines: 153..159, bytes: 6286..6532
2026-09-08T12:56:57.507259Z  WARN foundry_evm_coverage::anchors: could not find anchor item=Statement (location: (source ID: 59, lines: 106..107, bytes: 4179..4235), hits: 0) err=Could not find anchor: No matching instruction in range source ID: 59, lines: 106..107, bytes: 4179..4235
2026-09-08T12:56:57.507269Z  WARN foundry_evm_coverage::anchors: could not find anchor item=Function "_tokenRescueAdmin" (location: (source ID: 57, lines: 78..81, bytes: 3607..3719), hits: 0) err=Could not find anchor: No matching instruction in range source ID: 57, lines: 78..81, bytes: 3607..3719
2026-09-08T12:56:57.507277Z  WARN foundry_evm_coverage::anchors: could not find anchor item=Function "phase" (location: (source ID: 58, lines: 153..159, bytes: 6286..6532), hits: 0) err=Could not find anchor: No matching instruction in range source ID: 58, lines: 153..159, bytes: 6286..6532
2026-09-08T12:56:57.507284Z  WARN foundry_evm_coverage::anchors: could not find anchor item=Statement (location: (source ID: 59, lines: 106..108, bytes: 4172..4305), hits: 0) err=Could not find anchor: No matching instruction in range source ID: 59, lines: 106..108, bytes: 4172..4305
2026-09-08T12:56:57.507294Z  WARN foundry_evm_coverage::anchors: could not find anchor item=Line (location: (source ID: 57, lines: 79..80, bytes: 3687..3712), hits: 0) err=Could not find anchor: No matching instruction in range source ID: 57, lines: 79..80, bytes: 3687..3712
2026-09-08T12:56:57.507302Z  WARN foundry_evm_coverage::anchors: could not find anchor item=Line (location: (source ID: 58, lines: 154..155, bytes: 6354..6374), hits: 0) err=Could not find anchor: No matching instruction in range source ID: 58, lines: 154..155, bytes: 6354..6374
2026-09-08T12:56:57.507309Z  WARN foundry_evm_coverage::anchors: could not find anchor item=Statement (location: (source ID: 59, lines: 106..108, bytes: 4179..4305), hits: 0) err=Could not find anchor: No matching instruction in range source ID: 59, lines: 106..108, bytes: 4179..4305
2026-09-08T12:56:57.507334Z  WARN foundry_evm_coverage::anchors: could not find anchor item=Line (location: (source ID: 59, lines: 107..108, bytes: 4251..4288), hits: 0) err=Could not find anchor: No matching instruction in range source ID: 59, lines: 107..108, bytes: 4251..4288
2026-09-08T12:56:57.507327Z  WARN foundry_evm_coverage::anchors: could not find anchor item=Statement (location: (source ID: 58, lines: 154..155, bytes: 6354..6374), hits: 0) err=Could not find anchor: No matching instruction in range source ID: 58, lines: 154..155, bytes: 6354..6374
2026-09-08T12:56:57.507319Z  WARN foundry_evm_coverage::anchors: could not find anchor item=Statement (location: (source ID: 57, lines: 79..80, bytes: 3687..3712), hits: 0) err=Could not find anchor: No matching instruction in range source ID: 57, lines: 79..80, bytes: 3687..3712
2026-09-08T12:56:57.507342Z  WARN foundry_evm_coverage::anchors: could not find anchor item=Statement (location: (source ID: 59, lines: 107..108, bytes: 4251..4288), hits: 0) err=Could not find anchor: No matching instruction in range source ID: 59, lines: 107..108, bytes: 4251..4288
2026-09-08T12:56:57.507367Z  WARN foundry_evm_coverage::anchors: could not find anchor item=Statement (location: (source ID: 59, lines: 107..108, bytes: 4251..4305), hits: 0) err=Could not find anchor: No matching instruction in range source ID: 59, lines: 107..108, bytes: 4251..4305
2026-09-08T12:56:57.507360Z  WARN foundry_evm_coverage::anchors: could not find anchor item=Statement (location: (source ID: 57, lines: 79..80, bytes: 3694..3712), hits: 0) err=Could not find anchor: No matching instruction in range source ID: 57, lines: 79..80, bytes: 3694..3712
2026-09-08T12:56:57.507352Z  WARN foundry_evm_coverage::anchors: could not find anchor item=Branch (branch: 6, path: 0) (location: (source ID: 58, lines: 154..155, bytes: 6354..6374), hits: 0) err=Could not find anchor: No matching instruction in range source ID: 58, lines: 154..155, bytes: 6354..6374
2026-09-08T12:56:57.507374Z  WARN foundry_evm_coverage::anchors: could not find anchor item=Line (location: (source ID: 59, lines: 111..121, bytes: 4420..4917), hits: 0) err=Could not find anchor: No matching instruction in range source ID: 59, lines: 111..121, bytes: 4420..4917
2026-09-08T12:56:57.507384Z  WARN foundry_evm_coverage::anchors: could not find anchor item=Line (location: (source ID: 57, lines: 82..85, bytes: 3725..3830), hits: 0) err=Could not find anchor: No matching instruction in range source ID: 57, lines: 82..85, bytes: 3725..3830
2026-09-08T12:56:57.507392Z  WARN foundry_evm_coverage::anchors: could not find anchor item=Line (location: (source ID: 58, lines: 155..156, bytes: 6388..6415), hits: 0) err=Could not find anchor: No matching instruction in range source ID: 58, lines: 155..156, bytes: 6388..6415
2026-09-08T12:56:57.507399Z  WARN foundry_evm_coverage::anchors: could not find anchor item=Function "withdraw" (location: (source ID: 59, lines: 111..121, bytes: 4420..4917), hits: 0) err=Could not find anchor: No matching instruction in range source ID: 59, lines: 111..121, bytes: 4420..4917
2026-09-08T12:56:57.507424Z  WARN foundry_evm_coverage::anchors: could not find anchor item=Line (location: (source ID: 59, lines: 112..113, bytes: 4501..4524), hits: 0) err=Could not find anchor: No matching instruction in range source ID: 59, lines: 112..113, bytes: 4501..4524
2026-09-08T12:56:57.507432Z  WARN foundry_evm_coverage::anchors: could not find anchor item=Statement (location: (source ID: 59, lines: 112..113, bytes: 4501..4524), hits: 0) err=Could not find anchor: No matching instruction in range source ID: 59, lines: 112..113, bytes: 4501..4524
2026-09-08T12:56:57.507409Z  WARN foundry_evm_coverage::anchors: could not find anchor item=Function "_protectedToken" (location: (source ID: 57, lines: 82..85, bytes: 3725..3830), hits: 0) err=Could not find anchor: No matching instruction in range source ID: 57, lines: 82..85, bytes: 3725..3830
2026-09-08T12:56:57.507417Z  WARN foundry_evm_coverage::anchors: could not find anchor item=Statement (location: (source ID: 58, lines: 155..156, bytes: 6388..6415), hits: 0) err=Could not find anchor: No matching instruction in range source ID: 58, lines: 155..156, bytes: 6388..6415
2026-09-08T12:56:57.507439Z  WARN foundry_evm_coverage::anchors: could not find anchor item=Statement (location: (source ID: 59, lines: 112..113, bytes: 4501..4554), hits: 0) err=Could not find anchor: No matching instruction in range source ID: 59, lines: 112..113, bytes: 4501..4554
2026-09-08T12:56:57.507448Z  WARN foundry_evm_coverage::anchors: could not find anchor item=Line (location: (source ID: 57, lines: 83..84, bytes: 3803..3823), hits: 0) err=Could not find anchor: No matching instruction in range source ID: 57, lines: 83..84, bytes: 3803..3823
2026-09-08T12:56:57.507457Z  WARN foundry_evm_coverage::anchors: could not find anchor item=Statement (location: (source ID: 58, lines: 155..156, bytes: 6417..6439), hits: 0) err=Could not find anchor: No matching instruction in range source ID: 58, lines: 155..156, bytes: 6417..6439
2026-09-08T12:56:57.507464Z  WARN foundry_evm_coverage::anchors: could not find anchor item=Statement (location: (source ID: 59, lines: 112..113, bytes: 4528..4554), hits: 0) err=Could not find anchor: No matching instruction in range source ID: 59, lines: 112..113, bytes: 4528..4554
2026-09-08T12:56:57.507494Z  WARN foundry_evm_coverage::anchors: could not find anchor item=Statement (location: (source ID: 59, lines: 112..113, bytes: 4556..4581), hits: 0) err=Could not find anchor: No matching instruction in range source ID: 59, lines: 112..113, bytes: 4556..4581
2026-09-08T12:56:57.507502Z  WARN foundry_evm_coverage::anchors: could not find anchor item=Branch (branch: 11, path: 0) (location: (source ID: 59, lines: 112..113, bytes: 4556..4581), hits: 0) err=Could not find anchor: No matching instruction in range source ID: 59, lines: 112..113, bytes: 4556..4581
2026-09-08T12:56:57.507473Z  WARN foundry_evm_coverage::anchors: could not find anchor item=Statement (location: (source ID: 57, lines: 83..84, bytes: 3803..3823), hits: 0) err=Could not find anchor: No matching instruction in range source ID: 57, lines: 83..84, bytes: 3803..3823
2026-09-08T12:56:57.507485Z  WARN foundry_evm_coverage::anchors: could not find anchor item=Branch (branch: 7, path: 0) (location: (source ID: 58, lines: 155..156, bytes: 6417..6439), hits: 0) err=Could not find anchor: No matching instruction in range source ID: 58, lines: 155..156, bytes: 6417..6439
2026-09-08T12:56:57.507510Z  WARN foundry_evm_coverage::anchors: could not find anchor item=Line (location: (source ID: 59, lines: 113..114, bytes: 4591..4627), hits: 0) err=Could not find anchor: No matching instruction in range source ID: 59, lines: 113..114, bytes: 4591..4627
2026-09-08T12:56:57.507519Z  WARN foundry_evm_coverage::anchors: could not find anchor item=Line (location: (source ID: 57, lines: 86..90, bytes: 3836..4034), hits: 0) err=Could not find anchor: No matching instruction in range source ID: 57, lines: 86..90, bytes: 3836..4034
2026-09-08T12:56:57.507528Z  WARN foundry_evm_coverage::anchors: could not find anchor item=Line (location: (source ID: 58, lines: 156..157, bytes: 6453..6478), hits: 0) err=Could not find anchor: No matching instruction in range source ID: 58, lines: 156..157, bytes: 6453..6478
2026-09-08T12:56:57.507535Z  WARN foundry_evm_coverage::anchors: could not find anchor item=Statement (location: (source ID: 59, lines: 113..114, bytes: 4591..4627), hits: 0) err=Could not find anchor: No matching instruction in range source ID: 59, lines: 113..114, bytes: 4591..4627
2026-09-08T12:56:57.507560Z  WARN foundry_evm_coverage::anchors: could not find anchor item=Line (location: (source ID: 59, lines: 114..115, bytes: 4641..4652), hits: 0) err=Could not find anchor: No matching instruction in range source ID: 59, lines: 114..115, bytes: 4641..4652
2026-09-08T12:56:57.507568Z  WARN foundry_evm_coverage::anchors: could not find anchor item=Statement (location: (source ID: 59, lines: 114..115, bytes: 4641..4652), hits: 0) err=Could not find anchor: No matching instruction in range source ID: 59, lines: 114..115, bytes: 4641..4652
2026-09-08T12:56:57.507545Z  WARN foundry_evm_coverage::anchors: could not find anchor item=Function "tokenURI" (location: (source ID: 57, lines: 86..90, bytes: 3836..4034), hits: 0) err=Could not find anchor: No matching instruction in range source ID: 57, lines: 86..90, bytes: 3836..4034
2026-09-08T12:56:57.507553Z  WARN foundry_evm_coverage::anchors: could not find anchor item=Statement (location: (source ID: 58, lines: 156..157, bytes: 6453..6478), hits: 0) err=Could not find anchor: No matching instruction in range source ID: 58, lines: 156..157, bytes: 6453..6478
2026-09-08T12:56:57.507575Z  WARN foundry_evm_coverage::anchors: could not find anchor item=Statement (location: (source ID: 59, lines: 114..115, bytes: 4654..4680), hits: 0) err=Could not find anchor: No matching instruction in range source ID: 59, lines: 114..115, bytes: 4654..4680
2026-09-08T12:56:57.507584Z  WARN foundry_evm_coverage::anchors: could not find anchor item=Line (location: (source ID: 57, lines: 87..88, bytes: 3926..3948), hits: 0) err=Could not find anchor: No matching instruction in range source ID: 57, lines: 87..88, bytes: 3926..3948
2026-09-08T12:56:57.507593Z  WARN foundry_evm_coverage::anchors: could not find anchor item=Statement (location: (source ID: 58, lines: 156..157, bytes: 6480..6497), hits: 0) err=Could not find anchor: No matching instruction in range source ID: 58, lines: 156..157, bytes: 6480..6497
2026-09-08T12:56:57.507600Z  WARN foundry_evm_coverage::anchors: could not find anchor item=Branch (branch: 12, path: 0) (location: (source ID: 59, lines: 114..115, bytes: 4654..4680), hits: 0) err=Could not find anchor: No matching instruction in range source ID: 59, lines: 114..115, bytes: 4654..4680
2026-09-08T12:56:57.507625Z  WARN foundry_evm_coverage::anchors: could not find anchor item=Line (location: (source ID: 59, lines: 115..116, bytes: 4690..4713), hits: 0) err=Could not find anchor: No matching instruction in range source ID: 59, lines: 115..116, bytes: 4690..4713
2026-09-08T12:56:57.507632Z  WARN foundry_evm_coverage::anchors: could not find anchor item=Statement (location: (source ID: 59, lines: 115..116, bytes: 4690..4713), hits: 0) err=Could not find anchor: No matching instruction in range source ID: 59, lines: 115..116, bytes: 4690..4713
2026-09-08T12:56:57.507609Z  WARN foundry_evm_coverage::anchors: could not find anchor item=Statement (location: (source ID: 57, lines: 87..88, bytes: 3926..3948), hits: 0) err=Could not find anchor: No matching instruction in range source ID: 57, lines: 87..88, bytes: 3926..3948
2026-09-08T12:56:57.507618Z  WARN foundry_evm_coverage::anchors: could not find anchor item=Branch (branch: 8, path: 0) (location: (source ID: 58, lines: 156..157, bytes: 6480..6497), hits: 0) err=Could not find anchor: No matching instruction in range source ID: 58, lines: 156..157, bytes: 6480..6497
2026-09-08T12:56:57.507639Z  WARN foundry_evm_coverage::anchors: could not find anchor item=Line (location: (source ID: 59, lines: 116..117, bytes: 4723..4745), hits: 0) err=Could not find anchor: No matching instruction in range source ID: 59, lines: 116..117, bytes: 4723..4745
2026-09-08T12:56:57.507649Z  WARN foundry_evm_coverage::anchors: could not find anchor item=Line (location: (source ID: 57, lines: 88..89, bytes: 3958..4027), hits: 0) err=Could not find anchor: No matching instruction in range source ID: 57, lines: 88..89, bytes: 3958..4027
2026-09-08T12:56:57.507657Z  WARN foundry_evm_coverage::anchors: could not find anchor item=Line (location: (source ID: 58, lines: 157..158, bytes: 6507..6525), hits: 0) err=Could not find anchor: No matching instruction in range source ID: 58, lines: 157..158, bytes: 6507..6525
2026-09-08T12:56:57.507664Z  WARN foundry_evm_coverage::anchors: could not find anchor item=Statement (location: (source ID: 59, lines: 116..117, bytes: 4723..4745), hits: 0) err=Could not find anchor: No matching instruction in range source ID: 59, lines: 116..117, bytes: 4723..4745
2026-09-08T12:56:57.507689Z  WARN foundry_evm_coverage::anchors: could not find anchor item=Line (location: (source ID: 59, lines: 117..118, bytes: 4755..4808), hits: 0) err=Could not find anchor: No matching instruction in range source ID: 59, lines: 117..118, bytes: 4755..4808
2026-09-08T12:56:57.507696Z  WARN foundry_evm_coverage::anchors: could not find anchor item=Statement (location: (source ID: 59, lines: 117..118, bytes: 4755..4808), hits: 0) err=Could not find anchor: No matching instruction in range source ID: 59, lines: 117..118, bytes: 4755..4808
2026-09-08T12:56:57.507674Z  WARN foundry_evm_coverage::anchors: could not find anchor item=Statement (location: (source ID: 57, lines: 88..89, bytes: 3958..4027), hits: 0) err=Could not find anchor: No matching instruction in range source ID: 57, lines: 88..89, bytes: 3958..4027
2026-09-08T12:56:57.507682Z  WARN foundry_evm_coverage::anchors: could not find anchor item=Statement (location: (source ID: 58, lines: 157..158, bytes: 6507..6525), hits: 0) err=Could not find anchor: No matching instruction in range source ID: 58, lines: 157..158, bytes: 6507..6525
2026-09-08T12:56:57.507704Z  WARN foundry_evm_coverage::anchors: could not find anchor item=Statement (location: (source ID: 59, lines: 117..118, bytes: 4773..4808), hits: 0) err=Could not find anchor: No matching instruction in range source ID: 59, lines: 117..118, bytes: 4773..4808
2026-09-08T12:56:57.507713Z  WARN foundry_evm_coverage::anchors: could not find anchor item=Statement (location: (source ID: 57, lines: 88..89, bytes: 3965..4027), hits: 0) err=Could not find anchor: No matching instruction in range source ID: 57, lines: 88..89, bytes: 3965..4027
2026-09-08T12:56:57.507722Z  WARN foundry_evm_coverage::anchors: could not find anchor item=Line (location: (source ID: 58, lines: 162..167, bytes: 6728..6945), hits: 0) err=Could not find anchor: No matching instruction in range source ID: 58, lines: 162..167, bytes: 6728..6945
2026-09-08T12:56:57.507728Z  WARN foundry_evm_coverage::anchors: could not find anchor item=Line (location: (source ID: 59, lines: 118..119, bytes: 4822..4830), hits: 0) err=Could not find anchor: No matching instruction in range source ID: 59, lines: 118..119, bytes: 4822..4830
2026-09-08T12:56:57.507753Z  WARN foundry_evm_coverage::anchors: could not find anchor item=Statement (location: (source ID: 59, lines: 118..119, bytes: 4822..4830), hits: 0) err=Could not find anchor: No matching instruction in range source ID: 59, lines: 118..119, bytes: 4822..4830
2026-09-08T12:56:57.507761Z  WARN foundry_evm_coverage::anchors: could not find anchor item=Statement (location: (source ID: 59, lines: 118..119, bytes: 4832..4855), hits: 0) err=Could not find anchor: No matching instruction in range source ID: 59, lines: 118..119, bytes: 4832..4855
2026-09-08T12:56:57.507738Z  WARN foundry_evm_coverage::anchors: could not find anchor item=Line (location: (source ID: 57, lines: 91..94, bytes: 4040..4160), hits: 0) err=Could not find anchor: No matching instruction in range source ID: 57, lines: 91..94, bytes: 4040..4160
2026-09-08T12:56:57.507746Z  WARN foundry_evm_coverage::anchors: could not find anchor item=Function "minimumBid" (location: (source ID: 58, lines: 162..167, bytes: 6728..6945), hits: 0) err=Could not find anchor: No matching instruction in range source ID: 58, lines: 162..167, bytes: 6728..6945
2026-09-08T12:56:57.507768Z  WARN foundry_evm_coverage::anchors: could not find anchor item=Branch (branch: 13, path: 0) (location: (source ID: 59, lines: 118..119, bytes: 4832..4855), hits: 0) err=Could not find anchor: No matching instruction in range source ID: 59, lines: 118..119, bytes: 4832..4855
2026-09-08T12:56:57.507792Z  WARN foundry_evm_coverage::anchors: could not find anchor item=Line (location: (source ID: 59, lines: 119..120, bytes: 4865..4910), hits: 0) err=Could not find anchor: No matching instruction in range source ID: 59, lines: 119..120, bytes: 4865..4910
2026-09-08T12:56:57.507786Z  WARN foundry_evm_coverage::anchors: could not find anchor item=Line (location: (source ID: 58, lines: 163..164, bytes: 6794..6814), hits: 0) err=Could not find anchor: No matching instruction in range source ID: 58, lines: 163..164, bytes: 6794..6814
2026-09-08T12:56:57.507777Z  WARN foundry_evm_coverage::anchors: could not find anchor item=Function "royaltyRecipient" (location: (source ID: 57, lines: 91..94, bytes: 4040..4160), hits: 0) err=Could not find anchor: No matching instruction in range source ID: 57, lines: 91..94, bytes: 4040..4160
2026-09-08T12:56:57.507800Z  WARN foundry_evm_coverage::anchors: could not find anchor item=Statement (location: (source ID: 59, lines: 119..120, bytes: 4865..4910), hits: 0) err=Could not find anchor: No matching instruction in range source ID: 59, lines: 119..120, bytes: 4865..4910
2026-09-08T12:56:57.507824Z  WARN foundry_evm_coverage::anchors: could not find anchor item=Line (location: (source ID: 59, lines: 123..135, bytes: 5017..5651), hits: 0) err=Could not find anchor: No matching instruction in range source ID: 59, lines: 123..135, bytes: 5017..5651
2026-09-08T12:56:57.507817Z  WARN foundry_evm_coverage::anchors: could not find anchor item=Line (location: (source ID: 57, lines: 92..93, bytes: 4108..4153), hits: 0) err=Could not find anchor: No matching instruction in range source ID: 57, lines: 92..93, bytes: 4108..4153
2026-09-08T12:56:57.507809Z  WARN foundry_evm_coverage::anchors: could not find anchor item=Statement (location: (source ID: 58, lines: 163..164, bytes: 6794..6814), hits: 0) err=Could not find anchor: No matching instruction in range source ID: 58, lines: 163..164, bytes: 6794..6814
2026-09-08T12:56:57.507832Z  WARN foundry_evm_coverage::anchors: could not find anchor item=Function "withdrawRoyalties" (location: (source ID: 59, lines: 123..135, bytes: 5017..5651), hits: 0) err=Could not find anchor: No matching instruction in range source ID: 59, lines: 123..135, bytes: 5017..5651
2026-09-08T12:56:57.507856Z  WARN foundry_evm_coverage::anchors: could not find anchor item=Line (location: (source ID: 59, lines: 124..125, bytes: 5103..5158), hits: 0) err=Could not find anchor: No matching instruction in range source ID: 59, lines: 124..125, bytes: 5103..5158
2026-09-08T12:56:57.507864Z  WARN foundry_evm_coverage::anchors: could not find anchor item=Statement (location: (source ID: 59, lines: 124..125, bytes: 5103..5158), hits: 0) err=Could not find anchor: No matching instruction in range source ID: 59, lines: 124..125, bytes: 5103..5158
2026-09-08T12:56:57.507871Z  WARN foundry_evm_coverage::anchors: could not find anchor item=Statement (location: (source ID: 59, lines: 124..125, bytes: 5123..5158), hits: 0) err=Could not find anchor: No matching instruction in range source ID: 59, lines: 124..125, bytes: 5123..5158
2026-09-08T12:56:57.507849Z  WARN foundry_evm_coverage::anchors: could not find anchor item=Statement (location: (source ID: 58, lines: 163..164, bytes: 6816..6835), hits: 0) err=Could not find anchor: No matching instruction in range source ID: 58, lines: 163..164, bytes: 6816..6835
2026-09-08T12:56:57.507841Z  WARN foundry_evm_coverage::anchors: could not find anchor item=Statement (location: (source ID: 57, lines: 92..93, bytes: 4108..4153), hits: 0) err=Could not find anchor: No matching instruction in range source ID: 57, lines: 92..93, bytes: 4108..4153
2026-09-08T12:56:57.507878Z  WARN foundry_evm_coverage::anchors: could not find anchor item=Line (location: (source ID: 59, lines: 125..126, bytes: 5172..5192), hits: 0) err=Could not find anchor: No matching instruction in range source ID: 59, lines: 125..126, bytes: 5172..5192
2026-09-08T12:56:57.507903Z  WARN foundry_evm_coverage::anchors: could not find anchor item=Statement (location: (source ID: 59, lines: 125..126, bytes: 5172..5192), hits: 0) err=Could not find anchor: No matching instruction in range source ID: 59, lines: 125..126, bytes: 5172..5192
2026-09-08T12:56:57.507910Z  WARN foundry_evm_coverage::anchors: could not find anchor item=Statement (location: (source ID: 59, lines: 125..126, bytes: 5194..5218), hits: 0) err=Could not find anchor: No matching instruction in range source ID: 59, lines: 125..126, bytes: 5194..5218
2026-09-08T12:56:57.507888Z  WARN foundry_evm_coverage::anchors: could not find anchor item=Branch (branch: 9, path: 0) (location: (source ID: 58, lines: 163..164, bytes: 6816..6835), hits: 0) err=Could not find anchor: No matching instruction in range source ID: 58, lines: 163..164, bytes: 6816..6835
2026-09-08T12:56:57.507896Z  WARN foundry_evm_coverage::anchors: could not find anchor item=Statement (location: (source ID: 57, lines: 92..93, bytes: 4115..4153), hits: 0) err=Could not find anchor: No matching instruction in range source ID: 57, lines: 92..93, bytes: 4115..4153
2026-09-08T12:56:57.507918Z  WARN foundry_evm_coverage::anchors: could not find anchor item=Branch (branch: 14, path: 0) (location: (source ID: 59, lines: 125..126, bytes: 5194..5218), hits: 0) err=Could not find anchor: No matching instruction in range source ID: 59, lines: 125..126, bytes: 5194..5218
2026-09-08T12:56:57.507944Z  WARN foundry_evm_coverage::anchors: could not find anchor item=Line (location: (source ID: 59, lines: 126..127, bytes: 5232..5255), hits: 0) err=Could not find anchor: No matching instruction in range source ID: 59, lines: 126..127, bytes: 5232..5255
2026-09-08T12:56:57.507935Z  WARN foundry_evm_coverage::anchors: could not find anchor item=Line (location: (source ID: 57, lines: 96..102, bytes: 4258..4563), hits: 0) err=Could not find anchor: No matching instruction in range source ID: 57, lines: 96..102, bytes: 4258..4563
2026-09-08T12:56:57.507927Z  WARN foundry_evm_coverage::anchors: could not find anchor item=Line (location: (source ID: 58, lines: 164..165, bytes: 6845..6878), hits: 0) err=Could not find anchor: No matching instruction in range source ID: 58, lines: 164..165, bytes: 6845..6878
2026-09-08T12:56:57.507952Z  WARN foundry_evm_coverage::anchors: could not find anchor item=Statement (location: (source ID: 59, lines: 126..127, bytes: 5232..5255), hits: 0) err=Could not find anchor: No matching instruction in range source ID: 59, lines: 126..127, bytes: 5232..5255
2026-09-08T12:56:57.507976Z  WARN foundry_evm_coverage::anchors: could not find anchor item=Statement (location: (source ID: 59, lines: 126..127, bytes: 5232..5285), hits: 0) err=Could not find anchor: No matching instruction in range source ID: 59, lines: 126..127, bytes: 5232..5285
2026-09-08T12:56:57.507984Z  WARN foundry_evm_coverage::anchors: could not find anchor item=Statement (location: (source ID: 59, lines: 126..127, bytes: 5259..5285), hits: 0) err=Could not find anchor: No matching instruction in range source ID: 59, lines: 126..127, bytes: 5259..5285
2026-09-08T12:56:57.507961Z  WARN foundry_evm_coverage::anchors: could not find anchor item=Function "royaltyInfo" (location: (source ID: 57, lines: 96..102, bytes: 4258..4563), hits: 0) err=Could not find anchor: No matching instruction in range source ID: 57, lines: 96..102, bytes: 4258..4563
2026-09-08T12:56:57.507970Z  WARN foundry_evm_coverage::anchors: could not find anchor item=Statement (location: (source ID: 58, lines: 164..165, bytes: 6845..6878), hits: 0) err=Could not find anchor: No matching instruction in range source ID: 58, lines: 164..165, bytes: 6845..6878
2026-09-08T12:56:57.507991Z  WARN foundry_evm_coverage::anchors: could not find anchor item=Statement (location: (source ID: 59, lines: 126..127, bytes: 5287..5312), hits: 0) err=Could not find anchor: No matching instruction in range source ID: 59, lines: 126..127, bytes: 5287..5312
2026-09-08T12:56:57.508000Z  WARN foundry_evm_coverage::anchors: could not find anchor item=Line (location: (source ID: 57, lines: 97..98, bytes: 4380..4409), hits: 0) err=Could not find anchor: No matching instruction in range source ID: 57, lines: 97..98, bytes: 4380..4409
2026-09-08T12:56:57.508008Z  WARN foundry_evm_coverage::anchors: could not find anchor item=Line (location: (source ID: 58, lines: 165..166, bytes: 6888..6938), hits: 0) err=Could not find anchor: No matching instruction in range source ID: 58, lines: 165..166, bytes: 6888..6938
2026-09-08T12:56:57.508015Z  WARN foundry_evm_coverage::anchors: could not find anchor item=Branch (branch: 15, path: 0) (location: (source ID: 59, lines: 126..127, bytes: 5287..5312), hits: 0) err=Could not find anchor: No matching instruction in range source ID: 59, lines: 126..127, bytes: 5287..5312
2026-09-08T12:56:57.508024Z  WARN foundry_evm_coverage::anchors: could not find anchor item=Statement (location: (source ID: 57, lines: 97..98, bytes: 4380..4409), hits: 0) err=Could not find anchor: No matching instruction in range source ID: 57, lines: 97..98, bytes: 4380..4409
2026-09-08T12:56:57.508033Z  WARN foundry_evm_coverage::anchors: could not find anchor item=Statement (location: (source ID: 58, lines: 165..166, bytes: 6888..6938), hits: 0) err=Could not find anchor: No matching instruction in range source ID: 58, lines: 165..166, bytes: 6888..6938
2026-09-08T12:56:57.508040Z  WARN foundry_evm_coverage::anchors: could not find anchor item=Line (location: (source ID: 59, lines: 127..128, bytes: 5322..5355), hits: 0) err=Could not find anchor: No matching instruction in range source ID: 59, lines: 127..128, bytes: 5322..5355
2026-09-08T12:56:57.508064Z  WARN foundry_evm_coverage::anchors: could not find anchor item=Statement (location: (source ID: 59, lines: 127..128, bytes: 5322..5355), hits: 0) err=Could not find anchor: No matching instruction in range source ID: 59, lines: 127..128, bytes: 5322..5355
2026-09-08T12:56:57.508072Z  WARN foundry_evm_coverage::anchors: could not find anchor item=Line (location: (source ID: 59, lines: 128..129, bytes: 5369..5380), hits: 0) err=Could not find anchor: No matching instruction in range source ID: 59, lines: 128..129, bytes: 5369..5380
2026-09-08T12:56:57.508049Z  WARN foundry_evm_coverage::anchors: could not find anchor item=Line (location: (source ID: 57, lines: 98..99, bytes: 4423..4434), hits: 0) err=Could not find anchor: No matching instruction in range source ID: 57, lines: 98..99, bytes: 4423..4434
2026-09-08T12:56:57.508058Z  WARN foundry_evm_coverage::anchors: could not find anchor item=Statement (location: (source ID: 58, lines: 165..166, bytes: 6895..6938), hits: 0) err=Could not find anchor: No matching instruction in range source ID: 58, lines: 165..166, bytes: 6895..6938
2026-09-08T12:56:57.508079Z  WARN foundry_evm_coverage::anchors: could not find anchor item=Statement (location: (source ID: 59, lines: 128..129, bytes: 5369..5380), hits: 0) err=Could not find anchor: No matching instruction in range source ID: 59, lines: 128..129, bytes: 5369..5380
2026-09-08T12:56:57.508104Z  WARN foundry_evm_coverage::anchors: could not find anchor item=Statement (location: (source ID: 59, lines: 128..129, bytes: 5382..5408), hits: 0) err=Could not find anchor: No matching instruction in range source ID: 59, lines: 128..129, bytes: 5382..5408
2026-09-08T12:56:57.508088Z  WARN foundry_evm_coverage::anchors: could not find anchor item=Statement (location: (source ID: 57, lines: 98..99, bytes: 4423..4434), hits: 0) err=Could not find anchor: No matching instruction in range source ID: 57, lines: 98..99, bytes: 4423..4434
2026-09-08T12:56:57.508112Z  WARN foundry_evm_coverage::anchors: could not find anchor item=Branch (branch: 16, path: 0) (location: (source ID: 59, lines: 128..129, bytes: 5382..5408), hits: 0) err=Could not find anchor: No matching instruction in range source ID: 59, lines: 128..129, bytes: 5382..5408
2026-09-08T12:56:57.508131Z  WARN foundry_evm_coverage::anchors: could not find anchor item=Line (location: (source ID: 59, lines: 129..130, bytes: 5418..5438), hits: 0) err=Could not find anchor: No matching instruction in range source ID: 59, lines: 129..130, bytes: 5418..5438
2026-09-08T12:56:57.508123Z  WARN foundry_evm_coverage::anchors: could not find anchor item=Statement (location: (source ID: 57, lines: 98..99, bytes: 4423..4459), hits: 0) err=Could not find anchor: No matching instruction in range source ID: 57, lines: 98..99, bytes: 4423..4459
2026-09-08T12:56:57.508096Z  WARN foundry_evm_coverage::anchors: could not find anchor item=Statement (location: (source ID: 58, lines: 165..166, bytes: 6903..6938), hits: 0) err=Could not find anchor: No matching instruction in range source ID: 58, lines: 165..166, bytes: 6903..6938
2026-09-08T12:56:57.508138Z  WARN foundry_evm_coverage::anchors: could not find anchor item=Statement (location: (source ID: 59, lines: 129..130, bytes: 5418..5438), hits: 0) err=Could not find anchor: No matching instruction in range source ID: 59, lines: 129..130, bytes: 5418..5438
2026-09-08T12:56:57.508163Z  WARN foundry_evm_coverage::anchors: could not find anchor item=Line (location: (source ID: 59, lines: 130..131, bytes: 5448..5470), hits: 0) err=Could not find anchor: No matching instruction in range source ID: 59, lines: 130..131, bytes: 5448..5470
2026-09-08T12:56:57.508170Z  WARN foundry_evm_coverage::anchors: could not find anchor item=Statement (location: (source ID: 59, lines: 130..131, bytes: 5448..5470), hits: 0) err=Could not find anchor: No matching instruction in range source ID: 59, lines: 130..131, bytes: 5448..5470
2026-09-08T12:56:57.508148Z  WARN foundry_evm_coverage::anchors: could not find anchor item=Statement (location: (source ID: 57, lines: 98..99, bytes: 4438..4459), hits: 0) err=Could not find anchor: No matching instruction in range source ID: 57, lines: 98..99, bytes: 4438..4459
2026-09-08T12:56:57.508156Z  WARN foundry_evm_coverage::anchors: could not find anchor item=Line (location: (source ID: 58, lines: 168..172, bytes: 6951..7142), hits: 0) err=Could not find anchor: No matching instruction in range source ID: 58, lines: 168..172, bytes: 6951..7142
2026-09-08T12:56:57.508177Z  WARN foundry_evm_coverage::anchors: could not find anchor item=Line (location: (source ID: 59, lines: 131..132, bytes: 5480..5533), hits: 0) err=Could not find anchor: No matching instruction in range source ID: 59, lines: 131..132, bytes: 5480..5533
2026-09-08T12:56:57.508187Z  WARN foundry_evm_coverage::anchors: could not find anchor item=Branch (branch: 7, path: 0) (location: (source ID: 57, lines: 98..101, bytes: 4461..4557), hits: 0) err=Could not find anchor: No matching instruction in range source ID: 57, lines: 98..101, bytes: 4461..4557
2026-09-08T12:56:57.508195Z  WARN foundry_evm_coverage::anchors: could not find anchor item=Function "minimumIncrease" (location: (source ID: 58, lines: 168..172, bytes: 6951..7142), hits: 0) err=Could not find anchor: No matching instruction in range source ID: 58, lines: 168..172, bytes: 6951..7142
2026-09-08T12:56:57.508202Z  WARN foundry_evm_coverage::anchors: could not find anchor item=Statement (location: (source ID: 59, lines: 131..132, bytes: 5480..5533), hits: 0) err=Could not find anchor: No matching instruction in range source ID: 59, lines: 131..132, bytes: 5480..5533
2026-09-08T12:56:57.508211Z  WARN foundry_evm_coverage::anchors: could not find anchor item=Line (location: (source ID: 57, lines: 99..100, bytes: 4475..4546), hits: 0) err=Could not find anchor: No matching instruction in range source ID: 57, lines: 99..100, bytes: 4475..4546
2026-09-08T12:56:57.508219Z  WARN foundry_evm_coverage::anchors: could not find anchor item=Line (location: (source ID: 58, lines: 169..170, bytes: 7034..7050), hits: 0) err=Could not find anchor: No matching instruction in range source ID: 58, lines: 169..170, bytes: 7034..7050
2026-09-08T12:56:57.508226Z  WARN foundry_evm_coverage::anchors: could not find anchor item=Statement (location: (source ID: 59, lines: 131..132, bytes: 5498..5533), hits: 0) err=Could not find anchor: No matching instruction in range source ID: 59, lines: 131..132, bytes: 5498..5533
2026-09-08T12:56:57.508251Z  WARN foundry_evm_coverage::anchors: could not find anchor item=Line (location: (source ID: 59, lines: 132..133, bytes: 5547..5555), hits: 0) err=Could not find anchor: No matching instruction in range source ID: 59, lines: 132..133, bytes: 5547..5555
2026-09-08T12:56:57.508259Z  WARN foundry_evm_coverage::anchors: could not find anchor item=Statement (location: (source ID: 59, lines: 132..133, bytes: 5547..5555), hits: 0) err=Could not find anchor: No matching instruction in range source ID: 59, lines: 132..133, bytes: 5547..5555
2026-09-08T12:56:57.508266Z  WARN foundry_evm_coverage::anchors: could not find anchor item=Statement (location: (source ID: 59, lines: 132..133, bytes: 5557..5580), hits: 0) err=Could not find anchor: No matching instruction in range source ID: 59, lines: 132..133, bytes: 5557..5580
2026-09-08T12:56:57.508244Z  WARN foundry_evm_coverage::anchors: could not find anchor item=Statement (location: (source ID: 58, lines: 169..170, bytes: 7034..7050), hits: 0) err=Could not find anchor: No matching instruction in range source ID: 58, lines: 169..170, bytes: 7034..7050
2026-09-08T12:56:57.508236Z  WARN foundry_evm_coverage::anchors: could not find anchor item=Statement (location: (source ID: 57, lines: 99..100, bytes: 4475..4546), hits: 0) err=Could not find anchor: No matching instruction in range source ID: 57, lines: 99..100, bytes: 4475..4546
2026-09-08T12:56:57.508273Z  WARN foundry_evm_coverage::anchors: could not find anchor item=Branch (branch: 17, path: 0) (location: (source ID: 59, lines: 132..133, bytes: 5557..5580), hits: 0) err=Could not find anchor: No matching instruction in range source ID: 59, lines: 132..133, bytes: 5557..5580
2026-09-08T12:56:57.508298Z  WARN foundry_evm_coverage::anchors: could not find anchor item=Line (location: (source ID: 59, lines: 133..134, bytes: 5590..5644), hits: 0) err=Could not find anchor: No matching instruction in range source ID: 59, lines: 133..134, bytes: 5590..5644
2026-09-08T12:56:57.508291Z  WARN foundry_evm_coverage::anchors: could not find anchor item=Line (location: (source ID: 57, lines: 103..108, bytes: 4569..4831), hits: 0) err=Could not find anchor: No matching instruction in range source ID: 57, lines: 103..108, bytes: 4569..4831
2026-09-08T12:56:57.508283Z  WARN foundry_evm_coverage::anchors: could not find anchor item=Statement (location: (source ID: 58, lines: 169..170, bytes: 7052..7071), hits: 0) err=Could not find anchor: No matching instruction in range source ID: 58, lines: 169..170, bytes: 7052..7071
2026-09-08T12:56:57.508306Z  WARN foundry_evm_coverage::anchors: could not find anchor item=Statement (location: (source ID: 59, lines: 133..134, bytes: 5590..5644), hits: 0) err=Could not find anchor: No matching instruction in range source ID: 59, lines: 133..134, bytes: 5590..5644
2026-09-08T12:56:57.508315Z  WARN foundry_evm_coverage::anchors: could not find anchor item=Function "supportsInterface" (location: (source ID: 57, lines: 103..108, bytes: 4569..4831), hits: 0) err=Could not find anchor: No matching instruction in range source ID: 57, lines: 103..108, bytes: 4569..4831
2026-09-08T12:56:57.508338Z  WARN foundry_evm_coverage::anchors: could not find anchor item=Line (location: (source ID: 59, lines: 54..57, bytes: 1752..1803), hits: 0) err=Could not find anchor: No matching instruction in range source ID: 59, lines: 54..57, bytes: 1752..1803
2026-09-08T12:56:57.508323Z  WARN foundry_evm_coverage::anchors: could not find anchor item=Branch (branch: 10, path: 0) (location: (source ID: 58, lines: 169..170, bytes: 7052..7071), hits: 0) err=Could not find anchor: No matching instruction in range source ID: 58, lines: 169..170, bytes: 7052..7071
2026-09-08T12:56:57.508352Z  WARN foundry_evm_coverage::anchors: could not find anchor item=Function "constructor" (location: (source ID: 59, lines: 54..57, bytes: 1752..1803), hits: 0) err=Could not find anchor: No matching instruction in range source ID: 59, lines: 54..57, bytes: 1752..1803
2026-09-08T12:56:57.508339Z  WARN foundry_evm_coverage::anchors: could not find anchor item=Line (location: (source ID: 57, lines: 104..107, bytes: 4679..4824), hits: 0) err=Could not find anchor: No matching instruction in range source ID: 57, lines: 104..107, bytes: 4679..4824
2026-09-08T12:56:57.508367Z  WARN foundry_evm_coverage::anchors: could not find anchor item=Line (location: (source ID: 59, lines: 55..56, bytes: 1776..1796), hits: 0) err=Could not find anchor: No matching instruction in range source ID: 59, lines: 55..56, bytes: 1776..1796
2026-09-08T12:56:57.508356Z  WARN foundry_evm_coverage::anchors: could not find anchor item=Line (location: (source ID: 58, lines: 170..171, bytes: 7081..7135), hits: 0) err=Could not find anchor: No matching instruction in range source ID: 58, lines: 170..171, bytes: 7081..7135
2026-09-08T12:56:57.508381Z  WARN foundry_evm_coverage::anchors: could not find anchor item=Statement (location: (source ID: 59, lines: 55..56, bytes: 1776..1796), hits: 0) err=Could not find anchor: No matching instruction in range source ID: 59, lines: 55..56, bytes: 1776..1796
2026-09-08T12:56:57.508370Z  WARN foundry_evm_coverage::anchors: could not find anchor item=Statement (location: (source ID: 57, lines: 104..107, bytes: 4679..4824), hits: 0) err=Could not find anchor: No matching instruction in range source ID: 57, lines: 104..107, bytes: 4679..4824
2026-09-08T12:56:57.508385Z  WARN foundry_evm_coverage::anchors: could not find anchor item=Statement (location: (source ID: 58, lines: 170..171, bytes: 7081..7135), hits: 0) err=Could not find anchor: No matching instruction in range source ID: 58, lines: 170..171, bytes: 7081..7135
2026-09-08T12:56:57.508400Z  WARN foundry_evm_coverage::anchors: could not find anchor item=Line (location: (source ID: 57, lines: 105..106, bytes: 4698..4723), hits: 0) err=Could not find anchor: No matching instruction in range source ID: 57, lines: 105..106, bytes: 4698..4723
2026-09-08T12:56:57.508411Z  WARN foundry_evm_coverage::anchors: could not find anchor item=Statement (location: (source ID: 58, lines: 170..171, bytes: 7088..7135), hits: 0) err=Could not find anchor: No matching instruction in range source ID: 58, lines: 170..171, bytes: 7088..7135
2026-09-08T12:56:57.508419Z  WARN foundry_evm_coverage::anchors: could not find anchor item=Statement (location: (source ID: 57, lines: 105..106, bytes: 4698..4723), hits: 0) err=Could not find anchor: No matching instruction in range source ID: 57, lines: 105..106, bytes: 4698..4723
2026-09-08T12:56:57.508428Z  WARN foundry_evm_coverage::anchors: could not find anchor item=Line (location: (source ID: 58, lines: 174..178, bytes: 7204..7357), hits: 0) err=Could not find anchor: No matching instruction in range source ID: 58, lines: 174..178, bytes: 7204..7357
2026-09-08T12:56:57.508436Z  WARN foundry_evm_coverage::anchors: could not find anchor item=Statement (location: (source ID: 57, lines: 105..106, bytes: 4727..4768), hits: 0) err=Could not find anchor: No matching instruction in range source ID: 57, lines: 105..106, bytes: 4727..4768
2026-09-08T12:56:57.508446Z  WARN foundry_evm_coverage::anchors: could not find anchor item=Function "createBid" (location: (source ID: 58, lines: 174..178, bytes: 7204..7357), hits: 0) err=Could not find anchor: No matching instruction in range source ID: 58, lines: 174..178, bytes: 7204..7357
2026-09-08T12:56:57.508454Z  WARN foundry_evm_coverage::anchors: could not find anchor item=Statement (location: (source ID: 57, lines: 105..107, bytes: 4698..4824), hits: 0) err=Could not find anchor: No matching instruction in range source ID: 57, lines: 105..107, bytes: 4698..4824
2026-09-08T12:56:57.508463Z  WARN foundry_evm_coverage::anchors: could not find anchor item=Line (location: (source ID: 58, lines: 175..176, bytes: 7286..7300), hits: 0) err=Could not find anchor: No matching instruction in range source ID: 58, lines: 175..176, bytes: 7286..7300
2026-09-08T12:56:57.508471Z  WARN foundry_evm_coverage::anchors: could not find anchor item=Statement (location: (source ID: 57, lines: 105..107, bytes: 4727..4824), hits: 0) err=Could not find anchor: No matching instruction in range source ID: 57, lines: 105..107, bytes: 4727..4824
2026-09-08T12:56:57.508480Z  WARN foundry_evm_coverage::anchors: could not find anchor item=Statement (location: (source ID: 58, lines: 175..176, bytes: 7286..7300), hits: 0) err=Could not find anchor: No matching instruction in range source ID: 58, lines: 175..176, bytes: 7286..7300
2026-09-08T12:56:57.508487Z  WARN foundry_evm_coverage::anchors: could not find anchor item=Line (location: (source ID: 57, lines: 106..107, bytes: 4788..4824), hits: 0) err=Could not find anchor: No matching instruction in range source ID: 57, lines: 106..107, bytes: 4788..4824
2026-09-08T12:56:57.508496Z  WARN foundry_evm_coverage::anchors: could not find anchor item=Line (location: (source ID: 58, lines: 176..177, bytes: 7310..7350), hits: 0) err=Could not find anchor: No matching instruction in range source ID: 58, lines: 176..177, bytes: 7310..7350
2026-09-08T12:56:57.508504Z  WARN foundry_evm_coverage::anchors: could not find anchor item=Statement (location: (source ID: 57, lines: 106..107, bytes: 4788..4824), hits: 0) err=Could not find anchor: No matching instruction in range source ID: 57, lines: 106..107, bytes: 4788..4824
2026-09-08T12:56:57.508514Z  WARN foundry_evm_coverage::anchors: could not find anchor item=Statement (location: (source ID: 58, lines: 176..177, bytes: 7310..7350), hits: 0) err=Could not find anchor: No matching instruction in range source ID: 58, lines: 176..177, bytes: 7310..7350
2026-09-08T12:56:57.508521Z  WARN foundry_evm_coverage::anchors: could not find anchor item=Line (location: (source ID: 57, lines: 109..113, bytes: 4837..5036), hits: 0) err=Could not find anchor: No matching instruction in range source ID: 57, lines: 109..113, bytes: 4837..5036
2026-09-08T12:56:57.508543Z  WARN foundry_evm_coverage::anchors: could not find anchor item=Statement (location: (source ID: 58, lines: 176..177, bytes: 7317..7350), hits: 0) err=Could not find anchor: No matching instruction in range source ID: 58, lines: 176..177, bytes: 7317..7350
2026-09-08T12:56:57.508551Z  WARN foundry_evm_coverage::anchors: could not find anchor item=Function "approve" (location: (source ID: 57, lines: 109..113, bytes: 4837..5036), hits: 0) err=Could not find anchor: No matching instruction in range source ID: 57, lines: 109..113, bytes: 4837..5036
2026-09-08T12:56:57.508560Z  WARN foundry_evm_coverage::anchors: could not find anchor item=Line (location: (source ID: 58, lines: 182..196, bytes: 7626..8183), hits: 0) err=Could not find anchor: No matching instruction in range source ID: 58, lines: 182..196, bytes: 7626..8183
2026-09-08T12:56:57.508568Z  WARN foundry_evm_coverage::anchors: could not find anchor item=Line (location: (source ID: 57, lines: 110..111, bytes: 4913..4929), hits: 0) err=Could not find anchor: No matching instruction in range source ID: 57, lines: 110..111, bytes: 4913..4929
2026-09-08T12:56:57.508577Z  WARN foundry_evm_coverage::anchors: could not find anchor item=Function "createBids" (location: (source ID: 58, lines: 182..196, bytes: 7626..8183), hits: 0) err=Could not find anchor: No matching instruction in range source ID: 58, lines: 182..196, bytes: 7626..8183
2026-09-08T12:56:57.508594Z  WARN foundry_evm_coverage::anchors: could not find anchor item=Line (location: (source ID: 58, lines: 183..184, bytes: 7745..7759), hits: 0) err=Could not find anchor: No matching instruction in range source ID: 58, lines: 183..184, bytes: 7745..7759
2026-09-08T12:56:57.508607Z  WARN foundry_evm_coverage::anchors: could not find anchor item=Statement (location: (source ID: 58, lines: 183..184, bytes: 7745..7759), hits: 0) err=Could not find anchor: No matching instruction in range source ID: 58, lines: 183..184, bytes: 7745..7759
2026-09-08T12:56:57.508585Z  WARN foundry_evm_coverage::anchors: could not find anchor item=Statement (location: (source ID: 57, lines: 110..111, bytes: 4913..4929), hits: 0) err=Could not find anchor: No matching instruction in range source ID: 57, lines: 110..111, bytes: 4913..4929
2026-09-08T12:56:57.508616Z  WARN foundry_evm_coverage::anchors: could not find anchor item=Line (location: (source ID: 58, lines: 184..185, bytes: 7769..7799), hits: 0) err=Could not find anchor: No matching instruction in range source ID: 58, lines: 184..185, bytes: 7769..7799
2026-09-08T12:56:57.508639Z  WARN foundry_evm_coverage::anchors: could not find anchor item=Statement (location: (source ID: 58, lines: 184..185, bytes: 7769..7799), hits: 0) err=Could not find anchor: No matching instruction in range source ID: 58, lines: 184..185, bytes: 7769..7799
2026-09-08T12:56:57.508646Z  WARN foundry_evm_coverage::anchors: could not find anchor item=Line (location: (source ID: 58, lines: 185..186, bytes: 7813..7823), hits: 0) err=Could not find anchor: No matching instruction in range source ID: 58, lines: 185..186, bytes: 7813..7823
2026-09-08T12:56:57.508653Z  WARN foundry_evm_coverage::anchors: could not find anchor item=Statement (location: (source ID: 58, lines: 185..186, bytes: 7813..7823), hits: 0) err=Could not find anchor: No matching instruction in range source ID: 58, lines: 185..186, bytes: 7813..7823
2026-09-08T12:56:57.508664Z  WARN foundry_evm_coverage::anchors: could not find anchor item=Statement (location: (source ID: 57, lines: 110..111, bytes: 4913..4959), hits: 0) err=Could not find anchor: No matching instruction in range source ID: 57, lines: 110..111, bytes: 4913..4959
2026-09-08T12:56:57.508672Z  WARN foundry_evm_coverage::anchors: could not find anchor item=Statement (location: (source ID: 58, lines: 185..186, bytes: 7813..7841), hits: 0) err=Could not find anchor: No matching instruction in range source ID: 58, lines: 185..186, bytes: 7813..7841
2026-09-08T12:56:57.508691Z  WARN foundry_evm_coverage::anchors: could not find anchor item=Statement (location: (source ID: 58, lines: 185..186, bytes: 7827..7841), hits: 0) err=Could not find anchor: No matching instruction in range source ID: 58, lines: 185..186, bytes: 7827..7841
2026-09-08T12:56:57.508698Z  WARN foundry_evm_coverage::anchors: could not find anchor item=Statement (location: (source ID: 58, lines: 185..186, bytes: 7843..7864), hits: 0) err=Could not find anchor: No matching instruction in range source ID: 58, lines: 185..186, bytes: 7843..7864
2026-09-08T12:56:57.508705Z  WARN foundry_evm_coverage::anchors: could not find anchor item=Branch (branch: 11, path: 0) (location: (source ID: 58, lines: 185..186, bytes: 7843..7864), hits: 0) err=Could not find anchor: No matching instruction in range source ID: 58, lines: 185..186, bytes: 7843..7864
2026-09-08T12:56:57.508714Z  WARN foundry_evm_coverage::anchors: could not find anchor item=Line (location: (source ID: 58, lines: 186..187, bytes: 7874..7887), hits: 0) err=Could not find anchor: No matching instruction in range source ID: 58, lines: 186..187, bytes: 7874..7887
2026-09-08T12:56:57.508707Z  WARN foundry_evm_coverage::anchors: could not find anchor item=Statement (location: (source ID: 57, lines: 110..111, bytes: 4933..4959), hits: 0) err=Could not find anchor: No matching instruction in range source ID: 57, lines: 110..111, bytes: 4933..4959
2026-09-08T12:56:57.508723Z  WARN foundry_evm_coverage::anchors: could not find anchor item=Statement (location: (source ID: 58, lines: 186..187, bytes: 7874..7887), hits: 0) err=Could not find anchor: No matching instruction in range source ID: 58, lines: 186..187, bytes: 7874..7887
2026-09-08T12:56:57.508733Z  WARN foundry_evm_coverage::anchors: could not find anchor item=Statement (location: (source ID: 57, lines: 110..111, bytes: 4961..4993), hits: 0) err=Could not find anchor: No matching instruction in range source ID: 57, lines: 110..111, bytes: 4961..4993
2026-09-08T12:56:57.508742Z  WARN foundry_evm_coverage::anchors: could not find anchor item=Line (location: (source ID: 58, lines: 187..188, bytes: 7902..7911), hits: 0) err=Could not find anchor: No matching instruction in range source ID: 58, lines: 187..188, bytes: 7902..7911
2026-09-08T12:56:57.508751Z  WARN foundry_evm_coverage::anchors: could not find anchor item=Branch (branch: 8, path: 0) (location: (source ID: 57, lines: 110..111, bytes: 4961..4993), hits: 0) err=Could not find anchor: No matching instruction in range source ID: 57, lines: 110..111, bytes: 4961..4993
2026-09-08T12:56:57.508760Z  WARN foundry_evm_coverage::anchors: could not find anchor item=Statement (location: (source ID: 58, lines: 187..188, bytes: 7902..7911), hits: 0) err=Could not find anchor: No matching instruction in range source ID: 58, lines: 187..188, bytes: 7902..7911
2026-09-08T12:56:57.508768Z  WARN foundry_evm_coverage::anchors: could not find anchor item=Line (location: (source ID: 57, lines: 111..112, bytes: 5003..5029), hits: 0) err=Could not find anchor: No matching instruction in range source ID: 57, lines: 111..112, bytes: 5003..5029
2026-09-08T12:56:57.508777Z  WARN foundry_evm_coverage::anchors: could not find anchor item=Statement (location: (source ID: 58, lines: 187..188, bytes: 7913..7922), hits: 0) err=Could not find anchor: No matching instruction in range source ID: 58, lines: 187..188, bytes: 7913..7922
2026-09-08T12:56:57.508785Z  WARN foundry_evm_coverage::anchors: could not find anchor item=Statement (location: (source ID: 57, lines: 111..112, bytes: 5003..5029), hits: 0) err=Could not find anchor: No matching instruction in range source ID: 57, lines: 111..112, bytes: 5003..5029
2026-09-08T12:56:57.508794Z  WARN foundry_evm_coverage::anchors: could not find anchor item=Statement (location: (source ID: 58, lines: 187..188, bytes: 7924..7927), hits: 0) err=Could not find anchor: No matching instruction in range source ID: 58, lines: 187..188, bytes: 7924..7927
2026-09-08T12:56:57.508802Z  WARN foundry_evm_coverage::anchors: could not find anchor item=Line (location: (source ID: 57, lines: 114..118, bytes: 5042..5270), hits: 0) err=Could not find anchor: No matching instruction in range source ID: 57, lines: 114..118, bytes: 5042..5270
2026-09-08T12:56:57.508811Z  WARN foundry_evm_coverage::anchors: could not find anchor item=Line (location: (source ID: 58, lines: 188..189, bytes: 7943..7962), hits: 0) err=Could not find anchor: No matching instruction in range source ID: 58, lines: 188..189, bytes: 7943..7962
2026-09-08T12:56:57.508820Z  WARN foundry_evm_coverage::anchors: could not find anchor item=Function "setApprovalForAll" (location: (source ID: 57, lines: 114..118, bytes: 5042..5270), hits: 0) err=Could not find anchor: No matching instruction in range source ID: 57, lines: 114..118, bytes: 5042..5270
2026-09-08T12:56:57.508829Z  WARN foundry_evm_coverage::anchors: could not find anchor item=Statement (location: (source ID: 58, lines: 188..189, bytes: 7943..7962), hits: 0) err=Could not find anchor: No matching instruction in range source ID: 58, lines: 188..189, bytes: 7943..7962
2026-09-08T12:56:57.508837Z  WARN foundry_evm_coverage::anchors: could not find anchor item=Line (location: (source ID: 57, lines: 115..116, bytes: 5132..5176), hits: 0) err=Could not find anchor: No matching instruction in range source ID: 57, lines: 115..116, bytes: 5132..5176
2026-09-08T12:56:57.508846Z  WARN foundry_evm_coverage::anchors: could not find anchor item=Line (location: (source ID: 58, lines: 190..191, bytes: 7986..8004), hits: 0) err=Could not find anchor: No matching instruction in range source ID: 58, lines: 190..191, bytes: 7986..8004
2026-09-08T12:56:57.508855Z  WARN foundry_evm_coverage::anchors: could not find anchor item=Statement (location: (source ID: 57, lines: 115..116, bytes: 5132..5176), hits: 0) err=Could not find anchor: No matching instruction in range source ID: 57, lines: 115..116, bytes: 5132..5176
2026-09-08T12:56:57.508864Z  WARN foundry_evm_coverage::anchors: could not find anchor item=Statement (location: (source ID: 58, lines: 190..191, bytes: 7986..8004), hits: 0) err=Could not find anchor: No matching instruction in range source ID: 58, lines: 190..191, bytes: 7986..8004
2026-09-08T12:56:57.508871Z  WARN foundry_evm_coverage::anchors: could not find anchor item=Statement (location: (source ID: 57, lines: 115..116, bytes: 5144..5176), hits: 0) err=Could not find anchor: No matching instruction in range source ID: 57, lines: 115..116, bytes: 5144..5176
2026-09-08T12:56:57.508890Z  WARN foundry_evm_coverage::anchors: could not find anchor item=Statement (location: (source ID: 57, lines: 115..116, bytes: 5178..5210), hits: 0) err=Could not find anchor: No matching instruction in range source ID: 57, lines: 115..116, bytes: 5178..5210
2026-09-08T12:56:57.508881Z  WARN foundry_evm_coverage::anchors: could not find anchor item=Statement (location: (source ID: 58, lines: 190..191, bytes: 8006..8031), hits: 0) err=Could not find anchor: No matching instruction in range source ID: 58, lines: 190..191, bytes: 8006..8031
2026-09-08T12:56:57.508913Z  WARN foundry_evm_coverage::anchors: could not find anchor item=Branch (branch: 12, path: 0) (location: (source ID: 58, lines: 190..191, bytes: 8006..8031), hits: 0) err=Could not find anchor: No matching instruction in range source ID: 58, lines: 190..191, bytes: 8006..8031
2026-09-08T12:56:57.508899Z  WARN foundry_evm_coverage::anchors: could not find anchor item=Branch (branch: 9, path: 0) (location: (source ID: 57, lines: 115..116, bytes: 5178..5210), hits: 0) err=Could not find anchor: No matching instruction in range source ID: 57, lines: 115..116, bytes: 5178..5210
2026-09-08T12:56:57.508930Z  WARN foundry_evm_coverage::anchors: could not find anchor item=Line (location: (source ID: 57, lines: 116..117, bytes: 5220..5263), hits: 0) err=Could not find anchor: No matching instruction in range source ID: 57, lines: 116..117, bytes: 5220..5263
2026-09-08T12:56:57.508942Z  WARN foundry_evm_coverage::anchors: could not find anchor item=Statement (location: (source ID: 57, lines: 116..117, bytes: 5220..5263), hits: 0) err=Could not find anchor: No matching instruction in range source ID: 57, lines: 116..117, bytes: 5220..5263
2026-09-08T12:56:57.508923Z  WARN foundry_evm_coverage::anchors: could not find anchor item=Line (location: (source ID: 58, lines: 191..192, bytes: 8041..8067), hits: 0) err=Could not find anchor: No matching instruction in range source ID: 58, lines: 191..192, bytes: 8041..8067
2026-09-08T12:56:57.508961Z  WARN foundry_evm_coverage::anchors: could not find anchor item=Statement (location: (source ID: 58, lines: 191..192, bytes: 8041..8067), hits: 0) err=Could not find anchor: No matching instruction in range source ID: 58, lines: 191..192, bytes: 8041..8067
2026-09-08T12:56:57.508971Z  WARN foundry_evm_coverage::anchors: could not find anchor item=Line (location: (source ID: 58, lines: 192..193, bytes: 8082..8091), hits: 0) err=Could not find anchor: No matching instruction in range source ID: 58, lines: 192..193, bytes: 8082..8091
2026-09-08T12:56:57.508980Z  WARN foundry_evm_coverage::anchors: could not find anchor item=Statement (location: (source ID: 58, lines: 192..193, bytes: 8082..8091), hits: 0) err=Could not find anchor: No matching instruction in range source ID: 58, lines: 192..193, bytes: 8082..8091
2026-09-08T12:56:57.508990Z  WARN foundry_evm_coverage::anchors: could not find anchor item=Statement (location: (source ID: 58, lines: 192..193, bytes: 8093..8102), hits: 0) err=Could not find anchor: No matching instruction in range source ID: 58, lines: 192..193, bytes: 8093..8102
2026-09-08T12:56:57.509000Z  WARN foundry_evm_coverage::anchors: could not find anchor item=Statement (location: (source ID: 58, lines: 192..193, bytes: 8104..8107), hits: 0) err=Could not find anchor: No matching instruction in range source ID: 58, lines: 192..193, bytes: 8104..8107
2026-09-08T12:56:57.509010Z  WARN foundry_evm_coverage::anchors: could not find anchor item=Line (location: (source ID: 58, lines: 193..194, bytes: 8123..8166), hits: 0) err=Could not find anchor: No matching instruction in range source ID: 58, lines: 193..194, bytes: 8123..8166
2026-09-08T12:56:57.508949Z  WARN foundry_evm_coverage::anchors: could not find anchor item=Line (location: (source ID: 57, lines: 119..125, bytes: 5276..5632), hits: 0) err=Could not find anchor: No matching instruction in range source ID: 57, lines: 119..125, bytes: 5276..5632
2026-09-08T12:56:57.509029Z  WARN foundry_evm_coverage::anchors: could not find anchor item=Function "_update" (location: (source ID: 57, lines: 119..125, bytes: 5276..5632), hits: 0) err=Could not find anchor: No matching instruction in range source ID: 57, lines: 119..125, bytes: 5276..5632
2026-09-08T12:56:57.509038Z  WARN foundry_evm_coverage::anchors: could not find anchor item=Line (location: (source ID: 57, lines: 120..121, bytes: 5386..5403), hits: 0) err=Could not find anchor: No matching instruction in range source ID: 57, lines: 120..121, bytes: 5386..5403
2026-09-08T12:56:57.509048Z  WARN foundry_evm_coverage::anchors: could not find anchor item=Statement (location: (source ID: 57, lines: 120..121, bytes: 5386..5403), hits: 0) err=Could not find anchor: No matching instruction in range source ID: 57, lines: 120..121, bytes: 5386..5403
2026-09-08T12:56:57.509057Z  WARN foundry_evm_coverage::anchors: could not find anchor item=Statement (location: (source ID: 57, lines: 120..121, bytes: 5386..5417), hits: 0) err=Could not find anchor: No matching instruction in range source ID: 57, lines: 120..121, bytes: 5386..5417
2026-09-08T12:56:57.509063Z  WARN foundry_evm_coverage::anchors: could not find anchor item=Statement (location: (source ID: 57, lines: 120..121, bytes: 5386..5455), hits: 0) err=Could not find anchor: No matching instruction in range source ID: 57, lines: 120..121, bytes: 5386..5455
2026-09-08T12:56:57.509019Z  WARN foundry_evm_coverage::anchors: could not find anchor item=Statement (location: (source ID: 58, lines: 193..194, bytes: 8123..8166), hits: 0) err=Could not find anchor: No matching instruction in range source ID: 58, lines: 193..194, bytes: 8123..8166
2026-09-08T12:56:57.509085Z  WARN foundry_evm_coverage::anchors: could not find anchor item=Line (location: (source ID: 58, lines: 198..213, bytes: 8282..8911), hits: 0) err=Could not find anchor: No matching instruction in range source ID: 58, lines: 198..213, bytes: 8282..8911
2026-09-08T12:56:57.509072Z  WARN foundry_evm_coverage::anchors: could not find anchor item=Statement (location: (source ID: 57, lines: 120..121, bytes: 5421..5455), hits: 0) err=Could not find anchor: No matching instruction in range source ID: 57, lines: 120..121, bytes: 5421..5455
2026-09-08T12:56:57.509101Z  WARN foundry_evm_coverage::anchors: could not find anchor item=Statement (location: (source ID: 57, lines: 120..121, bytes: 5457..5489), hits: 0) err=Could not find anchor: No matching instruction in range source ID: 57, lines: 120..121, bytes: 5457..5489
2026-09-08T12:56:57.509111Z  WARN foundry_evm_coverage::anchors: could not find anchor item=Branch (branch: 10, path: 0) (location: (source ID: 57, lines: 120..121, bytes: 5457..5489), hits: 0) err=Could not find anchor: No matching instruction in range source ID: 57, lines: 120..121, bytes: 5457..5489
2026-09-08T12:56:57.509093Z  WARN foundry_evm_coverage::anchors: could not find anchor item=Function "increaseBid" (location: (source ID: 58, lines: 198..213, bytes: 8282..8911), hits: 0) err=Could not find anchor: No matching instruction in range source ID: 58, lines: 198..213, bytes: 8282..8911
2026-09-08T12:56:57.509118Z  WARN foundry_evm_coverage::anchors: could not find anchor item=Line (location: (source ID: 57, lines: 121..122, bytes: 5499..5546), hits: 0) err=Could not find anchor: No matching instruction in range source ID: 57, lines: 121..122, bytes: 5499..5546
2026-09-08T12:56:57.509128Z  WARN foundry_evm_coverage::anchors: could not find anchor item=Line (location: (source ID: 58, lines: 199..200, bytes: 8355..8369), hits: 0) err=Could not find anchor: No matching instruction in range source ID: 58, lines: 199..200, bytes: 8355..8369
2026-09-08T12:56:57.509137Z  WARN foundry_evm_coverage::anchors: could not find anchor item=Statement (location: (source ID: 57, lines: 121..122, bytes: 5499..5546), hits: 0) err=Could not find anchor: No matching instruction in range source ID: 57, lines: 121..122, bytes: 5499..5546
2026-09-08T12:56:57.509148Z  WARN foundry_evm_coverage::anchors: could not find anchor item=Statement (location: (source ID: 58, lines: 199..200, bytes: 8355..8369), hits: 0) err=Could not find anchor: No matching instruction in range source ID: 58, lines: 199..200, bytes: 8355..8369
2026-09-08T12:56:57.509166Z  WARN foundry_evm_coverage::anchors: could not find anchor item=Line (location: (source ID: 58, lines: 200..201, bytes: 8379..8405), hits: 0) err=Could not find anchor: No matching instruction in range source ID: 58, lines: 200..201, bytes: 8379..8405
2026-09-08T12:56:57.509156Z  WARN foundry_evm_coverage::anchors: could not find anchor item=Statement (location: (source ID: 57, lines: 121..122, bytes: 5514..5546), hits: 0) err=Could not find anchor: No matching instruction in range source ID: 57, lines: 121..122, bytes: 5514..5546
2026-09-08T12:56:57.509184Z  WARN foundry_evm_coverage::anchors: could not find anchor item=Line (location: (source ID: 57, lines: 122..123, bytes: 5560..5578), hits: 0) err=Could not find anchor: No matching instruction in range source ID: 57, lines: 122..123, bytes: 5560..5578
2026-09-08T12:56:57.509174Z  WARN foundry_evm_coverage::anchors: could not find anchor item=Statement (location: (source ID: 58, lines: 200..201, bytes: 8379..8405), hits: 0) err=Could not find anchor: No matching instruction in range source ID: 58, lines: 200..201, bytes: 8379..8405
2026-09-08T12:56:57.509193Z  WARN foundry_evm_coverage::anchors: could not find anchor item=Statement (location: (source ID: 57, lines: 122..123, bytes: 5560..5578), hits: 0) err=Could not find anchor: No matching instruction in range source ID: 57, lines: 122..123, bytes: 5560..5578
2026-09-08T12:56:57.509215Z  WARN foundry_evm_coverage::anchors: could not find anchor item=Statement (location: (source ID: 57, lines: 122..123, bytes: 5580..5604), hits: 0) err=Could not find anchor: No matching instruction in range source ID: 57, lines: 122..123, bytes: 5580..5604
2026-09-08T12:56:57.509225Z  WARN foundry_evm_coverage::anchors: could not find anchor item=Branch (branch: 11, path: 0) (location: (source ID: 57, lines: 122..123, bytes: 5580..5604), hits: 0) err=Could not find anchor: No matching instruction in range source ID: 57, lines: 122..123, bytes: 5580..5604
2026-09-08T12:56:57.509234Z  WARN foundry_evm_coverage::anchors: could not find anchor item=Line (location: (source ID: 57, lines: 123..124, bytes: 5614..5625), hits: 0) err=Could not find anchor: No matching instruction in range source ID: 57, lines: 123..124, bytes: 5614..5625
2026-09-08T12:56:57.509242Z  WARN foundry_evm_coverage::anchors: could not find anchor item=Statement (location: (source ID: 57, lines: 123..124, bytes: 5614..5625), hits: 0) err=Could not find anchor: No matching instruction in range source ID: 57, lines: 123..124, bytes: 5614..5625
2026-09-08T12:56:57.509204Z  WARN foundry_evm_coverage::anchors: could not find anchor item=Line (location: (source ID: 58, lines: 201..202, bytes: 8419..8430), hits: 0) err=Could not find anchor: No matching instruction in range source ID: 58, lines: 201..202, bytes: 8419..8430
2026-09-08T12:56:57.509260Z  WARN foundry_evm_coverage::anchors: could not find anchor item=Statement (location: (source ID: 58, lines: 201..202, bytes: 8419..8430), hits: 0) err=Could not find anchor: No matching instruction in range source ID: 58, lines: 201..202, bytes: 8419..8430
2026-09-08T12:56:57.509264Z  WARN foundry_evm_coverage::anchors: could not find anchor item=Line (location: (source ID: 57, lines: 38..53, bytes: 1681..2294), hits: 0) err=Could not find anchor: No matching instruction in range source ID: 57, lines: 38..53, bytes: 1681..2294
2026-09-08T12:56:57.509267Z  WARN foundry_evm_coverage::anchors: could not find anchor item=Statement (location: (source ID: 58, lines: 201..202, bytes: 8432..8451), hits: 0) err=Could not find anchor: No matching instruction in range source ID: 58, lines: 201..202, bytes: 8432..8451
2026-09-08T12:56:57.509280Z  WARN foundry_evm_coverage::anchors: could not find anchor item=Function "constructor" (location: (source ID: 57, lines: 38..53, bytes: 1681..2294), hits: 0) err=Could not find anchor: No matching instruction in range source ID: 57, lines: 38..53, bytes: 1681..2294
2026-09-08T12:56:57.509282Z  WARN foundry_evm_coverage::anchors: could not find anchor item=Branch (branch: 13, path: 0) (location: (source ID: 58, lines: 201..202, bytes: 8432..8451), hits: 0) err=Could not find anchor: No matching instruction in range source ID: 58, lines: 201..202, bytes: 8432..8451
2026-09-08T12:56:57.509296Z  WARN foundry_evm_coverage::anchors: could not find anchor item=Line (location: (source ID: 57, lines: 42..43, bytes: 1839..1863), hits: 0) err=Could not find anchor: No matching instruction in range source ID: 57, lines: 42..43, bytes: 1839..1863
2026-09-08T12:56:57.509296Z  WARN foundry_evm_coverage::anchors: could not find anchor item=Line (location: (source ID: 58, lines: 202..203, bytes: 8465..8489), hits: 0) err=Could not find anchor: No matching instruction in range source ID: 58, lines: 202..203, bytes: 8465..8489
2026-09-08T12:56:57.509312Z  WARN foundry_evm_coverage::anchors: could not find anchor item=Statement (location: (source ID: 57, lines: 42..43, bytes: 1839..1863), hits: 0) err=Could not find anchor: No matching instruction in range source ID: 57, lines: 42..43, bytes: 1839..1863
2026-09-08T12:56:57.509312Z  WARN foundry_evm_coverage::anchors: could not find anchor item=Statement (location: (source ID: 58, lines: 202..203, bytes: 8465..8489), hits: 0) err=Could not find anchor: No matching instruction in range source ID: 58, lines: 202..203, bytes: 8465..8489
2026-09-08T12:56:57.509327Z  WARN foundry_evm_coverage::anchors: could not find anchor item=Statement (location: (source ID: 57, lines: 42..43, bytes: 1867..1893), hits: 0) err=Could not find anchor: No matching instruction in range source ID: 57, lines: 42..43, bytes: 1867..1893
2026-09-08T12:56:57.509334Z  WARN foundry_evm_coverage::anchors: could not find anchor item=Statement (location: (source ID: 58, lines: 202..203, bytes: 8491..8512), hits: 0) err=Could not find anchor: No matching instruction in range source ID: 58, lines: 202..203, bytes: 8491..8512
2026-09-08T12:56:57.509341Z  WARN foundry_evm_coverage::anchors: could not find anchor item=Statement (location: (source ID: 57, lines: 42..43, bytes: 1897..1928), hits: 0) err=Could not find anchor: No matching instruction in range source ID: 57, lines: 42..43, bytes: 1897..1928
2026-09-08T12:56:57.509342Z  WARN foundry_evm_coverage::anchors: could not find anchor item=Branch (branch: 14, path: 0) (location: (source ID: 58, lines: 202..203, bytes: 8491..8512), hits: 0) err=Could not find anchor: No matching instruction in range source ID: 58, lines: 202..203, bytes: 8491..8512
2026-09-08T12:56:57.509356Z  WARN foundry_evm_coverage::anchors: could not find anchor item=Statement (location: (source ID: 57, lines: 42..43, bytes: 1932..1940), hits: 0) err=Could not find anchor: No matching instruction in range source ID: 57, lines: 42..43, bytes: 1932..1940
2026-09-08T12:56:57.509357Z  WARN foundry_evm_coverage::anchors: could not find anchor item=Line (location: (source ID: 58, lines: 203..204, bytes: 8526..8558), hits: 0) err=Could not find anchor: No matching instruction in range source ID: 58, lines: 203..204, bytes: 8526..8558
2026-09-08T12:56:57.509372Z  WARN foundry_evm_coverage::anchors: could not find anchor item=Statement (location: (source ID: 57, lines: 42..44, bytes: 1839..1972), hits: 0) err=Could not find anchor: No matching instruction in range source ID: 57, lines: 42..44, bytes: 1839..1972
2026-09-08T12:56:57.509372Z  WARN foundry_evm_coverage::anchors: could not find anchor item=Statement (location: (source ID: 58, lines: 203..204, bytes: 8526..8558), hits: 0) err=Could not find anchor: No matching instruction in range source ID: 58, lines: 203..204, bytes: 8526..8558
2026-09-08T12:56:57.509388Z  WARN foundry_evm_coverage::anchors: could not find anchor item=Statement (location: (source ID: 57, lines: 42..44, bytes: 1867..1972), hits: 0) err=Could not find anchor: No matching instruction in range source ID: 57, lines: 42..44, bytes: 1867..1972
2026-09-08T12:56:57.509388Z  WARN foundry_evm_coverage::anchors: could not find anchor item=Statement (location: (source ID: 58, lines: 203..204, bytes: 8538..8558), hits: 0) err=Could not find anchor: No matching instruction in range source ID: 58, lines: 203..204, bytes: 8538..8558
2026-09-08T12:56:57.509404Z  WARN foundry_evm_coverage::anchors: could not find anchor item=Statement (location: (source ID: 57, lines: 42..44, bytes: 1897..1972), hits: 0) err=Could not find anchor: No matching instruction in range source ID: 57, lines: 42..44, bytes: 1897..1972
2026-09-08T12:56:57.509404Z  WARN foundry_evm_coverage::anchors: could not find anchor item=Statement (location: (source ID: 58, lines: 203..204, bytes: 8560..8580), hits: 0) err=Could not find anchor: No matching instruction in range source ID: 58, lines: 203..204, bytes: 8560..8580
2026-09-08T12:56:57.509419Z  WARN foundry_evm_coverage::anchors: could not find anchor item=Statement (location: (source ID: 57, lines: 42..44, bytes: 1932..1972), hits: 0) err=Could not find anchor: No matching instruction in range source ID: 57, lines: 42..44, bytes: 1932..1972
2026-09-08T12:56:57.509419Z  WARN foundry_evm_coverage::anchors: could not find anchor item=Branch (branch: 15, path: 0) (location: (source ID: 58, lines: 203..204, bytes: 8560..8580), hits: 0) err=Could not find anchor: No matching instruction in range source ID: 58, lines: 203..204, bytes: 8560..8580
2026-09-08T12:56:57.509435Z  WARN foundry_evm_coverage::anchors: could not find anchor item=Line (location: (source ID: 57, lines: 43..44, bytes: 1960..1972), hits: 0) err=Could not find anchor: No matching instruction in range source ID: 57, lines: 43..44, bytes: 1960..1972
2026-09-08T12:56:57.509437Z  WARN foundry_evm_coverage::anchors: could not find anchor item=Line (location: (source ID: 58, lines: 204..205, bytes: 8594..8648), hits: 0) err=Could not find anchor: No matching instruction in range source ID: 58, lines: 204..205, bytes: 8594..8648
2026-09-08T12:56:57.509450Z  WARN foundry_evm_coverage::anchors: could not find anchor item=Statement (location: (source ID: 57, lines: 43..44, bytes: 1960..1972), hits: 0) err=Could not find anchor: No matching instruction in range source ID: 57, lines: 43..44, bytes: 1960..1972
2026-09-08T12:56:57.509451Z  WARN foundry_evm_coverage::anchors: could not find anchor item=Statement (location: (source ID: 58, lines: 204..205, bytes: 8594..8648), hits: 0) err=Could not find anchor: No matching instruction in range source ID: 58, lines: 204..205, bytes: 8594..8648
2026-09-08T12:56:57.509466Z  WARN foundry_evm_coverage::anchors: could not find anchor item=Line (location: (source ID: 57, lines: 44..47, bytes: 1983..2037), hits: 0) err=Could not find anchor: No matching instruction in range source ID: 57, lines: 44..47, bytes: 1983..2037
2026-09-08T12:56:57.509466Z  WARN foundry_evm_coverage::anchors: could not find anchor item=Statement (location: (source ID: 58, lines: 204..205, bytes: 8606..8648), hits: 0) err=Could not find anchor: No matching instruction in range source ID: 58, lines: 204..205, bytes: 8606..8648
2026-09-08T12:56:57.509482Z  WARN foundry_evm_coverage::anchors: could not find anchor item=Statement (location: (source ID: 58, lines: 204..205, bytes: 8650..8668), hits: 0) err=Could not find anchor: No matching instruction in range source ID: 58, lines: 204..205, bytes: 8650..8668
2026-09-08T12:56:57.509481Z  WARN foundry_evm_coverage::anchors: could not find anchor item=Branch (branch: 0, path: 0) (location: (source ID: 57, lines: 44..47, bytes: 1983..2037), hits: 0) err=Could not find anchor: No matching instruction in range source ID: 57, lines: 44..47, bytes: 1983..2037
2026-09-08T12:56:57.509490Z  WARN foundry_evm_coverage::anchors: could not find anchor item=Branch (branch: 16, path: 0) (location: (source ID: 58, lines: 204..205, bytes: 8650..8668), hits: 0) err=Could not find anchor: No matching instruction in range source ID: 58, lines: 204..205, bytes: 8650..8668
2026-09-08T12:56:57.509505Z  WARN foundry_evm_coverage::anchors: could not find anchor item=Line (location: (source ID: 57, lines: 45..46, bytes: 1997..2026), hits: 0) err=Could not find anchor: No matching instruction in range source ID: 57, lines: 45..46, bytes: 1997..2026
2026-09-08T12:56:57.509513Z  WARN foundry_evm_coverage::anchors: could not find anchor item=Line (location: (source ID: 58, lines: 205..206, bytes: 8678..8704), hits: 0) err=Could not find anchor: No matching instruction in range source ID: 58, lines: 205..206, bytes: 8678..8704
2026-09-08T12:56:57.509527Z  WARN foundry_evm_coverage::anchors: could not find anchor item=Statement (location: (source ID: 57, lines: 45..46, bytes: 1997..2026), hits: 0) err=Could not find anchor: No matching instruction in range source ID: 57, lines: 45..46, bytes: 1997..2026
2026-09-08T12:56:57.509527Z  WARN foundry_evm_coverage::anchors: could not find anchor item=Statement (location: (source ID: 58, lines: 205..206, bytes: 8678..8704), hits: 0) err=Could not find anchor: No matching instruction in range source ID: 58, lines: 205..206, bytes: 8678..8704
2026-09-08T12:56:57.509543Z  WARN foundry_evm_coverage::anchors: could not find anchor item=Line (location: (source ID: 57, lines: 47..48, bytes: 2050..2116), hits: 0) err=Could not find anchor: No matching instruction in range source ID: 57, lines: 47..48, bytes: 2050..2116
2026-09-08T12:56:57.509543Z  WARN foundry_evm_coverage::anchors: could not find anchor item=Line (location: (source ID: 58, lines: 206..207, bytes: 8714..8725), hits: 0) err=Could not find anchor: No matching instruction in range source ID: 58, lines: 206..207, bytes: 8714..8725
2026-09-08T12:56:57.509559Z  WARN foundry_evm_coverage::anchors: could not find anchor item=Statement (location: (source ID: 57, lines: 47..48, bytes: 2050..2116), hits: 0) err=Could not find anchor: No matching instruction in range source ID: 57, lines: 47..48, bytes: 2050..2116
2026-09-08T12:56:57.509559Z  WARN foundry_evm_coverage::anchors: could not find anchor item=Statement (location: (source ID: 58, lines: 206..207, bytes: 8714..8725), hits: 0) err=Could not find anchor: No matching instruction in range source ID: 58, lines: 206..207, bytes: 8714..8725
2026-09-08T12:56:57.509575Z  WARN foundry_evm_coverage::anchors: could not find anchor item=Statement (location: (source ID: 57, lines: 47..48, bytes: 2118..2147), hits: 0) err=Could not find anchor: No matching instruction in range source ID: 57, lines: 47..48, bytes: 2118..2147
2026-09-08T12:56:57.509575Z  WARN foundry_evm_coverage::anchors: could not find anchor item=Line (location: (source ID: 58, lines: 207..208, bytes: 8735..8767), hits: 0) err=Could not find anchor: No matching instruction in range source ID: 58, lines: 207..208, bytes: 8735..8767
2026-09-08T12:56:57.509590Z  WARN foundry_evm_coverage::anchors: could not find anchor item=Statement (location: (source ID: 58, lines: 207..208, bytes: 8735..8767), hits: 0) err=Could not find anchor: No matching instruction in range source ID: 58, lines: 207..208, bytes: 8735..8767
2026-09-08T12:56:57.509591Z  WARN foundry_evm_coverage::anchors: could not find anchor item=Branch (branch: 1, path: 0) (location: (source ID: 57, lines: 47..48, bytes: 2118..2147), hits: 0) err=Could not find anchor: No matching instruction in range source ID: 57, lines: 47..48, bytes: 2118..2147
2026-09-08T12:56:57.509599Z  WARN foundry_evm_coverage::anchors: could not find anchor item=Line (location: (source ID: 58, lines: 208..209, bytes: 8777..8796), hits: 0) err=Could not find anchor: No matching instruction in range source ID: 58, lines: 208..209, bytes: 8777..8796
2026-09-08T12:56:57.509614Z  WARN foundry_evm_coverage::anchors: could not find anchor item=Statement (location: (source ID: 58, lines: 208..209, bytes: 8777..8796), hits: 0) err=Could not find anchor: No matching instruction in range source ID: 58, lines: 208..209, bytes: 8777..8796
2026-09-08T12:56:57.509614Z  WARN foundry_evm_coverage::anchors: could not find anchor item=Line (location: (source ID: 57, lines: 48..49, bytes: 2157..2177), hits: 0) err=Could not find anchor: No matching instruction in range source ID: 57, lines: 48..49, bytes: 2157..2177
2026-09-08T12:56:57.509623Z  WARN foundry_evm_coverage::anchors: could not find anchor item=Line (location: (source ID: 58, lines: 209..210, bytes: 8806..8817), hits: 0) err=Could not find anchor: No matching instruction in range source ID: 58, lines: 209..210, bytes: 8806..8817
2026-09-08T12:56:57.509638Z  WARN foundry_evm_coverage::anchors: could not find anchor item=Statement (location: (source ID: 58, lines: 209..210, bytes: 8806..8817), hits: 0) err=Could not find anchor: No matching instruction in range source ID: 58, lines: 209..210, bytes: 8806..8817
2026-09-08T12:56:57.509638Z  WARN foundry_evm_coverage::anchors: could not find anchor item=Statement (location: (source ID: 57, lines: 48..49, bytes: 2157..2177), hits: 0) err=Could not find anchor: No matching instruction in range source ID: 57, lines: 48..49, bytes: 2157..2177
2026-09-08T12:56:57.509646Z  WARN foundry_evm_coverage::anchors: could not find anchor item=Line (location: (source ID: 58, lines: 210..211, bytes: 8831..8850), hits: 0) err=Could not find anchor: No matching instruction in range source ID: 58, lines: 210..211, bytes: 8831..8850
2026-09-08T12:56:57.509661Z  WARN foundry_evm_coverage::anchors: could not find anchor item=Statement (location: (source ID: 58, lines: 210..211, bytes: 8831..8850), hits: 0) err=Could not find anchor: No matching instruction in range source ID: 58, lines: 210..211, bytes: 8831..8850
2026-09-08T12:56:57.509662Z  WARN foundry_evm_coverage::anchors: could not find anchor item=Line (location: (source ID: 57, lines: 49..50, bytes: 2187..2213), hits: 0) err=Could not find anchor: No matching instruction in range source ID: 57, lines: 49..50, bytes: 2187..2213
2026-09-08T12:56:57.509670Z  WARN foundry_evm_coverage::anchors: could not find anchor item=Statement (location: (source ID: 58, lines: 210..211, bytes: 8852..8861), hits: 0) err=Could not find anchor: No matching instruction in range source ID: 58, lines: 210..211, bytes: 8852..8861
2026-09-08T12:56:57.509685Z  WARN foundry_evm_coverage::anchors: could not find anchor item=Branch (branch: 17, path: 0) (location: (source ID: 58, lines: 210..211, bytes: 8852..8861), hits: 0) err=Could not find anchor: No matching instruction in range source ID: 58, lines: 210..211, bytes: 8852..8861
2026-09-08T12:56:57.509685Z  WARN foundry_evm_coverage::anchors: could not find anchor item=Statement (location: (source ID: 57, lines: 49..50, bytes: 2187..2213), hits: 0) err=Could not find anchor: No matching instruction in range source ID: 57, lines: 49..50, bytes: 2187..2213
2026-09-08T12:56:57.509693Z  WARN foundry_evm_coverage::anchors: could not find anchor item=Line (location: (source ID: 58, lines: 211..212, bytes: 8871..8904), hits: 0) err=Could not find anchor: No matching instruction in range source ID: 58, lines: 211..212, bytes: 8871..8904
2026-09-08T12:56:57.509708Z  WARN foundry_evm_coverage::anchors: could not find anchor item=Line (location: (source ID: 57, lines: 50..51, bytes: 2223..2239), hits: 0) err=Could not find anchor: No matching instruction in range source ID: 57, lines: 50..51, bytes: 2223..2239
2026-09-08T12:56:57.509708Z  WARN foundry_evm_coverage::anchors: could not find anchor item=Statement (location: (source ID: 58, lines: 211..212, bytes: 8871..8904), hits: 0) err=Could not find anchor: No matching instruction in range source ID: 58, lines: 211..212, bytes: 8871..8904
2026-09-08T12:56:57.509724Z  WARN foundry_evm_coverage::anchors: could not find anchor item=Statement (location: (source ID: 57, lines: 50..51, bytes: 2223..2239), hits: 0) err=Could not find anchor: No matching instruction in range source ID: 57, lines: 50..51, bytes: 2223..2239
2026-09-08T12:56:57.509724Z  WARN foundry_evm_coverage::anchors: could not find anchor item=Line (location: (source ID: 58, lines: 215..232, bytes: 9032..9777), hits: 0) err=Could not find anchor: No matching instruction in range source ID: 58, lines: 215..232, bytes: 9032..9777
2026-09-08T12:56:57.509747Z  WARN foundry_evm_coverage::anchors: could not find anchor item=Function "settle" (location: (source ID: 58, lines: 215..232, bytes: 9032..9777), hits: 0) err=Could not find anchor: No matching instruction in range source ID: 58, lines: 215..232, bytes: 9032..9777
2026-09-08T12:56:57.509740Z  WARN foundry_evm_coverage::anchors: could not find anchor item=Line (location: (source ID: 57, lines: 51..52, bytes: 2249..2287), hits: 0) err=Could not find anchor: No matching instruction in range source ID: 57, lines: 51..52, bytes: 2249..2287
2026-09-08T12:56:57.509758Z  WARN foundry_evm_coverage::anchors: could not find anchor item=Line (location: (source ID: 58, lines: 216..217, bytes: 9095..9118), hits: 0) err=Could not find anchor: No matching instruction in range source ID: 58, lines: 216..217, bytes: 9095..9118
2026-09-08T12:56:57.509785Z  WARN foundry_evm_coverage::anchors: could not find anchor item=Statement (location: (source ID: 58, lines: 216..217, bytes: 9095..9118), hits: 0) err=Could not find anchor: No matching instruction in range source ID: 58, lines: 216..217, bytes: 9095..9118
2026-09-08T12:56:57.509794Z  WARN foundry_evm_coverage::anchors: could not find anchor item=Branch (branch: 18, path: 0) (location: (source ID: 58, lines: 216..217, bytes: 9095..9118), hits: 0) err=Could not find anchor: No matching instruction in range source ID: 58, lines: 216..217, bytes: 9095..9118
2026-09-08T12:56:57.509801Z  WARN foundry_evm_coverage::anchors: could not find anchor item=Line (location: (source ID: 58, lines: 217..218, bytes: 9132..9157), hits: 0) err=Could not find anchor: No matching instruction in range source ID: 58, lines: 217..218, bytes: 9132..9157
2026-09-08T12:56:57.509808Z  WARN foundry_evm_coverage::anchors: could not find anchor item=Statement (location: (source ID: 58, lines: 217..218, bytes: 9132..9157), hits: 0) err=Could not find anchor: No matching instruction in range source ID: 58, lines: 217..218, bytes: 9132..9157
2026-09-08T12:56:57.509809Z  WARN foundry_evm_coverage::anchors: could not find anchor item=Statement (location: (source ID: 57, lines: 51..52, bytes: 2249..2287), hits: 0) err=Could not find anchor: No matching instruction in range source ID: 57, lines: 51..52, bytes: 2249..2287
2026-09-08T12:56:57.509817Z  WARN foundry_evm_coverage::anchors: could not find anchor item=Statement (location: (source ID: 58, lines: 217..218, bytes: 9159..9183), hits: 0) err=Could not find anchor: No matching instruction in range source ID: 58, lines: 217..218, bytes: 9159..9183
2026-09-08T12:56:57.509834Z  WARN foundry_evm_coverage::anchors: could not find anchor item=Branch (branch: 19, path: 0) (location: (source ID: 58, lines: 217..218, bytes: 9159..9183), hits: 0) err=Could not find anchor: No matching instruction in range source ID: 58, lines: 217..218, bytes: 9159..9183
2026-09-08T12:56:57.509841Z  WARN foundry_evm_coverage::anchors: could not find anchor item=Line (location: (source ID: 58, lines: 218..219, bytes: 9193..9207), hits: 0) err=Could not find anchor: No matching instruction in range source ID: 58, lines: 218..219, bytes: 9193..9207
2026-09-08T12:56:57.509848Z  WARN foundry_evm_coverage::anchors: could not find anchor item=Statement (location: (source ID: 58, lines: 218..219, bytes: 9193..9207), hits: 0) err=Could not find anchor: No matching instruction in range source ID: 58, lines: 218..219, bytes: 9193..9207
2026-09-08T12:56:57.509854Z  WARN foundry_evm_coverage::anchors: could not find anchor item=Line (location: (source ID: 58, lines: 219..220, bytes: 9217..9244), hits: 0) err=Could not find anchor: No matching instruction in range source ID: 58, lines: 219..220, bytes: 9217..9244
2026-09-08T12:56:57.509860Z  WARN foundry_evm_coverage::anchors: could not find anchor item=Statement (location: (source ID: 58, lines: 219..220, bytes: 9217..9244), hits: 0) err=Could not find anchor: No matching instruction in range source ID: 58, lines: 219..220, bytes: 9217..9244
2026-09-08T12:56:57.509867Z  WARN foundry_evm_coverage::anchors: could not find anchor item=Line (location: (source ID: 58, lines: 220..221, bytes: 9254..9325), hits: 0) err=Could not find anchor: No matching instruction in range source ID: 58, lines: 220..221, bytes: 9254..9325
2026-09-08T12:56:57.509873Z  WARN foundry_evm_coverage::anchors: could not find anchor item=Statement (location: (source ID: 58, lines: 220..221, bytes: 9254..9325), hits: 0) err=Could not find anchor: No matching instruction in range source ID: 58, lines: 220..221, bytes: 9254..9325
2026-09-08T12:56:57.509880Z  WARN foundry_evm_coverage::anchors: could not find anchor item=Line (location: (source ID: 58, lines: 221..222, bytes: 9335..9436), hits: 0) err=Could not find anchor: No matching instruction in range source ID: 58, lines: 221..222, bytes: 9335..9436
2026-09-08T12:56:57.509886Z  WARN foundry_evm_coverage::anchors: could not find anchor item=Statement (location: (source ID: 58, lines: 221..222, bytes: 9335..9436), hits: 0) err=Could not find anchor: No matching instruction in range source ID: 58, lines: 221..222, bytes: 9335..9436
2026-09-08T12:56:57.509892Z  WARN foundry_evm_coverage::anchors: could not find anchor item=Statement (location: (source ID: 58, lines: 221..222, bytes: 9351..9436), hits: 0) err=Could not find anchor: No matching instruction in range source ID: 58, lines: 221..222, bytes: 9351..9436
2026-09-08T12:56:57.509898Z  WARN foundry_evm_coverage::anchors: could not find anchor item=Line (location: (source ID: 58, lines: 222..223, bytes: 9446..9469), hits: 0) err=Could not find anchor: No matching instruction in range source ID: 58, lines: 222..223, bytes: 9446..9469
2026-09-08T12:56:57.509907Z  WARN foundry_evm_coverage::anchors: could not find anchor item=Statement (location: (source ID: 58, lines: 222..223, bytes: 9446..9469), hits: 0) err=Could not find anchor: No matching instruction in range source ID: 58, lines: 222..223, bytes: 9446..9469
2026-09-08T12:56:57.509913Z  WARN foundry_evm_coverage::anchors: could not find anchor item=Line (location: (source ID: 58, lines: 223..224, bytes: 9479..9494), hits: 0) err=Could not find anchor: No matching instruction in range source ID: 58, lines: 223..224, bytes: 9479..9494
2026-09-08T12:56:57.509920Z  WARN foundry_evm_coverage::anchors: could not find anchor item=Statement (location: (source ID: 58, lines: 223..224, bytes: 9479..9494), hits: 0) err=Could not find anchor: No matching instruction in range source ID: 58, lines: 223..224, bytes: 9479..9494
2026-09-08T12:56:57.509926Z  WARN foundry_evm_coverage::anchors: could not find anchor item=Line (location: (source ID: 58, lines: 224..225, bytes: 9504..9542), hits: 0) err=Could not find anchor: No matching instruction in range source ID: 58, lines: 224..225, bytes: 9504..9542
2026-09-08T12:56:57.509932Z  WARN foundry_evm_coverage::anchors: could not find anchor item=Statement (location: (source ID: 58, lines: 224..225, bytes: 9504..9542), hits: 0) err=Could not find anchor: No matching instruction in range source ID: 58, lines: 224..225, bytes: 9504..9542
2026-09-08T12:56:57.509938Z  WARN foundry_evm_coverage::anchors: could not find anchor item=Line (location: (source ID: 58, lines: 225..226, bytes: 9552..9569), hits: 0) err=Could not find anchor: No matching instruction in range source ID: 58, lines: 225..226, bytes: 9552..9569
2026-09-08T12:56:57.509945Z  WARN foundry_evm_coverage::anchors: could not find anchor item=Statement (location: (source ID: 58, lines: 225..226, bytes: 9552..9569), hits: 0) err=Could not find anchor: No matching instruction in range source ID: 58, lines: 225..226, bytes: 9552..9569
2026-09-08T12:56:57.509951Z  WARN foundry_evm_coverage::anchors: could not find anchor item=Line (location: (source ID: 58, lines: 226..227, bytes: 9584..9600), hits: 0) err=Could not find anchor: No matching instruction in range source ID: 58, lines: 226..227, bytes: 9584..9600
2026-09-08T12:56:57.509957Z  WARN foundry_evm_coverage::anchors: could not find anchor item=Statement (location: (source ID: 58, lines: 226..227, bytes: 9584..9600), hits: 0) err=Could not find anchor: No matching instruction in range source ID: 58, lines: 226..227, bytes: 9584..9600
2026-09-08T12:56:57.509964Z  WARN foundry_evm_coverage::anchors: could not find anchor item=Statement (location: (source ID: 58, lines: 226..227, bytes: 9602..9609), hits: 0) err=Could not find anchor: No matching instruction in range source ID: 58, lines: 226..227, bytes: 9602..9609
2026-09-08T12:56:57.509970Z  WARN foundry_evm_coverage::anchors: could not find anchor item=Statement (location: (source ID: 58, lines: 226..227, bytes: 9611..9617), hits: 0) err=Could not find anchor: No matching instruction in range source ID: 58, lines: 226..227, bytes: 9611..9617
2026-09-08T12:56:57.509976Z  WARN foundry_evm_coverage::anchors: could not find anchor item=Line (location: (source ID: 58, lines: 227..228, bytes: 9633..9664), hits: 0) err=Could not find anchor: No matching instruction in range source ID: 58, lines: 227..228, bytes: 9633..9664
2026-09-08T12:56:57.509982Z  WARN foundry_evm_coverage::anchors: could not find anchor item=Statement (location: (source ID: 58, lines: 227..228, bytes: 9633..9664), hits: 0) err=Could not find anchor: No matching instruction in range source ID: 58, lines: 227..228, bytes: 9633..9664
2026-09-08T12:56:57.509989Z  WARN foundry_evm_coverage::anchors: could not find anchor item=Line (location: (source ID: 58, lines: 228..229, bytes: 9678..9696), hits: 0) err=Could not find anchor: No matching instruction in range source ID: 58, lines: 228..229, bytes: 9678..9696
2026-09-08T12:56:57.509995Z  WARN foundry_evm_coverage::anchors: could not find anchor item=Statement (location: (source ID: 58, lines: 228..229, bytes: 9678..9696), hits: 0) err=Could not find anchor: No matching instruction in range source ID: 58, lines: 228..229, bytes: 9678..9696
2026-09-08T12:56:57.510001Z  WARN foundry_evm_coverage::anchors: could not find anchor item=Line (location: (source ID: 58, lines: 230..231, bytes: 9716..9770), hits: 0) err=Could not find anchor: No matching instruction in range source ID: 58, lines: 230..231, bytes: 9716..9770
2026-09-08T12:56:57.510008Z  WARN foundry_evm_coverage::anchors: could not find anchor item=Statement (location: (source ID: 58, lines: 230..231, bytes: 9716..9770), hits: 0) err=Could not find anchor: No matching instruction in range source ID: 58, lines: 230..231, bytes: 9716..9770
2026-09-08T12:56:57.510014Z  WARN foundry_evm_coverage::anchors: could not find anchor item=Line (location: (source ID: 58, lines: 234..239, bytes: 9898..10126), hits: 0) err=Could not find anchor: No matching instruction in range source ID: 58, lines: 234..239, bytes: 9898..10126
2026-09-08T12:56:57.510020Z  WARN foundry_evm_coverage::anchors: could not find anchor item=Function "winningBidCost" (location: (source ID: 58, lines: 234..239, bytes: 9898..10126), hits: 0) err=Could not find anchor: No matching instruction in range source ID: 58, lines: 234..239, bytes: 9898..10126
2026-09-08T12:56:57.510027Z  WARN foundry_evm_coverage::anchors: could not find anchor item=Line (location: (source ID: 58, lines: 235..236, bytes: 9978..9986), hits: 0) err=Could not find anchor: No matching instruction in range source ID: 58, lines: 235..236, bytes: 9978..9986
2026-09-08T12:56:57.510033Z  WARN foundry_evm_coverage::anchors: could not find anchor item=Statement (location: (source ID: 58, lines: 235..236, bytes: 9978..9986), hits: 0) err=Could not find anchor: No matching instruction in range source ID: 58, lines: 235..236, bytes: 9978..9986
2026-09-08T12:56:57.510040Z  WARN foundry_evm_coverage::anchors: could not find anchor item=Statement (location: (source ID: 58, lines: 235..236, bytes: 9988..10007), hits: 0) err=Could not find anchor: No matching instruction in range source ID: 58, lines: 235..236, bytes: 9988..10007
2026-09-08T12:56:57.510046Z  WARN foundry_evm_coverage::anchors: could not find anchor item=Branch (branch: 20, path: 0) (location: (source ID: 58, lines: 235..236, bytes: 9988..10007), hits: 0) err=Could not find anchor: No matching instruction in range source ID: 58, lines: 235..236, bytes: 9988..10007
2026-09-08T12:56:57.510052Z  WARN foundry_evm_coverage::anchors: could not find anchor item=Line (location: (source ID: 58, lines: 236..237, bytes: 10021..10037), hits: 0) err=Could not find anchor: No matching instruction in range source ID: 58, lines: 236..237, bytes: 10021..10037
2026-09-08T12:56:57.510059Z  WARN foundry_evm_coverage::anchors: could not find anchor item=Statement (location: (source ID: 58, lines: 236..237, bytes: 10021..10037), hits: 0) err=Could not find anchor: No matching instruction in range source ID: 58, lines: 236..237, bytes: 10021..10037
2026-09-08T12:56:57.510065Z  WARN foundry_evm_coverage::anchors: could not find anchor item=Statement (location: (source ID: 58, lines: 236..237, bytes: 10039..10058), hits: 0) err=Could not find anchor: No matching instruction in range source ID: 58, lines: 236..237, bytes: 10039..10058
2026-09-08T12:56:57.510071Z  WARN foundry_evm_coverage::anchors: could not find anchor item=Branch (branch: 21, path: 0) (location: (source ID: 58, lines: 236..237, bytes: 10039..10058), hits: 0) err=Could not find anchor: No matching instruction in range source ID: 58, lines: 236..237, bytes: 10039..10058
2026-09-08T12:56:57.510077Z  WARN foundry_evm_coverage::anchors: could not find anchor item=Line (location: (source ID: 58, lines: 237..238, bytes: 10068..10119), hits: 0) err=Could not find anchor: No matching instruction in range source ID: 58, lines: 237..238, bytes: 10068..10119
2026-09-08T12:56:57.510084Z  WARN foundry_evm_coverage::anchors: could not find anchor item=Statement (location: (source ID: 58, lines: 237..238, bytes: 10068..10119), hits: 0) err=Could not find anchor: No matching instruction in range source ID: 58, lines: 237..238, bytes: 10068..10119
2026-09-08T12:56:57.510090Z  WARN foundry_evm_coverage::anchors: could not find anchor item=Statement (location: (source ID: 58, lines: 237..238, bytes: 10075..10119), hits: 0) err=Could not find anchor: No matching instruction in range source ID: 58, lines: 237..238, bytes: 10075..10119
2026-09-08T12:56:57.510097Z  WARN foundry_evm_coverage::anchors: could not find anchor item=Line (location: (source ID: 58, lines: 242..260, bytes: 10349..11055), hits: 0) err=Could not find anchor: No matching instruction in range source ID: 58, lines: 242..260, bytes: 10349..11055
2026-09-08T12:56:57.510103Z  WARN foundry_evm_coverage::anchors: could not find anchor item=Function "creditRefunds" (location: (source ID: 58, lines: 242..260, bytes: 10349..11055), hits: 0) err=Could not find anchor: No matching instruction in range source ID: 58, lines: 242..260, bytes: 10349..11055
2026-09-08T12:56:57.510109Z  WARN foundry_evm_coverage::anchors: could not find anchor item=Line (location: (source ID: 58, lines: 243..244, bytes: 10428..10460), hits: 0) err=Could not find anchor: No matching instruction in range source ID: 58, lines: 243..244, bytes: 10428..10460
2026-09-08T12:56:57.510115Z  WARN foundry_evm_coverage::anchors: could not find anchor item=Statement (location: (source ID: 58, lines: 243..244, bytes: 10428..10460), hits: 0) err=Could not find anchor: No matching instruction in range source ID: 58, lines: 243..244, bytes: 10428..10460
2026-09-08T12:56:57.510122Z  WARN foundry_evm_coverage::anchors: could not find anchor item=Line (location: (source ID: 58, lines: 244..245, bytes: 10470..10491), hits: 0) err=Could not find anchor: No matching instruction in range source ID: 58, lines: 244..245, bytes: 10470..10491
2026-09-08T12:56:57.510128Z  WARN foundry_evm_coverage::anchors: could not find anchor item=Statement (location: (source ID: 58, lines: 244..245, bytes: 10470..10491), hits: 0) err=Could not find anchor: No matching instruction in range source ID: 58, lines: 244..245, bytes: 10470..10491
2026-09-08T12:56:57.510134Z  WARN foundry_evm_coverage::anchors: could not find anchor item=Line (location: (source ID: 58, lines: 245..246, bytes: 10501..10517), hits: 0) err=Could not find anchor: No matching instruction in range source ID: 58, lines: 245..246, bytes: 10501..10517
2026-09-08T12:56:57.510141Z  WARN foundry_evm_coverage::anchors: could not find anchor item=Statement (location: (source ID: 58, lines: 245..246, bytes: 10501..10517), hits: 0) err=Could not find anchor: No matching instruction in range source ID: 58, lines: 245..246, bytes: 10501..10517
2026-09-08T12:56:57.510147Z  WARN foundry_evm_coverage::anchors: could not find anchor item=Line (location: (source ID: 58, lines: 246..247, bytes: 10532..10541), hits: 0) err=Could not find anchor: No matching instruction in range source ID: 58, lines: 246..247, bytes: 10532..10541
2026-09-08T12:56:57.510153Z  WARN foundry_evm_coverage::anchors: could not find anchor item=Statement (location: (source ID: 58, lines: 246..247, bytes: 10532..10541), hits: 0) err=Could not find anchor: No matching instruction in range source ID: 58, lines: 246..247, bytes: 10532..10541
2026-09-08T12:56:57.510160Z  WARN foundry_evm_coverage::anchors: could not find anchor item=Statement (location: (source ID: 58, lines: 246..247, bytes: 10543..10557), hits: 0) err=Could not find anchor: No matching instruction in range source ID: 58, lines: 246..247, bytes: 10543..10557
2026-09-08T12:56:57.510166Z  WARN foundry_evm_coverage::anchors: could not find anchor item=Statement (location: (source ID: 58, lines: 246..247, bytes: 10559..10562), hits: 0) err=Could not find anchor: No matching instruction in range source ID: 58, lines: 246..247, bytes: 10559..10562
2026-09-08T12:56:57.510172Z  WARN foundry_evm_coverage::anchors: could not find anchor item=Line (location: (source ID: 58, lines: 247..248, bytes: 10578..10597), hits: 0) err=Could not find anchor: No matching instruction in range source ID: 58, lines: 247..248, bytes: 10578..10597
2026-09-08T12:56:57.510178Z  WARN foundry_evm_coverage::anchors: could not find anchor item=Statement (location: (source ID: 58, lines: 247..248, bytes: 10578..10597), hits: 0) err=Could not find anchor: No matching instruction in range source ID: 58, lines: 247..248, bytes: 10578..10597
2026-09-08T12:56:57.510185Z  WARN foundry_evm_coverage::anchors: could not find anchor item=Line (location: (source ID: 58, lines: 248..249, bytes: 10611..10637), hits: 0) err=Could not find anchor: No matching instruction in range source ID: 58, lines: 248..249, bytes: 10611..10637
2026-09-08T12:56:57.510191Z  WARN foundry_evm_coverage::anchors: could not find anchor item=Statement (location: (source ID: 58, lines: 248..249, bytes: 10611..10637), hits: 0) err=Could not find anchor: No matching instruction in range source ID: 58, lines: 248..249, bytes: 10611..10637
2026-09-08T12:56:57.510197Z  WARN foundry_evm_coverage::anchors: could not find anchor item=Line (location: (source ID: 58, lines: 249..250, bytes: 10655..10666), hits: 0) err=Could not find anchor: No matching instruction in range source ID: 58, lines: 249..250, bytes: 10655..10666
2026-09-08T12:56:57.510203Z  WARN foundry_evm_coverage::anchors: could not find anchor item=Statement (location: (source ID: 58, lines: 249..250, bytes: 10655..10666), hits: 0) err=Could not find anchor: No matching instruction in range source ID: 58, lines: 249..250, bytes: 10655..10666
2026-09-08T12:56:57.510210Z  WARN foundry_evm_coverage::anchors: could not find anchor item=Statement (location: (source ID: 58, lines: 249..250, bytes: 10668..10687), hits: 0) err=Could not find anchor: No matching instruction in range source ID: 58, lines: 249..250, bytes: 10668..10687
2026-09-08T12:56:57.510216Z  WARN foundry_evm_coverage::anchors: could not find anchor item=Branch (branch: 22, path: 0) (location: (source ID: 58, lines: 249..250, bytes: 10668..10687), hits: 0) err=Could not find anchor: No matching instruction in range source ID: 58, lines: 249..250, bytes: 10668..10687
2026-09-08T12:56:57.510222Z  WARN foundry_evm_coverage::anchors: could not find anchor item=Line (location: (source ID: 58, lines: 250..251, bytes: 10725..10733), hits: 0) err=Could not find anchor: No matching instruction in range source ID: 58, lines: 250..251, bytes: 10725..10733
2026-09-08T12:56:57.510228Z  WARN foundry_evm_coverage::anchors: could not find anchor item=Statement (location: (source ID: 58, lines: 250..251, bytes: 10725..10733), hits: 0) err=Could not find anchor: No matching instruction in range source ID: 58, lines: 250..251, bytes: 10725..10733
2026-09-08T12:56:57.510235Z  WARN foundry_evm_coverage::anchors: could not find anchor item=Branch (branch: 23, path: 0) (location: (source ID: 58, lines: 250..251, bytes: 10725..10733), hits: 0) err=Could not find anchor: No matching instruction in range source ID: 58, lines: 250..251, bytes: 10725..10733
2026-09-08T12:56:57.510241Z  WARN foundry_evm_coverage::anchors: could not find anchor item=Line (location: (source ID: 58, lines: 251..252, bytes: 10747..10772), hits: 0) err=Could not find anchor: No matching instruction in range source ID: 58, lines: 251..252, bytes: 10747..10772
2026-09-08T12:56:57.510247Z  WARN foundry_evm_coverage::anchors: could not find anchor item=Statement (location: (source ID: 58, lines: 251..252, bytes: 10747..10772), hits: 0) err=Could not find anchor: No matching instruction in range source ID: 58, lines: 251..252, bytes: 10747..10772
2026-09-08T12:56:57.510254Z  WARN foundry_evm_coverage::anchors: could not find anchor item=Line (location: (source ID: 58, lines: 252..253, bytes: 10786..10843), hits: 0) err=Could not find anchor: No matching instruction in range source ID: 58, lines: 252..253, bytes: 10786..10843
2026-09-08T12:56:57.510260Z  WARN foundry_evm_coverage::anchors: could not find anchor item=Statement (location: (source ID: 58, lines: 252..253, bytes: 10786..10843), hits: 0) err=Could not find anchor: No matching instruction in range source ID: 58, lines: 252..253, bytes: 10786..10843
2026-09-08T12:56:57.510268Z  WARN foundry_evm_coverage::anchors: could not find anchor item=Statement (location: (source ID: 58, lines: 252..253, bytes: 10803..10843), hits: 0) err=Could not find anchor: No matching instruction in range source ID: 58, lines: 252..253, bytes: 10803..10843
2026-09-08T12:56:57.510274Z  WARN foundry_evm_coverage::anchors: could not find anchor item=Statement (location: (source ID: 58, lines: 252..253, bytes: 10825..10843), hits: 0) err=Could not find anchor: No matching instruction in range source ID: 58, lines: 252..253, bytes: 10825..10843
2026-09-08T12:56:57.510282Z  WARN foundry_evm_coverage::anchors: could not find anchor item=Line (location: (source ID: 58, lines: 253..254, bytes: 10857..10875), hits: 0) err=Could not find anchor: No matching instruction in range source ID: 58, lines: 253..254, bytes: 10857..10875
2026-09-08T12:56:57.510288Z  WARN foundry_evm_coverage::anchors: could not find anchor item=Statement (location: (source ID: 58, lines: 253..254, bytes: 10857..10875), hits: 0) err=Could not find anchor: No matching instruction in range source ID: 58, lines: 253..254, bytes: 10857..10875
2026-09-08T12:56:57.510295Z  WARN foundry_evm_coverage::anchors: could not find anchor item=Line (location: (source ID: 58, lines: 254..255, bytes: 10889..10919), hits: 0) err=Could not find anchor: No matching instruction in range source ID: 58, lines: 254..255, bytes: 10889..10919
2026-09-08T12:56:57.510301Z  WARN foundry_evm_coverage::anchors: could not find anchor item=Statement (location: (source ID: 58, lines: 254..255, bytes: 10889..10919), hits: 0) err=Could not find anchor: No matching instruction in range source ID: 58, lines: 254..255, bytes: 10889..10919
2026-09-08T12:56:57.510307Z  WARN foundry_evm_coverage::anchors: could not find anchor item=Line (location: (source ID: 58, lines: 255..256, bytes: 10933..10976), hits: 0) err=Could not find anchor: No matching instruction in range source ID: 58, lines: 255..256, bytes: 10933..10976
2026-09-08T12:56:57.510314Z  WARN foundry_evm_coverage::anchors: could not find anchor item=Statement (location: (source ID: 58, lines: 255..256, bytes: 10933..10976), hits: 0) err=Could not find anchor: No matching instruction in range source ID: 58, lines: 255..256, bytes: 10933..10976
2026-09-08T12:56:57.510320Z  WARN foundry_evm_coverage::anchors: could not find anchor item=Line (location: (source ID: 58, lines: 257..258, bytes: 10996..11014), hits: 0) err=Could not find anchor: No matching instruction in range source ID: 58, lines: 257..258, bytes: 10996..11014
2026-09-08T12:56:57.510327Z  WARN foundry_evm_coverage::anchors: could not find anchor item=Statement (location: (source ID: 58, lines: 257..258, bytes: 10996..11014), hits: 0) err=Could not find anchor: No matching instruction in range source ID: 58, lines: 257..258, bytes: 10996..11014
2026-09-08T12:56:57.510333Z  WARN foundry_evm_coverage::anchors: could not find anchor item=Line (location: (source ID: 58, lines: 258..259, bytes: 11024..11048), hits: 0) err=Could not find anchor: No matching instruction in range source ID: 58, lines: 258..259, bytes: 11024..11048
2026-09-08T12:56:57.510339Z  WARN foundry_evm_coverage::anchors: could not find anchor item=Statement (location: (source ID: 58, lines: 258..259, bytes: 11024..11048), hits: 0) err=Could not find anchor: No matching instruction in range source ID: 58, lines: 258..259, bytes: 11024..11048
2026-09-08T12:56:57.510345Z  WARN foundry_evm_coverage::anchors: could not find anchor item=Line (location: (source ID: 58, lines: 263..279, bytes: 11268..12037), hits: 0) err=Could not find anchor: No matching instruction in range source ID: 58, lines: 263..279, bytes: 11268..12037
2026-09-08T12:56:57.510352Z  WARN foundry_evm_coverage::anchors: could not find anchor item=Function "claimTokens" (location: (source ID: 58, lines: 263..279, bytes: 11268..12037), hits: 0) err=Could not find anchor: No matching instruction in range source ID: 58, lines: 263..279, bytes: 11268..12037
2026-09-08T12:56:57.510376Z  WARN foundry_evm_coverage::anchors: could not find anchor item=Line (location: (source ID: 58, lines: 264..265, bytes: 11364..11396), hits: 0) err=Could not find anchor: No matching instruction in range source ID: 58, lines: 264..265, bytes: 11364..11396
2026-09-08T12:56:57.510383Z  WARN foundry_evm_coverage::anchors: could not find anchor item=Statement (location: (source ID: 58, lines: 264..265, bytes: 11364..11396), hits: 0) err=Could not find anchor: No matching instruction in range source ID: 58, lines: 264..265, bytes: 11364..11396
2026-09-08T12:56:57.510389Z  WARN foundry_evm_coverage::anchors: could not find anchor item=Line (location: (source ID: 58, lines: 265..266, bytes: 11410..11433), hits: 0) err=Could not find anchor: No matching instruction in range source ID: 58, lines: 265..266, bytes: 11410..11433
2026-09-08T12:56:57.510396Z  WARN foundry_evm_coverage::anchors: could not find anchor item=Statement (location: (source ID: 58, lines: 265..266, bytes: 11410..11433), hits: 0) err=Could not find anchor: No matching instruction in range source ID: 58, lines: 265..266, bytes: 11410..11433
2026-09-08T12:56:57.510402Z  WARN foundry_evm_coverage::anchors: could not find anchor item=Statement (location: (source ID: 58, lines: 265..266, bytes: 11435..11460), hits: 0) err=Could not find anchor: No matching instruction in range source ID: 58, lines: 265..266, bytes: 11435..11460
2026-09-08T12:56:57.510408Z  WARN foundry_evm_coverage::anchors: could not find anchor item=Branch (branch: 24, path: 0) (location: (source ID: 58, lines: 265..266, bytes: 11435..11460), hits: 0) err=Could not find anchor: No matching instruction in range source ID: 58, lines: 265..266, bytes: 11435..11460
2026-09-08T12:56:57.510414Z  WARN foundry_evm_coverage::anchors: could not find anchor item=Line (location: (source ID: 58, lines: 266..267, bytes: 11470..11523), hits: 0) err=Could not find anchor: No matching instruction in range source ID: 58, lines: 266..267, bytes: 11470..11523
2026-09-08T12:56:57.510421Z  WARN foundry_evm_coverage::anchors: could not find anchor item=Statement (location: (source ID: 58, lines: 266..267, bytes: 11470..11523), hits: 0) err=Could not find anchor: No matching instruction in range source ID: 58, lines: 266..267, bytes: 11470..11523
2026-09-08T12:56:57.510427Z  WARN foundry_evm_coverage::anchors: could not find anchor item=Statement (location: (source ID: 58, lines: 266..267, bytes: 11498..11523), hits: 0) err=Could not find anchor: No matching instruction in range source ID: 58, lines: 266..267, bytes: 11498..11523
2026-09-08T12:56:57.510433Z  WARN foundry_evm_coverage::anchors: could not find anchor item=Line (location: (source ID: 58, lines: 267..268, bytes: 11538..11547), hits: 0) err=Could not find anchor: No matching instruction in range source ID: 58, lines: 267..268, bytes: 11538..11547
2026-09-08T12:56:57.510440Z  WARN foundry_evm_coverage::anchors: could not find anchor item=Statement (location: (source ID: 58, lines: 267..268, bytes: 11538..11547), hits: 0) err=Could not find anchor: No matching instruction in range source ID: 58, lines: 267..268, bytes: 11538..11547
2026-09-08T12:56:57.510446Z  WARN foundry_evm_coverage::anchors: could not find anchor item=Statement (location: (source ID: 58, lines: 267..268, bytes: 11549..11563), hits: 0) err=Could not find anchor: No matching instruction in range source ID: 58, lines: 267..268, bytes: 11549..11563
2026-09-08T12:56:57.510452Z  WARN foundry_evm_coverage::anchors: could not find anchor item=Statement (location: (source ID: 58, lines: 267..268, bytes: 11565..11568), hits: 0) err=Could not find anchor: No matching instruction in range source ID: 58, lines: 267..268, bytes: 11565..11568
2026-09-08T12:56:57.510459Z  WARN foundry_evm_coverage::anchors: could not find anchor item=Line (location: (source ID: 58, lines: 268..269, bytes: 11584..11614), hits: 0) err=Could not find anchor: No matching instruction in range source ID: 58, lines: 268..269, bytes: 11584..11614
2026-09-08T12:56:57.510465Z  WARN foundry_evm_coverage::anchors: could not find anchor item=Statement (location: (source ID: 58, lines: 268..269, bytes: 11584..11614), hits: 0) err=Could not find anchor: No matching instruction in range source ID: 58, lines: 268..269, bytes: 11584..11614
2026-09-08T12:56:57.510471Z  WARN foundry_evm_coverage::anchors: could not find anchor item=Line (location: (source ID: 58, lines: 269..270, bytes: 11632..11643), hits: 0) err=Could not find anchor: No matching instruction in range source ID: 58, lines: 269..270, bytes: 11632..11643
2026-09-08T12:56:57.510477Z  WARN foundry_evm_coverage::anchors: could not find anchor item=Statement (location: (source ID: 58, lines: 269..270, bytes: 11632..11643), hits: 0) err=Could not find anchor: No matching instruction in range source ID: 58, lines: 269..270, bytes: 11632..11643
2026-09-08T12:56:57.510484Z  WARN foundry_evm_coverage::anchors: could not find anchor item=Statement (location: (source ID: 58, lines: 269..270, bytes: 11645..11664), hits: 0) err=Could not find anchor: No matching instruction in range source ID: 58, lines: 269..270, bytes: 11645..11664
2026-09-08T12:56:57.510490Z  WARN foundry_evm_coverage::anchors: could not find anchor item=Branch (branch: 25, path: 0) (location: (source ID: 58, lines: 269..270, bytes: 11645..11664), hits: 0) err=Could not find anchor: No matching instruction in range source ID: 58, lines: 269..270, bytes: 11645..11664
2026-09-08T12:56:57.510496Z  WARN foundry_evm_coverage::anchors: could not find anchor item=Line (location: (source ID: 58, lines: 270..271, bytes: 11700..11723), hits: 0) err=Could not find anchor: No matching instruction in range source ID: 58, lines: 270..271, bytes: 11700..11723
2026-09-08T12:56:57.510502Z  WARN foundry_evm_coverage::anchors: could not find anchor item=Statement (location: (source ID: 58, lines: 270..271, bytes: 11700..11723), hits: 0) err=Could not find anchor: No matching instruction in range source ID: 58, lines: 270..271, bytes: 11700..11723
2026-09-08T12:56:57.510509Z  WARN foundry_evm_coverage::anchors: could not find anchor item=Branch (branch: 26, path: 0) (location: (source ID: 58, lines: 270..271, bytes: 11700..11723), hits: 0) err=Could not find anchor: No matching instruction in range source ID: 58, lines: 270..271, bytes: 11700..11723
2026-09-08T12:56:57.510515Z  WARN foundry_evm_coverage::anchors: could not find anchor item=Line (location: (source ID: 58, lines: 271..272, bytes: 11741..11765), hits: 0) err=Could not find anchor: No matching instruction in range source ID: 58, lines: 271..272, bytes: 11741..11765
2026-09-08T12:56:57.510522Z  WARN foundry_evm_coverage::anchors: could not find anchor item=Statement (location: (source ID: 58, lines: 271..272, bytes: 11741..11765), hits: 0) err=Could not find anchor: No matching instruction in range source ID: 58, lines: 271..272, bytes: 11741..11765
2026-09-08T12:56:57.510528Z  WARN foundry_evm_coverage::anchors: could not find anchor item=Statement (location: (source ID: 58, lines: 271..272, bytes: 11767..11788), hits: 0) err=Could not find anchor: No matching instruction in range source ID: 58, lines: 271..272, bytes: 11767..11788
2026-09-08T12:56:57.510534Z  WARN foundry_evm_coverage::anchors: could not find anchor item=Branch (branch: 27, path: 0) (location: (source ID: 58, lines: 271..272, bytes: 11767..11788), hits: 0) err=Could not find anchor: No matching instruction in range source ID: 58, lines: 271..272, bytes: 11767..11788
2026-09-08T12:56:57.510540Z  WARN foundry_evm_coverage::anchors: could not find anchor item=Line (location: (source ID: 58, lines: 272..273, bytes: 11802..11825), hits: 0) err=Could not find anchor: No matching instruction in range source ID: 58, lines: 272..273, bytes: 11802..11825
2026-09-08T12:56:57.510547Z  WARN foundry_evm_coverage::anchors: could not find anchor item=Statement (location: (source ID: 58, lines: 272..273, bytes: 11802..11825), hits: 0) err=Could not find anchor: No matching instruction in range source ID: 58, lines: 272..273, bytes: 11802..11825
2026-09-08T12:56:57.510553Z  WARN foundry_evm_coverage::anchors: could not find anchor item=Line (location: (source ID: 58, lines: 273..274, bytes: 11839..11864), hits: 0) err=Could not find anchor: No matching instruction in range source ID: 58, lines: 273..274, bytes: 11839..11864
2026-09-08T12:56:57.510559Z  WARN foundry_evm_coverage::anchors: could not find anchor item=Statement (location: (source ID: 58, lines: 273..274, bytes: 11839..11864), hits: 0) err=Could not find anchor: No matching instruction in range source ID: 58, lines: 273..274, bytes: 11839..11864
2026-09-08T12:56:57.510566Z  WARN foundry_evm_coverage::anchors: could not find anchor item=Line (location: (source ID: 58, lines: 274..275, bytes: 11878..11940), hits: 0) err=Could not find anchor: No matching instruction in range source ID: 58, lines: 274..275, bytes: 11878..11940
2026-09-08T12:56:57.510574Z  WARN foundry_evm_coverage::anchors: could not find anchor item=Statement (location: (source ID: 58, lines: 274..275, bytes: 11878..11940), hits: 0) err=Could not find anchor: No matching instruction in range source ID: 58, lines: 274..275, bytes: 11878..11940
2026-09-08T12:56:57.510580Z  WARN foundry_evm_coverage::anchors: could not find anchor item=Line (location: (source ID: 58, lines: 276..277, bytes: 11960..11987), hits: 0) err=Could not find anchor: No matching instruction in range source ID: 58, lines: 276..277, bytes: 11960..11987
2026-09-08T12:56:57.510586Z  WARN foundry_evm_coverage::anchors: could not find anchor item=Statement (location: (source ID: 58, lines: 276..277, bytes: 11960..11987), hits: 0) err=Could not find anchor: No matching instruction in range source ID: 58, lines: 276..277, bytes: 11960..11987
2026-09-08T12:56:57.510592Z  WARN foundry_evm_coverage::anchors: could not find anchor item=Line (location: (source ID: 58, lines: 277..278, bytes: 11997..12030), hits: 0) err=Could not find anchor: No matching instruction in range source ID: 58, lines: 277..278, bytes: 11997..12030
2026-09-08T12:56:57.510599Z  WARN foundry_evm_coverage::anchors: could not find anchor item=Statement (location: (source ID: 58, lines: 277..278, bytes: 11997..12030), hits: 0) err=Could not find anchor: No matching instruction in range source ID: 58, lines: 277..278, bytes: 11997..12030
2026-09-08T12:56:57.510605Z  WARN foundry_evm_coverage::anchors: could not find anchor item=Line (location: (source ID: 58, lines: 280..294, bytes: 12043..12744), hits: 0) err=Could not find anchor: No matching instruction in range source ID: 58, lines: 280..294, bytes: 12043..12744
2026-09-08T12:56:57.510611Z  WARN foundry_evm_coverage::anchors: could not find anchor item=Function "claimUnsold" (location: (source ID: 58, lines: 280..294, bytes: 12043..12744), hits: 0) err=Could not find anchor: No matching instruction in range source ID: 58, lines: 280..294, bytes: 12043..12744
2026-09-08T12:56:57.510618Z  WARN foundry_evm_coverage::anchors: could not find anchor item=Line (location: (source ID: 58, lines: 281..282, bytes: 12137..12145), hits: 0) err=Could not find anchor: No matching instruction in range source ID: 58, lines: 281..282, bytes: 12137..12145
2026-09-08T12:56:57.510624Z  WARN foundry_evm_coverage::anchors: could not find anchor item=Statement (location: (source ID: 58, lines: 281..282, bytes: 12137..12145), hits: 0) err=Could not find anchor: No matching instruction in range source ID: 58, lines: 281..282, bytes: 12137..12145
2026-09-08T12:56:57.510630Z  WARN foundry_evm_coverage::anchors: could not find anchor item=Statement (location: (source ID: 58, lines: 281..282, bytes: 12147..12166), hits: 0) err=Could not find anchor: No matching instruction in range source ID: 58, lines: 281..282, bytes: 12147..12166
2026-09-08T12:56:57.510636Z  WARN foundry_evm_coverage::anchors: could not find anchor item=Branch (branch: 28, path: 0) (location: (source ID: 58, lines: 281..282, bytes: 12147..12166), hits: 0) err=Could not find anchor: No matching instruction in range source ID: 58, lines: 281..282, bytes: 12147..12166
2026-09-08T12:56:57.510643Z  WARN foundry_evm_coverage::anchors: could not find anchor item=Line (location: (source ID: 58, lines: 282..283, bytes: 12180..12206), hits: 0) err=Could not find anchor: No matching instruction in range source ID: 58, lines: 282..283, bytes: 12180..12206
2026-09-08T12:56:57.510650Z  WARN foundry_evm_coverage::anchors: could not find anchor item=Statement (location: (source ID: 58, lines: 282..283, bytes: 12180..12206), hits: 0) err=Could not find anchor: No matching instruction in range source ID: 58, lines: 282..283, bytes: 12180..12206
2026-09-08T12:56:57.510657Z  WARN foundry_evm_coverage::anchors: could not find anchor item=Statement (location: (source ID: 58, lines: 282..283, bytes: 12208..12229), hits: 0) err=Could not find anchor: No matching instruction in range source ID: 58, lines: 282..283, bytes: 12208..12229
2026-09-08T12:56:57.510663Z  WARN foundry_evm_coverage::anchors: could not find anchor item=Branch (branch: 29, path: 0) (location: (source ID: 58, lines: 282..283, bytes: 12208..12229), hits: 0) err=Could not find anchor: No matching instruction in range source ID: 58, lines: 282..283, bytes: 12208..12229
2026-09-08T12:56:57.510670Z  WARN foundry_evm_coverage::anchors: could not find anchor item=Line (location: (source ID: 58, lines: 283..284, bytes: 12243..12266), hits: 0) err=Could not find anchor: No matching instruction in range source ID: 58, lines: 283..284, bytes: 12243..12266
2026-09-08T12:56:57.510676Z  WARN foundry_evm_coverage::anchors: could not find anchor item=Statement (location: (source ID: 58, lines: 283..284, bytes: 12243..12266), hits: 0) err=Could not find anchor: No matching instruction in range source ID: 58, lines: 283..284, bytes: 12243..12266
2026-09-08T12:56:57.510682Z  WARN foundry_evm_coverage::anchors: could not find anchor item=Statement (location: (source ID: 58, lines: 283..284, bytes: 12268..12293), hits: 0) err=Could not find anchor: No matching instruction in range source ID: 58, lines: 283..284, bytes: 12268..12293
2026-09-08T12:56:57.510688Z  WARN foundry_evm_coverage::anchors: could not find anchor item=Branch (branch: 30, path: 0) (location: (source ID: 58, lines: 283..284, bytes: 12268..12293), hits: 0) err=Could not find anchor: No matching instruction in range source ID: 58, lines: 283..284, bytes: 12268..12293
2026-09-08T12:56:57.510695Z  WARN foundry_evm_coverage::anchors: could not find anchor item=Line (location: (source ID: 58, lines: 284..285, bytes: 12307..12320), hits: 0) err=Could not find anchor: No matching instruction in range source ID: 58, lines: 284..285, bytes: 12307..12320
2026-09-08T12:56:57.510701Z  WARN foundry_evm_coverage::anchors: could not find anchor item=Statement (location: (source ID: 58, lines: 284..285, bytes: 12307..12320), hits: 0) err=Could not find anchor: No matching instruction in range source ID: 58, lines: 284..285, bytes: 12307..12320
2026-09-08T12:56:57.510707Z  WARN foundry_evm_coverage::anchors: could not find anchor item=Statement (location: (source ID: 58, lines: 284..285, bytes: 12307..12350), hits: 0) err=Could not find anchor: No matching instruction in range source ID: 58, lines: 284..285, bytes: 12307..12350
2026-09-08T12:56:57.510714Z  WARN foundry_evm_coverage::anchors: could not find anchor item=Statement (location: (source ID: 58, lines: 284..285, bytes: 12324..12350), hits: 0) err=Could not find anchor: No matching instruction in range source ID: 58, lines: 284..285, bytes: 12324..12350
2026-09-08T12:56:57.510720Z  WARN foundry_evm_coverage::anchors: could not find anchor item=Statement (location: (source ID: 58, lines: 284..285, bytes: 12352..12373), hits: 0) err=Could not find anchor: No matching instruction in range source ID: 58, lines: 284..285, bytes: 12352..12373
2026-09-08T12:56:57.510726Z  WARN foundry_evm_coverage::anchors: could not find anchor item=Branch (branch: 31, path: 0) (location: (source ID: 58, lines: 284..285, bytes: 12352..12373), hits: 0) err=Could not find anchor: No matching instruction in range source ID: 58, lines: 284..285, bytes: 12352..12373
2026-09-08T12:56:57.510733Z  WARN foundry_evm_coverage::anchors: could not find anchor item=Line (location: (source ID: 58, lines: 285..286, bytes: 12383..12434), hits: 0) err=Could not find anchor: No matching instruction in range source ID: 58, lines: 285..286, bytes: 12383..12434
2026-09-08T12:56:57.510739Z  WARN foundry_evm_coverage::anchors: could not find anchor item=Statement (location: (source ID: 58, lines: 285..286, bytes: 12383..12434), hits: 0) err=Could not find anchor: No matching instruction in range source ID: 58, lines: 285..286, bytes: 12383..12434
2026-09-08T12:56:57.510745Z  WARN foundry_evm_coverage::anchors: could not find anchor item=Statement (location: (source ID: 58, lines: 285..286, bytes: 12406..12434), hits: 0) err=Could not find anchor: No matching instruction in range source ID: 58, lines: 285..286, bytes: 12406..12434
2026-09-08T12:56:57.510752Z  WARN foundry_evm_coverage::anchors: could not find anchor item=Statement (location: (source ID: 58, lines: 285..286, bytes: 12415..12434), hits: 0) err=Could not find anchor: No matching instruction in range source ID: 58, lines: 285..286, bytes: 12415..12434
2026-09-08T12:56:57.510758Z  WARN foundry_evm_coverage::anchors: could not find anchor item=Line (location: (source ID: 58, lines: 286..287, bytes: 12444..12495), hits: 0) err=Could not find anchor: No matching instruction in range source ID: 58, lines: 286..287, bytes: 12444..12495
2026-09-08T12:56:57.510764Z  WARN foundry_evm_coverage::anchors: could not find anchor item=Statement (location: (source ID: 58, lines: 286..287, bytes: 12444..12495), hits: 0) err=Could not find anchor: No matching instruction in range source ID: 58, lines: 286..287, bytes: 12444..12495
2026-09-08T12:56:57.510770Z  WARN foundry_evm_coverage::anchors: could not find anchor item=Statement (location: (source ID: 58, lines: 286..287, bytes: 12472..12495), hits: 0) err=Could not find anchor: No matching instruction in range source ID: 58, lines: 286..287, bytes: 12472..12495
2026-09-08T12:56:57.510776Z  WARN foundry_evm_coverage::anchors: could not find anchor item=Line (location: (source ID: 58, lines: 287..288, bytes: 12510..12519), hits: 0) err=Could not find anchor: No matching instruction in range source ID: 58, lines: 287..288, bytes: 12510..12519
2026-09-08T12:56:57.510783Z  WARN foundry_evm_coverage::anchors: could not find anchor item=Statement (location: (source ID: 58, lines: 287..288, bytes: 12510..12519), hits: 0) err=Could not find anchor: No matching instruction in range source ID: 58, lines: 287..288, bytes: 12510..12519
2026-09-08T12:56:57.510789Z  WARN foundry_evm_coverage::anchors: could not find anchor item=Statement (location: (source ID: 58, lines: 287..288, bytes: 12521..12533), hits: 0) err=Could not find anchor: No matching instruction in range source ID: 58, lines: 287..288, bytes: 12521..12533
2026-09-08T12:56:57.510795Z  WARN foundry_evm_coverage::anchors: could not find anchor item=Statement (location: (source ID: 58, lines: 287..288, bytes: 12535..12538), hits: 0) err=Could not find anchor: No matching instruction in range source ID: 58, lines: 287..288, bytes: 12535..12538
2026-09-08T12:56:57.510802Z  WARN foundry_evm_coverage::anchors: could not find anchor item=Line (location: (source ID: 58, lines: 288..289, bytes: 12554..12584), hits: 0) err=Could not find anchor: No matching instruction in range source ID: 58, lines: 288..289, bytes: 12554..12584
2026-09-08T12:56:57.510808Z  WARN foundry_evm_coverage::anchors: could not find anchor item=Statement (location: (source ID: 58, lines: 288..289, bytes: 12554..12584), hits: 0) err=Could not find anchor: No matching instruction in range source ID: 58, lines: 288..289, bytes: 12554..12584
2026-09-08T12:56:57.510814Z  WARN foundry_evm_coverage::anchors: could not find anchor item=Line (location: (source ID: 58, lines: 290..291, bytes: 12604..12631), hits: 0) err=Could not find anchor: No matching instruction in range source ID: 58, lines: 290..291, bytes: 12604..12631
2026-09-08T12:56:57.510820Z  WARN foundry_evm_coverage::anchors: could not find anchor item=Statement (location: (source ID: 58, lines: 290..291, bytes: 12604..12631), hits: 0) err=Could not find anchor: No matching instruction in range source ID: 58, lines: 290..291, bytes: 12604..12631
2026-09-08T12:56:57.510826Z  WARN foundry_evm_coverage::anchors: could not find anchor item=Line (location: (source ID: 58, lines: 291..292, bytes: 12641..12674), hits: 0) err=Could not find anchor: No matching instruction in range source ID: 58, lines: 291..292, bytes: 12641..12674
2026-09-08T12:56:57.510833Z  WARN foundry_evm_coverage::anchors: could not find anchor item=Statement (location: (source ID: 58, lines: 291..292, bytes: 12641..12674), hits: 0) err=Could not find anchor: No matching instruction in range source ID: 58, lines: 291..292, bytes: 12641..12674
2026-09-08T12:56:57.510839Z  WARN foundry_evm_coverage::anchors: could not find anchor item=Line (location: (source ID: 58, lines: 292..293, bytes: 12684..12737), hits: 0) err=Could not find anchor: No matching instruction in range source ID: 58, lines: 292..293, bytes: 12684..12737
2026-09-08T12:56:57.510845Z  WARN foundry_evm_coverage::anchors: could not find anchor item=Statement (location: (source ID: 58, lines: 292..293, bytes: 12684..12737), hits: 0) err=Could not find anchor: No matching instruction in range source ID: 58, lines: 292..293, bytes: 12684..12737
2026-09-08T12:56:57.510852Z  WARN foundry_evm_coverage::anchors: could not find anchor item=Line (location: (source ID: 58, lines: 296..309, bytes: 12856..13542), hits: 0) err=Could not find anchor: No matching instruction in range source ID: 58, lines: 296..309, bytes: 12856..13542
2026-09-08T12:56:57.510858Z  WARN foundry_evm_coverage::anchors: could not find anchor item=Function "claimReserved" (location: (source ID: 58, lines: 296..309, bytes: 12856..13542), hits: 0) err=Could not find anchor: No matching instruction in range source ID: 58, lines: 296..309, bytes: 12856..13542
2026-09-08T12:56:57.510864Z  WARN foundry_evm_coverage::anchors: could not find anchor item=Line (location: (source ID: 58, lines: 297..298, bytes: 12952..12978), hits: 0) err=Could not find anchor: No matching instruction in range source ID: 58, lines: 297..298, bytes: 12952..12978
2026-09-08T12:56:57.510870Z  WARN foundry_evm_coverage::anchors: could not find anchor item=Statement (location: (source ID: 58, lines: 297..298, bytes: 12952..12978), hits: 0) err=Could not find anchor: No matching instruction in range source ID: 58, lines: 297..298, bytes: 12952..12978
2026-09-08T12:56:57.510876Z  WARN foundry_evm_coverage::anchors: could not find anchor item=Statement (location: (source ID: 58, lines: 297..298, bytes: 12980..13001), hits: 0) err=Could not find anchor: No matching instruction in range source ID: 58, lines: 297..298, bytes: 12980..13001
2026-09-08T12:56:57.510883Z  WARN foundry_evm_coverage::anchors: could not find anchor item=Branch (branch: 32, path: 0) (location: (source ID: 58, lines: 297..298, bytes: 12980..13001), hits: 0) err=Could not find anchor: No matching instruction in range source ID: 58, lines: 297..298, bytes: 12980..13001
2026-09-08T12:56:57.510889Z  WARN foundry_evm_coverage::anchors: could not find anchor item=Line (location: (source ID: 58, lines: 298..299, bytes: 13015..13038), hits: 0) err=Could not find anchor: No matching instruction in range source ID: 58, lines: 298..299, bytes: 13015..13038
2026-09-08T12:56:57.510895Z  WARN foundry_evm_coverage::anchors: could not find anchor item=Statement (location: (source ID: 58, lines: 298..299, bytes: 13015..13038), hits: 0) err=Could not find anchor: No matching instruction in range source ID: 58, lines: 298..299, bytes: 13015..13038
2026-09-08T12:56:57.510902Z  WARN foundry_evm_coverage::anchors: could not find anchor item=Statement (location: (source ID: 58, lines: 298..299, bytes: 13040..13065), hits: 0) err=Could not find anchor: No matching instruction in range source ID: 58, lines: 298..299, bytes: 13040..13065
2026-09-08T12:56:57.510914Z  WARN foundry_evm_coverage::anchors: could not find anchor item=Branch (branch: 33, path: 0) (location: (source ID: 58, lines: 298..299, bytes: 13040..13065), hits: 0) err=Could not find anchor: No matching instruction in range source ID: 58, lines: 298..299, bytes: 13040..13065
2026-09-08T12:56:57.510920Z  WARN foundry_evm_coverage::anchors: could not find anchor item=Line (location: (source ID: 58, lines: 299..300, bytes: 13079..13092), hits: 0) err=Could not find anchor: No matching instruction in range source ID: 58, lines: 299..300, bytes: 13079..13092
2026-09-08T12:56:57.510927Z  WARN foundry_evm_coverage::anchors: could not find anchor item=Statement (location: (source ID: 58, lines: 299..300, bytes: 13079..13092), hits: 0) err=Could not find anchor: No matching instruction in range source ID: 58, lines: 299..300, bytes: 13079..13092
2026-09-08T12:56:57.510933Z  WARN foundry_evm_coverage::anchors: could not find anchor item=Statement (location: (source ID: 58, lines: 299..300, bytes: 13079..13124), hits: 0) err=Could not find anchor: No matching instruction in range source ID: 58, lines: 299..300, bytes: 13079..13124
2026-09-08T12:56:57.510940Z  WARN foundry_evm_coverage::anchors: could not find anchor item=Statement (location: (source ID: 58, lines: 299..300, bytes: 13096..13124), hits: 0) err=Could not find anchor: No matching instruction in range source ID: 58, lines: 299..300, bytes: 13096..13124
2026-09-08T12:56:57.510946Z  WARN foundry_evm_coverage::anchors: could not find anchor item=Statement (location: (source ID: 58, lines: 299..300, bytes: 13126..13147), hits: 0) err=Could not find anchor: No matching instruction in range source ID: 58, lines: 299..300, bytes: 13126..13147
2026-09-08T12:56:57.510952Z  WARN foundry_evm_coverage::anchors: could not find anchor item=Branch (branch: 34, path: 0) (location: (source ID: 58, lines: 299..300, bytes: 13126..13147), hits: 0) err=Could not find anchor: No matching instruction in range source ID: 58, lines: 299..300, bytes: 13126..13147
2026-09-08T12:56:57.510959Z  WARN foundry_evm_coverage::anchors: could not find anchor item=Line (location: (source ID: 58, lines: 300..301, bytes: 13157..13228), hits: 0) err=Could not find anchor: No matching instruction in range source ID: 58, lines: 300..301, bytes: 13157..13228
2026-09-08T12:56:57.510965Z  WARN foundry_evm_coverage::anchors: could not find anchor item=Statement (location: (source ID: 58, lines: 300..301, bytes: 13157..13228), hits: 0) err=Could not find anchor: No matching instruction in range source ID: 58, lines: 300..301, bytes: 13157..13228
2026-09-08T12:56:57.510971Z  WARN foundry_evm_coverage::anchors: could not find anchor item=Statement (location: (source ID: 58, lines: 300..301, bytes: 13180..13228), hits: 0) err=Could not find anchor: No matching instruction in range source ID: 58, lines: 300..301, bytes: 13180..13228
2026-09-08T12:56:57.510978Z  WARN foundry_evm_coverage::anchors: could not find anchor item=Statement (location: (source ID: 58, lines: 300..301, bytes: 13189..13228), hits: 0) err=Could not find anchor: No matching instruction in range source ID: 58, lines: 300..301, bytes: 13189..13228
2026-09-08T12:56:57.510984Z  WARN foundry_evm_coverage::anchors: could not find anchor item=Statement (location: (source ID: 58, lines: 300..301, bytes: 13207..13228), hits: 0) err=Could not find anchor: No matching instruction in range source ID: 58, lines: 300..301, bytes: 13207..13228
2026-09-08T12:56:57.510991Z  WARN foundry_evm_coverage::anchors: could not find anchor item=Line (location: (source ID: 58, lines: 301..302, bytes: 13238..13289), hits: 0) err=Could not find anchor: No matching instruction in range source ID: 58, lines: 301..302, bytes: 13238..13289
2026-09-08T12:56:57.510997Z  WARN foundry_evm_coverage::anchors: could not find anchor item=Statement (location: (source ID: 58, lines: 301..302, bytes: 13238..13289), hits: 0) err=Could not find anchor: No matching instruction in range source ID: 58, lines: 301..302, bytes: 13238..13289
2026-09-08T12:56:57.511004Z  WARN foundry_evm_coverage::anchors: could not find anchor item=Statement (location: (source ID: 58, lines: 301..302, bytes: 13266..13289), hits: 0) err=Could not find anchor: No matching instruction in range source ID: 58, lines: 301..302, bytes: 13266..13289
2026-09-08T12:56:57.511012Z  WARN foundry_evm_coverage::anchors: could not find anchor item=Line (location: (source ID: 58, lines: 302..303, bytes: 13304..13313), hits: 0) err=Could not find anchor: No matching instruction in range source ID: 58, lines: 302..303, bytes: 13304..13313
2026-09-08T12:56:57.511018Z  WARN foundry_evm_coverage::anchors: could not find anchor item=Statement (location: (source ID: 58, lines: 302..303, bytes: 13304..13313), hits: 0) err=Could not find anchor: No matching instruction in range source ID: 58, lines: 302..303, bytes: 13304..13313
2026-09-08T12:56:57.511024Z  WARN foundry_evm_coverage::anchors: could not find anchor item=Statement (location: (source ID: 58, lines: 302..303, bytes: 13315..13327), hits: 0) err=Could not find anchor: No matching instruction in range source ID: 58, lines: 302..303, bytes: 13315..13327
2026-09-08T12:56:57.511030Z  WARN foundry_evm_coverage::anchors: could not find anchor item=Statement (location: (source ID: 58, lines: 302..303, bytes: 13329..13332), hits: 0) err=Could not find anchor: No matching instruction in range source ID: 58, lines: 302..303, bytes: 13329..13332
2026-09-08T12:56:57.511037Z  WARN foundry_evm_coverage::anchors: could not find anchor item=Line (location: (source ID: 58, lines: 303..304, bytes: 13348..13378), hits: 0) err=Could not find anchor: No matching instruction in range source ID: 58, lines: 303..304, bytes: 13348..13378
2026-09-08T12:56:57.511043Z  WARN foundry_evm_coverage::anchors: could not find anchor item=Statement (location: (source ID: 58, lines: 303..304, bytes: 13348..13378), hits: 0) err=Could not find anchor: No matching instruction in range source ID: 58, lines: 303..304, bytes: 13348..13378
2026-09-08T12:56:57.511049Z  WARN foundry_evm_coverage::anchors: could not find anchor item=Line (location: (source ID: 58, lines: 305..306, bytes: 13398..13427), hits: 0) err=Could not find anchor: No matching instruction in range source ID: 58, lines: 305..306, bytes: 13398..13427
2026-09-08T12:56:57.511056Z  WARN foundry_evm_coverage::anchors: could not find anchor item=Statement (location: (source ID: 58, lines: 305..306, bytes: 13398..13427), hits: 0) err=Could not find anchor: No matching instruction in range source ID: 58, lines: 305..306, bytes: 13398..13427
2026-09-08T12:56:57.511062Z  WARN foundry_evm_coverage::anchors: could not find anchor item=Line (location: (source ID: 58, lines: 306..307, bytes: 13437..13470), hits: 0) err=Could not find anchor: No matching instruction in range source ID: 58, lines: 306..307, bytes: 13437..13470
2026-09-08T12:56:57.511068Z  WARN foundry_evm_coverage::anchors: could not find anchor item=Statement (location: (source ID: 58, lines: 306..307, bytes: 13437..13470), hits: 0) err=Could not find anchor: No matching instruction in range source ID: 58, lines: 306..307, bytes: 13437..13470
2026-09-08T12:56:57.511074Z  WARN foundry_evm_coverage::anchors: could not find anchor item=Line (location: (source ID: 58, lines: 307..308, bytes: 13480..13535), hits: 0) err=Could not find anchor: No matching instruction in range source ID: 58, lines: 307..308, bytes: 13480..13535
2026-09-08T12:56:57.511081Z  WARN foundry_evm_coverage::anchors: could not find anchor item=Statement (location: (source ID: 58, lines: 307..308, bytes: 13480..13535), hits: 0) err=Could not find anchor: No matching instruction in range source ID: 58, lines: 307..308, bytes: 13480..13535
2026-09-08T12:56:57.511087Z  WARN foundry_evm_coverage::anchors: could not find anchor item=Line (location: (source ID: 58, lines: 312..315, bytes: 13754..13887), hits: 0) err=Could not find anchor: No matching instruction in range source ID: 58, lines: 312..315, bytes: 13754..13887
2026-09-08T12:56:57.511093Z  WARN foundry_evm_coverage::anchors: could not find anchor item=Function "recoveryAvailableAt" (location: (source ID: 58, lines: 312..315, bytes: 13754..13887), hits: 0) err=Could not find anchor: No matching instruction in range source ID: 58, lines: 312..315, bytes: 13754..13887
2026-09-08T12:56:57.511100Z  WARN foundry_evm_coverage::anchors: could not find anchor item=Line (location: (source ID: 58, lines: 313..314, bytes: 13825..13880), hits: 0) err=Could not find anchor: No matching instruction in range source ID: 58, lines: 313..314, bytes: 13825..13880
2026-09-08T12:56:57.511106Z  WARN foundry_evm_coverage::anchors: could not find anchor item=Statement (location: (source ID: 58, lines: 313..314, bytes: 13825..13880), hits: 0) err=Could not find anchor: No matching instruction in range source ID: 58, lines: 313..314, bytes: 13825..13880
2026-09-08T12:56:57.511113Z  WARN foundry_evm_coverage::anchors: could not find anchor item=Statement (location: (source ID: 58, lines: 313..314, bytes: 13832..13880), hits: 0) err=Could not find anchor: No matching instruction in range source ID: 58, lines: 313..314, bytes: 13832..13880
2026-09-08T12:56:57.511119Z  WARN foundry_evm_coverage::anchors: could not find anchor item=Line (location: (source ID: 58, lines: 317..320, bytes: 13997..14122), hits: 0) err=Could not find anchor: No matching instruction in range source ID: 58, lines: 317..320, bytes: 13997..14122
2026-09-08T12:56:57.511125Z  WARN foundry_evm_coverage::anchors: could not find anchor item=Function "refunds" (location: (source ID: 58, lines: 317..320, bytes: 13997..14122), hits: 0) err=Could not find anchor: No matching instruction in range source ID: 58, lines: 317..320, bytes: 13997..14122
2026-09-08T12:56:57.511132Z  WARN foundry_evm_coverage::anchors: could not find anchor item=Line (location: (source ID: 58, lines: 318..319, bytes: 14072..14115), hits: 0) err=Could not find anchor: No matching instruction in range source ID: 58, lines: 318..319, bytes: 14072..14115
2026-09-08T12:56:57.511138Z  WARN foundry_evm_coverage::anchors: could not find anchor item=Statement (location: (source ID: 58, lines: 318..319, bytes: 14072..14115), hits: 0) err=Could not find anchor: No matching instruction in range source ID: 58, lines: 318..319, bytes: 14072..14115
2026-09-08T12:56:57.511144Z  WARN foundry_evm_coverage::anchors: could not find anchor item=Statement (location: (source ID: 58, lines: 318..319, bytes: 14079..14115), hits: 0) err=Could not find anchor: No matching instruction in range source ID: 58, lines: 318..319, bytes: 14079..14115
2026-09-08T12:56:57.511150Z  WARN foundry_evm_coverage::anchors: could not find anchor item=Line (location: (source ID: 58, lines: 321..329, bytes: 14128..14447), hits: 0) err=Could not find anchor: No matching instruction in range source ID: 58, lines: 321..329, bytes: 14128..14447
2026-09-08T12:56:57.511157Z  WARN foundry_evm_coverage::anchors: could not find anchor item=Function "withdrawRefund" (location: (source ID: 58, lines: 321..329, bytes: 14128..14447), hits: 0) err=Could not find anchor: No matching instruction in range source ID: 58, lines: 321..329, bytes: 14128..14447
2026-09-08T12:56:57.511163Z  WARN foundry_evm_coverage::anchors: could not find anchor item=Line (location: (source ID: 58, lines: 322..323, bytes: 14211..14232), hits: 0) err=Could not find anchor: No matching instruction in range source ID: 58, lines: 322..323, bytes: 14211..14232
2026-09-08T12:56:57.511169Z  WARN foundry_evm_coverage::anchors: could not find anchor item=Statement (location: (source ID: 58, lines: 322..323, bytes: 14211..14232), hits: 0) err=Could not find anchor: No matching instruction in range source ID: 58, lines: 322..323, bytes: 14211..14232
2026-09-08T12:56:57.511175Z  WARN foundry_evm_coverage::anchors: could not find anchor item=Line (location: (source ID: 58, lines: 323..324, bytes: 14242..14279), hits: 0) err=Could not find anchor: No matching instruction in range source ID: 58, lines: 323..324, bytes: 14242..14279
2026-09-08T12:56:57.511182Z  WARN foundry_evm_coverage::anchors: could not find anchor item=Statement (location: (source ID: 58, lines: 323..324, bytes: 14242..14279), hits: 0) err=Could not find anchor: No matching instruction in range source ID: 58, lines: 323..324, bytes: 14242..14279
2026-09-08T12:56:57.511188Z  WARN foundry_evm_coverage::anchors: could not find anchor item=Line (location: (source ID: 58, lines: 324..325, bytes: 14289..14313), hits: 0) err=Could not find anchor: No matching instruction in range source ID: 58, lines: 324..325, bytes: 14289..14313
2026-09-08T12:56:57.511195Z  WARN foundry_evm_coverage::anchors: could not find anchor item=Statement (location: (source ID: 58, lines: 324..325, bytes: 14289..14313), hits: 0) err=Could not find anchor: No matching instruction in range source ID: 58, lines: 324..325, bytes: 14289..14313
2026-09-08T12:56:57.511201Z  WARN foundry_evm_coverage::anchors: could not find anchor item=Line (location: (source ID: 58, lines: 325..326, bytes: 14323..14345), hits: 0) err=Could not find anchor: No matching instruction in range source ID: 58, lines: 325..326, bytes: 14323..14345
2026-09-08T12:56:57.511207Z  WARN foundry_evm_coverage::anchors: could not find anchor item=Statement (location: (source ID: 58, lines: 325..326, bytes: 14323..14345), hits: 0) err=Could not find anchor: No matching instruction in range source ID: 58, lines: 325..326, bytes: 14323..14345
2026-09-08T12:56:57.511213Z  WARN foundry_evm_coverage::anchors: could not find anchor item=Line (location: (source ID: 58, lines: 326..327, bytes: 14355..14379), hits: 0) err=Could not find anchor: No matching instruction in range source ID: 58, lines: 326..327, bytes: 14355..14379
2026-09-08T12:56:57.511220Z  WARN foundry_evm_coverage::anchors: could not find anchor item=Statement (location: (source ID: 58, lines: 326..327, bytes: 14355..14379), hits: 0) err=Could not find anchor: No matching instruction in range source ID: 58, lines: 326..327, bytes: 14355..14379
2026-09-08T12:56:57.511226Z  WARN foundry_evm_coverage::anchors: could not find anchor item=Line (location: (source ID: 58, lines: 327..328, bytes: 14389..14440), hits: 0) err=Could not find anchor: No matching instruction in range source ID: 58, lines: 327..328, bytes: 14389..14440
2026-09-08T12:56:57.511232Z  WARN foundry_evm_coverage::anchors: could not find anchor item=Statement (location: (source ID: 58, lines: 327..328, bytes: 14389..14440), hits: 0) err=Could not find anchor: No matching instruction in range source ID: 58, lines: 327..328, bytes: 14389..14440
2026-09-08T12:56:57.511238Z  WARN foundry_evm_coverage::anchors: could not find anchor item=Line (location: (source ID: 58, lines: 330..337, bytes: 14453..14754), hits: 0) err=Could not find anchor: No matching instruction in range source ID: 58, lines: 330..337, bytes: 14453..14754
2026-09-08T12:56:57.511245Z  WARN foundry_evm_coverage::anchors: could not find anchor item=Function "withdrawProceeds" (location: (source ID: 58, lines: 330..337, bytes: 14453..14754), hits: 0) err=Could not find anchor: No matching instruction in range source ID: 58, lines: 330..337, bytes: 14453..14754
2026-09-08T12:56:57.511251Z  WARN foundry_evm_coverage::anchors: could not find anchor item=Line (location: (source ID: 58, lines: 331..332, bytes: 14542..14568), hits: 0) err=Could not find anchor: No matching instruction in range source ID: 58, lines: 331..332, bytes: 14542..14568
2026-09-08T12:56:57.511257Z  WARN foundry_evm_coverage::anchors: could not find anchor item=Statement (location: (source ID: 58, lines: 331..332, bytes: 14542..14568), hits: 0) err=Could not find anchor: No matching instruction in range source ID: 58, lines: 331..332, bytes: 14542..14568
2026-09-08T12:56:57.511264Z  WARN foundry_evm_coverage::anchors: could not find anchor item=Statement (location: (source ID: 58, lines: 331..332, bytes: 14570..14591), hits: 0) err=Could not find anchor: No matching instruction in range source ID: 58, lines: 331..332, bytes: 14570..14591
2026-09-08T12:56:57.511270Z  WARN foundry_evm_coverage::anchors: could not find anchor item=Branch (branch: 35, path: 0) (location: (source ID: 58, lines: 331..332, bytes: 14570..14591), hits: 0) err=Could not find anchor: No matching instruction in range source ID: 58, lines: 331..332, bytes: 14570..14591
2026-09-08T12:56:57.511276Z  WARN foundry_evm_coverage::anchors: could not find anchor item=Line (location: (source ID: 58, lines: 332..333, bytes: 14601..14633), hits: 0) err=Could not find anchor: No matching instruction in range source ID: 58, lines: 332..333, bytes: 14601..14633
2026-09-08T12:56:57.511283Z  WARN foundry_evm_coverage::anchors: could not find anchor item=Statement (location: (source ID: 58, lines: 332..333, bytes: 14601..14633), hits: 0) err=Could not find anchor: No matching instruction in range source ID: 58, lines: 332..333, bytes: 14601..14633
2026-09-08T12:56:57.511289Z  WARN foundry_evm_coverage::anchors: could not find anchor item=Line (location: (source ID: 58, lines: 333..334, bytes: 14643..14662), hits: 0) err=Could not find anchor: No matching instruction in range source ID: 58, lines: 333..334, bytes: 14643..14662
2026-09-08T12:56:57.511295Z  WARN foundry_evm_coverage::anchors: could not find anchor item=Statement (location: (source ID: 58, lines: 333..334, bytes: 14643..14662), hits: 0) err=Could not find anchor: No matching instruction in range source ID: 58, lines: 333..334, bytes: 14643..14662
2026-09-08T12:56:57.511302Z  WARN foundry_evm_coverage::anchors: could not find anchor item=Line (location: (source ID: 58, lines: 334..335, bytes: 14672..14696), hits: 0) err=Could not find anchor: No matching instruction in range source ID: 58, lines: 334..335, bytes: 14672..14696
2026-09-08T12:56:57.511308Z  WARN foundry_evm_coverage::anchors: could not find anchor item=Statement (location: (source ID: 58, lines: 334..335, bytes: 14672..14696), hits: 0) err=Could not find anchor: No matching instruction in range source ID: 58, lines: 334..335, bytes: 14672..14696
2026-09-08T12:56:57.511314Z  WARN foundry_evm_coverage::anchors: could not find anchor item=Line (location: (source ID: 58, lines: 335..336, bytes: 14706..14747), hits: 0) err=Could not find anchor: No matching instruction in range source ID: 58, lines: 335..336, bytes: 14706..14747
2026-09-08T12:56:57.511320Z  WARN foundry_evm_coverage::anchors: could not find anchor item=Statement (location: (source ID: 58, lines: 335..336, bytes: 14706..14747), hits: 0) err=Could not find anchor: No matching instruction in range source ID: 58, lines: 335..336, bytes: 14706..14747
2026-09-08T12:56:57.511327Z  WARN foundry_evm_coverage::anchors: could not find anchor item=Line (location: (source ID: 58, lines: 340..352, bytes: 14983..15501), hits: 0) err=Could not find anchor: No matching instruction in range source ID: 58, lines: 340..352, bytes: 14983..15501
2026-09-08T12:56:57.511333Z  WARN foundry_evm_coverage::anchors: could not find anchor item=Function "withdrawUnclaimedETH" (location: (source ID: 58, lines: 340..352, bytes: 14983..15501), hits: 0) err=Could not find anchor: No matching instruction in range source ID: 58, lines: 340..352, bytes: 14983..15501
2026-09-08T12:56:57.511339Z  WARN foundry_evm_coverage::anchors: could not find anchor item=Line (location: (source ID: 58, lines: 341..342, bytes: 15076..15102), hits: 0) err=Could not find anchor: No matching instruction in range source ID: 58, lines: 341..342, bytes: 15076..15102
2026-09-08T12:56:57.511346Z  WARN foundry_evm_coverage::anchors: could not find anchor item=Statement (location: (source ID: 58, lines: 341..342, bytes: 15076..15102), hits: 0) err=Could not find anchor: No matching instruction in range source ID: 58, lines: 341..342, bytes: 15076..15102
2026-09-08T12:56:57.511352Z  WARN foundry_evm_coverage::anchors: could not find anchor item=Statement (location: (source ID: 58, lines: 341..342, bytes: 15104..15125), hits: 0) err=Could not find anchor: No matching instruction in range source ID: 58, lines: 341..342, bytes: 15104..15125
2026-09-08T12:56:57.511358Z  WARN foundry_evm_coverage::anchors: could not find anchor item=Branch (branch: 36, path: 0) (location: (source ID: 58, lines: 341..342, bytes: 15104..15125), hits: 0) err=Could not find anchor: No matching instruction in range source ID: 58, lines: 341..342, bytes: 15104..15125
2026-09-08T12:56:57.511365Z  WARN foundry_evm_coverage::anchors: could not find anchor item=Line (location: (source ID: 58, lines: 342..343, bytes: 15139..15147), hits: 0) err=Could not find anchor: No matching instruction in range source ID: 58, lines: 342..343, bytes: 15139..15147
2026-09-08T12:56:57.511372Z  WARN foundry_evm_coverage::anchors: could not find anchor item=Statement (location: (source ID: 58, lines: 342..343, bytes: 15139..15147), hits: 0) err=Could not find anchor: No matching instruction in range source ID: 58, lines: 342..343, bytes: 15139..15147
2026-09-08T12:56:57.511379Z  WARN foundry_evm_coverage::anchors: could not find anchor item=Statement (location: (source ID: 58, lines: 342..343, bytes: 15149..15168), hits: 0) err=Could not find anchor: No matching instruction in range source ID: 58, lines: 342..343, bytes: 15149..15168
2026-09-08T12:56:57.511385Z  WARN foundry_evm_coverage::anchors: could not find anchor item=Branch (branch: 37, path: 0) (location: (source ID: 58, lines: 342..343, bytes: 15149..15168), hits: 0) err=Could not find anchor: No matching instruction in range source ID: 58, lines: 342..343, bytes: 15149..15168
2026-09-08T12:56:57.511391Z  WARN foundry_evm_coverage::anchors: could not find anchor item=Line (location: (source ID: 58, lines: 343..344, bytes: 15182..15221), hits: 0) err=Could not find anchor: No matching instruction in range source ID: 58, lines: 343..344, bytes: 15182..15221
2026-09-08T12:56:57.511398Z  WARN foundry_evm_coverage::anchors: could not find anchor item=Statement (location: (source ID: 58, lines: 343..344, bytes: 15182..15221), hits: 0) err=Could not find anchor: No matching instruction in range source ID: 58, lines: 343..344, bytes: 15182..15221
2026-09-08T12:56:57.511405Z  WARN foundry_evm_coverage::anchors: could not find anchor item=Statement (location: (source ID: 58, lines: 343..344, bytes: 15200..15221), hits: 0) err=Could not find anchor: No matching instruction in range source ID: 58, lines: 343..344, bytes: 15200..15221
2026-09-08T12:56:57.511412Z  WARN foundry_evm_coverage::anchors: could not find anchor item=Statement (location: (source ID: 58, lines: 343..344, bytes: 15223..15252), hits: 0) err=Could not find anchor: No matching instruction in range source ID: 58, lines: 343..344, bytes: 15223..15252
2026-09-08T12:56:57.511419Z  WARN foundry_evm_coverage::anchors: could not find anchor item=Branch (branch: 38, path: 0) (location: (source ID: 58, lines: 343..344, bytes: 15223..15252), hits: 0) err=Could not find anchor: No matching instruction in range source ID: 58, lines: 343..344, bytes: 15223..15252
2026-09-08T12:56:57.511425Z  WARN foundry_evm_coverage::anchors: could not find anchor item=Line (location: (source ID: 58, lines: 344..345, bytes: 15262..15300), hits: 0) err=Could not find anchor: No matching instruction in range source ID: 58, lines: 344..345, bytes: 15262..15300
2026-09-08T12:56:57.511431Z  WARN foundry_evm_coverage::anchors: could not find anchor item=Statement (location: (source ID: 58, lines: 344..345, bytes: 15262..15300), hits: 0) err=Could not find anchor: No matching instruction in range source ID: 58, lines: 344..345, bytes: 15262..15300
2026-09-08T12:56:57.511438Z  WARN foundry_evm_coverage::anchors: could not find anchor item=Line (location: (source ID: 58, lines: 345..346, bytes: 15310..15330), hits: 0) err=Could not find anchor: No matching instruction in range source ID: 58, lines: 345..346, bytes: 15310..15330
2026-09-08T12:56:57.511444Z  WARN foundry_evm_coverage::anchors: could not find anchor item=Statement (location: (source ID: 58, lines: 345..346, bytes: 15310..15330), hits: 0) err=Could not find anchor: No matching instruction in range source ID: 58, lines: 345..346, bytes: 15310..15330
2026-09-08T12:56:57.511450Z  WARN foundry_evm_coverage::anchors: could not find anchor item=Line (location: (source ID: 58, lines: 346..347, bytes: 15340..15350), hits: 0) err=Could not find anchor: No matching instruction in range source ID: 58, lines: 346..347, bytes: 15340..15350
2026-09-08T12:56:57.511457Z  WARN foundry_evm_coverage::anchors: could not find anchor item=Statement (location: (source ID: 58, lines: 346..347, bytes: 15340..15350), hits: 0) err=Could not find anchor: No matching instruction in range source ID: 58, lines: 346..347, bytes: 15340..15350
2026-09-08T12:56:57.511463Z  WARN foundry_evm_coverage::anchors: could not find anchor item=Line (location: (source ID: 58, lines: 347..348, bytes: 15360..15376), hits: 0) err=Could not find anchor: No matching instruction in range source ID: 58, lines: 347..348, bytes: 15360..15376
2026-09-08T12:56:57.511469Z  WARN foundry_evm_coverage::anchors: could not find anchor item=Statement (location: (source ID: 58, lines: 347..348, bytes: 15360..15376), hits: 0) err=Could not find anchor: No matching instruction in range source ID: 58, lines: 347..348, bytes: 15360..15376
2026-09-08T12:56:57.511475Z  WARN foundry_evm_coverage::anchors: could not find anchor item=Line (location: (source ID: 58, lines: 348..349, bytes: 15386..15405), hits: 0) err=Could not find anchor: No matching instruction in range source ID: 58, lines: 348..349, bytes: 15386..15405
2026-09-08T12:56:57.511482Z  WARN foundry_evm_coverage::anchors: could not find anchor item=Statement (location: (source ID: 58, lines: 348..349, bytes: 15386..15405), hits: 0) err=Could not find anchor: No matching instruction in range source ID: 58, lines: 348..349, bytes: 15386..15405
2026-09-08T12:56:57.511488Z  WARN foundry_evm_coverage::anchors: could not find anchor item=Line (location: (source ID: 58, lines: 349..350, bytes: 15415..15439), hits: 0) err=Could not find anchor: No matching instruction in range source ID: 58, lines: 349..350, bytes: 15415..15439
2026-09-08T12:56:57.511495Z  WARN foundry_evm_coverage::anchors: could not find anchor item=Statement (location: (source ID: 58, lines: 349..350, bytes: 15415..15439), hits: 0) err=Could not find anchor: No matching instruction in range source ID: 58, lines: 349..350, bytes: 15415..15439
2026-09-08T12:56:57.511501Z  WARN foundry_evm_coverage::anchors: could not find anchor item=Line (location: (source ID: 58, lines: 350..351, bytes: 15449..15494), hits: 0) err=Could not find anchor: No matching instruction in range source ID: 58, lines: 350..351, bytes: 15449..15494
2026-09-08T12:56:57.511507Z  WARN foundry_evm_coverage::anchors: could not find anchor item=Statement (location: (source ID: 58, lines: 350..351, bytes: 15449..15494), hits: 0) err=Could not find anchor: No matching instruction in range source ID: 58, lines: 350..351, bytes: 15449..15494
2026-09-08T12:56:57.511514Z  WARN foundry_evm_coverage::anchors: could not find anchor item=Line (location: (source ID: 58, lines: 355..358, bytes: 15714..15830), hits: 0) err=Could not find anchor: No matching instruction in range source ID: 58, lines: 355..358, bytes: 15714..15830
2026-09-08T12:56:57.511520Z  WARN foundry_evm_coverage::anchors: could not find anchor item=Function "liabilities" (location: (source ID: 58, lines: 355..358, bytes: 15714..15830), hits: 0) err=Could not find anchor: No matching instruction in range source ID: 58, lines: 355..358, bytes: 15714..15830
2026-09-08T12:56:57.511527Z  WARN foundry_evm_coverage::anchors: could not find anchor item=Line (location: (source ID: 58, lines: 356..357, bytes: 15777..15823), hits: 0) err=Could not find anchor: No matching instruction in range source ID: 58, lines: 356..357, bytes: 15777..15823
2026-09-08T12:56:57.511533Z  WARN foundry_evm_coverage::anchors: could not find anchor item=Statement (location: (source ID: 58, lines: 356..357, bytes: 15777..15823), hits: 0) err=Could not find anchor: No matching instruction in range source ID: 58, lines: 356..357, bytes: 15777..15823
2026-09-08T12:56:57.511539Z  WARN foundry_evm_coverage::anchors: could not find anchor item=Statement (location: (source ID: 58, lines: 356..357, bytes: 15784..15823), hits: 0) err=Could not find anchor: No matching instruction in range source ID: 58, lines: 356..357, bytes: 15784..15823
2026-09-08T12:56:57.511546Z  WARN foundry_evm_coverage::anchors: could not find anchor item=Statement (location: (source ID: 58, lines: 356..357, bytes: 15793..15823), hits: 0) err=Could not find anchor: No matching instruction in range source ID: 58, lines: 356..357, bytes: 15793..15823
2026-09-08T12:56:57.511552Z  WARN foundry_evm_coverage::anchors: could not find anchor item=Line (location: (source ID: 58, lines: 360..376, bytes: 15924..16540), hits: 0) err=Could not find anchor: No matching instruction in range source ID: 58, lines: 360..376, bytes: 15924..16540
2026-09-08T12:56:57.511559Z  WARN foundry_evm_coverage::anchors: could not find anchor item=Function "rankedBids" (location: (source ID: 58, lines: 360..376, bytes: 15924..16540), hits: 0) err=Could not find anchor: No matching instruction in range source ID: 58, lines: 360..376, bytes: 15924..16540
2026-09-08T12:56:57.511565Z  WARN foundry_evm_coverage::anchors: could not find anchor item=Line (location: (source ID: 58, lines: 361..362, bytes: 16047..16057), hits: 0) err=Could not find anchor: No matching instruction in range source ID: 58, lines: 361..362, bytes: 16047..16057
2026-09-08T12:56:57.511572Z  WARN foundry_evm_coverage::anchors: could not find anchor item=Statement (location: (source ID: 58, lines: 361..362, bytes: 16047..16057), hits: 0) err=Could not find anchor: No matching instruction in range source ID: 58, lines: 361..362, bytes: 16047..16057
2026-09-08T12:56:57.511578Z  WARN foundry_evm_coverage::anchors: could not find anchor item=Statement (location: (source ID: 58, lines: 361..362, bytes: 16047..16075), hits: 0) err=Could not find anchor: No matching instruction in range source ID: 58, lines: 361..362, bytes: 16047..16075
2026-09-08T12:56:57.511613Z  WARN foundry_evm_coverage::anchors: could not find anchor item=Statement (location: (source ID: 58, lines: 361..362, bytes: 16061..16075), hits: 0) err=Could not find anchor: No matching instruction in range source ID: 58, lines: 361..362, bytes: 16061..16075
2026-09-08T12:56:57.511630Z  WARN foundry_evm_coverage::anchors: could not find anchor item=Statement (location: (source ID: 58, lines: 361..362, bytes: 16077..16098), hits: 0) err=Could not find anchor: No matching instruction in range source ID: 58, lines: 361..362, bytes: 16077..16098
2026-09-08T12:56:57.511639Z  WARN foundry_evm_coverage::anchors: could not find anchor item=Branch (branch: 39, path: 0) (location: (source ID: 58, lines: 361..362, bytes: 16077..16098), hits: 0) err=Could not find anchor: No matching instruction in range source ID: 58, lines: 361..362, bytes: 16077..16098
2026-09-08T12:56:57.511647Z  WARN foundry_evm_coverage::anchors: could not find anchor item=Line (location: (source ID: 58, lines: 362..363, bytes: 16108..16140), hits: 0) err=Could not find anchor: No matching instruction in range source ID: 58, lines: 362..363, bytes: 16108..16140
2026-09-08T12:56:57.511654Z  WARN foundry_evm_coverage::anchors: could not find anchor item=Statement (location: (source ID: 58, lines: 362..363, bytes: 16108..16140), hits: 0) err=Could not find anchor: No matching instruction in range source ID: 58, lines: 362..363, bytes: 16108..16140
2026-09-08T12:56:57.511660Z  WARN foundry_evm_coverage::anchors: could not find anchor item=Line (location: (source ID: 58, lines: 363..364, bytes: 16154..16163), hits: 0) err=Could not find anchor: No matching instruction in range source ID: 58, lines: 363..364, bytes: 16154..16163
2026-09-08T12:56:57.511668Z  WARN foundry_evm_coverage::anchors: could not find anchor item=Statement (location: (source ID: 58, lines: 363..364, bytes: 16154..16163), hits: 0) err=Could not find anchor: No matching instruction in range source ID: 58, lines: 363..364, bytes: 16154..16163
2026-09-08T12:56:57.511675Z  WARN foundry_evm_coverage::anchors: could not find anchor item=Statement (location: (source ID: 58, lines: 363..364, bytes: 16154..16185), hits: 0) err=Could not find anchor: No matching instruction in range source ID: 58, lines: 363..364, bytes: 16154..16185
2026-09-08T12:56:57.511681Z  WARN foundry_evm_coverage::anchors: could not find anchor item=Statement (location: (source ID: 58, lines: 363..364, bytes: 16167..16185), hits: 0) err=Could not find anchor: No matching instruction in range source ID: 58, lines: 363..364, bytes: 16167..16185
2026-09-08T12:56:57.511688Z  WARN foundry_evm_coverage::anchors: could not find anchor item=Statement (location: (source ID: 58, lines: 363..364, bytes: 16187..16206), hits: 0) err=Could not find anchor: No matching instruction in range source ID: 58, lines: 363..364, bytes: 16187..16206
2026-09-08T12:56:57.511695Z  WARN foundry_evm_coverage::anchors: could not find anchor item=Branch (branch: 40, path: 0) (location: (source ID: 58, lines: 363..364, bytes: 16187..16206), hits: 0) err=Could not find anchor: No matching instruction in range source ID: 58, lines: 363..364, bytes: 16187..16206
2026-09-08T12:56:57.511701Z  WARN foundry_evm_coverage::anchors: could not find anchor item=Line (location: (source ID: 58, lines: 364..365, bytes: 16216..16233), hits: 0) err=Could not find anchor: No matching instruction in range source ID: 58, lines: 364..365, bytes: 16216..16233
2026-09-08T12:56:57.511708Z  WARN foundry_evm_coverage::anchors: could not find anchor item=Statement (location: (source ID: 58, lines: 364..365, bytes: 16216..16233), hits: 0) err=Could not find anchor: No matching instruction in range source ID: 58, lines: 364..365, bytes: 16216..16233
2026-09-08T12:56:57.511714Z  WARN foundry_evm_coverage::anchors: could not find anchor item=Line (location: (source ID: 58, lines: 365..366, bytes: 16243..16264), hits: 0) err=Could not find anchor: No matching instruction in range source ID: 58, lines: 365..366, bytes: 16243..16264
2026-09-08T12:56:57.511720Z  WARN foundry_evm_coverage::anchors: could not find anchor item=Statement (location: (source ID: 58, lines: 365..366, bytes: 16243..16264), hits: 0) err=Could not find anchor: No matching instruction in range source ID: 58, lines: 365..366, bytes: 16243..16264
2026-09-08T12:56:57.511731Z  WARN foundry_evm_coverage::anchors: could not find anchor item=Line (location: (source ID: 58, lines: 366..367, bytes: 16281..16292), hits: 0) err=Could not find anchor: No matching instruction in range source ID: 58, lines: 366..367, bytes: 16281..16292
2026-09-08T12:56:57.511737Z  WARN foundry_evm_coverage::anchors: could not find anchor item=Statement (location: (source ID: 58, lines: 366..367, bytes: 16281..16292), hits: 0) err=Could not find anchor: No matching instruction in range source ID: 58, lines: 366..367, bytes: 16281..16292
2026-09-08T12:56:57.511743Z  WARN foundry_evm_coverage::anchors: could not find anchor item=Statement (location: (source ID: 58, lines: 366..367, bytes: 16281..16309), hits: 0) err=Could not find anchor: No matching instruction in range source ID: 58, lines: 366..367, bytes: 16281..16309
2026-09-08T12:56:57.511749Z  WARN foundry_evm_coverage::anchors: could not find anchor item=Statement (location: (source ID: 58, lines: 366..367, bytes: 16296..16309), hits: 0) err=Could not find anchor: No matching instruction in range source ID: 58, lines: 366..367, bytes: 16296..16309
2026-09-08T12:56:57.511755Z  WARN foundry_evm_coverage::anchors: could not find anchor item=Line (location: (source ID: 58, lines: 367..368, bytes: 16325..16332), hits: 0) err=Could not find anchor: No matching instruction in range source ID: 58, lines: 367..368, bytes: 16325..16332
2026-09-08T12:56:57.511761Z  WARN foundry_evm_coverage::anchors: could not find anchor item=Statement (location: (source ID: 58, lines: 367..368, bytes: 16325..16332), hits: 0) err=Could not find anchor: No matching instruction in range source ID: 58, lines: 367..368, bytes: 16325..16332
2026-09-08T12:56:57.511767Z  WARN foundry_evm_coverage::anchors: could not find anchor item=Line (location: (source ID: 58, lines: 368..369, bytes: 16346..16372), hits: 0) err=Could not find anchor: No matching instruction in range source ID: 58, lines: 368..369, bytes: 16346..16372
2026-09-08T12:56:57.511774Z  WARN foundry_evm_coverage::anchors: could not find anchor item=Statement (location: (source ID: 58, lines: 368..369, bytes: 16346..16372), hits: 0) err=Could not find anchor: No matching instruction in range source ID: 58, lines: 368..369, bytes: 16346..16372
2026-09-08T12:56:57.511780Z  WARN foundry_evm_coverage::anchors: could not find anchor item=Line (location: (source ID: 58, lines: 370..371, bytes: 16392..16418), hits: 0) err=Could not find anchor: No matching instruction in range source ID: 58, lines: 370..371, bytes: 16392..16418
2026-09-08T12:56:57.511788Z  WARN foundry_evm_coverage::anchors: could not find anchor item=Statement (location: (source ID: 58, lines: 370..371, bytes: 16392..16418), hits: 0) err=Could not find anchor: No matching instruction in range source ID: 58, lines: 370..371, bytes: 16392..16418
2026-09-08T12:56:57.511795Z  WARN foundry_evm_coverage::anchors: could not find anchor item=Line (location: (source ID: 58, lines: 371..372, bytes: 16433..16442), hits: 0) err=Could not find anchor: No matching instruction in range source ID: 58, lines: 371..372, bytes: 16433..16442
2026-09-08T12:56:57.511801Z  WARN foundry_evm_coverage::anchors: could not find anchor item=Statement (location: (source ID: 58, lines: 371..372, bytes: 16433..16442), hits: 0) err=Could not find anchor: No matching instruction in range source ID: 58, lines: 371..372, bytes: 16433..16442
2026-09-08T12:56:57.511807Z  WARN foundry_evm_coverage::anchors: could not find anchor item=Statement (location: (source ID: 58, lines: 371..372, bytes: 16444..16453), hits: 0) err=Could not find anchor: No matching instruction in range source ID: 58, lines: 371..372, bytes: 16444..16453
2026-09-08T12:56:57.511814Z  WARN foundry_evm_coverage::anchors: could not find anchor item=Statement (location: (source ID: 58, lines: 371..372, bytes: 16455..16458), hits: 0) err=Could not find anchor: No matching instruction in range source ID: 58, lines: 371..372, bytes: 16455..16458
2026-09-08T12:56:57.511820Z  WARN foundry_evm_coverage::anchors: could not find anchor item=Line (location: (source ID: 58, lines: 372..373, bytes: 16474..16487), hits: 0) err=Could not find anchor: No matching instruction in range source ID: 58, lines: 372..373, bytes: 16474..16487
2026-09-08T12:56:57.511826Z  WARN foundry_evm_coverage::anchors: could not find anchor item=Statement (location: (source ID: 58, lines: 372..373, bytes: 16474..16487), hits: 0) err=Could not find anchor: No matching instruction in range source ID: 58, lines: 372..373, bytes: 16474..16487
2026-09-08T12:56:57.511832Z  WARN foundry_evm_coverage::anchors: could not find anchor item=Line (location: (source ID: 58, lines: 373..374, bytes: 16501..16523), hits: 0) err=Could not find anchor: No matching instruction in range source ID: 58, lines: 373..374, bytes: 16501..16523
2026-09-08T12:56:57.511838Z  WARN foundry_evm_coverage::anchors: could not find anchor item=Statement (location: (source ID: 58, lines: 373..374, bytes: 16501..16523), hits: 0) err=Could not find anchor: No matching instruction in range source ID: 58, lines: 373..374, bytes: 16501..16523
2026-09-08T12:56:57.511845Z  WARN foundry_evm_coverage::anchors: could not find anchor item=Line (location: (source ID: 58, lines: 377..380, bytes: 16546..16652), hits: 0) err=Could not find anchor: No matching instruction in range source ID: 58, lines: 377..380, bytes: 16546..16652
2026-09-08T12:56:57.511851Z  WARN foundry_evm_coverage::anchors: could not find anchor item=Function "_tokenRescueAdmin" (location: (source ID: 58, lines: 377..380, bytes: 16546..16652), hits: 0) err=Could not find anchor: No matching instruction in range source ID: 58, lines: 377..380, bytes: 16546..16652
2026-09-08T12:56:57.511857Z  WARN foundry_evm_coverage::anchors: could not find anchor item=Line (location: (source ID: 58, lines: 378..379, bytes: 16626..16645), hits: 0) err=Could not find anchor: No matching instruction in range source ID: 58, lines: 378..379, bytes: 16626..16645
2026-09-08T12:56:57.511863Z  WARN foundry_evm_coverage::anchors: could not find anchor item=Statement (location: (source ID: 58, lines: 378..379, bytes: 16626..16645), hits: 0) err=Could not find anchor: No matching instruction in range source ID: 58, lines: 378..379, bytes: 16626..16645
2026-09-08T12:56:57.511869Z  WARN foundry_evm_coverage::anchors: could not find anchor item=Line (location: (source ID: 58, lines: 381..384, bytes: 16658..16766), hits: 0) err=Could not find anchor: No matching instruction in range source ID: 58, lines: 381..384, bytes: 16658..16766
2026-09-08T12:56:57.511894Z  WARN foundry_evm_coverage::anchors: could not find anchor item=Function "_protectedToken" (location: (source ID: 58, lines: 381..384, bytes: 16658..16766), hits: 0) err=Could not find anchor: No matching instruction in range source ID: 58, lines: 381..384, bytes: 16658..16766
2026-09-08T12:56:57.511901Z  WARN foundry_evm_coverage::anchors: could not find anchor item=Line (location: (source ID: 58, lines: 382..383, bytes: 16736..16759), hits: 0) err=Could not find anchor: No matching instruction in range source ID: 58, lines: 382..383, bytes: 16736..16759
2026-09-08T12:56:57.511908Z  WARN foundry_evm_coverage::anchors: could not find anchor item=Statement (location: (source ID: 58, lines: 382..383, bytes: 16736..16759), hits: 0) err=Could not find anchor: No matching instruction in range source ID: 58, lines: 382..383, bytes: 16736..16759
2026-09-08T12:56:57.511914Z  WARN foundry_evm_coverage::anchors: could not find anchor item=Line (location: (source ID: 58, lines: 385..407, bytes: 16772..17691), hits: 0) err=Could not find anchor: No matching instruction in range source ID: 58, lines: 385..407, bytes: 16772..17691
2026-09-08T12:56:57.511920Z  WARN foundry_evm_coverage::anchors: could not find anchor item=Function "_createBid" (location: (source ID: 58, lines: 385..407, bytes: 16772..17691), hits: 0) err=Could not find anchor: No matching instruction in range source ID: 58, lines: 385..407, bytes: 16772..17691
2026-09-08T12:56:57.511926Z  WARN foundry_evm_coverage::anchors: could not find anchor item=Line (location: (source ID: 58, lines: 386..387, bytes: 16870..16889), hits: 0) err=Could not find anchor: No matching instruction in range source ID: 58, lines: 386..387, bytes: 16870..16889
2026-09-08T12:56:57.511932Z  WARN foundry_evm_coverage::anchors: could not find anchor item=Statement (location: (source ID: 58, lines: 386..387, bytes: 16870..16889), hits: 0) err=Could not find anchor: No matching instruction in range source ID: 58, lines: 386..387, bytes: 16870..16889
2026-09-08T12:56:57.511939Z  WARN foundry_evm_coverage::anchors: could not find anchor item=Statement (location: (source ID: 58, lines: 386..387, bytes: 16891..16911), hits: 0) err=Could not find anchor: No matching instruction in range source ID: 58, lines: 386..387, bytes: 16891..16911
2026-09-08T12:56:57.511945Z  WARN foundry_evm_coverage::anchors: could not find anchor item=Branch (branch: 41, path: 0) (location: (source ID: 58, lines: 386..387, bytes: 16891..16911), hits: 0) err=Could not find anchor: No matching instruction in range source ID: 58, lines: 386..387, bytes: 16891..16911
2026-09-08T12:56:57.511951Z  WARN foundry_evm_coverage::anchors: could not find anchor item=Line (location: (source ID: 58, lines: 387..388, bytes: 16925..16949), hits: 0) err=Could not find anchor: No matching instruction in range source ID: 58, lines: 387..388, bytes: 16925..16949
2026-09-08T12:56:57.511957Z  WARN foundry_evm_coverage::anchors: could not find anchor item=Statement (location: (source ID: 58, lines: 387..388, bytes: 16925..16949), hits: 0) err=Could not find anchor: No matching instruction in range source ID: 58, lines: 387..388, bytes: 16925..16949
2026-09-08T12:56:57.511963Z  WARN foundry_evm_coverage::anchors: could not find anchor item=Statement (location: (source ID: 58, lines: 387..388, bytes: 16937..16949), hits: 0) err=Could not find anchor: No matching instruction in range source ID: 58, lines: 387..388, bytes: 16937..16949
2026-09-08T12:56:57.511970Z  WARN foundry_evm_coverage::anchors: could not find anchor item=Statement (location: (source ID: 58, lines: 387..388, bytes: 16951..16969), hits: 0) err=Could not find anchor: No matching instruction in range source ID: 58, lines: 387..388, bytes: 16951..16969
2026-09-08T12:56:57.511976Z  WARN foundry_evm_coverage::anchors: could not find anchor item=Branch (branch: 42, path: 0) (location: (source ID: 58, lines: 387..388, bytes: 16951..16969), hits: 0) err=Could not find anchor: No matching instruction in range source ID: 58, lines: 387..388, bytes: 16951..16969
2026-09-08T12:56:57.511982Z  WARN foundry_evm_coverage::anchors: could not find anchor item=Line (location: (source ID: 58, lines: 388..389, bytes: 16979..16995), hits: 0) err=Could not find anchor: No matching instruction in range source ID: 58, lines: 388..389, bytes: 16979..16995
2026-09-08T12:56:57.511988Z  WARN foundry_evm_coverage::anchors: could not find anchor item=Statement (location: (source ID: 58, lines: 388..389, bytes: 16979..16995), hits: 0) err=Could not find anchor: No matching instruction in range source ID: 58, lines: 388..389, bytes: 16979..16995
2026-09-08T12:56:57.511994Z  WARN foundry_evm_coverage::anchors: could not find anchor item=Line (location: (source ID: 58, lines: 389..390, bytes: 17005..17076), hits: 0) err=Could not find anchor: No matching instruction in range source ID: 58, lines: 389..390, bytes: 17005..17076
2026-09-08T12:56:57.512000Z  WARN foundry_evm_coverage::anchors: could not find anchor item=Statement (location: (source ID: 58, lines: 389..390, bytes: 17005..17076), hits: 0) err=Could not find anchor: No matching instruction in range source ID: 58, lines: 389..390, bytes: 17005..17076
2026-09-08T12:56:57.512006Z  WARN foundry_evm_coverage::anchors: could not find anchor item=Line (location: (source ID: 58, lines: 390..391, bytes: 17086..17105), hits: 0) err=Could not find anchor: No matching instruction in range source ID: 58, lines: 390..391, bytes: 17086..17105
2026-09-08T12:56:57.512012Z  WARN foundry_evm_coverage::anchors: could not find anchor item=Statement (location: (source ID: 58, lines: 390..391, bytes: 17086..17105), hits: 0) err=Could not find anchor: No matching instruction in range source ID: 58, lines: 390..391, bytes: 17086..17105
2026-09-08T12:56:57.512019Z  WARN foundry_evm_coverage::anchors: could not find anchor item=Line (location: (source ID: 58, lines: 391..392, bytes: 17115..17126), hits: 0) err=Could not find anchor: No matching instruction in range source ID: 58, lines: 391..392, bytes: 17115..17126
2026-09-08T12:56:57.512025Z  WARN foundry_evm_coverage::anchors: could not find anchor item=Statement (location: (source ID: 58, lines: 391..392, bytes: 17115..17126), hits: 0) err=Could not find anchor: No matching instruction in range source ID: 58, lines: 391..392, bytes: 17115..17126
2026-09-08T12:56:57.512031Z  WARN foundry_evm_coverage::anchors: could not find anchor item=Line (location: (source ID: 58, lines: 392..393, bytes: 17140..17160), hits: 0) err=Could not find anchor: No matching instruction in range source ID: 58, lines: 392..393, bytes: 17140..17160
2026-09-08T12:56:57.512037Z  WARN foundry_evm_coverage::anchors: could not find anchor item=Statement (location: (source ID: 58, lines: 392..393, bytes: 17140..17160), hits: 0) err=Could not find anchor: No matching instruction in range source ID: 58, lines: 392..393, bytes: 17140..17160
2026-09-08T12:56:57.512043Z  WARN foundry_evm_coverage::anchors: could not find anchor item=Branch (branch: 43, path: 0) (location: (source ID: 58, lines: 392..404, bytes: 17162..17618), hits: 0) err=Could not find anchor: No matching instruction in range source ID: 58, lines: 392..404, bytes: 17162..17618
2026-09-08T12:56:57.512049Z  WARN foundry_evm_coverage::anchors: could not find anchor item=Line (location: (source ID: 58, lines: 393..394, bytes: 17176..17202), hits: 0) err=Could not find anchor: No matching instruction in range source ID: 58, lines: 393..394, bytes: 17176..17202
2026-09-08T12:56:57.512056Z  WARN foundry_evm_coverage::anchors: could not find anchor item=Statement (location: (source ID: 58, lines: 393..394, bytes: 17176..17202), hits: 0) err=Could not find anchor: No matching instruction in range source ID: 58, lines: 393..394, bytes: 17176..17202
2026-09-08T12:56:57.512062Z  WARN foundry_evm_coverage::anchors: could not find anchor item=Line (location: (source ID: 58, lines: 394..395, bytes: 17216..17257), hits: 0) err=Could not find anchor: No matching instruction in range source ID: 58, lines: 394..395, bytes: 17216..17257
2026-09-08T12:56:57.512068Z  WARN foundry_evm_coverage::anchors: could not find anchor item=Statement (location: (source ID: 58, lines: 394..395, bytes: 17216..17257), hits: 0) err=Could not find anchor: No matching instruction in range source ID: 58, lines: 394..395, bytes: 17216..17257
2026-09-08T12:56:57.512074Z  WARN foundry_evm_coverage::anchors: could not find anchor item=Line (location: (source ID: 58, lines: 395..396, bytes: 17271..17291), hits: 0) err=Could not find anchor: No matching instruction in range source ID: 58, lines: 395..396, bytes: 17271..17291
2026-09-08T12:56:57.512080Z  WARN foundry_evm_coverage::anchors: could not find anchor item=Statement (location: (source ID: 58, lines: 395..396, bytes: 17271..17291), hits: 0) err=Could not find anchor: No matching instruction in range source ID: 58, lines: 395..396, bytes: 17271..17291
2026-09-08T12:56:57.512086Z  WARN foundry_evm_coverage::anchors: could not find anchor item=Line (location: (source ID: 58, lines: 396..397, bytes: 17305..17329), hits: 0) err=Could not find anchor: No matching instruction in range source ID: 58, lines: 396..397, bytes: 17305..17329
2026-09-08T12:56:57.512092Z  WARN foundry_evm_coverage::anchors: could not find anchor item=Statement (location: (source ID: 58, lines: 396..397, bytes: 17305..17329), hits: 0) err=Could not find anchor: No matching instruction in range source ID: 58, lines: 396..397, bytes: 17305..17329
2026-09-08T12:56:57.512098Z  WARN foundry_evm_coverage::anchors: could not find anchor item=Line (location: (source ID: 58, lines: 397..398, bytes: 17343..17374), hits: 0) err=Could not find anchor: No matching instruction in range source ID: 58, lines: 397..398, bytes: 17343..17374
2026-09-08T12:56:57.512105Z  WARN foundry_evm_coverage::anchors: could not find anchor item=Statement (location: (source ID: 58, lines: 397..398, bytes: 17343..17374), hits: 0) err=Could not find anchor: No matching instruction in range source ID: 58, lines: 397..398, bytes: 17343..17374
2026-09-08T12:56:57.512111Z  WARN foundry_evm_coverage::anchors: could not find anchor item=Line (location: (source ID: 58, lines: 398..399, bytes: 17388..17421), hits: 0) err=Could not find anchor: No matching instruction in range source ID: 58, lines: 398..399, bytes: 17388..17421
2026-09-08T12:56:57.512117Z  WARN foundry_evm_coverage::anchors: could not find anchor item=Statement (location: (source ID: 58, lines: 398..399, bytes: 17388..17421), hits: 0) err=Could not find anchor: No matching instruction in range source ID: 58, lines: 398..399, bytes: 17388..17421
2026-09-08T12:56:57.512123Z  WARN foundry_evm_coverage::anchors: could not find anchor item=Line (location: (source ID: 58, lines: 399..400, bytes: 17435..17451), hits: 0) err=Could not find anchor: No matching instruction in range source ID: 58, lines: 399..400, bytes: 17435..17451
2026-09-08T12:56:57.512129Z  WARN foundry_evm_coverage::anchors: could not find anchor item=Statement (location: (source ID: 58, lines: 399..400, bytes: 17435..17451), hits: 0) err=Could not find anchor: No matching instruction in range source ID: 58, lines: 399..400, bytes: 17435..17451
2026-09-08T12:56:57.512135Z  WARN foundry_evm_coverage::anchors: could not find anchor item=Line (location: (source ID: 58, lines: 400..401, bytes: 17465..17501), hits: 0) err=Could not find anchor: No matching instruction in range source ID: 58, lines: 400..401, bytes: 17465..17501
2026-09-08T12:56:57.512142Z  WARN foundry_evm_coverage::anchors: could not find anchor item=Statement (location: (source ID: 58, lines: 400..401, bytes: 17465..17501), hits: 0) err=Could not find anchor: No matching instruction in range source ID: 58, lines: 400..401, bytes: 17465..17501
2026-09-08T12:56:57.512158Z  WARN foundry_evm_coverage::anchors: could not find anchor item=Line (location: (source ID: 58, lines: 401..402, bytes: 17515..17537), hits: 0) err=Could not find anchor: No matching instruction in range source ID: 58, lines: 401..402, bytes: 17515..17537
2026-09-08T12:56:57.512172Z  WARN foundry_evm_coverage::anchors: could not find anchor item=Statement (location: (source ID: 58, lines: 401..402, bytes: 17515..17537), hits: 0) err=Could not find anchor: No matching instruction in range source ID: 58, lines: 401..402, bytes: 17515..17537
2026-09-08T12:56:57.512180Z  WARN foundry_evm_coverage::anchors: could not find anchor item=Line (location: (source ID: 58, lines: 402..403, bytes: 17551..17607), hits: 0) err=Could not find anchor: No matching instruction in range source ID: 58, lines: 402..403, bytes: 17551..17607
2026-09-08T12:56:57.512186Z  WARN foundry_evm_coverage::anchors: could not find anchor item=Statement (location: (source ID: 58, lines: 402..403, bytes: 17551..17607), hits: 0) err=Could not find anchor: No matching instruction in range source ID: 58, lines: 402..403, bytes: 17551..17607
2026-09-08T12:56:57.512193Z  WARN foundry_evm_coverage::anchors: could not find anchor item=Line (location: (source ID: 58, lines: 404..405, bytes: 17627..17636), hits: 0) err=Could not find anchor: No matching instruction in range source ID: 58, lines: 404..405, bytes: 17627..17636
2026-09-08T12:56:57.512200Z  WARN foundry_evm_coverage::anchors: could not find anchor item=Statement (location: (source ID: 58, lines: 404..405, bytes: 17627..17636), hits: 0) err=Could not find anchor: No matching instruction in range source ID: 58, lines: 404..405, bytes: 17627..17636
2026-09-08T12:56:57.512206Z  WARN foundry_evm_coverage::anchors: could not find anchor item=Line (location: (source ID: 58, lines: 405..406, bytes: 17646..17684), hits: 0) err=Could not find anchor: No matching instruction in range source ID: 58, lines: 405..406, bytes: 17646..17684
2026-09-08T12:56:57.512213Z  WARN foundry_evm_coverage::anchors: could not find anchor item=Statement (location: (source ID: 58, lines: 405..406, bytes: 17646..17684), hits: 0) err=Could not find anchor: No matching instruction in range source ID: 58, lines: 405..406, bytes: 17646..17684
2026-09-08T12:56:57.512219Z  WARN foundry_evm_coverage::anchors: could not find anchor item=Line (location: (source ID: 58, lines: 408..411, bytes: 17697..17800), hits: 0) err=Could not find anchor: No matching instruction in range source ID: 58, lines: 408..411, bytes: 17697..17800
2026-09-08T12:56:57.512225Z  WARN foundry_evm_coverage::anchors: could not find anchor item=Function "_requireLive" (location: (source ID: 58, lines: 408..411, bytes: 17697..17800), hits: 0) err=Could not find anchor: No matching instruction in range source ID: 58, lines: 408..411, bytes: 17697..17800
2026-09-08T12:56:57.512232Z  WARN foundry_evm_coverage::anchors: could not find anchor item=Line (location: (source ID: 58, lines: 409..410, bytes: 17748..17755), hits: 0) err=Could not find anchor: No matching instruction in range source ID: 58, lines: 409..410, bytes: 17748..17755
2026-09-08T12:56:57.512238Z  WARN foundry_evm_coverage::anchors: could not find anchor item=Statement (location: (source ID: 58, lines: 409..410, bytes: 17748..17755), hits: 0) err=Could not find anchor: No matching instruction in range source ID: 58, lines: 409..410, bytes: 17748..17755
2026-09-08T12:56:57.512245Z  WARN foundry_evm_coverage::anchors: could not find anchor item=Statement (location: (source ID: 58, lines: 409..410, bytes: 17748..17769), hits: 0) err=Could not find anchor: No matching instruction in range source ID: 58, lines: 409..410, bytes: 17748..17769
2026-09-08T12:56:57.512251Z  WARN foundry_evm_coverage::anchors: could not find anchor item=Statement (location: (source ID: 58, lines: 409..410, bytes: 17771..17793), hits: 0) err=Could not find anchor: No matching instruction in range source ID: 58, lines: 409..410, bytes: 17771..17793
2026-09-08T12:56:57.512258Z  WARN foundry_evm_coverage::anchors: could not find anchor item=Branch (branch: 44, path: 0) (location: (source ID: 58, lines: 409..410, bytes: 17771..17793), hits: 0) err=Could not find anchor: No matching instruction in range source ID: 58, lines: 409..410, bytes: 17771..17793
2026-09-08T12:56:57.512266Z  WARN foundry_evm_coverage::anchors: could not find anchor item=Line (location: (source ID: 58, lines: 412..415, bytes: 17806..17908), hits: 0) err=Could not find anchor: No matching instruction in range source ID: 58, lines: 412..415, bytes: 17806..17908
2026-09-08T12:56:57.512272Z  WARN foundry_evm_coverage::anchors: could not find anchor item=Function "_requireRefundsOpen" (location: (source ID: 58, lines: 412..415, bytes: 17806..17908), hits: 0) err=Could not find anchor: No matching instruction in range source ID: 58, lines: 412..415, bytes: 17806..17908
2026-09-08T12:56:57.512279Z  WARN foundry_evm_coverage::anchors: could not find anchor item=Line (location: (source ID: 58, lines: 413..414, bytes: 17879..17901), hits: 0) err=Could not find anchor: No matching instruction in range source ID: 58, lines: 413..414, bytes: 17879..17901
2026-09-08T12:56:57.512285Z  WARN foundry_evm_coverage::anchors: could not find anchor item=Statement (location: (source ID: 58, lines: 413..414, bytes: 17879..17901), hits: 0) err=Could not find anchor: No matching instruction in range source ID: 58, lines: 413..414, bytes: 17879..17901
2026-09-08T12:56:57.512291Z  WARN foundry_evm_coverage::anchors: could not find anchor item=Branch (branch: 45, path: 0) (location: (source ID: 58, lines: 413..414, bytes: 17879..17901), hits: 0) err=Could not find anchor: No matching instruction in range source ID: 58, lines: 413..414, bytes: 17879..17901
2026-09-08T12:56:57.512298Z  WARN foundry_evm_coverage::anchors: could not find anchor item=Line (location: (source ID: 58, lines: 416..420, bytes: 17914..18090), hits: 0) err=Could not find anchor: No matching instruction in range source ID: 58, lines: 416..420, bytes: 17914..18090
2026-09-08T12:56:57.512313Z  WARN foundry_evm_coverage::anchors: could not find anchor item=Function "_requireSettledBatch" (location: (source ID: 58, lines: 416..420, bytes: 17914..18090), hits: 0) err=Could not find anchor: No matching instruction in range source ID: 58, lines: 416..420, bytes: 17914..18090
2026-09-08T12:56:57.512325Z  WARN foundry_evm_coverage::anchors: could not find anchor item=Line (location: (source ID: 58, lines: 417..418, bytes: 17987..17995), hits: 0) err=Could not find anchor: No matching instruction in range source ID: 58, lines: 417..418, bytes: 17987..17995
2026-09-08T12:56:57.512333Z  WARN foundry_evm_coverage::anchors: could not find anchor item=Statement (location: (source ID: 58, lines: 417..418, bytes: 17987..17995), hits: 0) err=Could not find anchor: No matching instruction in range source ID: 58, lines: 417..418, bytes: 17987..17995
2026-09-08T12:56:57.512340Z  WARN foundry_evm_coverage::anchors: could not find anchor item=Statement (location: (source ID: 58, lines: 417..418, bytes: 17997..18016), hits: 0) err=Could not find anchor: No matching instruction in range source ID: 58, lines: 417..418, bytes: 17997..18016
2026-09-08T12:56:57.512347Z  WARN foundry_evm_coverage::anchors: could not find anchor item=Branch (branch: 46, path: 0) (location: (source ID: 58, lines: 417..418, bytes: 17997..18016), hits: 0) err=Could not find anchor: No matching instruction in range source ID: 58, lines: 417..418, bytes: 17997..18016
2026-09-08T12:56:57.512354Z  WARN foundry_evm_coverage::anchors: could not find anchor item=Line (location: (source ID: 58, lines: 418..419, bytes: 18030..18041), hits: 0) err=Could not find anchor: No matching instruction in range source ID: 58, lines: 418..419, bytes: 18030..18041
2026-09-08T12:56:57.512361Z  WARN foundry_evm_coverage::anchors: could not find anchor item=Statement (location: (source ID: 58, lines: 418..419, bytes: 18030..18041), hits: 0) err=Could not find anchor: No matching instruction in range source ID: 58, lines: 418..419, bytes: 18030..18041
2026-09-08T12:56:57.512367Z  WARN foundry_evm_coverage::anchors: could not find anchor item=Statement (location: (source ID: 58, lines: 418..419, bytes: 18030..18060), hits: 0) err=Could not find anchor: No matching instruction in range source ID: 58, lines: 418..419, bytes: 18030..18060
2026-09-08T12:56:57.512374Z  WARN foundry_evm_coverage::anchors: could not find anchor item=Statement (location: (source ID: 58, lines: 418..419, bytes: 18045..18060), hits: 0) err=Could not find anchor: No matching instruction in range source ID: 58, lines: 418..419, bytes: 18045..18060
2026-09-08T12:56:57.512381Z  WARN foundry_evm_coverage::anchors: could not find anchor item=Statement (location: (source ID: 58, lines: 418..419, bytes: 18062..18083), hits: 0) err=Could not find anchor: No matching instruction in range source ID: 58, lines: 418..419, bytes: 18062..18083
2026-09-08T12:56:57.512387Z  WARN foundry_evm_coverage::anchors: could not find anchor item=Branch (branch: 47, path: 0) (location: (source ID: 58, lines: 418..419, bytes: 18062..18083), hits: 0) err=Could not find anchor: No matching instruction in range source ID: 58, lines: 418..419, bytes: 18062..18083
2026-09-08T12:56:57.512394Z  WARN foundry_evm_coverage::anchors: could not find anchor item=Line (location: (source ID: 58, lines: 421..424, bytes: 18096..18236), hits: 0) err=Could not find anchor: No matching instruction in range source ID: 58, lines: 421..424, bytes: 18096..18236
2026-09-08T12:56:57.512400Z  WARN foundry_evm_coverage::anchors: could not find anchor item=Function "minimumIncrement" (location: (source ID: 58, lines: 421..424, bytes: 18096..18236), hits: 0) err=Could not find anchor: No matching instruction in range source ID: 58, lines: 421..424, bytes: 18096..18236
2026-09-08T12:56:57.512406Z  WARN foundry_evm_coverage::anchors: could not find anchor item=Line (location: (source ID: 58, lines: 422..423, bytes: 18192..18229), hits: 0) err=Could not find anchor: No matching instruction in range source ID: 58, lines: 422..423, bytes: 18192..18229
2026-09-08T12:56:57.512413Z  WARN foundry_evm_coverage::anchors: could not find anchor item=Statement (location: (source ID: 58, lines: 422..423, bytes: 18192..18229), hits: 0) err=Could not find anchor: No matching instruction in range source ID: 58, lines: 422..423, bytes: 18192..18229
2026-09-08T12:56:57.512419Z  WARN foundry_evm_coverage::anchors: could not find anchor item=Statement (location: (source ID: 58, lines: 422..423, bytes: 18199..18229), hits: 0) err=Could not find anchor: No matching instruction in range source ID: 58, lines: 422..423, bytes: 18199..18229
2026-09-08T12:56:57.512447Z  WARN foundry_evm_coverage::anchors: could not find anchor item=Line (location: (source ID: 58, lines: 426..444, bytes: 18349..18971), hits: 0) err=Could not find anchor: No matching instruction in range source ID: 58, lines: 426..444, bytes: 18349..18971
2026-09-08T12:56:57.512498Z  WARN foundry_evm_coverage::anchors: could not find anchor item=Function "_insert" (location: (source ID: 58, lines: 426..444, bytes: 18349..18971), hits: 0) err=Could not find anchor: No matching instruction in range source ID: 58, lines: 426..444, bytes: 18349..18971
2026-09-08T12:56:57.512526Z  WARN foundry_evm_coverage::anchors: could not find anchor item=Line (location: (source ID: 58, lines: 427..428, bytes: 18396..18422), hits: 0) err=Could not find anchor: No matching instruction in range source ID: 58, lines: 427..428, bytes: 18396..18422
2026-09-08T12:56:57.512552Z  WARN foundry_evm_coverage::anchors: could not find anchor item=Statement (location: (source ID: 58, lines: 427..428, bytes: 18396..18422), hits: 0) err=Could not find anchor: No matching instruction in range source ID: 58, lines: 427..428, bytes: 18396..18422
2026-09-08T12:56:57.512562Z  WARN foundry_evm_coverage::anchors: could not find anchor item=Line (location: (source ID: 58, lines: 428..429, bytes: 18432..18454), hits: 0) err=Could not find anchor: No matching instruction in range source ID: 58, lines: 428..429, bytes: 18432..18454
2026-09-08T12:56:57.512570Z  WARN foundry_evm_coverage::anchors: could not find anchor item=Statement (location: (source ID: 58, lines: 428..429, bytes: 18432..18454), hits: 0) err=Could not find anchor: No matching instruction in range source ID: 58, lines: 428..429, bytes: 18432..18454
2026-09-08T12:56:57.512576Z  WARN foundry_evm_coverage::anchors: could not find anchor item=Line (location: (source ID: 58, lines: 429..430, bytes: 18464..18480), hits: 0) err=Could not find anchor: No matching instruction in range source ID: 58, lines: 429..430, bytes: 18464..18480
2026-09-08T12:56:57.512584Z  WARN foundry_evm_coverage::anchors: could not find anchor item=Statement (location: (source ID: 58, lines: 429..430, bytes: 18464..18480), hits: 0) err=Could not find anchor: No matching instruction in range source ID: 58, lines: 429..430, bytes: 18464..18480
2026-09-08T12:56:57.512590Z  WARN foundry_evm_coverage::anchors: could not find anchor item=Line (location: (source ID: 58, lines: 430..431, bytes: 18497..18509), hits: 0) err=Could not find anchor: No matching instruction in range source ID: 58, lines: 430..431, bytes: 18497..18509
2026-09-08T12:56:57.512596Z  WARN foundry_evm_coverage::anchors: could not find anchor item=Statement (location: (source ID: 58, lines: 430..431, bytes: 18497..18509), hits: 0) err=Could not find anchor: No matching instruction in range source ID: 58, lines: 430..431, bytes: 18497..18509
2026-09-08T12:56:57.512602Z  WARN foundry_evm_coverage::anchors: could not find anchor item=Line (location: (source ID: 58, lines: 431..432, bytes: 18525..18558), hits: 0) err=Could not find anchor: No matching instruction in range source ID: 58, lines: 431..432, bytes: 18525..18558
2026-09-08T12:56:57.512607Z  WARN foundry_evm_coverage::anchors: could not find anchor item=Statement (location: (source ID: 58, lines: 431..432, bytes: 18525..18558), hits: 0) err=Could not find anchor: No matching instruction in range source ID: 58, lines: 431..432, bytes: 18525..18558
2026-09-08T12:56:57.512613Z  WARN foundry_evm_coverage::anchors: could not find anchor item=Line (location: (source ID: 58, lines: 432..433, bytes: 18576..18601), hits: 0) err=Could not find anchor: No matching instruction in range source ID: 58, lines: 432..433, bytes: 18576..18601
2026-09-08T12:56:57.512618Z  WARN foundry_evm_coverage::anchors: could not find anchor item=Statement (location: (source ID: 58, lines: 432..433, bytes: 18576..18601), hits: 0) err=Could not find anchor: No matching instruction in range source ID: 58, lines: 432..433, bytes: 18576..18601
2026-09-08T12:56:57.512624Z  WARN foundry_evm_coverage::anchors: could not find anchor item=Statement (location: (source ID: 58, lines: 432..433, bytes: 18576..18649), hits: 0) err=Could not find anchor: No matching instruction in range source ID: 58, lines: 432..433, bytes: 18576..18649
2026-09-08T12:56:57.512629Z  WARN foundry_evm_coverage::anchors: could not find anchor item=Statement (location: (source ID: 58, lines: 432..433, bytes: 18651..18656), hits: 0) err=Could not find anchor: No matching instruction in range source ID: 58, lines: 432..433, bytes: 18651..18656
2026-09-08T12:56:57.512635Z  WARN foundry_evm_coverage::anchors: could not find anchor item=Branch (branch: 48, path: 0) (location: (source ID: 58, lines: 432..433, bytes: 18651..18656), hits: 0) err=Could not find anchor: No matching instruction in range source ID: 58, lines: 432..433, bytes: 18651..18656
2026-09-08T12:56:57.512641Z  WARN foundry_evm_coverage::anchors: could not find anchor item=Line (location: (source ID: 58, lines: 433..434, bytes: 18670..18688), hits: 0) err=Could not find anchor: No matching instruction in range source ID: 58, lines: 433..434, bytes: 18670..18688
2026-09-08T12:56:57.512647Z  WARN foundry_evm_coverage::anchors: could not find anchor item=Statement (location: (source ID: 58, lines: 433..434, bytes: 18670..18688), hits: 0) err=Could not find anchor: No matching instruction in range source ID: 58, lines: 433..434, bytes: 18670..18688
2026-09-08T12:56:57.512653Z  WARN foundry_evm_coverage::anchors: could not find anchor item=Line (location: (source ID: 58, lines: 434..435, bytes: 18702..18722), hits: 0) err=Could not find anchor: No matching instruction in range source ID: 58, lines: 434..435, bytes: 18702..18722
2026-09-08T12:56:57.512658Z  WARN foundry_evm_coverage::anchors: could not find anchor item=Statement (location: (source ID: 58, lines: 434..435, bytes: 18702..18722), hits: 0) err=Could not find anchor: No matching instruction in range source ID: 58, lines: 434..435, bytes: 18702..18722
2026-09-08T12:56:57.512666Z  WARN foundry_evm_coverage::anchors: could not find anchor item=Line (location: (source ID: 58, lines: 436..437, bytes: 18742..18761), hits: 0) err=Could not find anchor: No matching instruction in range source ID: 58, lines: 436..437, bytes: 18742..18761
2026-09-08T12:56:57.512672Z  WARN foundry_evm_coverage::anchors: could not find anchor item=Statement (location: (source ID: 58, lines: 436..437, bytes: 18742..18761), hits: 0) err=Could not find anchor: No matching instruction in range source ID: 58, lines: 436..437, bytes: 18742..18761
2026-09-08T12:56:57.512677Z  WARN foundry_evm_coverage::anchors: could not find anchor item=Line (location: (source ID: 58, lines: 437..438, bytes: 18771..18789), hits: 0) err=Could not find anchor: No matching instruction in range source ID: 58, lines: 437..438, bytes: 18771..18789
2026-09-08T12:56:57.512683Z  WARN foundry_evm_coverage::anchors: could not find anchor item=Statement (location: (source ID: 58, lines: 437..438, bytes: 18771..18789), hits: 0) err=Could not find anchor: No matching instruction in range source ID: 58, lines: 437..438, bytes: 18771..18789
2026-09-08T12:56:57.512688Z  WARN foundry_evm_coverage::anchors: could not find anchor item=Line (location: (source ID: 58, lines: 438..439, bytes: 18803..18816), hits: 0) err=Could not find anchor: No matching instruction in range source ID: 58, lines: 438..439, bytes: 18803..18816
2026-09-08T12:56:57.512694Z  WARN foundry_evm_coverage::anchors: could not find anchor item=Statement (location: (source ID: 58, lines: 438..439, bytes: 18803..18816), hits: 0) err=Could not find anchor: No matching instruction in range source ID: 58, lines: 438..439, bytes: 18803..18816
2026-09-08T12:56:57.512699Z  WARN foundry_evm_coverage::anchors: could not find anchor item=Statement (location: (source ID: 58, lines: 438..439, bytes: 18818..18827), hits: 0) err=Could not find anchor: No matching instruction in range source ID: 58, lines: 438..439, bytes: 18818..18827
2026-09-08T12:56:57.512704Z  WARN foundry_evm_coverage::anchors: could not find anchor item=Branch (branch: 49, path: 0) (location: (source ID: 58, lines: 438..439, bytes: 18818..18827), hits: 0) err=Could not find anchor: No matching instruction in range source ID: 58, lines: 438..439, bytes: 18818..18827
2026-09-08T12:56:57.512722Z  WARN foundry_evm_coverage::anchors: could not find anchor item=Branch (branch: 49, path: 1) (location: (source ID: 58, lines: 438..440, bytes: 18799..18866), hits: 0) err=Could not detect branches in source: source ID: 58, lines: 438..440, bytes: 18799..18866
2026-09-08T12:56:57.512728Z  WARN foundry_evm_coverage::anchors: could not find anchor item=Line (location: (source ID: 58, lines: 439..440, bytes: 18842..18866), hits: 0) err=Could not find anchor: No matching instruction in range source ID: 58, lines: 439..440, bytes: 18842..18866
2026-09-08T12:56:57.512734Z  WARN foundry_evm_coverage::anchors: could not find anchor item=Statement (location: (source ID: 58, lines: 439..440, bytes: 18842..18866), hits: 0) err=Could not find anchor: No matching instruction in range source ID: 58, lines: 439..440, bytes: 18842..18866
2026-09-08T12:56:57.512739Z  WARN foundry_evm_coverage::anchors: could not find anchor item=Line (location: (source ID: 58, lines: 440..441, bytes: 18880..18892), hits: 0) err=Could not find anchor: No matching instruction in range source ID: 58, lines: 440..441, bytes: 18880..18892
2026-09-08T12:56:57.512745Z  WARN foundry_evm_coverage::anchors: could not find anchor item=Statement (location: (source ID: 58, lines: 440..441, bytes: 18880..18892), hits: 0) err=Could not find anchor: No matching instruction in range source ID: 58, lines: 440..441, bytes: 18880..18892
2026-09-08T12:56:57.512750Z  WARN foundry_evm_coverage::anchors: could not find anchor item=Statement (location: (source ID: 58, lines: 440..441, bytes: 18894..18903), hits: 0) err=Could not find anchor: No matching instruction in range source ID: 58, lines: 440..441, bytes: 18894..18903
2026-09-08T12:56:57.512756Z  WARN foundry_evm_coverage::anchors: could not find anchor item=Branch (branch: 50, path: 0) (location: (source ID: 58, lines: 440..441, bytes: 18894..18903), hits: 0) err=Could not find anchor: No matching instruction in range source ID: 58, lines: 440..441, bytes: 18894..18903
2026-09-08T12:56:57.512771Z  WARN foundry_evm_coverage::anchors: could not find anchor item=Branch (branch: 50, path: 1) (location: (source ID: 58, lines: 440..442, bytes: 18876..18941), hits: 0) err=Could not detect branches in source: source ID: 58, lines: 440..442, bytes: 18876..18941
2026-09-08T12:56:57.512777Z  WARN foundry_evm_coverage::anchors: could not find anchor item=Line (location: (source ID: 58, lines: 441..442, bytes: 18918..18941), hits: 0) err=Could not find anchor: No matching instruction in range source ID: 58, lines: 441..442, bytes: 18918..18941
2026-09-08T12:56:57.512782Z  WARN foundry_evm_coverage::anchors: could not find anchor item=Statement (location: (source ID: 58, lines: 441..442, bytes: 18918..18941), hits: 0) err=Could not find anchor: No matching instruction in range source ID: 58, lines: 441..442, bytes: 18918..18941
2026-09-08T12:56:57.512788Z  WARN foundry_evm_coverage::anchors: could not find anchor item=Line (location: (source ID: 58, lines: 442..443, bytes: 18951..18964), hits: 0) err=Could not find anchor: No matching instruction in range source ID: 58, lines: 442..443, bytes: 18951..18964
2026-09-08T12:56:57.512793Z  WARN foundry_evm_coverage::anchors: could not find anchor item=Statement (location: (source ID: 58, lines: 442..443, bytes: 18951..18964), hits: 0) err=Could not find anchor: No matching instruction in range source ID: 58, lines: 442..443, bytes: 18951..18964
2026-09-08T12:56:57.512798Z  WARN foundry_evm_coverage::anchors: could not find anchor item=Line (location: (source ID: 58, lines: 445..455, bytes: 18977..19302), hits: 0) err=Could not find anchor: No matching instruction in range source ID: 58, lines: 445..455, bytes: 18977..19302
2026-09-08T12:56:57.512804Z  WARN foundry_evm_coverage::anchors: could not find anchor item=Function "_unlink" (location: (source ID: 58, lines: 445..455, bytes: 18977..19302), hits: 0) err=Could not find anchor: No matching instruction in range source ID: 58, lines: 445..455, bytes: 18977..19302
2026-09-08T12:56:57.512835Z  WARN foundry_evm_coverage::anchors: could not find anchor item=Line (location: (source ID: 58, lines: 446..447, bytes: 19024..19050), hits: 0) err=Could not find anchor: No matching instruction in range source ID: 58, lines: 446..447, bytes: 19024..19050
2026-09-08T12:56:57.512845Z  WARN foundry_evm_coverage::anchors: could not find anchor item=Statement (location: (source ID: 58, lines: 446..447, bytes: 19024..19050), hits: 0) err=Could not find anchor: No matching instruction in range source ID: 58, lines: 446..447, bytes: 19024..19050
2026-09-08T12:56:57.512852Z  WARN foundry_evm_coverage::anchors: could not find anchor item=Line (location: (source ID: 58, lines: 447..448, bytes: 19064..19077), hits: 0) err=Could not find anchor: No matching instruction in range source ID: 58, lines: 447..448, bytes: 19064..19077
2026-09-08T12:56:57.512859Z  WARN foundry_evm_coverage::anchors: could not find anchor item=Statement (location: (source ID: 58, lines: 447..448, bytes: 19064..19077), hits: 0) err=Could not find anchor: No matching instruction in range source ID: 58, lines: 447..448, bytes: 19064..19077
2026-09-08T12:56:57.512873Z  WARN foundry_evm_coverage::anchors: could not find anchor item=Statement (location: (source ID: 58, lines: 447..448, bytes: 19079..19094), hits: 0) err=Could not find anchor: No matching instruction in range source ID: 58, lines: 447..448, bytes: 19079..19094
2026-09-08T12:56:57.512882Z  WARN foundry_evm_coverage::anchors: could not find anchor item=Branch (branch: 51, path: 0) (location: (source ID: 58, lines: 447..448, bytes: 19079..19094), hits: 0) err=Could not find anchor: No matching instruction in range source ID: 58, lines: 447..448, bytes: 19079..19094
2026-09-08T12:56:57.512902Z  WARN foundry_evm_coverage::anchors: could not find anchor item=Branch (branch: 51, path: 1) (location: (source ID: 58, lines: 447..449, bytes: 19060..19139), hits: 0) err=Could not detect branches in source: source ID: 58, lines: 447..449, bytes: 19060..19139
2026-09-08T12:56:57.512910Z  WARN foundry_evm_coverage::anchors: could not find anchor item=Line (location: (source ID: 58, lines: 448..449, bytes: 19109..19139), hits: 0) err=Could not find anchor: No matching instruction in range source ID: 58, lines: 448..449, bytes: 19109..19139
2026-09-08T12:56:57.512916Z  WARN foundry_evm_coverage::anchors: could not find anchor item=Statement (location: (source ID: 58, lines: 448..449, bytes: 19109..19139), hits: 0) err=Could not find anchor: No matching instruction in range source ID: 58, lines: 448..449, bytes: 19109..19139
2026-09-08T12:56:57.512923Z  WARN foundry_evm_coverage::anchors: could not find anchor item=Line (location: (source ID: 58, lines: 449..450, bytes: 19153..19166), hits: 0) err=Could not find anchor: No matching instruction in range source ID: 58, lines: 449..450, bytes: 19153..19166
2026-09-08T12:56:57.512930Z  WARN foundry_evm_coverage::anchors: could not find anchor item=Statement (location: (source ID: 58, lines: 449..450, bytes: 19153..19166), hits: 0) err=Could not find anchor: No matching instruction in range source ID: 58, lines: 449..450, bytes: 19153..19166
2026-09-08T12:56:57.512936Z  WARN foundry_evm_coverage::anchors: could not find anchor item=Statement (location: (source ID: 58, lines: 449..450, bytes: 19168..19183), hits: 0) err=Could not find anchor: No matching instruction in range source ID: 58, lines: 449..450, bytes: 19168..19183
2026-09-08T12:56:57.512943Z  WARN foundry_evm_coverage::anchors: could not find anchor item=Branch (branch: 52, path: 0) (location: (source ID: 58, lines: 449..450, bytes: 19168..19183), hits: 0) err=Could not find anchor: No matching instruction in range source ID: 58, lines: 449..450, bytes: 19168..19183
2026-09-08T12:56:57.512974Z  WARN foundry_evm_coverage::anchors: could not find anchor item=Branch (branch: 52, path: 1) (location: (source ID: 58, lines: 449..451, bytes: 19149..19228), hits: 0) err=Could not detect branches in source: source ID: 58, lines: 449..451, bytes: 19149..19228
2026-09-08T12:56:57.512998Z  WARN foundry_evm_coverage::anchors: could not find anchor item=Line (location: (source ID: 58, lines: 450..451, bytes: 19198..19228), hits: 0) err=Could not find anchor: No matching instruction in range source ID: 58, lines: 450..451, bytes: 19198..19228
2026-09-08T12:56:57.513008Z  WARN foundry_evm_coverage::anchors: could not find anchor item=Statement (location: (source ID: 58, lines: 450..451, bytes: 19198..19228), hits: 0) err=Could not find anchor: No matching instruction in range source ID: 58, lines: 450..451, bytes: 19198..19228
2026-09-08T12:56:57.513016Z  WARN foundry_evm_coverage::anchors: could not find anchor item=Line (location: (source ID: 58, lines: 451..452, bytes: 19238..19250), hits: 0) err=Could not find anchor: No matching instruction in range source ID: 58, lines: 451..452, bytes: 19238..19250
2026-09-08T12:56:57.513022Z  WARN foundry_evm_coverage::anchors: could not find anchor item=Statement (location: (source ID: 58, lines: 451..452, bytes: 19238..19250), hits: 0) err=Could not find anchor: No matching instruction in range source ID: 58, lines: 451..452, bytes: 19238..19250
2026-09-08T12:56:57.513029Z  WARN foundry_evm_coverage::anchors: could not find anchor item=Line (location: (source ID: 58, lines: 452..453, bytes: 19260..19272), hits: 0) err=Could not find anchor: No matching instruction in range source ID: 58, lines: 452..453, bytes: 19260..19272
2026-09-08T12:56:57.513035Z  WARN foundry_evm_coverage::anchors: could not find anchor item=Statement (location: (source ID: 58, lines: 452..453, bytes: 19260..19272), hits: 0) err=Could not find anchor: No matching instruction in range source ID: 58, lines: 452..453, bytes: 19260..19272
2026-09-08T12:56:57.513041Z  WARN foundry_evm_coverage::anchors: could not find anchor item=Line (location: (source ID: 58, lines: 453..454, bytes: 19282..19295), hits: 0) err=Could not find anchor: No matching instruction in range source ID: 58, lines: 453..454, bytes: 19282..19295
2026-09-08T12:56:57.513047Z  WARN foundry_evm_coverage::anchors: could not find anchor item=Statement (location: (source ID: 58, lines: 453..454, bytes: 19282..19295), hits: 0) err=Could not find anchor: No matching instruction in range source ID: 58, lines: 453..454, bytes: 19282..19295
2026-09-08T12:56:57.513053Z  WARN foundry_evm_coverage::anchors: could not find anchor item=Line (location: (source ID: 58, lines: 456..461, bytes: 19308..19502), hits: 0) err=Could not find anchor: No matching instruction in range source ID: 58, lines: 456..461, bytes: 19308..19502
2026-09-08T12:56:57.513058Z  WARN foundry_evm_coverage::anchors: could not find anchor item=Function "_extend" (location: (source ID: 58, lines: 456..461, bytes: 19308..19502), hits: 0) err=Could not find anchor: No matching instruction in range source ID: 58, lines: 456..461, bytes: 19308..19502
2026-09-08T12:56:57.513064Z  WARN foundry_evm_coverage::anchors: could not find anchor item=Line (location: (source ID: 58, lines: 457..458, bytes: 19349..19374), hits: 0) err=Could not find anchor: No matching instruction in range source ID: 58, lines: 457..458, bytes: 19349..19374
2026-09-08T12:56:57.513070Z  WARN foundry_evm_coverage::anchors: could not find anchor item=Statement (location: (source ID: 58, lines: 457..458, bytes: 19349..19374), hits: 0) err=Could not find anchor: No matching instruction in range source ID: 58, lines: 457..458, bytes: 19349..19374
2026-09-08T12:56:57.513076Z  WARN foundry_evm_coverage::anchors: could not find anchor item=Statement (location: (source ID: 58, lines: 457..458, bytes: 19349..19394), hits: 0) err=Could not find anchor: No matching instruction in range source ID: 58, lines: 457..458, bytes: 19349..19394
2026-09-08T12:56:57.513081Z  WARN foundry_evm_coverage::anchors: could not find anchor item=Statement (location: (source ID: 58, lines: 457..458, bytes: 19396..19402), hits: 0) err=Could not find anchor: No matching instruction in range source ID: 58, lines: 457..458, bytes: 19396..19402
2026-09-08T12:56:57.513087Z  WARN foundry_evm_coverage::anchors: could not find anchor item=Branch (branch: 53, path: 0) (location: (source ID: 58, lines: 457..458, bytes: 19396..19402), hits: 0) err=Could not find anchor: No matching instruction in range source ID: 58, lines: 457..458, bytes: 19396..19402
2026-09-08T12:56:57.513092Z  WARN foundry_evm_coverage::anchors: could not find anchor item=Line (location: (source ID: 58, lines: 458..459, bytes: 19412..19456), hits: 0) err=Could not find anchor: No matching instruction in range source ID: 58, lines: 458..459, bytes: 19412..19456
2026-09-08T12:56:57.513097Z  WARN foundry_evm_coverage::anchors: could not find anchor item=Statement (location: (source ID: 58, lines: 458..459, bytes: 19412..19456), hits: 0) err=Could not find anchor: No matching instruction in range source ID: 58, lines: 458..459, bytes: 19412..19456
2026-09-08T12:56:57.513103Z  WARN foundry_evm_coverage::anchors: could not find anchor item=Line (location: (source ID: 58, lines: 459..460, bytes: 19466..19495), hits: 0) err=Could not find anchor: No matching instruction in range source ID: 58, lines: 459..460, bytes: 19466..19495
2026-09-08T12:56:57.513108Z  WARN foundry_evm_coverage::anchors: could not find anchor item=Statement (location: (source ID: 58, lines: 459..460, bytes: 19466..19495), hits: 0) err=Could not find anchor: No matching instruction in range source ID: 58, lines: 459..460, bytes: 19466..19495
2026-09-08T12:56:57.513122Z  WARN foundry_evm_coverage::anchors: could not find anchor item=Line (location: (source ID: 58, lines: 469..475, bytes: 19784..20114), hits: 0) err=Could not find anchor: No matching instruction in range source ID: 58, lines: 469..475, bytes: 19784..20114
2026-09-08T12:56:57.513130Z  WARN foundry_evm_coverage::anchors: could not find anchor item=Function "_send" (location: (source ID: 58, lines: 469..475, bytes: 19784..20114), hits: 0) err=Could not find anchor: No matching instruction in range source ID: 58, lines: 469..475, bytes: 19784..20114
2026-09-08T12:56:57.513135Z  WARN foundry_evm_coverage::anchors: could not find anchor item=Line (location: (source ID: 58, lines: 470..471, bytes: 19864..19887), hits: 0) err=Could not find anchor: No matching instruction in range source ID: 58, lines: 470..471, bytes: 19864..19887
2026-09-08T12:56:57.513141Z  WARN foundry_evm_coverage::anchors: could not find anchor item=Statement (location: (source ID: 58, lines: 470..471, bytes: 19864..19887), hits: 0) err=Could not find anchor: No matching instruction in range source ID: 58, lines: 470..471, bytes: 19864..19887
2026-09-08T12:56:57.513146Z  WARN foundry_evm_coverage::anchors: could not find anchor item=Statement (location: (source ID: 58, lines: 470..471, bytes: 19864..19917), hits: 0) err=Could not find anchor: No matching instruction in range source ID: 58, lines: 470..471, bytes: 19864..19917
2026-09-08T12:56:57.513151Z  WARN foundry_evm_coverage::anchors: could not find anchor item=Statement (location: (source ID: 58, lines: 470..471, bytes: 19891..19917), hits: 0) err=Could not find anchor: No matching instruction in range source ID: 58, lines: 470..471, bytes: 19891..19917
2026-09-08T12:56:57.513156Z  WARN foundry_evm_coverage::anchors: could not find anchor item=Statement (location: (source ID: 58, lines: 470..471, bytes: 19919..19944), hits: 0) err=Could not find anchor: No matching instruction in range source ID: 58, lines: 470..471, bytes: 19919..19944
2026-09-08T12:56:57.513161Z  WARN foundry_evm_coverage::anchors: could not find anchor item=Branch (branch: 55, path: 0) (location: (source ID: 58, lines: 470..471, bytes: 19919..19944), hits: 0) err=Could not find anchor: No matching instruction in range source ID: 58, lines: 470..471, bytes: 19919..19944
2026-09-08T12:56:57.513166Z  WARN foundry_evm_coverage::anchors: could not find anchor item=Line (location: (source ID: 58, lines: 471..472, bytes: 19958..19969), hits: 0) err=Could not find anchor: No matching instruction in range source ID: 58, lines: 471..472, bytes: 19958..19969
2026-09-08T12:56:57.513172Z  WARN foundry_evm_coverage::anchors: could not find anchor item=Statement (location: (source ID: 58, lines: 471..472, bytes: 19958..19969), hits: 0) err=Could not find anchor: No matching instruction in range source ID: 58, lines: 471..472, bytes: 19958..19969
2026-09-08T12:56:57.513177Z  WARN foundry_evm_coverage::anchors: could not find anchor item=Statement (location: (source ID: 58, lines: 471..472, bytes: 19971..19997), hits: 0) err=Could not find anchor: No matching instruction in range source ID: 58, lines: 471..472, bytes: 19971..19997
2026-09-08T12:56:57.513182Z  WARN foundry_evm_coverage::anchors: could not find anchor item=Branch (branch: 56, path: 0) (location: (source ID: 58, lines: 471..472, bytes: 19971..19997), hits: 0) err=Could not find anchor: No matching instruction in range source ID: 58, lines: 471..472, bytes: 19971..19997
2026-09-08T12:56:57.513188Z  WARN foundry_evm_coverage::anchors: could not find anchor item=Line (location: (source ID: 58, lines: 472..473, bytes: 20007..20060), hits: 0) err=Could not find anchor: No matching instruction in range source ID: 58, lines: 472..473, bytes: 20007..20060
2026-09-08T12:56:57.513193Z  WARN foundry_evm_coverage::anchors: could not find anchor item=Statement (location: (source ID: 58, lines: 472..473, bytes: 20007..20060), hits: 0) err=Could not find anchor: No matching instruction in range source ID: 58, lines: 472..473, bytes: 20007..20060
2026-09-08T12:56:57.513198Z  WARN foundry_evm_coverage::anchors: could not find anchor item=Statement (location: (source ID: 58, lines: 472..473, bytes: 20025..20060), hits: 0) err=Could not find anchor: No matching instruction in range source ID: 58, lines: 472..473, bytes: 20025..20060
2026-09-08T12:56:57.513203Z  WARN foundry_evm_coverage::anchors: could not find anchor item=Line (location: (source ID: 58, lines: 473..474, bytes: 20074..20082), hits: 0) err=Could not find anchor: No matching instruction in range source ID: 58, lines: 473..474, bytes: 20074..20082
2026-09-08T12:56:57.513208Z  WARN foundry_evm_coverage::anchors: could not find anchor item=Statement (location: (source ID: 58, lines: 473..474, bytes: 20074..20082), hits: 0) err=Could not find anchor: No matching instruction in range source ID: 58, lines: 473..474, bytes: 20074..20082
2026-09-08T12:56:57.513213Z  WARN foundry_evm_coverage::anchors: could not find anchor item=Statement (location: (source ID: 58, lines: 473..474, bytes: 20084..20107), hits: 0) err=Could not find anchor: No matching instruction in range source ID: 58, lines: 473..474, bytes: 20084..20107
2026-09-08T12:56:57.513219Z  WARN foundry_evm_coverage::anchors: could not find anchor item=Branch (branch: 57, path: 0) (location: (source ID: 58, lines: 473..474, bytes: 20084..20107), hits: 0) err=Could not find anchor: No matching instruction in range source ID: 58, lines: 473..474, bytes: 20084..20107
2026-09-08T12:56:57.513246Z  WARN foundry_evm_coverage::anchors: could not find anchor item=Line (location: (source ID: 58, lines: 112..123, bytes: 4250..4819), hits: 0) err=Could not find anchor: No matching instruction in range source ID: 58, lines: 112..123, bytes: 4250..4819
2026-09-08T12:56:57.513268Z  WARN foundry_evm_coverage::anchors: could not find anchor item=Function "constructor" (location: (source ID: 58, lines: 112..123, bytes: 4250..4819), hits: 0) err=Could not find anchor: No matching instruction in range source ID: 58, lines: 112..123, bytes: 4250..4819
2026-09-08T12:56:57.513289Z  WARN foundry_evm_coverage::anchors: could not find anchor item=Line (location: (source ID: 58, lines: 113..114, bytes: 4298..4322), hits: 0) err=Could not find anchor: No matching instruction in range source ID: 58, lines: 113..114, bytes: 4298..4322
2026-09-08T12:56:57.513310Z  WARN foundry_evm_coverage::anchors: could not find anchor item=Statement (location: (source ID: 58, lines: 113..114, bytes: 4298..4322), hits: 0) err=Could not find anchor: No matching instruction in range source ID: 58, lines: 113..114, bytes: 4298..4322
2026-09-08T12:56:57.513331Z  WARN foundry_evm_coverage::anchors: could not find anchor item=Statement (location: (source ID: 58, lines: 113..114, bytes: 4298..4361), hits: 0) err=Could not find anchor: No matching instruction in range source ID: 58, lines: 113..114, bytes: 4298..4361
2026-09-08T12:56:57.513351Z  WARN foundry_evm_coverage::anchors: could not find anchor item=Statement (location: (source ID: 58, lines: 113..114, bytes: 4326..4361), hits: 0) err=Could not find anchor: No matching instruction in range source ID: 58, lines: 113..114, bytes: 4326..4361
2026-09-08T12:56:57.513372Z  WARN foundry_evm_coverage::anchors: could not find anchor item=Statement (location: (source ID: 58, lines: 113..114, bytes: 4363..4392), hits: 0) err=Could not find anchor: No matching instruction in range source ID: 58, lines: 113..114, bytes: 4363..4392
2026-09-08T12:56:57.513393Z  WARN foundry_evm_coverage::anchors: could not find anchor item=Branch (branch: 0, path: 0) (location: (source ID: 58, lines: 113..114, bytes: 4363..4392), hits: 0) err=Could not find anchor: No matching instruction in range source ID: 58, lines: 113..114, bytes: 4363..4392
2026-09-08T12:56:57.513414Z  WARN foundry_evm_coverage::anchors: could not find anchor item=Line (location: (source ID: 58, lines: 114..115, bytes: 4402..4436), hits: 0) err=Could not find anchor: No matching instruction in range source ID: 58, lines: 114..115, bytes: 4402..4436
2026-09-08T12:56:57.513435Z  WARN foundry_evm_coverage::anchors: could not find anchor item=Statement (location: (source ID: 58, lines: 114..115, bytes: 4402..4436), hits: 0) err=Could not find anchor: No matching instruction in range source ID: 58, lines: 114..115, bytes: 4402..4436
2026-09-08T12:56:57.513457Z  WARN foundry_evm_coverage::anchors: could not find anchor item=Line (location: (source ID: 58, lines: 115..116, bytes: 4446..4480), hits: 0) err=Could not find anchor: No matching instruction in range source ID: 58, lines: 115..116, bytes: 4446..4480
2026-09-08T12:56:57.513477Z  WARN foundry_evm_coverage::anchors: could not find anchor item=Statement (location: (source ID: 58, lines: 115..116, bytes: 4446..4480), hits: 0) err=Could not find anchor: No matching instruction in range source ID: 58, lines: 115..116, bytes: 4446..4480
2026-09-08T12:56:57.513498Z  WARN foundry_evm_coverage::anchors: could not find anchor item=Line (location: (source ID: 58, lines: 116..117, bytes: 4490..4518), hits: 0) err=Could not find anchor: No matching instruction in range source ID: 58, lines: 116..117, bytes: 4490..4518
2026-09-08T12:56:57.513519Z  WARN foundry_evm_coverage::anchors: could not find anchor item=Statement (location: (source ID: 58, lines: 116..117, bytes: 4490..4518), hits: 0) err=Could not find anchor: No matching instruction in range source ID: 58, lines: 116..117, bytes: 4490..4518
2026-09-08T12:56:57.513540Z  WARN foundry_evm_coverage::anchors: could not find anchor item=Line (location: (source ID: 58, lines: 117..118, bytes: 4528..4589), hits: 0) err=Could not find anchor: No matching instruction in range source ID: 58, lines: 117..118, bytes: 4528..4589
2026-09-08T12:56:57.513562Z  WARN foundry_evm_coverage::anchors: could not find anchor item=Statement (location: (source ID: 58, lines: 117..118, bytes: 4528..4589), hits: 0) err=Could not find anchor: No matching instruction in range source ID: 58, lines: 117..118, bytes: 4528..4589
2026-09-08T12:56:57.513582Z  WARN foundry_evm_coverage::anchors: could not find anchor item=Line (location: (source ID: 58, lines: 118..119, bytes: 4599..4623), hits: 0) err=Could not find anchor: No matching instruction in range source ID: 58, lines: 118..119, bytes: 4599..4623
2026-09-08T12:56:57.513603Z  WARN foundry_evm_coverage::anchors: could not find anchor item=Statement (location: (source ID: 58, lines: 118..119, bytes: 4599..4623), hits: 0) err=Could not find anchor: No matching instruction in range source ID: 58, lines: 118..119, bytes: 4599..4623
2026-09-08T12:56:57.513626Z  WARN foundry_evm_coverage::anchors: could not find anchor item=Line (location: (source ID: 58, lines: 119..121, bytes: 4633..4760), hits: 0) err=Could not find anchor: No matching instruction in range source ID: 58, lines: 119..121, bytes: 4633..4760
2026-09-08T12:56:57.513647Z  WARN foundry_evm_coverage::anchors: could not find anchor item=Statement (location: (source ID: 58, lines: 119..121, bytes: 4633..4760), hits: 0) err=Could not find anchor: No matching instruction in range source ID: 58, lines: 119..121, bytes: 4633..4760
2026-09-08T12:56:57.513668Z  WARN foundry_evm_coverage::anchors: could not find anchor item=Line (location: (source ID: 58, lines: 121..122, bytes: 4770..4812), hits: 0) err=Could not find anchor: No matching instruction in range source ID: 58, lines: 121..122, bytes: 4770..4812
2026-09-08T12:56:57.513689Z  WARN foundry_evm_coverage::anchors: could not find anchor item=Statement (location: (source ID: 58, lines: 121..122, bytes: 4770..4812), hits: 0) err=Could not find anchor: No matching instruction in range source ID: 58, lines: 121..122, bytes: 4770..4812
Running tests...

Ran 3 tests for test/Metadata.t.sol:MetadataTest
[PASS] testBaseEndpointMustEndWithSlash() (gas: 9679883)
[PASS] testDistinctOffchainEndpointsForAuctionAndReservedNfts() (gas: 2935286)
[PASS] testNoOnchainRevealAuthority() (gas: 2926897)
Suite result: ok. 3 passed; 0 failed; 0 skipped; finished in 14.44ms (8.53ms CPU time)

Ran 6 tests for test/Deployment.t.sol:DeploymentTest
[PASS] testChainMismatchAndUnsupportedNetwork() (gas: 54575)
[PASS] testDeploymentRunLoadsEnvironmentAndBindsAllContracts() (gas: 9484313)
[PASS] testLeadTimeAndFixed48HourDuration() (gas: 9460031)
[PASS] testNoSilentNumericTruncation() (gas: 89078)
[PASS] testRejectsZeroPayoutAndEmptyMetadata() (gas: 90888)
[PASS] testValidatesDeploymentConfiguration() (gas: 34851)
Suite result: ok. 6 passed; 0 failed; 0 skipped; finished in 16.18ms (10.71ms CPU time)

Ran 11 tests for test/AdminFeatures.t.sol:AdminFeaturesTest
[PASS] testMetadataAuthorizationValidationAndWalletRotation() (gas: 113870)
[PASS] testMetadataUpdateChangesAllMintedAndFutureEndpointsAndEmitsRefresh() (gas: 2980895)
[PASS] testOwnCollectionCannotBeRescuedOrBypassRoyalties() (gas: 3011311)
[PASS] testRejectInvalidTokenRecipientAndAmount() (gas: 1068752)
[PASS] testRejectedRescuePreservesForeignBalancesAndCannotTakeThirdPartyNFT() (gas: 4562309)
[PASS] testRescueAllThreeTokenTypesFromAllThreeContracts() (gas: 4625436)
[PASS] testRescueAuthorityFollowsAcceptedWalletForEveryContractAndTokenType() (gas: 4720607)
[PASS] testRescueCannotReenterAnyContractEvenWhenRecipientIsAdmin() (gas: 3036858)
[PASS] testRescueFunctionsRejectEthPayments() (gas: 101257)
[PASS] testRescueLeavesEthAndAuctionRefundAccountingUntouched() (gas: 1426539)
[PASS] testSafeERC20SupportsNoReturnAndRejectsFalseReturn() (gas: 399464)
Suite result: ok. 11 passed; 0 failed; 0 skipped; finished in 47.39ms (42.97ms CPU time)

Ran 15 tests for test/MutationBehavior.t.sol:MutationBehaviorTest
[PASS] testBiddingRemainsOpenAtHour47() (gas: 408247)
[PASS] testFormerSellerCannotCancelCurrentOwnersResale() (gas: 476780)
[PASS] testFreePurchaseCannotSpendExistingSellerProceeds() (gas: 3296990)
[PASS] testInsufficientTopUpCannotChangeRankOrDelayClosing() (gas: 15297959)
[PASS] testInvalidNomineeCannotEraseUsablePayoutReplacement() (gas: 332150)
[PASS] testMintReceiverCannotMintAnUnallocatedAuctionToken() (gas: 1594941)
[PASS] testNewBidRoundsFivePercentUpBeforeDisplacingWeiPricedTail() (gas: 24792652)
[PASS] testPurchasedNftRejectsTokenApprovalToFormerSeller() (gas: 474883)
[PASS] testPurchasedNftRequiresAnotherRoyaltyPayingSaleToTransferAgain() (gas: 479867)
[PASS] testRankIncreaseAcrossUint64BoundaryPreservesBiddingAndSettlement() (gas: 9883216)
[PASS] testRankIncreasesKeepAuctionLiveBeyond24HourExtension() (gas: 8146884)
[PASS] testRefundCreditDoesNotAuthorizeForcedBatchMint() (gas: 739974)
[PASS] testSellerCannotWithdrawTwiceUsingAnotherSellersBalance() (gas: 489369)
[PASS] testSettlementCannotReleaseFundsAtHour24() (gas: 306421)
[PASS] testStandaloneEditionRequiresSeparatorForMintedTokenEndpoints() (gas: 5415128)
Suite result: ok. 15 passed; 0 failed; 0 skipped; finished in 156.38ms (150.85ms CPU time)

Ran 14 tests for test/PayoutWallet.t.sol:PayoutWalletTest
[PASS] testAccruedAndFutureBusinessRevenueMovesWhileBidderAndSellerFundsStayOwned() (gas: 3399842)
[PASS] testConstructorRejectsSystemAddressesAsPayoutWallet() (gas: 16061212)
[PASS] testFormerWalletKeepsItsOwnSellerCreditsAndBidderRefunds() (gas: 826457)
[PASS] testNominationCanBeReplacedOrCancelledAndStaleAcceptanceFails() (gas: 73976)
[PASS] testNominationRequiresAcceptanceAndEmitsBothEvents() (gas: 64936)
[PASS] testOutsidersCannotProposeAcceptOrCancel() (gas: 86914)
[PASS] testPrimaryAuctionHasNoRoyaltiesEvenAt100PercentTradingRate() (gas: 9918023)
[PASS] testProceedsCallbackCannotRotateOrDoubleWithdraw() (gas: 1358034)
[PASS] testRejectingContractWalletCanAcceptAndRedirectPayments() (gas: 522650)
[PASS] testRepeatedRotationsRevokeFormerWallets() (gas: 121048)
[PASS] testRotatingDuringLiveAuctionDoesNotAlterBidsOrAuctionTerms() (gas: 328026)
[PASS] testRoyaltiesWithdrawalValidationAndDoubleWithdrawal() (gas: 3193389)
[PASS] testRoyaltyWithdrawalCannotReenterSellerWithdrawal() (gas: 4192131)
[PASS] testUnsafePayoutWalletsAreRejected() (gas: 75737)
Suite result: ok. 14 passed; 0 failed; 0 skipped; finished in 21.67ms (19.41ms CPU time)

Ran 10 tests for test/TieredAllocation.t.sol:TieredAllocationTest
[PASS] testFixedSupplyAnd48HourDuration() (gas: 23889)
[PASS] testRejectedReservedBatchRollsBackAndCanBeRedirected() (gas: 1453218)
[PASS] testReservedAllocationIndependentOfAuctionAndClaimOrder() (gas: 18579967)
[PASS] testReservedReceiverCannotReenterClaimsOrRotateWallet() (gas: 1496668)
[PASS] testReservedValidationAndLifetimeLimit() (gas: 400737)
[PASS] testRotationTransfersOnlyUnclaimedReservedEntitlements() (gas: 410444)
[PASS] testSingleWinnerPaysFullAndEmptyAuctionHasNoProceeds() (gas: 9821522)
[PASS] testTiedTopBidsUseOriginalBidPriorityAndDifferentCosts() (gas: 503906)
[PASS] testTopPaysFullAndOthersPay90thWithIndependentRefunds() (gas: 15666480)
[PASS] testWinningCostOnlyExistsForSettledWinners() (gas: 15417793)
Suite result: ok. 10 passed; 0 failed; 0 skipped; finished in 137.24ms (132.84ms CPU time)

Ran 6 tests for test/AdminAudit.t.sol:AdminAuditTest
[PASS] testERC1155AdminReceiverCannotReenterRescueOnAnyContract() (gas: 3010424)
[PASS] testERC20CallbackCannotReenterAuctionMetadataOrRoyaltyWithdrawal() (gas: 1573906)
[PASS] testFalseReturningERC20RollsBackTransferAndCallbackState() (gas: 1486181)
[PASS] testFuzzRescueConservesForeignTokenBalances(uint96,uint96,uint8) (runs: 1024, μ: 2660122, ~: 2661764)
[PASS] testMetadataAndRescuePreserveAccruedSellerAndRoyaltyCredits() (gas: 4035636)
[PASS] testRescueDoesNotBypassRecoveryDelayOrCloseRefundsAfterEligibility() (gas: 1340100)
Suite result: ok. 6 passed; 0 failed; 0 skipped; finished in 14.12s (14.12s CPU time)

Ran 43 tests for test/RankedAuction.t.sol:RankedAuctionTest
[PASS] testClaimsRequireSettlementAndValidBatches() (gas: 226074)
[PASS] testConfigurationAndBindings() (gas: 40626)
[PASS] testDisplacedBidCannotBeIncreasedOrClaimed() (gas: 15424456)
[PASS] testDisplacementNeverCallsRejectingBidder() (gas: 15562922)
[PASS] testDuplicateTokenClaimRevertsWholeBatch() (gas: 337821)
[PASS] testEmptyAuctionAndUnsoldClaim() (gas: 2653620)
[PASS] testEmptyPagination() (gas: 10298)
[PASS] testExactTimeBoundaries() (gas: 341717)
[PASS] testExistingBidRequiresTwoPointFivePercentRoundedUpAndCompounds() (gas: 338752)
[PASS] testExtensionDoesNotTruncateAtUint64Boundary() (gas: 9827534)
[PASS] testFinalRankFixesTokenIdsRegardlessOfClaimOrder() (gas: 833348)
[PASS] testForcedEtherCannotAlterPricingOrBeStolen() (gas: 337630)
[PASS] testFullyAllocatedOutbidAndFullLoserRefund() (gas: 15294119)
[PASS] testFuzzTieredSettlement(uint128,uint128,uint8) (runs: 1024, μ: 3973144, ~: 1904688)
[PASS] testIncreaseMaintainsSizeAndOriginalTiePriority() (gas: 508972)
[PASS] testInvalidAndUnauthorizedIncrease() (gas: 245462)
[PASS] testLargeBidCannotTruncate() (gas: 39481)
[PASS] testMaximumFloorDoesNotOverflowAndCanSettle() (gas: 15261268)
[PASS] testMixedOwnerBatchCannotBeStolen() (gas: 445104)
[PASS] testOneWalletCanWinAll90() (gas: 18678883)
[PASS] testOneWeiReserveHasStrictPositiveIncrements() (gas: 24794098)
[PASS] testOnlyRankChangingIncreaseExtends() (gas: 371054)
[PASS] testOverflowIncreaseRejected() (gas: 209706)
[PASS] testPagination() (gas: 484642)
[PASS] testRankHeadMiddleTailAndStableTies() (gas: 603799)
[PASS] testRefundCallbackCannotDoubleWithdraw() (gas: 1504385)
[PASS] testRefundRecipientAndFailedProceedsValidation() (gas: 512938)
[PASS] testRejectBadAuctionConfiguration() (gas: 5566277)
[PASS] testRejectBadEditionConfiguration() (gas: 1323841)
[PASS] testRejectedLaterNftRollsBackEntireBatchAndCanBeRedirected() (gas: 1913377)
[PASS] testRejectingBidderCannotBlockBiddingSettlementOrRefunds() (gas: 899338)
[PASS] testSettlementTimingAndSingleUse() (gas: 144595)
[PASS] testSingleBidIncrease() (gas: 231749)
[PASS] testSoldOutClearingIsLowestWinnerNotHighestLoser() (gas: 15409142)
[PASS] testTenMinuteExtensionsContinueBeyond24Hours() (gas: 23468661)
[PASS] testThirdPartyCannotForceDeliveryBeforeWinnerRedirects() (gas: 427194)
[PASS] testTokenCallbackCannotReenterClaims() (gas: 1518530)
[PASS] testTreasuryCannotConsumeRefunds() (gas: 588673)
[PASS] testUnauthorisedClaimRedirectionAndPayouts() (gas: 428498)
[PASS] testUnderReserveAndZeroBidsRejected() (gas: 47090)
[PASS] testUnderSubscribedTieredReserveAndIndependentRefunds() (gas: 516000)
[PASS] testUnsoldIdsCannotConsumeUnclaimedWinningNfts() (gas: 3242990)
[PASS] testUnsolicitedEtherRejected() (gas: 15406)
Suite result: ok. 43 passed; 0 failed; 0 skipped; finished in 14.01s (14.39s CPU time)

Ran 30 tests for test/BatchBidding.t.sol:BatchBiddingTest
[PASS] testBatchAtExactExtensionWindowDoesNotMoveEnd() (gas: 588074)
[PASS] testBatchBeforeStartRejectedThenAcceptedAtStart() (gas: 355571)
[PASS] testBatchOver90RejectedBeforeFundingOrBidding() (gas: 120226)
[PASS] testBatchRefundsStayOpenUntilRecoveryAfterSettlementDelay() (gas: 636360)
[PASS] testBatchRejectedAtEndAndAfterSettlement() (gas: 159028)
[PASS] testBatchWinnerTopUpsClaimsAndTieredRefundsRemainIndependent() (gas: 682933)
[PASS] testContractWalletOwnsBatchWithoutReceiverCallbacks() (gas: 788031)
[PASS] testDistinctBidAmountsOwnersIdsAndEvents() (gas: 541124)
[PASS] testEmptyBatchRejected() (gas: 51069)
[PASS] testExistingEscrowCannotFundAnotherWalletsBatch() (gas: 216738)
[PASS] testFillingLastSlotChangesMinimumWithinBatch() (gas: 15495782)
[PASS] testForcedSurplusCannotSubstituteForBatchPayment() (gas: 91501)
[PASS] testFuzzBatchMatchesSequentialBidding(uint96,uint8,uint8) (runs: 1024, μ: 14688341, ~: 14658475)
[PASS] testFuzzInvalidLaterBidRollsBackEveryWei(uint96,uint8) (runs: 1024, μ: 615462, ~: 484742)
[PASS] testInvalidLastBidRollsBackIdsEscrowAndExtension() (gas: 543986)
[PASS] testLateBatchExtendsOnceToTenMinutesFromTransaction() (gas: 707342)
[PASS] testLaterBidCanDisplaceEarlierBatchBidAndRefundOriginalWallet() (gas: 15524206)
[PASS] testMaximumBatchRetainsNinetyIndependentWinsAndTenReserves() (gas: 17830939)
[PASS] testMintCallbackCannotReenterBatchBiddingWhileLive() (gas: 1159986)
[PASS] testMultipleMaximumBatchesHaveNoWalletBidCap() (gas: 25927709)
[PASS] testNewFloorRejectsLaterBidAndRestoresDisplacedBid() (gas: 15361128)
[PASS] testOneElementBatchRetainsSingleBidBehavior() (gas: 428048)
[PASS] testOverflowingInputSumRevertsBeforeAnyBid() (gas: 50251)
[PASS] testOverpaymentRevertsWholeBatch() (gas: 59535)
[PASS] testOversizedIndividualBidCannotTruncateInBatch() (gas: 230211)
[PASS] testRefundCallbackCannotReenterBatchBidding() (gas: 16334076)
[PASS] testSingleAndBatchShareIdsAndStableTiePriority() (gas: 591438)
[PASS] testTotalCanExceedUint128WhileEveryBidFits() (gas: 491489)
[PASS] testUnderpaymentRevertsWholeBatch() (gas: 59098)
[PASS] testWeiFloorRoundsUpSeparatelyForEveryBatchBid() (gas: 25129684)
Suite result: ok. 30 passed; 0 failed; 0 skipped; finished in 14.26s (15.56s CPU time)

Ran 5 tests for test/CrossContractAudit.t.sol:CrossContractAuditTest
[PASS] testFuzzClaimsCreditsAndWithdrawalsInDifferentOrders(uint256,uint8) (runs: 1024, μ: 7287901, ~: 5340383)
[PASS] testLaterMintRejectionRollsBackEarlierCallbackSaleAndPayment() (gas: 1533220)
[PASS] testMintCallbackSalePreservesSeparateAuctionAndMarketAccounting() (gas: 1322324)
[PASS] testPayoutAcceptanceDuringSaleKeepsRoyaltiesAndBlocksNestedWithdrawal() (gas: 3636985)
[PASS] testRejectedSaleRollsBackPayoutAcceptanceAndEveryCredit() (gas: 3657174)
Suite result: ok. 5 passed; 0 failed; 0 skipped; finished in 14.26s (14.26s CPU time)

Ran 28 tests for test/RoyaltyMarketplace.t.sol:RoyaltyMarketplaceTest
[PASS] testAllERC721TransferEntrypointsRequireRoyaltyMarket() (gas: 2933984)
[PASS] testBuyRejectsInvalidPaymentAndRecipient() (gas: 3091675)
[PASS] testBuyerMayChooseDifferentReceiver() (gas: 3135550)
[PASS] testCancellingAnotherListingPreservesCompletedSale() (gas: 3197241)
[PASS] testERC165AndERC2981AndMetadata() (gas: 2973701)
[PASS] testERC721CallbackCannotReenterBuyOrCancel() (gas: 4316522)
[PASS] testExpiryExclusive() (gas: 3210151)
[PASS] testForcedEtherDoesNotCreateCredits() (gas: 2954667)
[PASS] testFullRoyaltyAndSameSellerReceiverDoNotLoseFunds() (gas: 12459422)
[PASS] testFuzzRoyaltyMathNoOverflow(uint256,uint96) (runs: 1024, μ: 5200143, ~: 5200571)
[PASS] testFuzzTokenSaleConservesValue(uint128,uint16) (runs: 1024, μ: 3143657, ~: 3144551)
[PASS] testIndividualSalesPayRoyaltyAndSellerExactly() (gas: 3282510)
[PASS] testListingRequirements() (gas: 2976448)
[PASS] testMintAuthorityUniqueIdsAndLifetimeCap() (gas: 8321389)
[PASS] testOneWeiSaleCannotRoundRoyaltyToZero() (gas: 3108359)
[PASS] testOnlySellerCanCancelAndListingIdNeverReused() (gas: 3077088)
[PASS] testOverlappingListingsCannotSellAnNftTwiceOrReviveOnReturn() (gas: 3504302)
[PASS] testRejectedMintRollsBackSupply() (gas: 8349993)
[PASS] testRejectingNFTReceiverCannotConsumeBuyerFunds() (gas: 3323272)
[PASS] testRejectingSellerAndRoyaltyReceiversCannotBlockSale() (gas: 12448418)
[PASS] testRevokedApprovalRollsBackFillAndCredit() (gas: 3161833)
[PASS] testSelfPurchasePaysRoyaltyAndInvalidatesOtherListings() (gas: 3183702)
[PASS] testTokenApprovalAllowsMarketAndClearsOnTransfer() (gas: 3174119)
[PASS] testTransfersCannotMintUnissuedIds() (gas: 48930)
[PASS] testUnapprovedOperatorCannotTransferOrApproveItself() (gas: 2915565)
[PASS] testUnsolicitedMarketEtherRejected() (gas: 15312)
[PASS] testWithdrawAccessValidationAndRevertsPreserveFunds() (gas: 3322727)
[PASS] testWithdrawalCallbackCannotReenter() (gas: 13544384)
Suite result: ok. 28 passed; 0 failed; 0 skipped; finished in 14.27s (28.03s CPU time)

Ran 30 tests for test/RefundRecovery.t.sol:RefundRecoveryTest
[PASS] testAtomicLateSettlementAndRecoveryCannotCloseRefunds() (gas: 16077188)
[PASS] testCreditedRefundsCannotBeWithdrawnAfterRecovery() (gas: 15651998)
[PASS] testCreditingRemainsAvailableAtRecoveryEligibility() (gas: 15670989)
[PASS] testEmptyAuctionRecoveryCollectsOnlyForcedETH() (gas: 211041)
[PASS] testExtendedRefundCanBeCreditedAtOriginalEligibilityTime() (gas: 15744244)
[PASS] testFuzzRecoveryConservesClaimedRefundsAndRemainingETH(uint96,uint8,uint32,uint32) (runs: 1024, μ: 15680141, ~: 15683432)
[PASS] testLateSettlementPastUint64PreservesRecoveryDelay() (gas: 15637124)
[PASS] testLateSettlementStartsFullRecoveryDelay() (gas: 15658093)
[PASS] testNormalProceedsWithdrawalDoesNotCloseRefunds() (gas: 15673944)
[PASS] testOnlyCurrentPayoutWalletCanRecoverNotOriginalDeployer() (gas: 15654980)
[PASS] testRecoveryAfterProceedsAndPartialRefundsIncludesForcedSurplus() (gas: 15748856)
[PASS] testRecoveryAuthorityFollowsAcceptedWalletRotation() (gas: 15645848)
[PASS] testRecoveryCannotNominateAnotherWalletDuringCallback() (gas: 16678806)
[PASS] testRecoveryCannotReenterRecovery() (gas: 16677948)
[PASS] testRecoveryClosesRefundsBeforeRecipientCallback() (gas: 15901289)
[PASS] testRecoveryEligibilityFollowsTheExtendedEnd() (gas: 15636113)
[PASS] testRecoveryLeavesWinningNFTsAndTradingCreditsAvailable() (gas: 16046402)
[PASS] testRecoveryPreservesUnsoldAndReservedMintEntitlements() (gas: 3319675)
[PASS] testRecoveryPreviewTracksExtensionsUntilSettlement() (gas: 15714551)
[PASS] testRecoveryRejectsEarlyCallsWithoutFreezingRefunds() (gas: 15659850)
[PASS] testRecoveryRejectsInvalidRecipientsAndEmptyRepeat() (gas: 15550114)
[PASS] testRecoveryTransfersCreditedUncreditedRefundsAndProceeds() (gas: 15619181)
[PASS] testRefundsCanBeCreditedAndWithdrawnBeforeRecoveryEligibility() (gas: 15660025)
[PASS] testRejectedRecoveryPreservesAllAccountingForRetry() (gas: 15803281)
[PASS] testRepeatedSettlementCannotResetRecoveryDate() (gas: 15655014)
[PASS] testSettlementOnDay27GivesFull28Days() (gas: 15638522)
[PASS] testUncreditedRefundsCannotRecreateLiabilitiesAfterRecovery() (gas: 15651581)
[PASS] testUnsettledRecoveryCannotEraseWinnerAllocation() (gas: 462292)
[PASS] testWithdrawingRemainsAvailableAtRecoveryEligibility() (gas: 15645135)
[PASS] testYearsOfInactionDoNotCloseRefunds() (gas: 15649878)
Suite result: ok. 30 passed; 0 failed; 0 skipped; finished in 14.28s (15.09s CPU time)

Ran 12 test suites in 14.28s (85.59s CPU time): 201 tests passed, 0 failed, 0 skipped (201 total tests)

╭----------------------------+-------------------+-------------------+------------------+-----------------╮
| File                       | % Lines           | % Statements      | % Branches       | % Funcs         |
+=========================================================================================================+
| script/Deploy.s.sol        | 97.62% (41/42)    | 100.00% (41/41)   | 87.50% (21/24)   | 66.67% (2/3)    |
|----------------------------+-------------------+-------------------+------------------+-----------------|
| src/AuctionEdition.sol     | 100.00% (54/54)   | 100.00% (86/86)   | 100.00% (12/12)  | 100.00% (12/12) |
|----------------------------+-------------------+-------------------+------------------+-----------------|
| src/RankedAuction.sol      | 100.00% (254/254) | 100.00% (340/340) | 100.00% (62/62)  | 100.00% (35/35) |
|----------------------------+-------------------+-------------------+------------------+-----------------|
| src/RoyaltyMarketplace.sol | 100.00% (58/58)   | 100.00% (90/90)   | 100.00% (18/18)  | 100.00% (9/9)   |
|----------------------------+-------------------+-------------------+------------------+-----------------|
| src/TokenRescue.sol        | 100.00% (18/18)   | 100.00% (25/25)   | 100.00% (5/5)    | 100.00% (4/4)   |
|----------------------------+-------------------+-------------------+------------------+-----------------|
| Total                      | 99.77% (425/426)  | 100.00% (582/582) | 97.52% (118/121) | 98.41% (62/63)  |
╰----------------------------+-------------------+-------------------+------------------+-----------------╯
Wrote LCOV report.
